Date,ABEV3,BBAS3,BRAP3,CMIG4,CYRE3,DIRR3,ELET3,EQTL3,GE,ITUB4,PETR3,TEND3,VALE3
2010-01-04,3.2174034118652344,5.414906978607178,3.4459195137023926,1.923872113227844,14.371702194213867,5.177327156066895,20.12395477294922,2.4836580753326416,53.66404724121094,10.456006050109863,11.67481803894043,5.135383605957031,22.263092041015625
2010-01-05,3.2363297939300537,5.360575199127197,3.4632365703582764,1.9533100128173828,14.235112190246582,5.154717445373535,19.958871841430664,2.503246784210205,53.9419174194336,10.523768424987791,11.604743003845217,5.089202880859375,22.470638275146484
2010-01-06,3.269343852996826,5.367820262908936,3.497868299484253,1.9165153503417969,14.252925872802734,5.109501361846924,19.70326232910156,2.4766616821289062,53.66404724121094,10.432554244995115,11.719671249389648,5.089202880859375,22.94624900817871
2010-01-07,3.284696340560913,5.369630813598633,3.54115891456604,1.898115277290344,13.979748725891112,5.154717445373535,20.16122817993164,2.448676586151123,56.44276809692383,10.32569980621338,11.649591445922852,5.061492919921875,23.041379928588867
2010-01-08,3.2783865928649902,5.400418758392334,3.5844497680664062,1.89627468585968,13.955995559692385,5.163761615753174,20.502037048339844,2.4850568771362305,57.65845489501953,10.169325828552246,11.562695503234863,4.950658321380615,23.266212463378903
2010-01-11,3.238432168960572,5.442068576812744,3.606093406677246,1.8950477838516235,14.092583656311035,5.154717445373535,20.18253326416016,2.4794604778289795,58.21418380737305,10.080714225769045,11.573911666870115,4.89523983001709,23.1970329284668
2010-01-12,3.259462356567383,5.396796703338623,3.636398315429688,1.9042444229125977,14.324191093444824,5.132110118865967,19.99614715576172,2.46406888961792,58.24895095825195,9.98690128326416,11.428150177001951,4.987603664398193,23.132173538208008
2010-01-13,3.301518201828003,5.46561336517334,3.636398315429688,1.9079269170761108,14.10446071624756,5.114022254943848,20.18785285949707,2.4318859577178955,58.45734405517578,10.018177032470703,11.32443618774414,4.913712024688721,23.41754150390625
2010-01-14,3.3488333225250244,5.387738227844238,3.679687976837158,1.86438250541687,13.973812103271484,5.267759799957275,19.863018035888672,2.3647220134735107,58.00580596923828,9.88003635406494,11.14223289489746,4.959893703460693,23.413219451904297
2010-01-15,3.3431551456451416,5.297191143035889,3.636398315429688,1.8337171077728271,13.801587104797363,5.245151996612549,19.1654109954834,2.346531867980957,57.10272979736328,9.713248252868652,11.209510803222656,4.959893703460693,23.11055564880371
2010-01-18,3.3435752391815186,5.2990007400512695,3.636398315429688,1.7969229221343994,13.647180557250977,5.236108303070068,19.17074203491211,2.3591253757476807,,9.799251556396484,11.46458625793457,4.913712024688721,23.43483543395996
2010-01-19,3.348412036895752,5.387738227844238,3.7229795455932617,1.8318767547607424,13.635303497314451,5.290369510650635,19.809764862060547,2.370319128036499,57.45005798339844,9.773189544677734,11.40011501312256,4.941420555114746,23.75911521911621
2010-01-20,3.274390935897827,5.2265625,3.636398315429688,1.8091880083084104,12.999858856201172,5.376279830932617,19.543502807617188,2.3507301807403564,57.31111907958984,9.515180587768556,11.086174964904783,4.756695747375488,23.11055564880371
2010-01-21,3.300466775894165,5.141442775726318,3.550682544708252,1.812255859375,12.554455757141112,5.163761615753174,20.34228515625,2.30875301361084,55.643890380859375,9.340557098388672,10.775030136108398,4.56273365020752,22.310651779174805
2010-01-22,3.3435752391815186,5.168606758117676,3.550682544708252,1.802444696426392,12.679165840148926,5.290369510650635,22.365867614746094,2.322745084762573,55.95648956298828,9.44740867614746,10.800257682800291,4.673569202423096,21.839370727539062
2010-01-25,,,,,,,,,56.85957717895508,,,,
2010-01-26,3.284485340118408,5.0291619300842285,3.3420228958129883,1.882783055305481,12.8870210647583,5.222541809082031,21.519155502319336,2.336737155914306,56.79012298583984,9.470874786376951,10.606844902038574,4.645859718322754,21.39834213256836
2010-01-27,3.249577760696411,4.989319324493408,3.376655340194702,1.8889120817184448,13.071122169494627,5.1999359130859375,20.928062438964844,2.3787145614624023,56.61643981933594,9.335351943969728,10.651694297790527,4.618151664733887,21.10432815551757
2010-01-28,3.254204273223877,4.998373985290527,3.3238413333892822,1.8999568223953247,13.154266357421877,5.1999359130859375,20.5552921295166,2.33533787727356,56.130165100097656,9.614209175109863,10.87594223022461,4.608914852142334,21.091352462768555
2010-01-29,3.154316663742065,5.088926792144775,3.4632365703582764,1.922645807266236,12.851391792297363,5.1999359130859375,21.322126388549805,2.3787145614624023,55.85227966308594,9.416138648986816,10.713361740112305,4.599678039550781,21.14756393432617
2010-02-01,3.1858599185943604,5.433014869689941,3.497868299484253,1.9042444229125977,13.480896949768066,5.236108303070068,16.629674911499023,2.392707109451294,56.44276809692383,9.593358993530272,10.741393089294434,4.747459411621094,21.787485122680664
2010-02-02,3.263666868209839,5.541675090789795,3.4805519580841064,1.876647472381592,13.71844482421875,5.1999359130859375,16.51954460144043,2.420691967010498,58.526817321777344,9.721062660217283,10.735788345336914,4.89523983001709,21.787485122680664
2010-02-03,3.312033176422119,5.405851364135742,3.4632365703582764,1.8515048027038568,13.6590576171875,5.222541809082031,15.76602268218994,2.420691967010498,57.936336517333984,9.67936897277832,10.73298454284668,4.8675312995910645,21.73991775512696
2010-02-04,3.175344705581665,5.306244373321533,3.376655340194702,1.7864986658096311,12.851391792297363,5.132110118865967,14.58357048034668,2.391307830810547,55.7133674621582,9.306680679321287,10.217217445373535,4.56273365020752,20.563852310180664
2010-02-05,3.0596885681152344,5.052702903747559,3.2900736331939697,1.8251336812973025,12.53070068359375,5.109501361846924,13.969158172607422,2.371717929840088,54.84501647949219,9.069527626037598,10.03502082824707,4.387243747711182,20.39090156555176
2010-02-08,3.028144836425781,5.116089820861816,3.333365201950073,1.8337171077728271,12.542577743530272,5.145674705505371,13.9169921875,2.4011025428771973,54.18505859375,9.043460845947266,10.13032341003418,4.5904412269592285,20.53790855407715
2010-02-09,3.019101142883301,5.371443748474121,3.376655340194702,1.8631561994552608,13.189900398254396,5.064283847808838,14.143048286437988,2.4011025428771973,54.18505859375,9.44740867614746,10.304113388061523,4.5904412269592285,20.970287322998047
2010-02-10,3.038869380950928,5.505459308624268,3.376655340194702,1.8613145351409912,13.486833572387695,5.019067287445068,14.258975982666016,2.427688837051392,54.4976806640625,9.49953842163086,10.449874877929688,4.5904412269592285,20.99189758300781
2010-02-11,3.112259149551392,5.617739677429199,3.376655340194702,1.910379767417908,13.736258506774902,5.05976152420044,14.34592056274414,2.4374828338623047,54.77553176879883,9.666333198547363,10.598437309265137,4.5904412269592285,21.484813690185547
2010-02-12,3.0941739082336426,5.523566246032715,3.4190804958343506,1.8815562725067136,13.599669456481934,5.064283847808838,14.1024751663208,2.4346842765808105,54.01139450073242,9.663731575012209,10.721771240234377,4.5904412269592285,21.33781242370605
2010-02-16,,,,,,,,,55.7133674621582,,,,
2010-02-17,3.2447400093078613,5.501833915710449,3.5065267086029053,1.882783055305481,14.033195495605469,5.1999359130859375,14.328533172607422,2.4346842765808105,56.09542846679688,9.87222385406494,10.761015892028809,4.5904412269592285,22.180938720703125
2010-02-18,3.2228713035583496,5.550729751586914,3.5922422409057617,1.8883048295974727,14.252925872802734,5.150196075439453,14.49082851409912,2.455673217773437,56.40803909301758,9.903497695922852,10.84791088104248,4.5904412269592285,22.557111740112305
2010-02-19,3.234648466110229,5.561598300933838,3.5922422409057617,1.849049687385559,14.276686668395996,5.177327156066895,14.177825927734377,2.447277307510376,56.16490173339844,9.747129440307615,10.819878578186035,4.5904412269592285,22.48361015319824
2010-02-22,3.22013783454895,5.541675090789795,3.5671331882476807,1.8214527368545528,14.116338729858398,5.023590087890625,13.853231430053713,2.441680431365967,56.44276809692383,9.543850898742676,10.898367881774902,4.5904412269592285,22.051231384277344
2010-02-23,3.1332879066467285,5.46561336517334,3.5498158931732178,1.8018313646316528,13.801587104797363,5.154717445373535,13.5692138671875,2.4346842765808105,55.4007568359375,9.384870529174805,10.69374179840088,4.5904412269592285,21.71397399902344
2010-02-24,3.1290833950042725,5.514512062072754,3.5498158931732178,1.796309232711792,13.765955924987791,5.023590087890625,13.476469993591309,2.4318859577178955,55.9912338256836,9.280617713928224,10.69093894958496,4.5904412269592285,21.791807174682617
2010-02-25,3.163989305496216,5.433014869689941,3.5065267086029053,1.839239835739136,13.49870777130127,5.10498046875,13.795269012451172,2.4346842765808105,55.641727447509766,9.278011322021484,10.741393089294434,4.5904412269592285,21.92151641845703
2010-02-26,3.1360223293304443,5.476839065551758,3.5498158931732178,1.8220667839050293,13.391813278198242,4.978372573852539,13.563414573669434,2.458471775054932,56.13101959228516,9.51257038116455,10.84791088104248,4.5904412269592285,21.81342124938965
2010-03-01,3.1732428073883057,5.519150257110596,3.5498158931732178,1.8398528099060056,13.49870777130127,5.055241584777832,14.085087776184082,2.4766616821289062,55.571815490722656,9.52821159362793,10.946019172668455,4.5904412269592285,22.03825759887696
2010-03-02,3.154316663742065,5.451079845428467,3.574925661087036,1.8214527368545528,13.457139015197754,4.955765247344971,14.2647705078125,2.4766616821289062,55.571815490722656,9.681971549987791,11.010492324829102,4.5904412269592285,22.479286193847656
2010-03-03,3.164830446243286,5.412447929382324,3.574925661087036,1.8674505949020384,13.629362106323242,5.064283847808838,13.88221549987793,2.473863124847412,56.02618789672852,9.681971549987791,11.0469331741333,4.5904412269592285,22.431718826293945
2010-03-04,3.13307785987854,5.408768177032471,3.5489509105682373,1.86438250541687,13.4215087890625,5.064283847808838,14.027121543884276,2.448676586151123,56.30577850341797,9.668941497802734,10.98526096343994,4.5904412269592285,22.74302864074707
2010-03-05,3.0891270637512207,5.482357978820801,3.7229795455932617,1.8858513832092283,13.38587760925293,5.046197891235352,14.253180503845217,2.448676586151123,57.14461517333984,9.721062660217283,11.209510803222656,4.5904412269592285,23.47806930541992
2010-03-08,3.10595178604126,5.405088901519775,3.71172308921814,1.8625421524047847,13.041427612304688,4.910546779632568,14.258975982666016,2.420691967010498,56.86498641967773,9.71585178375244,11.20390510559082,4.5904412269592285,23.30512809753418
2010-03-09,3.076300621032715,5.500755310058594,3.765403509140015,1.8705179691314693,13.005797386169434,5.014546871185303,14.751664161682127,2.420691967010498,57.6339225769043,9.835742950439451,11.411331176757812,4.5904412269592285,23.47806930541992
2010-03-10,3.101325035095215,5.555944919586182,3.758476972579956,1.8729723691940308,13.35024642944336,5.014546871185303,14.896573066711426,2.399703025817871,57.70379638671875,9.877439498901367,11.576709747314451,4.5904412269592285,23.175405502319336
2010-03-11,3.112259149551392,5.548587799072266,3.6606407165527344,1.858253002166748,13.486833572387695,4.973851203918457,14.809625625610352,2.399703025817871,57.59897994995117,9.903497695922852,11.576709747314451,4.5904412269592285,22.87275123596192
2010-03-12,3.091230154037476,5.500755310058594,3.6606407165527344,1.858253002166748,13.433385848999023,4.973851203918457,14.571978569030762,2.3577253818511963,59.55621719360352,9.744522094726562,11.62997055053711,4.5904412269592285,22.74302864074707
2010-03-15,3.0849220752716064,5.520989894866943,3.4805519580841064,1.8398528099060056,13.154266357421877,4.973851203918457,14.95453643798828,2.3507301807403564,60.42999649047852,9.801852226257324,11.515042304992676,4.5904412269592285,22.87275123596192
2010-03-16,3.0939645767211914,5.565142631530762,3.54115891456604,1.8412586450576784,13.30273151397705,4.973851203918457,15.273333549499512,2.363322734832764,63.15613555908203,9.86440372467041,11.643985748291016,4.5904412269592285,23.44348526000977
2010-03-17,3.1017446517944336,5.535709381103516,3.5498158931732178,1.8564127683639529,13.017675399780272,4.896982192993164,15.563149452209473,2.3647220134735107,63.05130386352539,9.773189544677734,11.646790504455566,4.5904412269592285,23.46942901611328
2010-03-18,3.10805344581604,5.489715576171875,3.4632365703582764,1.8245205879211424,13.201774597167969,4.951242446899414,15.650096893310549,2.3507301807403564,63.57556915283203,9.695002555847168,11.604743003845217,4.5904412269592285,23.240264892578125
2010-03-19,3.016342163085937,5.427164077758789,3.402629375457764,1.804279088973999,13.005797386169434,4.973851203918457,15.592132568359377,2.3325395584106445,63.15613555908203,9.655909538269045,11.366477966308594,4.5904412269592285,22.989486694335938
2010-03-22,3.026963233947754,5.451079845428467,3.4632365703582764,1.8067337274551392,13.005797386169434,4.820112705230713,15.273333549499512,2.322745084762573,63.15613555908203,9.799251556396484,11.366477966308594,4.5904412269592285,23.30080223083496
2010-03-23,3.012094020843506,5.427164077758789,3.4632365703582764,1.8318767547607424,12.79793930053711,4.747766494750977,15.215370178222656,2.343733310699463,64.06484985351562,9.718461990356444,11.184282302856444,4.5904412269592285,24.12664604187012
2010-03-24,2.989365100860596,5.427164077758789,3.45198130607605,1.8398528099060056,12.73855686187744,4.946720600128174,14.937143325805664,2.336737155914306,64.48430633544922,9.51257038116455,11.29640769958496,4.5904412269592285,24.083402633666992
2010-03-25,3.026538372039795,5.446008205413818,3.4580416679382324,1.8189988136291504,12.625718116760254,4.702548980712891,14.780646324157717,2.34513258934021,63.960052490234375,9.627242088317873,11.058141708374023,4.5904412269592285,23.91045188903809
2010-03-26,3.0159175395965576,5.47379207611084,3.545488119125366,1.8367849588394165,12.53070068359375,4.770375728607178,15.209572792053224,2.33533787727356,64.09981536865234,9.799251556396484,11.002079963684082,4.5904412269592285,24.12664604187012
2010-03-29,2.992550611495972,5.510839939117432,3.5498158931732178,1.8373981714248653,12.382231712341309,4.815591335296631,15.476203918457031,2.217801809310913,64.30955505371094,9.945199012756348,11.058141708374023,4.5904412269592285,24.667112350463867
2010-03-30,3.021015167236328,5.503430366516113,3.5844497680664062,1.8416939973831177,12.29315185546875,4.702548980712891,15.296518325805664,2.2136037349700928,63.960052490234375,10.04683780670166,11.016098022460938,4.5904412269592285,24.84006118774414
2010-03-31,2.932012796401977,5.529365539550781,3.5498158931732178,1.8104153871536253,12.50694465637207,4.792983055114746,15.186386108398438,2.188417434692383,63.61052322387695,10.1641206741333,11.128223419189451,4.5904412269592285,24.710351943969727
2010-04-01,2.936471462249756,5.520103454589844,3.5931077003479004,1.8091880083084104,12.95828628540039,4.747766494750977,15.400851249694824,2.168827533721924,64.06484985351562,10.216240882873535,11.254355430603027,4.5904412269592285,24.961124420166016
2010-04-05,2.9936139583587646,5.557149887084961,3.5671331882476807,1.839239835739136,12.95828628540039,4.747766494750977,15.157408714294434,2.1548354625701904,64.76387786865234,10.281392097473145,11.32443618774414,4.5904412269592285,24.89195251464844
2010-04-06,2.9730093479156494,5.56456184387207,3.566267490386963,1.816550850868225,12.750431060791016,4.702548980712891,15.053071022033691,2.1380443572998047,65.00853729248047,10.151086807250977,11.377690315246582,4.5904412269592285,24.85736083984375
2010-04-07,2.999136209487915,5.555298328399658,3.6104233264923096,1.811028957366944,12.524760246276855,4.612117290496826,15.012496948242188,2.100264310836792,64.65904235839844,10.059869766235352,11.32163143157959,4.5904412269592285,25.108131408691406
2010-04-08,2.9844791889190674,5.671998023986816,3.5931077003479004,1.806285381317139,12.976104736328123,4.5216827392578125,15.006699562072754,2.1268503665924072,64.86872100830078,10.419529914855955,11.341254234313965,4.5904412269592285,25.596723556518555
2010-04-09,3.005721092224121,5.742389678955078,3.627740859985352,1.7969229221343994,12.637596130371094,4.4719438552856445,14.896573066711426,2.161831855773926,64.72891235351562,10.45079231262207,11.128223419189451,4.5904412269592285,25.635631561279297
2010-04-12,3.026963233947754,5.760913848876953,3.6355326175689697,1.779749631881714,12.548516273498535,4.480988025665283,14.664717674255373,2.156234741210937,65.39299774169922,10.307451248168944,10.803064346313477,4.5904412269592285,25.45836067199707
2010-04-13,3.058825969696045,5.714602470397949,3.636398315429688,1.8128687143325808,12.768247604370115,4.512639045715332,14.612552642822266,2.1590335369110107,66.23180389404297,10.276185035705566,10.755409240722656,4.5904412269592285,25.66158103942871
2010-04-14,3.084315776824951,5.659031867980957,3.677957057952881,1.8245205879211424,12.762310981750488,4.5216827392578125,14.716888427734377,2.1898159980773926,67.62989044189453,10.333521842956545,10.833895683288574,4.5904412269592285,25.877769470214844
2010-04-15,3.138057231903076,5.7238640785217285,3.633800745010376,1.83862578868866,12.572270393371582,4.5216827392578125,14.49082851409912,2.2108054161071777,68.15412139892578,10.31788158416748,10.643287658691406,4.5904412269592285,25.843652725219727
2010-04-16,3.100672483444214,5.64976978302002,3.633800745010376,1.826360821723938,12.263456344604492,4.5216827392578125,14.65312671661377,2.201010704040528,66.3017578125,9.994710922241213,10.391011238098145,4.5904412269592285,25.48658943176269
2010-04-19,3.0800673961639404,5.584936618804932,3.6286051273345934,1.8153232336044312,12.263456344604492,4.6075944900512695,14.6241455078125,2.196812868118286,66.19686889648438,9.88003635406494,10.56760597229004,4.5904412269592285,25.03808212280273
2010-04-20,3.0800673961639404,5.5460357666015625,3.532500743865967,1.8318767547607424,12.45943546295166,4.725158214569092,14.716888427734377,2.1548354625701904,66.40658569335938,9.96865940093994,10.805863380432127,4.5904412269592285,24.68972969055176
2010-04-21,,,,,,,,,66.51141357421875,,,,
2010-04-22,3.1225504875183105,5.4960246086120605,3.479685544967652,1.8631561994552608,12.79793930053711,4.725158214569092,14.786442756652832,2.1898159980773926,66.23180389404297,9.877439498901367,10.679725646972656,4.5904412269592285,24.77680778503418
2010-04-23,3.1820285320281982,5.529365539550781,3.4329333305358887,1.9066990613937376,12.56633472442627,4.702548980712891,14.93134880065918,2.2066080570220947,66.6512451171875,9.890466690063477,10.75900936126709,4.5904412269592285,24.55908966064453
2010-04-26,3.236195802688598,5.523807525634766,3.437261819839477,1.9005706310272217,12.619776725769045,4.770375728607178,14.635737419128418,2.276569604873657,67.45510864257812,9.762770652770996,10.542593955993652,4.5904412269592285,24.45893287658692
2010-04-27,3.0906882286071777,5.344129085540772,3.2900736331939697,1.8932068347930908,12.29315185546875,4.566899299621582,14.392290115356444,2.2317941188812256,65.35801696777344,9.436991691589355,10.210941314697266,4.5904412269592285,23.21357154846192
2010-04-28,3.0354607105255127,5.453415393829346,3.2900736331939697,1.9318430423736568,12.263456344604492,4.612117290496826,14.392290115356444,2.202409505844116,66.23180389404297,9.676767349243164,10.230616569519045,4.5904412269592285,23.05680656433105
2010-04-29,3.100247859954834,5.557149887084961,3.3757896423339844,1.932455778121948,12.180312156677246,4.702548980712891,14.432865142822266,2.217801809310913,68.11917877197266,9.851372718811035,10.424543380737305,4.5904412269592285,23.688203811645508
2010-04-30,3.1250996589660645,5.555298328399658,3.3653995990753174,1.9039171934127808,12.471312522888184,4.657332897186279,14.316939353942873,2.236959934234619,65.91724395751953,9.8253173828125,10.385197639465332,4.5904412269592285,23.122119903564453
2010-05-03,3.041832685470581,5.475644588470459,3.3012733459472656,1.966962933540344,13.000024795532228,4.530725955963135,14.513049125671388,2.265639066696167,67.31529235839844,9.854506492614746,10.073219299316406,4.5904412269592285,22.51250267028809
2010-05-04,3.101308584213257,5.197788238525391,3.098595380783081,1.9025415182113647,12.757034301757812,4.679941654205322,13.681543350219728,2.2512991428375244,64.93865203857422,9.593809127807615,9.615092277526855,4.5904412269592285,21.49356269836425
2010-05-05,3.1225504875183105,5.229278564453125,3.16408920288086,1.9101396799087524,12.763110160827637,4.612117290496826,13.3454008102417,2.234091281890869,63.26103591918945,9.56252670288086,9.584177017211914,4.5904412269592285,22.02916145324707
2010-05-06,3.135296583175659,5.149627208709717,3.1685144901275635,1.851400136947632,12.179925918579102,4.612117290496826,13.032848358154297,2.185337781906128,60.49991226196289,9.4478120803833,9.55887508392334,4.5904412269592285,21.715633392333984
2010-05-07,3.165035486221313,5.116283893585205,3.009204149246216,1.8520917892456048,12.14348316192627,4.535248756408691,13.32181167602539,2.165262222290039,58.99699783325195,9.421745300292969,9.460508346557615,4.5904412269592285,21.641611099243164
2010-05-10,3.1777801513671875,5.279292583465576,3.186216115951538,1.917744755744934,13.054698944091797,4.5216827392578125,13.740511894226074,2.201111078262329,63.05130386352539,9.825839042663574,9.623525619506836,4.5904412269592285,22.56039428710937
2010-05-11,3.186276912689209,5.168147087097168,3.195066213607788,1.905991077423096,12.82993221282959,4.5216827392578125,13.675643920898438,2.158092498779297,62.91151809692383,9.690269470214844,9.421160697937012,4.5904412269592285,22.342679977416992
2010-05-12,3.2051823139190674,5.160739421844482,3.186216115951538,1.9246515035629272,12.757034301757812,4.5216827392578125,13.80538558959961,2.172431707382202,64.44935607910156,9.672019004821776,9.51672077178955,4.5904412269592285,22.26429557800293
2010-05-13,3.186276912689209,5.095908164978027,3.1685144901275635,1.8797322511672967,12.392545700073242,4.702548980712891,13.828972816467283,2.150922536849976,63.08625793457031,9.528631210327148,9.527963638305664,4.5904412269592285,21.94207000732422
2010-05-14,3.165035486221313,4.936600685119629,3.094170093536377,1.852783203125,11.602828979492188,4.684462547302246,13.50462532043457,2.1451869010925293,61.65326690673828,9.372212409973145,9.564499855041504,4.5904412269592285,21.293256759643555
2010-05-17,3.207519292831421,5.038485050201416,3.0932846069335938,1.893553137779236,11.43880844116211,4.6437668800354,13.563596725463867,2.122243404388428,61.3736572265625,9.35918140411377,9.45207977294922,4.5904412269592285,20.96231842041016
2010-05-18,3.165035486221313,4.981058120727539,3.0127439498901367,1.878350019454956,10.721982955932615,4.5216827392578125,13.085922241210938,2.0792253017425537,60.22029113769531,9.121936798095703,9.249712944030762,4.5904412269592285,20.20464324951172
2010-05-19,3.143794059753418,4.808787822723389,2.8631696701049805,1.8728188276290887,10.539739608764648,4.318206787109375,12.973876953125,2.070622205734253,60.32514572143555,8.655289649963379,9.04734706878662,4.5904412269592285,19.81274032592773
2010-05-20,3.067534208297729,4.686530590057373,2.7870538234710693,1.7940367460250854,11.16544246673584,4.2503814697265625,12.944392204284668,2.014697790145874,56.83006286621094,8.647461891174316,8.729750633239746,4.5904412269592285,19.094257354736328
2010-05-21,3.054576873779297,4.849539279937744,2.84989333152771,1.80716609954834,11.602828979492188,4.295598030090332,12.914904594421388,2.076357841491699,57.3892707824707,8.733497619628906,8.836552619934082,4.5904412269592285,20.37881660461425
2010-05-24,3.141669511795044,4.807194232940674,2.8764455318450928,1.810623049736023,11.299087524414062,4.476465225219727,13.068233489990234,2.1294138431549072,55.95627212524414,8.582292556762695,8.74038028717041,4.5904412269592285,20.16545486450196
2010-05-25,3.120426177978516,4.797392845153809,2.84989333152771,1.801641821861267,10.977123260498049,4.476465225219727,12.914904594421388,2.120809555053711,55.746578216552734,8.371119499206543,8.596122741699219,4.5904412269592285,20.34398651123047
2010-05-26,2.973858594894409,4.850030422210693,2.9206976890563965,1.799567937850952,11.238341331481934,4.5216827392578125,13.174381256103516,2.1365833282470703,55.95627212524414,8.652677536010742,8.782808303833008,4.5904412269592285,20.235122680664062
2010-05-27,3.148041009902954,4.9722208976745605,3.0800085067749023,1.7933460474014282,11.760769844055176,4.517160415649414,13.22156047821045,2.166696310043335,58.22806167602539,8.809102058410645,9.062841415405272,4.5904412269592285,21.5109806060791
2010-05-28,3.1629114151000977,4.866948127746582,3.0977091789245605,1.7760676145553589,11.936939239501951,4.566899299621582,13.22156047821045,2.192507266998291,57.14461517333984,8.809102058410645,9.167499542236328,4.5904412269592285,21.31502723693848
2010-05-31,3.128923177719116,4.883867263793945,3.177365303039551,1.79611074924469,11.997686386108398,4.702548980712891,13.357195854187012,2.193941593170166,,9.046341896057127,9.639878273010254,4.5904412269592285,21.77224922180176
2010-06-01,3.1544132232666016,4.825592994689941,3.1154115200042725,1.7159457206726074,11.712170600891112,4.657332897186279,13.25104522705078,2.1796014308929443,55.85143280029297,8.86690616607666,9.32873249053955,4.5904412269592285,21.301963806152344
2010-06-02,3.2393813133239746,5.021094799041748,3.1897566318511963,1.6724101305007937,12.30142593383789,4.634725093841553,13.26873779296875,2.236959934234619,57.14461517333984,9.117266654968262,9.424901962280272,4.5904412269592285,21.750476837158203
2010-06-03,,,,,,,,,57.49411392211914,,,,
2010-06-04,3.2710323333740234,5.043656349182129,3.0534560680389404,1.6813907623291016,11.815443992614746,4.698028087615967,13.32771110534668,2.2240545749664307,54.90777969360352,8.932113647460938,9.560673713684082,4.5904412269592285,20.72281646728516
2010-06-07,3.297796726226806,4.962821006774902,3.0083186626434326,1.7173287868499756,11.511703491210938,4.738723278045654,13.21566390991211,2.2140164375305176,53.85923004150391,8.660882949829102,9.614421844482422,4.5904412269592285,20.07400703430176
2010-06-08,3.271244764328003,4.991017818450928,2.9206976890563965,1.7173287868499756,11.791145324707031,4.571420669555664,13.085922241210938,2.24556303024292,54.10388946533203,8.81735897064209,9.73039436340332,4.5904412269592285,20.2873764038086
2010-06-09,3.3035311698913574,4.9346232414245605,3.022479057312012,1.688304781913757,11.444883346557615,4.725158214569092,13.03874683380127,2.24556303024292,53.54468536376953,8.736519813537598,9.772822380065918,4.5904412269592285,20.361400604248047
2010-06-10,3.315852165222168,5.030495643615723,3.10567593574524,1.7242422103881836,11.845815658569336,4.725158214569092,13.180279731750488,2.228356122970581,54.80290222167969,8.97122859954834,9.883136749267578,4.5904412269592285,20.73153114318848
2010-06-11,3.299283742904663,5.056813716888428,3.0755832195281982,1.7276921272277832,12.192079544067385,4.698028087615967,13.486934661865234,2.244129180908203,54.383487701416016,9.104236602783203,9.772822380065918,4.5904412269592285,20.984086990356445
2010-06-14,3.3139402866363525,5.169607162475586,3.0977091789245605,1.7207854986190796,12.635537147521973,4.702548980712891,13.593083381652832,2.2512991428375244,53.78933334350586,8.958191871643066,9.523902893066406,4.5904412269592285,20.99715232849121
2010-06-15,3.37532901763916,5.116968631744385,3.110100507736206,1.755340576171875,12.665912628173828,4.725158214569092,13.852563858032228,2.2240545749664307,55.1873664855957,9.177255630493164,9.58330249786377,4.5904412269592285,21.29760932922364
2010-06-16,3.398695230484009,5.148927688598633,3.096824884414673,1.7574148178100586,12.471518516540527,4.702548980712891,14.271263122558594,2.2799782752990723,55.397064208984375,9.20594310760498,9.781310081481934,4.5904412269592285,21.03199005126953
2010-06-17,3.419299602508545,5.120728492736816,3.0525715351104736,1.7595505714416504,12.696287155151367,4.702548980712891,14.359722137451172,2.2599029541015625,55.95983505249024,9.16421604156494,9.755847930908203,4.5904412269592285,20.661863327026367
2010-06-18,3.415476560592652,5.173365592956543,2.964950561523437,1.7491799592971802,12.757034301757812,4.743246078491211,14.672271728515623,2.229790449142456,56.100528717041016,9.20594310760498,9.560673713684082,4.5904412269592285,20.431076049804688
2010-06-21,3.4305577278137207,5.299314498901367,3.0534560680389404,1.7774507999420166,12.842082023620604,4.679941654205322,14.336133003234863,2.254167318344116,56.62810516357422,9.245055198669434,9.665332794189451,4.5904412269592285,21.10601234436035
2010-06-22,3.491096973419189,5.31059455871582,3.0977091789245605,1.7898952960968018,12.817782402038574,4.743246078491211,14.654582977294922,2.24556303024292,55.53776550292969,9.20594310760498,9.402274131774902,4.5904412269592285,20.9013614654541
2010-06-23,3.4439406394958496,5.209083080291748,3.158778429031372,1.79611074924469,13.000024795532228,4.743246078491211,14.430489540100098,2.2312235832214355,54.13086700439453,9.250269889831545,9.226898193359377,4.5904412269592285,21.15826797485352
2010-06-24,3.3774542808532715,5.145167827606201,3.1242620944976807,1.7933460474014282,12.50796890258789,4.702548980712891,14.424591064453123,2.222620010375977,53.040504455566406,8.958191871643066,8.944040298461914,4.5904412269592285,20.68363571166992
2010-06-25,3.39890718460083,5.094410419464111,3.141077041625977,1.8107126951217647,12.726661682128906,4.702548980712891,14.572022438049316,2.2584691047668457,52.44256210327149,9.02338409423828,9.057185173034668,4.5904412269592285,20.936187744140625
2010-06-28,3.5019311904907227,5.000418663024902,3.0977091789245605,1.8244436979293823,12.64161205291748,4.883416175842285,14.507153511047363,2.3301658630371094,52.75911331176758,8.999910354614258,8.870497703552246,4.5904412269592285,20.544288635253903
2010-06-29,3.3821260929107666,4.793634414672852,2.9118473529815674,1.809931397438049,11.961237907409668,4.833677291870117,14.459976196289062,2.29431700706482,50.93012237548828,8.629593849182129,8.779979705810547,4.5904412269592285,19.55147933959961
2010-06-30,3.3137285709381104,4.633849143981934,2.964950561523437,1.8078579902648928,11.851893424987791,4.829156398773193,14.070759773254396,2.3301658630371094,50.719085693359375,8.475723266601562,8.768668174743652,4.5904412269592285,19.00717544555664
2010-07-01,3.2659337520599365,4.91770601272583,2.9560999870300293,1.809931397438049,11.785070419311523,4.815591335296631,13.71102809906006,2.3373360633850098,49.66390609741211,8.867581367492676,8.539548873901367,4.5904412269592285,19.089906692504883
2010-07-02,3.288237810134888,4.981619834899902,2.9109623432159424,1.8078579902648928,11.815443992614746,4.919590473175049,13.563596725463867,2.3731844425201416,48.81977462768555,8.95106029510498,8.570664405822754,4.5904412269592285,18.99410057067871
2010-07-05,3.25000262260437,4.944023609161377,2.867594003677368,1.838271260261536,11.845815658569336,4.838199138641357,13.404374122619627,2.3545429706573486,,8.734527587890625,8.485806465148926,4.5904412269592285,18.72412872314453
2010-07-06,3.3275351524353027,5.0662126541137695,2.8366172313690186,1.8555415868759155,12.058431625366213,4.883416175842285,13.310018539428713,2.361713171005249,49.13631057739258,8.943242073059082,8.76583480834961,4.5904412269592285,18.959272384643555
2010-07-07,3.349414110183716,5.216599941253662,2.902996778488159,1.8293805122375488,12.210305213928224,4.878895282745361,13.227458000183104,2.3946940898895264,51.422550201416016,9.467631340026855,8.895954132080078,4.5904412269592285,19.41648292541504
2010-07-08,3.40082049369812,5.205322265625,2.9118473529815674,1.7850561141967771,12.447220802307127,4.838199138641357,13.209765434265137,2.42193865776062,52.16117858886719,9.67894172668457,8.994956970214844,4.5904412269592285,19.481807708740234
2010-07-09,,,,,,,,,52.5832633972168,,,,
2010-07-12,3.3562114238739014,5.226002216339111,2.8321919441223145,1.7892040014266968,12.57479190826416,4.774896144866943,12.973876953125,2.424806833267212,52.51289749145508,9.712855339050291,8.84221076965332,4.5904412269592285,19.05942153930664
2010-07-13,3.3785154819488525,5.346314430236816,2.937513828277588,1.801641821861267,12.878530502319336,4.797504425048828,13.097718238830566,2.434844255447388,53.49774932861328,9.744159698486328,8.822409629821777,4.5904412269592285,19.229246139526367
2010-07-14,3.389986515045166,5.318112850189209,2.902996778488159,1.755340576171875,13.109373092651367,4.906025409698486,13.032848358154297,2.42193865776062,53.46254348754883,9.673717498779297,8.850696563720703,4.5904412269592285,19.233598709106445
2010-07-15,3.3984830379486084,5.400827884674072,2.875559568405152,1.7477351427078247,13.364508628845217,4.906025409698486,12.914904594421388,2.404731512069702,53.63842010498047,9.652856826782228,8.774322509765625,4.5904412269592285,19.08119201660156
2010-07-16,3.420361518859864,5.246679306030273,2.854318380355835,1.7311493158340454,12.83600616455078,5.109501361846924,12.679015159606934,2.3731844425201416,51.17634582519531,9.410229682922363,8.64986515045166,4.5904412269592285,18.658815383911133
2010-07-19,3.4745290279388428,5.301196098327637,2.8852956295013428,1.73045814037323,13.3402099609375,5.109501361846924,12.802857398986816,2.387524366378784,51.422550201416016,9.626765251159668,8.712093353271484,4.5904412269592285,19.181346893310547
2010-07-20,3.477290391921997,5.282398223876953,3.009204149246216,1.7325325012207031,13.267313957214355,5.082370758056641,12.891318321228027,2.366015672683716,52.5480842590332,9.707637786865234,9.023239135742188,4.5904412269592285,20.265607833862305
2010-07-21,3.441178560256958,5.312474727630615,3.0534560680389404,1.722168207168579,13.164042472839355,5.1999359130859375,12.926700592041016,2.3545429706573486,52.19633865356445,9.676334381103516,8.921412467956543,4.5904412269592285,20.383180618286133
2010-07-22,3.5155253410339355,5.46662187576294,3.1747100353240967,1.769161343574524,13.698623657226562,5.331063747406006,13.150795936584473,2.380354404449463,53.49774932861328,9.939823150634766,9.014755249023438,4.5904412269592285,20.814266204833984
2010-07-23,3.462419986724853,5.541818618774414,3.1853299140930176,1.7746849060058594,14.03273868560791,5.611408710479736,13.286429405212402,2.3731844425201416,55.25640106201172,10.044183731079102,8.989297866821289,4.5904412269592285,20.97538185119629
2010-07-26,3.441390991210937,5.460983753204346,3.1853299140930176,1.788512945175171,13.941615104675291,5.742537975311279,13.33360481262207,2.401863574981689,56.7688102722168,10.067666053771973,9.031726837158203,4.5904412269592285,20.984086990356445
2010-07-27,3.4560470581054688,5.395188808441162,3.182675361633301,1.801641821861267,14.087409973144531,5.71992826461792,12.973876953125,2.406165599822998,56.90950012207031,10.044183731079102,8.994956970214844,4.5904412269592285,20.9013614654541
2010-07-28,3.467093706130981,5.6207709312438965,3.2517104148864746,1.810623049736023,14.33647632598877,5.71992826461792,13.133102416992188,2.366015672683716,56.45224380493164,10.278987884521484,8.910099029541016,4.5904412269592285,21.2714786529541
2010-07-29,3.462632894515991,5.6207709312438965,3.271181106567383,1.8244436979293823,14.94395637512207,5.624972820281982,13.26873779296875,2.3946940898895264,56.803993225097656,10.286816596984863,8.847869873046875,4.5904412269592285,21.07553482055664
2010-07-30,3.46730637550354,5.7410807609558105,3.273836374282837,1.81753671169281,15.05937671661377,5.5842790603637695,13.445653915405272,2.387524366378784,56.698463439941406,10.328557968139648,9.062841415405272,4.5904412269592285,21.14084243774414
2010-08-02,3.4870617389678955,5.726041793823242,3.3676531314849854,1.8209933042526243,15.496759414672852,5.624972820281982,13.551804542541504,2.423372745513916,57.71847152709961,10.362998962402344,9.29318141937256,4.5904412269592285,22.00302696228028
2010-08-03,3.462419986724853,5.5643744468688965,3.420757293701172,1.8078579902648928,15.156571388244627,5.44862699508667,13.386682510375977,2.4735610485076904,57.68328857421875,10.04722785949707,9.526363372802734,4.5904412269592285,21.97690200805664
2010-08-04,3.448612928390503,5.507979869842529,3.4517343044281006,1.8078579902648928,14.94395637512207,5.44862699508667,13.404374122619627,2.502239942550659,57.964691162109375,9.874987602233888,9.640108108520508,4.5904412269592285,21.959487915039062
2010-08-05,3.420149564743042,5.639573574066162,3.468550443649292,1.815462946891785,14.609841346740724,5.606887340545654,13.50462532043457,2.5294852256774902,58.10538864135742,9.893250465393066,9.611674308776855,4.5904412269592285,22.055286407470703
2010-08-06,3.3969967365264893,5.70348596572876,3.429608106613159,1.8168450593948364,14.227131843566896,5.606887340545654,13.563596725463867,2.5509941577911377,57.859153747558594,10.00808048248291,9.532050132751465,4.5904412269592285,22.024803161621094
2010-08-09,3.390411376953125,5.77116060256958,3.465010166168213,1.814079761505127,14.214981079101562,5.606887340545654,13.43975830078125,2.5094099044799805,57.61296463012695,10.04722785949707,9.426835060119627,4.5904412269592285,22.081409454345703
2010-08-10,3.3742685317993164,5.69784688949585,3.442883014678955,1.80716609954834,13.91124153137207,5.665667533874512,13.380783081054688,2.525183916091919,57.15572738647461,10.000255584716797,9.355743408203123,4.5904412269592285,21.77224922180176
2010-08-11,3.337094783782959,5.5831732749938965,3.38535475730896,1.7892040014266968,13.728999137878418,5.738016128540039,13.150795936584473,2.5165796279907227,55.22120666503906,9.832194328308104,9.000283241271973,4.5904412269592285,21.03634452819824
2010-08-12,3.358548641204834,5.705364227294922,3.318974256515503,1.7726184129714966,13.388813972473145,5.435062885284424,13.097718238830566,2.5094099044799805,54.51774978637695,9.879423141479492,9.014498710632324,4.5904412269592285,21.21487236022949
2010-08-13,3.334969520568848,5.722282409667969,3.374734401702881,1.744969606399536,13.334136009216309,5.435062885284424,13.01515769958496,2.466391563415528,54.09568786621094,9.89516830444336,9.031561851501465,4.5904412269592285,21.24970817565918
2010-08-16,3.41037917137146,5.695965766906738,3.4163315296173096,1.7622475624084473,13.814043045043944,5.56166934967041,13.091822624206545,2.5524282455444336,54.37704086303711,9.94240665435791,9.011656761169434,4.5904412269592285,21.528396606445312
2010-08-17,3.481325626373291,5.667767524719238,3.469435214996338,1.7532660961151123,14.20283031463623,5.471235752105713,13.144895553588867,2.548126220703125,54.79913330078125,10.00800323486328,9.18796443939209,4.5904412269592285,21.776599884033203
2010-08-18,3.483662843704224,5.62453031539917,3.4951021671295166,1.7629382610321045,14.457972526550291,5.4395856857299805,13.192073822021484,2.5954465866088867,55.22120666503906,9.984389305114746,8.960467338562012,4.5904412269592285,21.92465209960937
2010-08-19,3.513401985168457,5.526240825653076,3.4951021671295166,1.7511922121047974,14.148157119750977,5.435062885284424,12.944392204284668,2.592579364776612,53.63842010498047,9.866304397583008,8.633444786071777,4.5904412269592285,21.706928253173828
2010-08-20,3.5131893157958984,5.607622146606445,3.398630142211914,1.8044074773788448,13.941615104675291,5.435062885284424,13.10361671447754,2.5954465866088867,52.86464691162109,9.845309257507324,8.61638069152832,4.5904412269592285,21.441308975219727
2010-08-23,3.465606451034546,5.564092636108398,3.3278250694274902,1.7774507999420166,13.941615104675291,5.39436674118042,12.973876953125,2.5811080932617188,52.3721923828125,9.777091979980469,8.582259178161621,4.5904412269592285,20.82732391357422
2010-08-24,3.441178560256958,5.486495971679688,3.2083423137664795,1.8292837142944336,13.80189609527588,5.222541809082031,13.08002471923828,2.5954465866088867,51.246681213378906,9.609160423278809,8.4059476852417,4.5904412269592285,20.37881660461425
2010-08-25,3.401456356048584,5.486495971679688,3.150813579559326,1.8486348390579224,13.55282974243164,5.150196075439453,12.891318321228027,1.563003420829773,51.246681213378906,9.603899955749512,8.457138061523438,4.5904412269592285,20.195934295654297
2010-08-26,3.398695230484009,5.336987018585205,3.186216115951538,1.888713955879212,13.066848754882812,5.150196075439453,12.679015159606934,1.6777199506759644,51.00045394897461,9.3651123046875,8.275138854980469,4.5904412269592285,19.9695053100586
2010-08-27,3.462419986724853,5.346449375152588,3.254366397857666,1.959206223487854,13.364508628845217,5.245151996612549,12.814653396606444,1.6705498695373535,51.73908615112305,9.761344909667969,8.516854286193848,4.5904412269592285,20.661863327026367
2010-08-30,3.461782693862915,5.232896327972412,3.2216179370880127,1.9012831449508667,13.953764915466309,5.245151996612549,12.384156227111816,1.6103243827819824,51.07083511352539,9.643260955810549,8.55950927734375,4.5904412269592285,20.08707618713379
2010-08-31,3.547389268875122,5.389978408813477,3.257021188735962,1.9350227117538448,13.261238098144531,5.493845462799072,12.602350234985352,1.598852038383484,50.93012237548828,9.92403793334961,8.414481163024902,4.5904412269592285,20.41366195678711
2010-09-01,3.56225848197937,5.537595748901367,3.363227367401123,1.9545191526412964,13.5467529296875,5.493845462799072,12.679015159606934,1.6418708562850952,52.79429244995117,10.055806159973145,8.55097770690918,4.5904412269592285,21.41953659057617
2010-09-02,3.505117893218994,5.478928089141846,3.4163315296173096,1.921885967254639,13.814043045043944,5.493845462799072,12.72619342803955,1.712134599685669,53.28669357299805,9.948183059692385,8.883687973022461,4.5904412269592285,21.15391159057617
2010-09-03,3.526145696640014,5.391872406005859,3.372078418731689,1.9308738708496087,13.607501029968262,5.475758075714111,12.62004280090332,1.7107003927230835,54.13086700439453,9.935052871704102,9.301711082458496,4.5904412269592285,21.07553482055664
2010-09-06,3.4906725883483887,5.342665672302246,3.318974256515503,1.9246515035629272,13.516376495361328,5.421497821807861,12.49030303955078,1.6934930086135864,,9.843182563781738,9.480864524841309,4.5904412269592285,20.9013614654541
2010-09-07,,,,,,,,,54.30672073364258,,,,
2010-09-08,3.5688416957855225,5.3483428955078125,3.318974256515503,1.841720938682556,13.534607887268066,5.421497821807861,12.543380737304688,1.627531886100769,55.22120666503906,9.83006763458252,9.059998512268066,4.5904412269592285,20.54864501953125
2010-09-09,3.5684168338775635,5.350234031677246,3.314549207687378,1.8667141199111936,14.09348487854004,5.421497821807861,12.384156227111816,1.5773431062698364,55.95983505249024,9.782818794250488,8.8865327835083,4.5904412269592285,20.596546173095703
2010-09-10,3.524234771728516,5.299136638641357,3.3127801418304443,1.8852635622024536,14.23320484161377,5.534539699554443,12.70849895477295,1.563003420829773,56.20603561401367,9.761810302734377,8.821130752563477,4.5904412269592285,20.404949188232425
2010-09-13,3.610901355743408,5.4883904457092285,3.363227367401123,1.8900963068008425,14.549092292785645,5.629495620727539,12.87362575531006,1.5371925830841064,57.15572738647461,10.105671882629396,9.00312328338623,4.5904412269592285,20.988449096679688
2010-09-14,3.653597831726074,5.554632186889648,3.345526695251465,1.8983933925628664,14.810308456420898,5.606887340545654,12.649528503417969,1.5199851989746094,56.83916473388672,10.250038146972656,8.570882797241211,4.5904412269592285,20.814266204833984
2010-09-15,3.744724750518799,5.603837490081787,3.318974256515503,1.9453859329223635,15.05937671661377,5.647581577301025,12.820549011230469,1.5214190483093262,57.47226333618164,10.31041431427002,8.525384902954102,4.5904412269592285,20.936187744140625
2010-09-16,3.7474870681762695,5.583019733428955,3.3180899620056152,1.9398541450500488,14.70096206665039,5.647581577301025,12.72619342803955,1.5400605201721191,57.5076904296875,10.210664749145508,8.522539138793945,4.5904412269592285,20.801204681396484
2010-09-17,3.7013907432556152,5.518673419952393,3.2614457607269287,1.8977017402648928,14.275731086730955,5.647581577301025,12.57876205444336,1.5070794820785522,57.72028350830078,10.158167839050291,8.585102081298828,4.5904412269592285,20.52251625061035
2010-09-20,3.742814540863037,5.637905120849609,3.27472186088562,1.8667141199111936,13.364508628845217,5.647581577301025,12.844138145446776,1.5099478960037231,58.64153289794922,10.236916542053224,8.758565902709961,4.5904412269592285,20.944896697998047
2010-09-21,3.653597831726074,5.677648067474365,3.354377031326294,1.8638378381729128,14.4883451461792,5.539061069488525,12.79695987701416,1.4956079721450806,58.5352668762207,10.076800346374512,8.474196434020996,4.5904412269592285,21.010215759277344
2010-09-22,3.685462236404419,5.723066329956055,3.363227367401123,1.9012831449508667,14.871053695678713,5.539061069488525,12.684913635253906,1.4769665002822876,58.4643669128418,10.145047187805176,8.417325019836426,4.5904412269592285,21.46743392944336
2010-09-23,3.7202961444854736,5.896481037139893,3.503952741622925,1.8859554529190063,15.186946868896484,5.652103900909424,12.714399337768556,1.4697967767715454,57.188812255859375,10.223791122436523,8.602165222167969,4.5904412269592285,21.39775848388672
2010-09-24,3.6795132160186768,5.772647857666016,3.557940721511841,1.818228006362915,15.065448760986328,5.539061069488525,12.802857398986816,1.4769665002822876,59.03130722045898,10.145047187805176,8.431541442871094,4.5904412269592285,22.133663177490234
2010-09-27,3.72433352470398,5.886955261230469,3.619894981384277,1.82997465133667,15.065448760986328,5.5842790603637695,12.78516674041748,1.4769665002822876,58.21635818481445,10.158167839050291,8.602165222167969,4.5904412269592285,22.53862762451172
2010-09-28,3.747060775756836,5.906008243560791,3.6287453174591056,1.8520917892456048,15.035075187683104,5.5842790603637695,12.679015159606934,1.4769665002822876,58.25180435180664,10.250038146972656,8.55381965637207,4.5904412269592285,22.71280670166016
2010-09-29,3.793801307678223,6.016506671905518,3.6287453174591056,1.856924533843994,14.883203506469728,5.475758075714111,12.57876205444336,1.4425522089004517,57.96831512451172,10.436408996582031,8.801219940185547,4.5904412269592285,22.725868225097656
2010-09-30,3.724498748779297,6.121291637420654,3.627861261367798,1.8970102071762085,14.549092292785645,5.579756736755371,12.714399337768556,1.4697967767715454,57.57854843139648,10.622770309448242,8.644818305969238,4.5904412269592285,22.773765563964844
2010-10-01,3.875201463699341,6.233695030212402,3.664148330688477,1.9073736667633057,14.810308456420898,5.5842790603637695,12.78516674041748,1.5328911542892456,57.96831512451172,10.712563514709473,8.70169448852539,4.5904412269592285,22.99148750305176
2010-10-04,3.8930718898773193,6.266083240509033,3.664148330688477,1.94192898273468,15.186946868896484,5.652103900909424,13.127204895019531,1.5013439655303955,57.04707336425781,10.725690841674805,8.69031810760498,4.5904412269592285,23.008907318115234
2010-10-05,3.971005439758301,6.319429874420166,3.760619640350342,1.9626636505126955,15.460308074951172,5.697319030761719,13.475138664245604,1.5343247652053833,58.49980545043945,10.993513107299805,8.641976356506348,4.5904412269592285,23.3006534576416
2010-10-06,3.9613170623779297,6.296566486358643,3.7446892261505127,1.94331157207489,15.30844020843506,5.82844877243042,13.62256908416748,1.5486644506454468,59.881683349609375,10.896356582641602,8.29788875579834,4.5904412269592285,23.370323181152344
2010-10-07,3.9880142211914062,6.212738037109375,3.729642391204834,1.9453859329223635,14.883203506469728,5.765144348144531,13.422064781188965,1.5687395334243774,60.413204193115234,10.917366981506348,8.050487518310547,4.5904412269592285,23.28759002685547
2010-10-08,4.074775695800781,6.334673404693604,3.690699577331543,1.94192898273468,14.94395637512207,5.765144348144531,13.52821445465088,1.5687395334243774,60.661224365234375,11.15629768371582,8.246702194213867,4.5904412269592285,23.20922088623047
2010-10-11,4.056046009063721,6.363248348236084,3.717252492904663,1.955749988555908,15.144424438476562,5.82844877243042,13.681543350219728,1.5816452503204346,60.09431076049805,11.072277069091797,8.172767639160156,4.5904412269592285,23.33983993530273
2010-10-12,,,,,,,,,60.90926361083984,,,,
2010-10-13,4.184141635894775,6.639497756958008,3.731412649154663,1.976484060287476,15.612175941467283,6.09975004196167,14.518945693969728,1.5773431062698364,61.22816467285156,11.200927734375,8.132953643798828,4.5904412269592285,23.31806945800781
2010-10-14,4.198137283325195,6.540432453155518,3.761505126953125,1.9688788652420044,15.721524238586426,5.968621730804443,14.713552474975586,1.6045880317687988,60.80294799804688,11.119536399841309,8.275138854980469,4.5904412269592285,23.4051570892334
2010-10-15,4.20889949798584,6.629973888397217,3.7703542709350586,2.022094249725342,15.527132034301758,5.968621730804443,15.362249374389648,1.598852038383484,57.75571823120117,11.229811668395996,8.144328117370605,4.5904412269592285,23.230981826782227
2010-10-18,4.250235557556152,6.572813987731934,3.848240852355957,2.063563108444214,15.247694969177246,6.09975004196167,14.38920783996582,1.5902490615844729,57.57854843139648,11.290205955505373,8.161392211914062,4.5904412269592285,23.73174476623535
2010-10-19,4.197920799255371,6.460414409637451,3.734952926635742,2.045593976974488,14.33647632598877,6.239921569824219,14.27716064453125,1.6045880317687988,56.94074630737305,11.06439208984375,7.862802505493164,4.5904412269592285,23.16566467285156
2010-10-20,4.2194504737854,6.553764343261719,3.805757999420166,2.038680076599121,14.142082214355469,6.10427188873291,14.566125869750977,1.5845131874084473,56.86988830566406,11.172054290771484,7.82014799118042,4.5904412269592285,23.85367012023925
2010-10-21,4.262508392333984,6.386110782623291,3.823458194732666,2.007581949234009,13.8687162399292,6.262530326843262,13.994095802307127,1.6920589208602903,57.04707336425781,11.030266761779783,7.586967468261719,4.5904412269592285,23.47047996520996
2010-10-22,4.39168119430542,6.395636081695557,3.757081270217896,1.983398199081421,13.728999137878418,6.303225040435791,13.85845947265625,1.6705498695373535,56.90531539916992,11.130035400390623,7.606873989105225,4.5904412269592285,23.49225425720215
2010-10-25,4.306643009185791,6.429929256439209,3.8597466945648193,2.0041253566741943,13.73507308959961,6.285139083862305,13.681543350219728,1.6705498695373535,56.90531539916992,11.158918380737305,7.737681865692139,4.5904412269592285,23.688203811645508
2010-10-26,4.1951212882995605,6.496612548828125,3.9606432914733887,2.0103471279144287,13.850492477416992,6.235400676727295,14.412797927856444,1.6619462966918943,57.25965881347656,11.132670402526855,8.090299606323242,4.5904412269592285,24.036556243896484
2010-10-27,4.0904927253723145,6.448980808258057,3.8677122592926025,2.0165627002716064,14.208901405334473,6.208271503448486,14.10024642944336,1.6748521327972412,57.08250427246094,10.906862258911133,8.18698787689209,4.5904412269592285,23.79706382751465
2010-10-28,4.0904927253723145,6.353722095489502,3.850010871887207,2.0766918659210205,13.850492477416992,6.14948844909668,13.74641227722168,1.6920589208602903,56.97618103027344,10.801836013793944,8.18982982635498,4.5904412269592285,23.33983993530273
2010-10-29,4.160030364990234,6.306093692779541,3.850010871887207,2.069087028503418,14.275731086730955,5.769667148590088,13.79948616027832,1.6877574920654297,56.76361846923828,10.896356582641602,8.118735313415527,4.5904412269592285,23.33983993530273
2010-11-01,4.256694793701172,6.416593551635742,3.894263744354248,2.076000213623047,13.5467529296875,6.0635762214660645,14.176908493041992,1.7092664241790771,56.51556396484375,11.104379653930664,8.275138854980469,4.5904412269592285,23.862380981445312
2010-11-02,,,,,,,,,56.48014450073242,,,,
2010-11-03,4.187370300292969,6.498514175415039,3.982771158218384,2.0547683238983154,13.157971382141112,6.2308783531188965,14.04127311706543,1.706398606300354,56.90531539916992,11.070222854614258,8.372291564941406,4.5904412269592285,23.60111427307129
2010-11-04,4.221818923950195,6.664262294769287,4.106678485870361,2.08014178276062,13.789748191833496,6.194704055786133,14.206395149230955,1.737945318222046,58.49980545043945,11.364374160766602,8.629461288452148,4.5904412269592285,24.206382751464844
2010-11-05,4.250235557556152,6.63568639755249,4.097827911376953,2.031766176223755,13.80189609527588,6.280616760253906,13.917431831359863,1.7350775003433228,59.27934646606445,11.422168731689451,8.558026313781738,4.5904412269592285,24.25428009033203
2010-11-08,4.295015811920166,6.605202674865723,4.097827911376953,2.041631937026977,13.516376495361328,6.194704055786133,13.97050666809082,1.7336431741714478,59.20848083496094,11.43266773223877,8.655179977416992,4.5904412269592285,24.428464889526367
2010-11-09,4.196628570556641,6.447076797485352,4.027021884918213,2.05250096321106,12.78740692138672,6.190183639526367,13.740511894226074,1.6920589208602903,58.88959503173828,11.12538242340088,8.543739318847656,4.5904412269592285,24.341371536254883
2010-11-10,4.148188591003418,6.441362857818604,4.013746738433838,2.0670127868652344,12.702360153198242,6.2308783531188965,13.563596725463867,1.634701371192932,58.64153289794922,11.254080772399902,8.555168151855469,4.5904412269592285,24.297832489013672
2010-11-11,4.1378560066223145,6.424214839935303,4.022597312927246,1.9889217615127563,12.854232788085938,6.470527648925781,13.32181167602539,1.663380146026611,57.93289566040039,11.030820846557615,8.429441452026367,4.5904412269592285,24.402332305908203
2010-11-12,4.144314289093018,6.448980808258057,3.982771158218384,1.993761420249939,12.702360153198242,6.515745162963867,13.25104522705078,1.673417568206787,57.57854843139648,11.030820846557615,8.14941120147705,4.5904412269592285,23.949466705322266
2010-11-15,,,,,,,,,57.40139389038086,,,,
2010-11-16,4.1537861824035645,6.458505630493164,3.880988121032715,1.9619719982147217,12.392545700073242,6.515745162963867,13.26873779296875,1.6777199506759644,56.196659088134766,10.807583808898926,7.989395141601562,4.5904412269592285,23.46612548828125
2010-11-17,4.271334648132324,6.439449787139893,3.880988121032715,1.9806320667266848,12.79955768585205,6.515745162963867,13.203868865966797,1.649040460586548,56.01948928833008,10.794450759887695,8.026542663574219,4.5904412269592285,23.43129539489746
2010-11-18,4.39168119430542,6.523282527923584,3.982771158218384,1.97994077205658,13.285539627075195,6.529309749603272,13.298224449157717,1.6805874109268188,56.83448791503906,10.902132034301758,8.152270317077637,4.5904412269592285,24.053974151611328
2010-11-19,4.450884342193604,6.534714221954346,3.991621494293213,2.0324578285217285,13.30376434326172,6.352962970733643,13.262840270996094,1.6848888397216797,57.47227096557617,11.012451171875,8.129409790039062,4.5904412269592285,24.14542007446289
2010-11-22,4.516764163970947,6.439449787139893,3.93851637840271,1.9757930040359497,12.817782402038574,6.371050834655762,13.16258716583252,1.6920589208602903,56.79903030395508,10.841726303100586,7.886527061462402,4.5904412269592285,24.08010482788086
2010-11-23,4.413209438323975,6.173875331878662,3.894263744354248,1.9585152864456177,12.234600067138672,6.176618576049805,13.032848358154297,1.6920589208602903,55.84234619140625,10.55544662475586,7.809375286102295,4.5904412269592285,23.47047996520996
2010-11-24,4.420959949493408,6.258028030395508,3.934091091156006,2.049044370651245,12.78740692138672,6.339399814605713,13.180279731750488,1.7494173049926758,56.48014450073242,10.647378921508787,7.966535091400146,4.5904412269592285,24.06703758239746
2010-11-25,4.434739112854004,6.292457580566406,3.82168960571289,2.044902801513672,12.884603500366213,6.407223224639893,13.091822624206545,1.7049648761749268,,10.628995895385742,7.857953548431396,4.5904412269592285,23.91463088989257
2010-11-26,4.413424491882324,6.294371128082275,3.8296539783477774,1.9771753549575808,12.921052932739258,6.352962970733643,13.032848358154297,1.706398606300354,55.98408889770508,10.53182315826416,7.780801773071289,4.5904412269592285,23.55321884155273
2010-11-29,4.310946941375732,6.344096660614014,3.681849479675293,1.9716447591781616,12.60516357421875,6.330355167388916,12.93849277496338,1.6705498695373535,56.58643341064453,10.40049648284912,7.857953548431396,4.5904412269592285,23.60546493530273
2010-11-30,4.284252166748047,6.292457580566406,3.8278849124908447,1.9695703983306885,13.182266235351562,6.330355167388916,13.262840270996094,1.7336431741714478,56.09037780761719,10.308576583862305,7.820807933807373,4.5904412269592285,23.32243156433105
2010-12-01,4.273674964904785,6.458855152130127,3.893378257751465,1.9771753549575808,13.486008644104004,6.330355167388916,13.433859825134276,1.7408132553100586,57.75571823120117,10.511390686035156,8.04654312133789,4.5904412269592285,24.08010482788086
2010-12-02,4.297418594360352,6.405299186706543,3.9562172889709473,1.983398199081421,13.510305404663086,6.466005325317383,13.540008544921877,1.6891913414001465,59.10218811035156,10.548175811767578,8.060832977294922,4.5904412269592285,24.341371536254883
2010-12-03,4.370802879333496,6.235079765319824,3.991621494293213,2.045593976974488,13.364508628845217,6.330355167388916,14.005888938903809,1.664814591407776,59.45651245117188,10.385284423828123,8.166556358337402,4.5904412269592285,24.64617919921875
2010-12-06,4.377279758453369,6.110762119293213,4.018172264099121,2.007581949234009,13.273390769958496,6.330355167388916,13.817179679870604,1.6848888397216797,59.17305755615234,10.2907075881958,8.206560134887695,4.5904412269592285,24.75503921508789
2010-12-07,4.316844940185547,6.097373962402344,3.9960451126098633,1.999977231025696,13.334136009216309,6.348442077636719,13.563596725463867,1.6920589208602903,60.34236145019531,10.324857711791992,8.003684043884277,4.5904412269592285,24.69843292236328
2010-12-08,4.357637405395508,6.007476806640625,3.9562172889709473,1.9695703983306885,12.793482780456545,6.330355167388916,13.445653915405272,1.664814591407776,60.37778854370117,10.227657318115234,7.912243843078613,4.5904412269592285,24.149776458740234
2010-12-09,4.316844940185547,5.929062843322754,3.8951492309570312,1.9239591360092163,12.58086395263672,6.330355167388916,13.180279731750488,1.657644271850586,60.6966552734375,10.085787773132324,8.026542663574219,4.5904412269592285,24.415395736694336
2010-12-10,4.3759846687316895,5.900374889373779,3.93851637840271,1.91428804397583,12.67806339263916,6.330355167388916,13.445653915405272,1.6920589208602903,62.78719711303711,10.085787773132324,8.095120429992676,4.5904412269592285,24.720203399658203
2010-12-13,4.381380081176758,5.96348762512207,3.991621494293213,1.9488426446914675,12.684136390686035,6.307746887207031,13.451549530029297,1.6848888397216797,62.43288803100586,10.114686012268066,8.197990417480469,4.5904412269592285,25.33854103088379
2010-12-14,4.379439830780029,5.959665775299072,3.978344202041626,1.959897756576538,12.550491333007812,6.307746887207031,13.28053379058838,1.6920589208602903,62.68090438842773,10.159346580505373,8.140840530395508,4.5904412269592285,25.1164608001709
2010-12-15,4.446133136749268,5.938625335693359,3.9429428577423096,1.9626636505126955,11.979461669921877,6.285139083862305,13.04464340209961,1.7006628513336182,61.972259521484375,10.101548194885254,7.989395141601562,4.5904412269592285,24.733272552490234
2010-12-16,4.467933654785156,5.881247043609619,3.945596933364868,2.0138044357299805,11.560300827026367,6.117836952209473,13.009262084960938,1.6920589208602903,62.96437454223633,10.020109176635742,7.992250919342041,4.5904412269592285,24.71149444580078
2010-12-17,4.467718601226807,5.856386184692383,3.944711446762085,2.0232126712799072,11.724318504333496,6.031925678253174,12.944392204284668,1.706398606300354,62.71636581420898,10.114686012268066,8.177987098693848,4.5904412269592285,24.77680778503418
2010-12-20,4.513260364532471,5.747363567352295,3.850010871887207,1.99497652053833,11.26871109008789,5.783231735229492,13.074130058288574,1.679153561592102,62.71636581420898,9.894006729125977,8.095120429992676,4.5904412269592285,24.60263442993164
2010-12-21,4.602834701538086,5.842996120452881,3.982771158218384,2.014521598815918,12.028060913085938,5.6566243171691895,13.003362655639648,1.6619462966918943,63.42498779296875,10.122565269470217,8.129409790039062,4.5904412269592285,24.903091430664062
2010-12-22,4.621181011199951,5.909936904907227,3.982771158218384,1.961678385734558,12.31965160369873,5.692797660827637,12.897212982177734,1.6390032768249512,64.49637603759766,10.359024047851562,8.198474884033203,4.5904412269592285,24.833419799804688
2010-12-23,4.677300930023193,5.976123332977295,3.978344202041626,1.939967393875122,12.295351028442385,5.742537975311279,12.86772632598877,1.663380146026611,64.42494201660156,10.332737922668455,8.212862968444824,4.5904412269592285,24.75503921508789
2010-12-27,4.639529705047607,5.939541339874268,3.876562356948853,1.916077136993408,12.149556159973145,5.742537975311279,12.832345008850098,1.6361347436904907,64.96062469482422,10.154094696044922,8.270415306091309,4.5904412269592285,24.04962539672852
2010-12-28,4.640606880187988,5.927989482879639,3.805757999420166,1.9652994871139529,12.447220802307127,5.742537975311279,12.855931282043455,1.634701371192932,65.42489624023438,10.148839950561523,8.520771980285645,4.5904412269592285,23.83624839782715
2010-12-29,4.665428161621094,5.968421936035156,3.858860969543457,1.9580645561218264,12.93927764892578,5.71992826461792,12.973876953125,1.634701371192932,65.24632263183594,10.374775886535645,8.66177749633789,4.5904412269592285,24.001724243164062
2010-12-30,4.683774471282959,6.049280643463135,3.893378257751465,1.9334502220153809,13.273390769958496,6.09975004196167,13.115407943725586,1.634701371192932,64.96062469482422,10.453591346740724,8.791272163391113,4.5904412269592285,24.093170166015625
2010-12-31,,,,,,,,,65.31775665283203,,,,
2011-01-03,4.694567680358887,6.045430660247803,3.973919153213501,1.986293911933899,13.12152099609375,5.968621730804443,13.374884605407717,1.647606372833252,65.28205108642578,10.481330871582031,8.719329833984375,4.5904412269592285,24.807292938232425
2011-01-04,4.695647716522217,6.070460319519043,3.982771158218384,1.9913625717163088,12.98180103302002,5.968621730804443,13.699234008789062,1.649040460586548,66.46053314208984,10.565858840942385,8.650266647338867,4.5904412269592285,25.32111930847168
2011-01-05,4.608231544494629,6.157104015350342,4.159781455993652,2.005838632583618,13.060771942138672,5.968621730804443,14.07665729522705,1.6404372453689575,66.56765747070312,10.724337577819824,8.814295768737793,4.5904412269592285,25.778335571289062
2011-01-06,4.565062046051025,6.103188991546631,4.159781455993652,1.993527889251709,12.62338924407959,5.969489097595215,13.681543350219728,1.6562104225158691,66.28196716308594,10.47077178955078,8.76249885559082,4.5904412269592285,25.44740295410156
2011-01-07,4.54671573638916,5.958795547485352,4.071276664733887,2.044198513031006,12.386472702026367,5.900075435638428,13.593083381652832,1.6404372453689575,65.81769561767578,10.2145414352417,8.633002281188965,4.5904412269592285,25.25580406188965
2011-01-10,4.531606197357178,5.968421936035156,4.150046825408936,2.005115032196045,12.343952178955078,5.969489097595215,13.475138664245604,1.6418708562850952,66.1034164428711,10.296427726745604,8.69343376159668,4.5904412269592285,25.207902908325195
2011-01-11,4.540239810943604,6.0396575927734375,4.150932312011719,2.0340676307678223,12.410772323608398,5.992626190185547,13.357195854187012,1.6461728811264038,66.53197479248047,10.359821319580078,8.776886940002441,4.5904412269592285,25.473527908325195
2011-01-12,4.397786140441895,6.145546436309815,4.265988826751709,2.09197998046875,12.769184112548828,6.103686809539795,13.408260345458984,1.6562104225158691,66.67481994628906,10.63188934326172,9.056017875671388,4.5904412269592285,26.17894172668457
2011-01-13,4.360012054443359,6.083940982818604,4.335908889770508,2.124553918838501,12.33180046081543,6.062038421630859,13.561634063720703,1.649040460586548,66.4248046875,10.58169937133789,8.776886940002441,4.5904412269592285,25.99605369567871
2011-01-14,4.285546779632568,6.116671085357666,4.247402191162109,2.1462645530700684,12.380396842956545,6.108314037322998,13.791692733764648,1.6547763347625732,67.21047973632812,10.46284294128418,8.854582786560059,4.5904412269592285,26.109270095825195
2011-01-17,4.38699197769165,6.045430660247803,4.248288154602051,2.156403064727783,12.222452163696287,6.196236610412598,13.762195587158203,1.647606372833252,,10.314915657043455,8.768253326416016,4.5904412269592285,26.34130096435547
2011-01-18,4.207842826843262,6.074312686920166,4.314667224884033,2.0999398231506348,12.60516357421875,6.191608428955078,13.638318061828612,1.6963611841201782,66.4248046875,10.182839393615724,8.906380653381348,4.5904412269592285,26.66963005065918
2011-01-19,4.235902309417725,5.987675666809082,4.274839401245117,2.0876352787017822,12.53226375579834,6.122196674346924,13.36106777191162,1.663380146026611,65.46057891845703,10.071897506713867,8.67328929901123,4.5904412269592285,26.091758728027344
2011-01-20,4.205685615539551,5.94724178314209,4.230587005615234,2.0347917079925537,12.544415473937988,6.196236610412598,13.260788917541504,1.663380146026611,65.81769561767578,9.826238632202148,8.66177749633789,4.5904412269592285,25.653987884521484
2011-01-21,4.10207986831665,5.920287132263184,4.248288154602051,1.9891905784606927,12.234600067138672,6.358197212219238,13.26668643951416,1.6562104225158691,70.49600982666016,9.828886985778809,8.59559154510498,4.5904412269592285,25.82909774780273
2011-01-24,4.174387454986572,5.9741973876953125,4.264218330383301,1.998597264289856,12.50796890258789,6.473886013031006,13.278484344482422,1.6848888397216797,71.56739807128906,9.900211334228516,8.635878562927246,4.5904412269592285,26.00420188903809
2011-01-25,,,,,,,,,71.3531494140625,,,,
2011-01-26,4.252091407775879,5.968421936035156,4.248288154602051,2.0123496055603027,12.08880615234375,6.358197212219238,13.095616340637209,1.6834557056427002,71.13883209228516,9.760210037231444,8.489118576049805,4.5904412269592285,25.982316970825195
2011-01-27,4.230506896972656,5.968421936035156,4.209344863891602,2.0029425621032715,11.69394874572754,6.154588222503662,13.05432415008545,1.6361347436904907,72.42448425292969,9.799830436706545,8.520771980285645,4.5904412269592285,25.72402572631836
2011-01-28,4.092367649078369,5.845202922821045,4.186333179473877,1.967472672462464,11.220114707946776,5.969489097595215,13.113314628601074,1.63183331489563,72.13876342773438,9.585885047912598,8.445954322814941,4.5904412269592285,24.984174728393555
2011-01-31,4.097763538360596,5.729683876037598,4.186333179473877,1.9833965301513672,11.18366527557373,6.0389018058776855,13.21359634399414,1.6605119705200195,71.92455291748047,9.40097427368164,8.647392272949219,4.5904412269592285,24.98855781555176
2011-02-01,4.041645050048828,5.741236686706543,4.096057891845703,1.969767689704895,11.785070419311523,6.168471813201904,13.237194061279297,1.649040460586548,74.28150177001953,9.538905143737791,8.917890548706055,4.5904412269592285,25.71964454650879
2011-02-02,4.063228607177734,5.695027828216553,4.044724464416504,1.95444405078888,11.025720596313477,6.062038421630859,13.21359634399414,1.649040460586548,73.96012878417969,9.44906234741211,8.920768737792969,4.5904412269592285,25.128644943237305
2011-02-03,4.003873348236084,5.670003890991211,4.071276664733887,1.968319535255432,11.104694366455078,6.177726268768311,13.39056396484375,1.6131917238235474,74.10295867919922,9.351298332214355,9.032997131347656,4.5904412269592285,25.08485984802246
2011-02-04,3.9639413356781006,5.4100871086120605,4.027021884918213,1.900152564048767,10.697684288024902,6.062038421630859,13.272584915161133,1.643304705619812,73.4244384765625,9.092342376708984,8.920768737792969,4.5904412269592285,24.66460227966309
2011-02-07,4.003873348236084,5.444739818572998,4.027021884918213,1.939967393875122,10.782729148864746,6.131450653076172,13.34926700592041,1.649040460586548,74.53154754638672,9.184822082519531,8.779763221740723,4.5904412269592285,24.848464965820312
2011-02-08,4.052436351776123,5.544856548309326,3.982771158218384,1.9502146244049072,11.17759132385254,5.97411584854126,13.496744155883787,1.6848888397216797,75.99571228027344,9.459633827209473,8.641634941101074,4.5904412269592285,24.704002380371094
2011-02-09,3.9542293548583984,5.406234264373779,3.850010871887207,1.896531105041504,10.782729148864746,5.687209129333496,13.34926700592041,1.6848888397216797,76.10284423828125,9.237674713134766,8.379765510559082,4.5904412269592285,23.9028549194336
2011-02-10,3.8506247997283936,5.437036037445068,3.929665565490722,1.896531105041504,10.564038276672363,5.159674167633057,13.272584915161133,1.707832932472229,75.96002960205078,9.184822082519531,8.46609878540039,4.5904412269592285,24.213682174682617
2011-02-11,4.017902374267578,5.695027828216553,3.9243555068969727,1.888572335243225,11.28693675994873,5.090261936187744,13.307976722717283,1.649040460586548,76.17424011230469,9.541543960571287,8.509263038635254,4.5904412269592285,24.71275329589844
2011-02-14,4.036249160766602,5.73160982131958,4.018172264099121,1.8849515914916992,11.633196830749512,5.090261936187744,13.272584915161133,1.6461728811264038,76.78137969970703,9.612887382507324,8.681923866271973,4.5904412269592285,25.19430923461914
2011-02-15,4.059991359710693,5.852902889251709,4.008437156677246,1.8929109573364256,11.384132385253906,5.076377868652344,13.29028034210205,1.649040460586548,76.63851928710938,9.781996726989746,8.814295768737793,4.5904412269592285,25.111133575439453
2011-02-16,4.164675235748291,6.051208972930908,4.0535736083984375,1.952995538711548,11.201889991760254,5.159674167633057,13.437756538391112,1.679153561592102,76.56710815429688,10.001306533813477,8.894868850708008,4.5904412269592285,25.35191535949707
2011-02-17,4.19705057144165,6.012701988220215,4.026137351989746,1.948650598526001,11.05002212524414,5.224460124969482,13.496744155883787,1.6418708562850952,76.85281372070312,10.09643840789795,8.820050239562988,4.5904412269592285,25.38693046569824
2011-02-18,4.24453592300415,5.995374202728272,3.9562172889709473,1.9732657670974727,11.21403980255127,5.321637153625488,13.685511589050291,1.6390032768249512,76.56710815429688,10.051520347595217,8.903502464294434,4.5904412269592285,25.128644943237305
2011-02-21,4.207842826843262,5.902959823608398,3.894263744354248,2.0007693767547607,10.776657104492188,5.2799906730651855,13.62062168121338,1.6504744291305542,,9.895622253417969,8.906380653381348,4.5904412269592285,24.559534072875977
2011-02-22,4.068624973297119,5.711510181427002,3.805757999420166,1.9971486330032349,10.20562744140625,5.201321125030518,13.638318061828612,1.6160600185394287,74.35298156738281,9.678951263427734,9.07616138458252,4.5904412269592285,24.06921768188477
2011-02-23,3.9930810928344727,5.721238613128662,3.893378257751465,1.952995538711548,10.266374588012695,5.215203762054443,13.65601634979248,1.6447389125823977,72.74590301513672,9.72651195526123,9.499178886413574,4.5904412269592285,24.51575469970703
2011-02-24,3.9930810928344727,5.721238613128662,3.893378257751465,1.952995538711548,10.266374588012695,5.215203762054443,13.65601634979248,1.6447389125823977,74.00447845458984,9.636670112609863,9.499178886413574,4.5904412269592285,24.51575469970703
2011-02-25,3.939119815826416,5.676482200622559,3.919930934906006,1.947202444076538,10.327123641967772,5.182810783386231,13.56753158569336,1.6418708562850952,74.86752319335938,9.594393730163574,9.456016540527344,4.5904412269592285,24.384418487548828
2011-02-28,4.041645050048828,5.789349555969238,3.937631845474243,2.0014939308166504,10.05375862121582,4.997710704803467,13.862479209899902,1.6920589208602903,75.22708129882812,9.77672004699707,9.381196022033691,4.5904412269592285,24.647083282470703
2011-03-01,4.116110801696777,5.633671760559082,3.8677122592926025,1.9913625717163088,9.573848724365234,4.854258060455322,13.65011501312256,1.690624713897705,72.81780242919922,9.5684232711792,9.251701354980469,4.5904412269592285,24.18303871154785
2011-03-02,4.260724067687988,5.678426265716553,3.875676870346069,2.027549743652344,9.658897399902344,4.956063747406006,13.832982063293455,1.6562104225158691,73.06951904296875,9.602792739868164,9.553855895996094,4.5904412269592285,24.59455680847168
2011-03-03,4.216476440429688,5.748480796813965,3.858860969543457,2.0659165382385254,10.023383140563965,5.0023369789123535,13.98045539855957,1.6748521327972412,74.61577606201172,9.83803653717041,9.542343139648438,4.5904412269592285,24.77841758728028
2011-03-04,4.10589075088501,5.764052391052246,3.858860969543457,2.089807510375977,9.658897399902344,4.9282989501953125,14.127928733825684,1.659078598022461,73.24932861328125,9.972046852111816,9.683351516723633,4.5904412269592285,24.36252212524414
2011-03-07,,,,,,,,,73.28529357910156,,,,
2011-03-08,,,,,,,,,74.18426513671875,,,,
2011-03-09,4.10589075088501,5.764052391052246,3.858860969543457,2.089807510375977,9.658897399902344,4.9282989501953125,14.127928733825684,1.659078598022461,74.18426513671875,9.67026138305664,9.683351516723633,4.5904412269592285,24.36252212524414
2011-03-10,4.10589075088501,5.450747966766357,3.594228982925415,2.102835893630981,9.549551010131836,4.766335487365723,14.021748542785645,1.663380146026611,72.2784194946289,9.29905605316162,9.237311363220217,4.5904412269592285,22.808406829833984
2011-03-11,4.160636425018311,5.483829498291016,3.6535279750823975,2.147712469100952,9.841139793395996,4.817237854003906,14.2105131149292,1.7207382917404177,73.21337890625,9.52872371673584,9.271842002868652,4.5904412269592285,23.12360954284668
2011-03-14,4.133264064788818,5.5460968017578125,3.6535279750823975,2.157851219177246,9.203288078308104,4.905160427093506,14.42287540435791,1.6777199506759644,71.63113403320312,9.57412338256836,9.338031768798828,4.5904412269592285,23.202407836914062
2011-03-15,4.1277923583984375,5.610317230224609,3.6535279750823975,2.1252777576446533,9.087867736816406,4.854258060455322,14.2636079788208,1.7049648761749268,70.51643371582031,9.688963890075684,9.245945930480955,4.5904412269592285,22.786516189575195
2011-03-16,4.062095642089844,5.477989673614502,3.6287453174591056,2.0673651695251465,9.41590690612793,4.78021764755249,13.897871971130373,1.6719833612442017,68.1430892944336,9.45929718017578,9.150981903076172,4.5904412269592285,22.217395782470703
2011-03-17,4.029246807098389,5.468260288238525,3.6287453174591056,2.099214553833008,9.160765647888184,4.696923732757568,13.97455883026123,1.663380146026611,69.11399841308594,9.40855312347412,9.271842002868652,4.5904412269592285,22.847801208496094
2011-03-18,4.083994388580322,5.5460968017578125,3.717252492904663,2.078220844268799,9.288335800170898,4.7524518966674805,14.163321495056152,1.664814591407776,69.22189331054688,9.608843803405762,9.199902534484863,4.5904412269592285,23.149871826171875
2011-03-21,4.078518390655518,5.553884029388428,3.5588269233703613,2.085637092590332,9.1486177444458,4.812611103057861,13.838882446289062,1.6562104225158691,70.9119644165039,9.611515045166016,9.271842002868652,4.5904412269592285,23.289958953857425
2011-03-22,4.149687767028809,5.643399238586426,3.6729986667633057,2.099214553833008,9.282259941101074,4.835748672485352,14.41697883605957,1.6662477254867554,70.08487701416016,9.92664909362793,9.431962013244627,4.5904412269592285,23.07107162475586
2011-03-23,4.226331233978272,5.685568332672119,3.761505126953125,2.136134386062622,9.081791877746582,5.030102729797363,14.41697883605957,1.706398606300354,70.22871398925781,9.822490692138672,9.544797897338867,4.5904412269592285,23.41692352294922
2011-03-24,4.138737678527832,5.626753330230713,3.7526535987854,2.1435701847076416,9.100017547607422,4.9514360427856445,14.334391593933104,1.6992286443710327,71.12773132324219,9.849198341369627,9.411707878112791,4.5904412269592285,22.83904838562012
2011-03-25,4.172680377960205,5.591464042663574,3.760619640350342,2.162189245223999,9.100017547607422,4.932925224304199,14.52315902709961,1.7135684490203855,71.01988220214844,9.854535102844238,9.579517364501951,4.5904412269592285,23.11484909057617
2011-03-28,4.1168413162231445,5.562057971954346,3.805757999420166,2.1766726970672607,9.063569068908691,4.863513946533203,14.30489730834961,1.6805874109268188,71.01988220214844,9.83584976196289,9.403027534484863,4.5904412269592285,22.98789596557617
2011-03-29,4.138737678527832,5.530684947967529,3.805757999420166,2.22540283203125,9.063569068908691,4.858884811401367,14.334391593933104,1.6920589208602903,71.4154052734375,9.766416549682615,9.3798828125,4.5904412269592285,23.4606990814209
2011-03-30,4.203337669372559,5.652239799499512,3.805757999420166,2.224447250366211,9.063569068908691,4.858884811401367,14.393383979797363,1.6920589208602903,72.31441497802734,10.04415225982666,9.3798828125,4.5904412269592285,23.158632278442383
2011-03-31,4.24822998046875,5.793398380279541,3.876562356948853,2.2367513179779053,9.063569068908691,4.9514360427856445,14.552653312683104,1.8282841444015503,72.09860229492188,10.38865852355957,9.43774700164795,4.5904412269592285,23.355627059936523
2011-04-01,4.379617691040039,5.793398380279541,3.893378257751465,2.2367513179779053,9.063569068908691,5.020848274230957,14.552653312683104,1.8225483894348145,73.14146423339844,10.37584400177002,9.43774700164795,4.5904412269592285,23.355627059936523
2011-04-04,4.3150177001953125,5.862018585205078,3.93851637840271,2.3188226222991943,9.063569068908691,5.02547550201416,14.81220531463623,1.836888194084168,73.82471466064453,10.28500747680664,9.489824295043944,4.5904412269592285,23.705856323242188
2011-04-05,4.3150177001953125,5.862018585205078,3.93851637840271,2.3188226222991943,9.063569068908691,5.02547550201416,14.81220531463623,1.836888194084168,73.10547637939453,10.290352821350098,9.353845596313477,4.5904412269592285,23.815303802490234
2011-04-06,4.301880359649658,5.842411518096924,3.982771158218384,2.370666742324829,9.592074394226074,5.131909370422363,14.977374076843262,1.8282841444015503,73.89662170410156,10.25562858581543,9.281513214111328,4.5904412269592285,23.44318389892578
2011-04-07,4.259178638458252,5.832610607147217,4.071276664733887,2.321443796157837,9.956562042236328,5.108771324157715,14.894792556762695,1.8282841444015503,73.17741394042969,10.271653175354004,9.1571044921875,4.5904412269592285,23.250564575195312
2011-04-08,4.226331233978272,5.76202917098999,4.032332897186279,2.287421703338623,9.938336372375488,5.071751594543457,14.776810646057127,1.8139443397521973,72.60208129882812,10.057937622070312,9.105025291442873,4.5904412269592285,23.202407836914062
2011-04-11,4.259178638458252,5.685568332672119,4.027021884918213,2.247605562210083,9.792543411254885,5.043985843658447,14.540857315063477,1.864132523536682,72.56609344482422,9.983141899108888,8.974830627441406,4.5904412269592285,23.233049392700195
2011-04-12,4.2153825759887695,5.562057971954346,4.027021884918213,2.233129978179932,9.507028579711914,5.0023369789123535,14.269505500793455,1.821114420890808,71.95479583740234,9.932382583618164,8.656572341918945,4.5904412269592285,22.764629364013672
2011-04-13,4.2153825759887695,5.583621501922607,3.90753960609436,2.247605562210083,9.634598731994627,5.053240776062012,14.139729499816896,1.8426240682601929,71.70307922363281,9.937724113464355,8.477191925048828,4.5904412269592285,22.43629646301269
2011-04-14,4.30844783782959,5.544410228729248,3.982771158218384,2.234579086303711,9.64067268371582,5.043985843658447,14.116131782531738,1.8325858116149905,71.91883087158203,9.841551780700684,8.338313102722168,4.5904412269592285,22.719057083129883
2011-04-15,4.352244853973389,5.4620680809021,3.93851637840271,2.2150325775146484,9.828990936279297,5.020848274230957,14.068941116333008,1.849793791770935,72.06266021728516,9.87895393371582,8.575560569763184,4.5904412269592285,22.66146278381348
2011-04-18,4.362100124359131,5.458148002624512,3.876562356948853,2.246882438659668,9.835067749023438,4.997710704803467,14.08073902130127,1.849793791770935,71.84693145751953,9.801485061645508,8.234160423278809,4.5904412269592285,22.435516357421875
2011-04-19,4.434362888336182,5.518923282623291,3.903115510940552,2.281627655029297,10.169177055358888,4.997710704803467,14.039445877075195,1.8856425285339355,72.88972473144531,9.953755378723145,8.323850631713867,4.5904412269592285,22.63930892944336
2011-04-20,4.445311546325684,5.691450595855713,3.982771158218384,2.257744789123535,10.387869834899902,5.034731388092041,14.0453462600708,1.911453485488892,73.3572006225586,10.124728202819824,8.529268264770508,4.5904412269592285,23.05134010314941
2011-04-21,,,,,,,,,71.73902893066406,,,,
2011-04-25,4.478158950805664,5.685568332672119,3.8597466945648193,2.271496534347534,10.357497215270996,4.997710704803467,13.88607406616211,1.9071515798568728,71.52327728271484,10.08999729156494,8.491658210754395,4.5904412269592285,23.277284622192383
2011-04-26,4.578890323638916,5.76399040222168,3.85266637802124,2.26209020614624,10.357497215270996,4.9514360427856445,13.939165115356444,1.899981141090393,72.2784194946289,10.196849822998049,8.494552612304688,4.5904412269592285,23.295011520385746
2011-04-27,4.554802417755127,5.76399040222168,3.718136548995972,2.287421703338623,10.314971923828123,4.858884811401367,13.703207969665527,1.9071515798568728,74.25617218017578,10.057937622070312,8.37014389038086,4.5904412269592285,22.99374961853028
2011-04-28,4.565751552581787,5.626753330230713,3.796021938323975,2.294663667678833,9.944412231445312,4.9514360427856445,13.608823776245115,1.899981141090393,74.07637786865234,9.785456657409668,8.31806468963623,4.5904412269592285,22.8165283203125
2011-04-29,4.618308067321777,5.683606624603272,3.805757999420166,2.330851078033448,10.029458045959473,4.974573135375977,13.508541107177734,1.921491265296936,73.53699493408203,9.911009788513184,8.395509719848633,4.5904412269592285,22.94499969482422
2011-05-02,4.687110424041748,5.66400671005249,3.647332429885864,2.224968194961548,10.021409034729004,4.9514360427856445,13.184104919433594,1.8483601808547967,73.64488220214844,9.767237663269045,8.33738899230957,4.5904412269592285,22.692476272583008
2011-05-03,4.622482776641846,5.509122848510742,3.712826728820801,2.22199821472168,9.841569900512695,4.835748672485352,13.178205490112305,1.7807966470718384,74.22022247314453,9.433202743530272,8.270550727844238,4.5904412269592285,22.174116134643555
2011-05-04,4.576477527618408,5.401292324066162,3.6729986667633057,2.258453369140625,9.519098281860352,4.812611103057861,13.302078247070312,1.7936655282974243,72.88972473144531,9.446562767028809,8.226960182189941,4.5904412269592285,21.762096405029297
2011-05-05,4.726545333862305,5.418933868408203,3.733182907104492,2.280780553817749,9.438481330871582,4.761707782745361,13.455451965332031,1.8419259786605835,71.55923461914062,9.553457260131836,8.003194808959961,4.5904412269592285,22.036779403686523
2011-05-06,4.830605030059815,5.560094833374023,3.761505126953125,2.3142659664154053,9.7361478805542,4.854258060455322,13.479047775268556,1.8499692678451536,71.95479583740234,9.780600547790527,7.910204410552978,4.5904412269592285,22.04120635986328
2011-05-09,5.1471686363220215,5.550292015075684,3.804873466491699,2.3629093170166016,9.686535835266112,4.997710704803467,13.561634063720703,1.8467525243759155,72.17056274414062,9.834050178527832,8.084565162658691,4.5904412269592285,22.18741607666016
2011-05-10,5.1471686363220215,5.550292015075684,3.804873466491699,2.3629093170166016,9.686535835266112,4.858884811401367,13.561634063720703,1.8467525243759155,72.99760437011719,9.989039421081545,8.084565162658691,4.5904412269592285,22.18741607666016
2011-05-11,4.665204048156738,5.695372104644775,3.717252492904663,2.3068296909332275,9.866375923156738,4.960690975189209,13.24309253692627,1.80331826210022,72.24244689941406,9.84206771850586,7.907299518585205,4.5904412269592285,21.425382614135746
2011-05-12,4.6509623527526855,5.744383811950684,3.734952926635742,2.3291475772857666,10.01520824432373,4.946807861328125,13.284381866455078,1.8483601808547967,72.42229461669922,9.791293144226074,7.834628105163574,4.5904412269592285,21.46525382995605
2011-05-13,4.591813564300537,5.571859836578369,3.708401679992676,2.280780553817749,10.077221870422363,4.9282989501953125,13.22539520263672,1.8419259786605835,71.52327728271484,9.545443534851074,7.7292327880859375,4.5904412269592285,21.11525154113769
2011-05-16,4.591813564300537,5.571859836578369,3.708401679992676,2.280780553817749,10.077221870422363,4.9282989501953125,13.22539520263672,1.8419259786605835,71.05583190917969,9.451908111572266,7.7292327880859375,4.5904412269592285,21.11525154113769
2011-05-17,4.637818336486816,5.4895124435424805,3.6287453174591056,2.298640489578247,9.99040412902832,5.043985843658447,13.21359634399414,1.8017090559005733,70.44451141357422,9.483976364135742,8.036643981933594,4.5904412269592285,21.2481689453125
2011-05-18,4.580860137939453,5.348355293273926,3.6287453174591056,2.280036211013794,9.537702560424805,4.974573135375977,13.278484344482422,1.832274317741394,71.05583190917969,9.272870063781738,7.919535160064697,4.5904412269592285,21.314626693725582
2011-05-19,4.578667640686035,5.34247636795044,3.650871753692627,2.2964067459106445,9.209030151367188,4.882023334503174,13.26668643951416,1.8499692678451536,71.77501678466797,9.256827354431152,7.776075839996338,4.5904412269592285,21.505136489868164
2011-05-20,4.529376983642578,5.324130535125732,3.717252492904663,2.3351030349731445,9.618321418762209,4.946807861328125,13.455451965332031,1.882143259048462,70.5523681640625,9.232780456542969,7.9048943519592285,4.5904412269592285,21.59817314147949
2011-05-23,4.534852504730225,5.349762439727783,3.715482234954834,2.2956619262695312,9.835371017456056,4.9514360427856445,13.39056396484375,1.882143259048462,69.72531127929688,9.19269847869873,7.8170647621154785,4.5904412269592285,21.576017379760746
2011-05-24,4.523900032043457,5.428639888763428,3.717252492904663,2.3120322227478027,10.083425521850586,4.997710704803467,13.272584915161133,1.890185832977295,68.68247985839844,9.38510513305664,7.849268913269043,4.5904412269592285,21.77981948852539
2011-05-25,4.489943027496338,5.37342643737793,3.760619640350342,2.2845027446746826,10.13923454284668,5.006966590881348,13.296180725097656,1.8580127954483032,69.11399841308594,9.28622817993164,7.878546237945557,4.5904412269592285,21.83297538757324
2011-05-26,4.489943027496338,5.541040420532227,3.804873466491699,2.2547390460968018,10.164040565490724,4.997710704803467,13.22539520263672,1.8740994930267327,69.83319091796875,9.585528373718262,7.9605231285095215,4.5904412269592285,22.174116134643555
2011-05-27,4.511850833892822,5.596251010894775,3.7969071865081774,2.251017093658448,10.164040565490724,4.997710704803467,13.125112533569336,1.8740994930267327,69.90509796142578,9.5400972366333,7.98980188369751,4.5904412269592285,22.307029724121094
2011-05-30,4.491038799285889,5.580475330352783,3.8154938220977774,2.224968194961548,10.151638984680176,4.974573135375977,13.125112533569336,1.8547955751419067,,9.50001335144043,7.899040222167969,4.5904412269592285,22.21399688720703
2011-05-31,4.504183292388916,5.531177997589111,3.838505506515503,2.2026493549346924,10.480311393737791,5.1781840324401855,13.21359634399414,1.882143259048462,70.62429809570312,9.577508926391602,7.855124950408935,4.5904412269592285,22.26272964477539
2011-06-01,4.419839382171631,5.444414615631104,3.7526535987854,2.1728785037994385,10.04001522064209,4.969945907592773,13.14870834350586,1.890185832977295,68.79035186767578,9.4684419631958,7.846341133117676,4.5904412269592285,22.0500717163086
2011-06-02,4.480084419250488,5.4030070304870605,3.814608573913574,2.206364154815674,10.275665283203123,5.136536121368408,13.160508155822754,1.890185832977295,68.64653778076172,9.559327125549316,7.7819318771362305,4.5904412269592285,22.085508346557617
2011-06-03,4.557855606079102,5.4030070304870605,3.7376086711883545,2.2971513271331787,10.505118370056152,5.020848274230957,13.131011009216309,1.882143259048462,67.67561340332031,9.583391189575195,7.708738803863525,4.5904412269592285,21.8994369506836
2011-06-06,4.523900032043457,5.389199733734131,3.7376086711883545,2.2845027446746826,10.108227729797363,5.034731388092041,13.036626815795898,1.890185832977295,66.38108825683594,9.361510276794434,7.544785499572754,4.5904412269592285,21.7310791015625
2011-06-07,4.56223726272583,5.483851432800293,3.7376086711883545,2.275062799453736,10.108227729797363,4.993083953857422,12.741680145263672,1.8740994930267327,66.4530258178711,9.503192901611328,7.471591472625732,4.5904412269592285,21.691207885742188
2011-06-08,4.545807361602783,5.472020626068115,3.712826728820801,2.26143217086792,10.102028846740724,4.937553882598877,12.7711763381958,1.8757078647613523,66.56087493896484,9.455071449279783,7.553569316864014,4.5904412269592285,21.708934783935547
2011-06-09,4.599481105804443,5.430610656738281,3.712826728820801,2.2339017391204834,10.281867980957031,5.0671234130859375,12.830167770385742,1.882143259048462,66.8125991821289,9.382899284362791,7.688243865966797,4.5904412269592285,21.948171615600582
2011-06-10,4.530472755432129,5.343845844268799,3.655297994613648,2.227946281433105,9.984201431274414,5.043985843658447,12.611906051635742,1.882143259048462,65.8776626586914,9.329432487487791,7.670678615570068,4.5904412269592285,21.70450019836425
2011-06-13,4.486657619476318,5.39511775970459,3.6287453174591056,2.230179786682129,9.853973388671877,5.062496662139893,12.594208717346191,1.8580127954483032,66.12934875488281,9.30269718170166,7.533074855804443,4.5904412269592285,21.30133056640625
2011-06-14,4.579764366149902,5.450328826904297,3.6252057552337646,2.2465507984161377,9.581111907958984,4.997710704803467,12.576512336730955,1.882143259048462,66.8844985961914,9.42566967010498,7.656037330627441,4.5904412269592285,21.40765953063965
2011-06-15,4.556760787963867,5.442442417144775,3.645561456680298,2.2398500442504883,9.475689888000488,4.974573135375977,12.564714431762695,1.8757078647613523,66.12934875488281,9.51655387878418,7.556496620178223,4.5904412269592285,21.26589775085449
2011-06-16,4.425316333770752,5.333988666534424,3.584492921829224,2.2472946643829346,9.30205249786377,4.997710704803467,12.617801666259766,1.8580127954483032,66.85446166992188,9.45775032043457,7.574062347412109,4.5904412269592285,21.026647567749023
2011-06-17,4.491038799285889,5.333988666534424,3.557940721511841,2.2324135303497314,9.27104377746582,4.988455295562744,12.358251571655272,1.8982294797897337,67.0357437133789,9.353495597839355,7.515505790710449,4.5904412269592285,20.920324325561523
2011-06-20,4.544710636138916,5.37342643737793,3.626091241836548,2.2978949546813965,9.314454078674316,4.956063747406006,12.18718147277832,1.8917948007583616,66.9994888305664,9.409631729125977,7.465734481811523,4.5904412269592285,21.243741989135746
2011-06-21,4.638915538787842,5.333988666534424,3.6331708431243896,2.317988634109497,9.209030151367188,5.006966590881348,12.210779190063477,1.882143259048462,68.19588470458984,9.337449073791504,7.538928508758545,4.5904412269592285,21.438676834106445
2011-06-22,4.589622497558594,5.4280619621276855,3.6729986667633057,2.2956619262695312,9.20283031463623,4.905160427093506,12.081002235412598,1.8740994930267327,67.28953552246094,9.409631729125977,7.527217864990234,4.5904412269592285,21.509557723999023
2011-06-23,,,,,,,,,66.63694763183594,,,,
2011-06-24,4.600576400756836,5.366330146789551,3.6729986667633057,2.332870483398437,9.209030151367188,4.988455295562744,11.998417854309082,1.890185832977295,65.15047454833984,9.35616683959961,7.377904415130615,4.5904412269592285,21.6557674407959
2011-06-27,4.617006778717041,5.342436790466309,3.6729986667633057,2.319477796554565,9.5501070022583,4.9514360427856445,12.116395950317385,1.890185832977295,66.27438354492188,9.358847618103027,7.445242404937744,4.5904412269592285,21.49627113342285
2011-06-28,4.693683624267578,5.459918022155762,3.698665857315064,2.355196237564087,9.593515396118164,4.946807861328125,12.12229347229004,1.8982294797897337,66.85446166992188,9.636855125427246,7.568206310272217,4.5904412269592285,21.75766944885254
2011-06-29,4.742976188659668,5.537576198577881,3.695125102996826,2.3641228675842285,9.488093376159668,4.974573135375977,12.269768714904783,1.936837911605835,67.28953552246094,9.725071907043455,7.538928508758545,4.5904412269592285,21.77095413208008
2011-06-30,4.710114479064941,5.575409889221191,3.750884771347046,2.356684923171997,9.221433639526367,4.882023334503174,12.322858810424805,1.9143164157867432,68.377197265625,9.743780136108398,7.685318470001221,4.5904412269592285,21.92601585388184
2011-07-01,4.7575788497924805,5.59930419921875,3.850010871887207,2.349985361099243,9.44468116760254,5.090261936187744,12.30515956878662,1.866056561470032,69.60986328125,9.755009651184082,7.699956893920898,4.5904412269592285,22.90070343017578
2011-07-04,4.77528190612793,5.661033153533936,3.825229167938232,2.355196237564087,9.519098281860352,5.020848274230957,12.24027156829834,1.882143259048462,,9.840583801269531,7.685318470001221,4.5904412269592285,23.19310760498047
2011-07-05,4.812900066375732,5.633157730102539,3.805757999420166,2.3217103481292725,9.333059310913086,5.02547550201416,12.010214805603027,1.890185832977295,69.02975463867188,9.829886436462402,7.615050792694092,4.5904412269592285,22.727922439575195
2011-07-06,4.835027694702148,5.585366725921631,3.823458194732666,2.336592197418213,9.085003852844238,5.27536153793335,11.939428329467772,1.8740994930267327,69.0660400390625,9.682811737060549,7.6004109382629395,4.5904412269592285,22.6525993347168
2011-07-07,4.7963032722473145,5.436025142669678,3.762390613555908,2.299384593963623,9.053997993469238,5.145792007446289,11.815549850463867,1.8515781164169312,69.97240447998047,9.479583740234377,7.632617473602295,4.5904412269592285,22.79436683654785
2011-07-08,4.710003852844238,5.286682605743408,3.761505126953125,2.292685031890869,8.88035774230957,5.173556804656982,11.679874420166016,1.906272768974304,68.8485107421875,9.279026985168455,7.591628074645996,4.5904412269592285,22.63930892944336
2011-07-11,4.635873317718506,5.137341499328613,3.681849479675293,2.269620895385742,8.688117027282715,5.0671234130859375,11.37313175201416,1.882143259048462,67.54332733154297,8.936744689941406,7.465734481811523,4.5904412269592285,22.444374084472656
2011-07-12,4.535189628601074,5.147298336029053,3.681849479675293,2.2978949546813965,8.55788803100586,5.020848274230957,11.420320510864258,1.882143259048462,66.63694763183594,8.704097747802734,7.465734481811523,4.5904412269592285,22.46209716796875
2011-07-13,4.547361373901367,5.266772270202637,3.718136548995972,2.317244291305542,9.091203689575195,5.118027210235596,11.47341251373291,1.8499692678451536,67.10826873779297,8.760255813598633,7.553569316864014,4.5904412269592285,22.74121284484864
2011-07-14,4.536296367645264,5.173182964324951,3.6305160522460938,2.320966482162476,9.047795295715332,5.131909370422363,11.49110984802246,1.833883166313172,67.18074798583984,8.500870704650879,7.4071807861328125,4.5904412269592285,22.431087493896484
2011-07-15,4.480976104736328,5.131369113922119,3.708401679992676,2.336592197418213,9.041593551635742,5.182810783386231,11.443918228149414,1.8097524642944336,66.7457046508789,8.47413444519043,7.43060302734375,4.5904412269592285,22.41779899597168
2011-07-18,4.536296367645264,4.993974208831787,3.760619640350342,2.300374984741211,8.787337303161621,5.118027210235596,11.414422988891602,1.8097524642944336,66.3106460571289,8.396587371826172,7.377904415130615,4.5904412269592285,22.484241485595703
2011-07-19,4.536296367645264,5.107471942901611,3.7703542709350586,2.2845027446746826,8.985782623291016,5.090261936187744,11.207962989807127,1.8419259786605835,67.36205291748047,8.597135543823242,7.32227611541748,4.5904412269592285,22.532983779907227
2011-07-20,4.508635997772217,5.213009834289551,3.7703542709350586,2.269620895385742,9.221433639526367,5.011593341827393,11.119476318359377,1.8370999097824097,68.12342834472656,8.65864372253418,7.2637224197387695,4.5904412269592285,22.532983779907227
2011-07-21,4.497570991516113,5.340445518493652,3.712826728820801,2.2956619262695312,9.56870937347412,5.085633754730225,11.225658416748049,1.8419259786605835,69.46481323242188,8.776297569274902,7.451099395751953,4.5904412269592285,22.59943962097168
2011-07-22,4.503105640411377,5.3902268409729,3.7482290267944336,2.280780553817749,9.791959762573242,5.090261936187744,11.320040702819824,1.882143259048462,69.02975463867188,8.778975486755371,7.465734481811523,4.5904412269592285,22.670324325561523
2011-07-25,4.414590835571289,5.276728630065918,3.7482290267944336,2.307074785232544,9.655529022216797,5.053240776062012,11.237455368041992,1.8499692678451536,68.73973083496094,8.583762168884277,7.620908737182617,4.5904412269592285,22.665891647338867
2011-07-26,4.288458824157715,5.165219306945801,3.760619640350342,2.244316577911377,9.382668495178224,5.053240776062012,10.966104507446287,1.8451436758041384,67.28953552246094,8.444711685180664,7.723376750946045,4.5904412269592285,22.63045120239257
2011-07-27,4.243096351623535,5.045747756958008,3.717252492904663,2.2026493549346924,9.004386901855469,4.858884811401367,10.736047744750977,1.8017090559005733,65.65807342529297,8.278919219970703,7.714591979980469,4.5904412269592285,22.457660675048828
2011-07-28,4.323864459991455,5.127387046813965,3.7880566120147705,2.2339017391204834,9.134613037109377,4.858884811401367,10.736047744750977,1.8258399963378904,65.65807342529297,8.30298900604248,7.629688739776611,4.5904412269592285,22.66146278381348
2011-07-29,4.182243347167969,5.236902236938477,3.779206514358521,2.171584129333496,9.339261054992676,5.173556804656982,10.948408126831056,1.8950122594833367,64.93292999267578,8.423323631286621,7.612123966217041,4.5904412269592285,22.20956039428711
2011-08-01,4.182243347167969,5.2607951164245605,3.805757999420166,2.217531442642212,9.178023338317873,4.9282989501953125,10.795038223266602,1.833883166313172,65.15047454833984,8.399784088134766,7.656037330627441,4.5904412269592285,22.24057388305664
2011-08-02,4.256372928619385,5.087559700012207,3.7190215587615967,2.1654415130615234,8.991984367370605,4.835748672485352,10.824530601501465,1.8499692678451536,62.39508438110352,7.9129157066345215,7.495015144348144,4.5904412269592285,21.77538299560547
2011-08-03,4.215436458587647,5.027822494506836,3.540239095687866,2.125999927520752,8.960975646972656,4.710805892944336,10.570877075195312,1.8499692678451536,63.337703704833984,7.744388580322266,7.29055118560791,4.5904412269592285,21.20386505126953
2011-08-04,4.114752292633057,4.778924465179443,3.27472186088562,2.113351821899414,8.316035270690918,4.599744319915772,10.093064308166504,1.827447772026062,59.71219253540039,7.5036301612854,6.7799177169799805,4.5904412269592285,19.9810733795166
2011-08-05,4.182243347167969,4.7769317626953125,3.273836374282837,2.1282334327697754,8.49587345123291,4.576607704162598,10.051770210266112,1.7888398170471191,59.857208251953125,7.570506572723389,6.650047302246094,4.5904412269592285,19.493728637695312
2011-08-08,4.09041166305542,4.506124019622803,2.972031354904175,1.98386824131012,7.974959373474121,4.2804460525512695,9.290810585021973,1.7132325172424316,55.941673278808594,6.8348541259765625,6.124655246734619,4.5904412269592285,17.637399673461914
2011-08-09,4.126923561096191,4.826711177825928,3.098595380783081,2.053073167800904,8.867956161499023,4.2573089599609375,9.41468620300293,1.7341452836990356,57.86322021484375,7.302993297576904,6.295851230621338,4.5904412269592285,18.541194915771484
2011-08-10,4.132454872131348,4.739097595214844,3.1198363304138184,2.046380043029785,8.855552673339844,4.00279712677002,9.290810585021973,1.7373629808425903,54.7089958190918,7.132936954498291,6.46409273147583,4.5904412269592285,18.55891990661621
2011-08-11,4.348206043243408,4.83268404006958,3.257021188735962,2.0612621307373047,9.091203689575195,4.164760112762451,9.5857572555542,1.7695356607437134,56.84803771972656,7.370706558227539,6.670708179473877,4.5904412269592285,19.360822677612305
2011-08-12,4.414590835571289,4.8585734367370605,3.27472186088562,2.0174808502197266,8.57649040222168,4.576607704162598,9.420586585998535,1.7614927291870115,57.57316207885742,7.508500099182129,6.6264328956604,4.5904412269592285,19.28087615966797
2011-08-15,4.582765579223633,4.930253505706787,3.27472186088562,2.038936138153076,8.774935722351074,4.581235408782959,9.78041934967041,1.7614927291870115,59.42216491699219,7.673313617706299,6.877323627471924,4.5904412269592285,19.63398742675781
2011-08-16,4.624807834625244,4.976050853729248,3.2835724353790283,2.0724217891693115,8.681914329528809,4.521077632904053,10.022276878356934,1.7695356607437134,58.552040100097656,7.567941665649414,6.794676780700684,4.5904412269592285,19.4981746673584
2011-08-17,4.624807834625244,5.151279449462891,3.3180899620056152,2.0777816772460938,8.81214427947998,4.326722145080566,9.963287353515623,1.7454054355621338,58.84209060668945,7.794901371002197,6.818291187286377,4.5904412269592285,19.82864761352539
2011-08-18,4.602680206298828,5.017868518829346,3.239319562911988,2.057539463043213,8.340838432312012,4.183268070220947,9.8217134475708,1.7373629808425903,55.61538696289063,7.478780746459961,6.552641868591309,4.5904412269592285,18.832687377929688
2011-08-19,4.646938323974609,5.036359786987305,3.16408920288086,2.027776002883911,8.51447582244873,4.072208881378174,9.615249633789062,1.7373629808425903,54.7089958190918,7.200490474700928,6.446383476257324,4.5904412269592285,18.56106376647949
2011-08-22,4.67349100112915,5.0142669677734375,3.16408920288086,2.046380043029785,8.526880264282227,4.211032867431641,9.798117637634276,1.7663183212280271,54.78150177001953,7.105923175811768,6.340124130249023,4.5904412269592285,18.53390121459961
2011-08-23,4.756472587585449,5.148814678192139,3.265872001647949,2.0456364154815674,8.867956161499023,4.2573089599609375,9.43828296661377,1.7116234302520752,56.34048080444336,7.159956455230713,6.52312707901001,4.5904412269592285,19.14958572387696
2011-08-24,4.801835536956787,5.166888236999512,3.186216115951538,2.067955255508423,8.644704818725586,4.211032867431641,9.349798202514648,1.7051889896392822,56.99308013916016,7.119431018829346,6.552641868591309,4.5904412269592285,19.271818161010746
2011-08-25,4.780812740325928,5.138772964477539,3.1419618129730225,2.0612621307373047,8.384249687194824,4.164760112762451,9.402889251708984,1.7019721269607544,56.014198303222656,7.184277057647705,6.434576511383057,4.5904412269592285,19.059045791625977
2011-08-26,4.690087795257568,5.106643199920654,3.186216115951538,2.1096293926239014,8.322234153747559,4.303585052490234,9.379292488098145,1.6891026496887207,56.34048080444336,7.3625993728637695,6.437527656555176,4.5904412269592285,19.38046836853028
2011-08-29,4.801835536956787,5.221107482910156,3.27472186088562,2.125256061553955,8.923768043518066,4.396134853363037,9.514968872070312,1.7437976598739624,58.15325927734375,7.470673084259033,6.670708179473877,4.5904412269592285,19.87392234802246
2011-08-30,4.869326591491699,5.261268615722656,3.27472186088562,2.135678291320801,9.215231895446776,4.396134853363037,9.491372108459473,1.7695356607437134,58.44326019287109,7.619274616241455,6.670708179473877,4.5904412269592285,19.91919136047364
2011-08-31,5.034182071685791,5.365689277648926,3.4517343044281006,2.1952054500579834,9.35786247253418,4.525705337524414,9.615249633789062,1.906272768974304,59.132137298583984,7.794901371002197,6.774016380310059,4.5904412269592285,20.281360626220703
2011-09-01,5.048565864562988,5.6930131912231445,3.406595230102539,2.1952054500579834,9.860174179077148,4.567352294921875,9.615249633789062,1.882143259048462,58.73331069946289,8.325223922729492,6.838951587677002,4.5904412269592285,20.40359115600586
2011-09-02,4.978862285614014,5.546420097351074,3.29065203666687,2.151304244995117,9.494293212890623,4.548841953277588,9.479574203491213,1.9304033517837524,57.13808822631836,8.106284141540527,6.632336139678955,4.5904412269592285,20.10480117797852
2011-09-05,4.868220329284668,5.357659816741943,3.2481701374053955,2.1542749404907227,9.134613037109377,4.493311882019043,9.461878776550291,1.882143259048462,,7.784622669219971,6.4788498878479,4.5904412269592285,19.647565841674805
2011-09-06,4.8671159744262695,5.446013927459717,3.363227367401123,2.169163703918457,9.457083702087402,4.627511024475098,9.886602401733398,1.8499692678451536,55.2890853881836,7.922481060028076,6.644143581390381,4.5904412269592285,20.199871063232425
2011-09-07,,,,,,,,,57.28312683105469,,,,
2011-09-08,4.868220329284668,5.566500663757324,3.390665054321289,2.1542749404907227,9.67413330078125,4.789473056793213,9.768624305725098,1.882143259048462,56.52174758911133,8.019786834716797,6.729742527008057,4.5904412269592285,20.643524169921875
2011-09-09,4.868220329284668,5.343599319458008,3.27472186088562,2.11558485031128,9.053997993469238,4.558097839355469,9.603452682495115,1.8885776996612549,54.7089958190918,7.784622669219971,6.502464294433594,4.5904412269592285,20.32663345336914
2011-09-12,4.9003071784973145,5.241188049316406,3.2835724353790283,2.11929988861084,8.7997407913208,4.553469657897949,9.632946968078612,1.882143259048462,54.41895294189453,7.646775245666504,6.5703535079956055,4.5904412269592285,20.444334030151367
2011-09-13,4.923540592193604,5.21909761428833,3.4074807167053223,2.118555784225464,8.750127792358398,4.627511024475098,9.66244125366211,1.8724911212921145,55.86916732788086,7.573790550231934,6.582159042358398,4.5904412269592285,20.59825325012207
2011-09-14,4.973329544067383,5.229138374328613,3.406595230102539,2.131955862045288,8.675712585449219,4.673784255981445,9.7037353515625,1.861230492591858,57.24686813354492,7.644070625305176,6.670708179473877,4.5904412269592285,20.847244262695312
2011-09-15,4.98439359664917,5.261268615722656,3.469435214996338,2.1096293926239014,8.650907516479492,4.673784255981445,9.603452682495115,1.866056561470032,58.85736846923828,7.771108627319336,6.679563522338867,4.5904412269592285,21.078128814697266
2011-09-16,5.067375183105469,5.343599319458008,3.5048375129699707,2.132699966430664,8.824546813964844,4.9282989501953125,10.405706405639648,1.866056561470032,59.77247619628906,7.919773578643799,6.673660755157471,4.5904412269592285,21.186777114868164
2011-09-19,5.100566864013672,5.253234386444092,3.4614686965942383,2.157252311706543,8.526880264282227,4.863513946533203,10.29952621459961,1.880534291267395,59.2234001159668,7.852202415466309,6.762209415435791,4.5904412269592285,21.476512908935547
2011-09-20,5.1226959228515625,5.160863876342773,3.5048375129699707,2.1728785037994385,7.999765396118164,4.78021764755249,10.222841262817385,1.8580127954483032,58.71100234985352,7.830578804016113,6.685466289520264,4.5904412269592285,21.693809509277344
2011-09-21,5.11273717880249,5.040374755859375,3.540239095687866,2.1803231239318848,7.87573766708374,4.622881889343262,10.36441421508789,1.882143259048462,56.295188903808594,7.806254386901855,6.694321632385254,4.5904412269592285,21.33164596557617
2011-09-22,4.98439359664917,4.903952598571777,3.531388998031616,2.120045185089112,7.410634517669678,4.51182222366333,9.697836875915527,1.8773165941238403,55.05068206787109,7.500810146331787,6.316510677337647,4.5904412269592285,20.199871063232425
2011-09-23,5.012053966522217,4.853188514709473,3.363227367401123,2.098470687866211,7.565667152404785,4.396134853363037,9.43828296661377,1.861230492591858,55.67292785644531,7.4143218994140625,6.198447227478027,4.5904412269592285,20.05500602722168
2011-09-26,5.012053966522217,4.908012866973877,3.264987230300904,2.0777816772460938,7.578070640563965,4.525705337524414,9.579858779907228,1.866056561470032,56.99064254760742,7.576492309570312,6.410962104797363,4.5904412269592285,19.78790855407715
2011-09-27,4.944562911987305,5.011577129364014,3.389779806137085,2.0664732456207275,7.565667152404785,4.525705337524414,9.544463157653809,1.8692729473114007,57.68608856201172,7.890041351318359,6.334220886230469,4.5904412269592285,20.01879119873047
2011-09-28,5.02311897277832,4.99533224105835,3.318974256515503,2.0292654037475586,7.441640377044678,4.497939586639404,9.43828296661377,1.880534291267395,56.551414489746094,7.865719795227051,6.260429382324219,4.5904412269592285,19.910137176513672
2011-09-29,5.034182071685791,5.054220676422119,3.143733024597168,2.068699598312378,7.5098557472229,4.534959316253662,9.408787727355955,1.8467525243759155,58.05210494995117,7.919773578643799,6.230913162231445,4.5904412269592285,19.78790855407715
2011-09-30,5.088397979736328,5.044068336486816,3.148158311843872,2.06349515914917,7.261801242828369,4.525705337524414,9.556262016296388,1.866056561470032,55.70954895019531,7.852202415466309,6.168929576873779,4.5904412269592285,19.30803680419922
2011-10-03,5.052651405334473,4.859281539916992,3.148158311843872,2.009172916412353,6.957933902740479,4.396134853363037,9.408787727355955,1.8049274682998653,53.76959609985352,7.752688407897949,5.920992374420166,4.5904412269592285,18.72856712341309
2011-10-04,5.002068042755127,4.784146785736084,3.1419618129730225,1.972813367843628,7.069558143615723,4.326722145080566,9.161033630371094,1.7550582885742188,54.39184188842773,7.6580491065979,5.94460391998291,4.5904412269592285,18.56106376647949
2011-10-05,5.098738670349121,4.792270660400391,3.1419618129730225,1.953360199928284,7.205987453460693,4.2573089599609375,9.113842010498049,1.8017090559005733,55.89254760742188,7.787840366363525,5.844247817993164,4.5904412269592285,18.94586944580078
2011-10-06,5.069510459899902,4.812577247619629,3.2216179370880127,1.9399670362472528,7.435439586639404,4.164760112762451,9.243618965148926,1.8017090559005733,56.844215393066406,7.936570167541504,6.07742977142334,4.5904412269592285,19.21749496459961
2011-10-07,5.0852484703063965,4.670433044433594,3.1278018951416016,1.9087156057357788,7.361023426055908,3.933382987976074,9.054852485656738,1.7775795459747314,56.7343978881836,7.839224338531494,5.873763561248779,4.5904412269592285,18.6561336517334
2011-10-10,5.140327453613281,4.908012866973877,3.0888593196868896,1.953360199928284,7.757910251617432,4.0444440841674805,9.514968872070312,1.817796230316162,59.0770149230957,8.14748764038086,6.098089694976807,4.5904412269592285,19.240131378173828
2011-10-11,5.159436702728272,4.741506576538086,3.1419618129730225,1.952616095542908,7.813723564147949,3.979659557342529,9.709632873535156,1.817796230316162,59.0770149230957,8.30162525177002,6.139412879943848,4.5904412269592285,19.520809173583984
2011-10-12,,,,,,,,,60.02866363525391,,,,
2011-10-13,5.165058135986328,4.782115459442139,3.133997917175293,1.9310342073440552,8.185805320739746,3.868598461151123,9.691936492919922,1.817796230316162,59.36983871459961,8.396265983581543,6.210253715515137,4.5904412269592285,19.896556854248047
2011-10-14,5.136955738067627,4.810544490814209,3.1419618129730225,1.945915937423706,8.396651268005371,3.863970279693604,9.715530395507812,1.817796230316162,60.760704040527344,8.490918159484863,6.319463729858398,4.5904412269592285,19.92824363708496
2011-10-17,5.125715255737305,4.76181173324585,3.0003533363342285,1.9318684339523315,8.210609436035156,3.887107610702514,9.792218208312988,1.80331826210022,59.40641021728516,8.463871002197266,6.183689117431641,4.5904412269592285,19.179096221923828
2011-10-18,5.279713153839111,4.8734965324401855,3.0800085067749023,1.9310342073440552,8.402853012084961,3.887107610702514,9.886602401733398,1.80331826210022,61.163360595703125,8.490918159484863,6.233866214752197,4.5904412269592285,19.257888793945312
2011-10-19,5.3280463218688965,4.891769886016846,3.0348706245422363,2.03446888923645,8.663311004638672,3.919500589370728,9.756824493408203,1.817796230316162,60.46791458129883,8.653162956237793,6.183689117431641,4.5904412269592285,18.609006881713867
2011-10-20,5.30556583404541,4.832879543304443,2.964950561523437,2.027776002883911,8.347041130065918,3.94263768196106,9.632946968078612,1.8017090559005733,60.87054061889648,8.544988632202148,6.039058208465576,4.5904412269592285,18.37725830078125
2011-10-21,5.30556583404541,4.9323835372924805,3.094170093536377,2.031498432159424,8.626103401184082,4.035189628601074,10.0045804977417,1.817796230316162,59.69926452636719,8.709946632385254,6.198447227478027,4.5904412269592285,18.794403076171875
2011-10-24,5.299944877624512,5.052189350128174,3.257021188735962,2.0532147884368896,8.89896297454834,4.039816856384277,10.287728309631348,1.8017090559005733,60.21168518066406,8.907344818115234,6.346028327941895,4.5904412269592285,19.90677261352539
2011-10-25,5.299944877624512,5.052189350128174,3.264987230300904,2.0532147884368896,8.89896297454834,4.039816856384277,10.287728309631348,1.8017090559005733,59.36983871459961,8.907344818115234,6.346028327941895,4.5904412269592285,19.90677261352539
2011-10-26,5.284208297729492,5.052189350128174,3.355262517929077,2.0532147884368896,8.89896297454834,4.035189628601074,10.287728309631348,1.817796230316162,59.84565734863281,8.907344818115234,6.346028327941895,4.5904412269592285,19.90677261352539
2011-10-27,5.215640068054199,5.052189350128174,3.468550443649292,2.0532147884368896,8.89896297454834,3.998168230056762,10.287728309631348,1.8065358400344849,63.57913589477539,8.907344818115234,6.346028327941895,4.5904412269592285,19.90677261352539
2011-10-28,5.204399585723877,5.299926280975342,3.425182342529297,2.08655858039856,9.785758018493652,4.072208881378174,10.205142974853516,1.8097524642944336,63.139930725097656,8.950615882873535,6.871420860290527,4.5904412269592285,20.67152404785156
2011-10-31,5.211145401000977,5.259311676025391,3.425182342529297,2.105907201766968,9.308252334594728,4.2341718673706055,10.140254974365234,1.8097524642944336,61.163360595703125,8.850556373596191,6.812387466430664,4.5904412269592285,20.259021759033203
2011-11-01,5.284208297729492,5.239007472991943,3.425182342529297,2.1282334327697754,8.867956161499023,4.104599952697754,10.010478973388672,1.832274317741394,58.637786865234375,8.691503524780273,6.71498441696167,4.5904412269592285,20.068992614746094
2011-11-02,,,,,,,,,59.47959899902344,,,,
2011-11-03,5.283084392547607,5.1252923011779785,3.3623437881469727,2.1654415130615234,8.942373275756836,4.164760112762451,10.016377449035645,1.882143259048462,61.01696014404297,8.791589736938477,6.9865336418151855,4.5904412269592285,20.713233947753903
2011-11-04,5.270720481872559,5.137473583221436,3.406595230102539,2.1855340003967285,9.022989273071287,4.127738952636719,10.612170219421388,1.882143259048462,59.99206161499024,8.824047088623047,7.054421424865723,4.5904412269592285,21.135007858276367
2011-11-07,5.270720481872559,5.1740241050720215,3.4517343044281006,2.1944613456726074,9.246237754821776,4.150876998901367,10.80683422088623,1.866056561470032,59.99206161499024,8.818638801574707,7.26693868637085,4.5904412269592285,21.32040977478028
2011-11-08,5.215640068054199,5.159811019897461,3.4517343044281006,2.157997131347656,9.370265007019045,4.183268070220947,10.612170219421388,1.8692729473114007,60.32147216796875,8.805110931396484,7.202001094818115,4.5904412269592285,21.18599319458008
2011-11-09,5.283084392547607,5.019700050354004,3.363227367401123,2.1349332332611084,8.774935722351074,4.025933742523193,10.34671688079834,1.8499692678451536,58.015506744384766,8.583297729492188,6.862565040588379,4.5904412269592285,20.838382720947266
2011-11-10,5.265099048614502,5.019700050354004,3.264987230300904,2.1349332332611084,8.774935722351074,4.062953472137451,10.34671688079834,1.882143259048462,58.78415298461914,8.583297729492188,6.862565040588379,4.5904412269592285,20.838382720947266
2011-11-11,5.322426795959473,4.968933582305908,3.3623437881469727,2.2085983753204346,9.27104377746582,4.2202887535095215,10.25233554840088,1.890185832977295,59.66264343261719,8.613055229187012,7.039663791656494,4.5904412269592285,21.05158233642578
2011-11-14,5.2887043952941895,5.137473583221436,3.4074807167053223,2.192227840423584,8.991984367370605,4.164760112762451,9.99868106842041,1.8982294797897337,58.93060302734375,8.634689331054688,7.06942892074585,4.5904412269592285,20.94961166381836
2011-11-15,,,,,,,,,59.29662322998047,,,,
2011-11-16,5.378628253936768,5.147628784179688,3.4517343044281006,2.2324135303497314,8.923768043518066,4.211032867431641,10.175647735595703,1.8982294797897337,58.38154220581055,8.691503524780273,7.182541370391846,4.5904412269592285,21.125741958618164
2011-11-17,5.30556583404541,5.033914566040039,3.4517343044281006,2.2026493549346924,8.458664894104004,4.164760112762451,9.644744873046877,1.8370999097824097,57.24685287475586,8.364174842834473,6.974177837371826,4.5904412269592285,20.555648803710938
2011-11-18,5.29432487487793,4.95143461227417,3.4517343044281006,2.201160192489624,8.483471870422363,4.123111724853516,9.733229637145996,1.8017090559005733,57.28346252441406,8.237042427062988,7.033709526062012,4.5904412269592285,20.48612594604492
2011-11-21,5.283084392547607,4.93714714050293,3.3623437881469727,2.217531442642212,8.440061569213867,3.933382987976074,9.792218208312988,1.8017090559005733,55.78275680541992,8.118020057678223,6.995014190673828,4.5904412269592285,20.365625381469727
2011-11-22,5.283084392547607,4.857547283172607,3.257021188735962,2.216042280197144,8.464865684509277,3.933382987976074,9.514968872070312,1.8499692678451536,54.86767578125,8.096380233764648,6.995014190673828,4.5904412269592285,20.18485641479492
2011-11-23,5.395490646362305,4.735090255737305,3.180020570755005,2.188505172729492,8.359445571899414,4.00279712677002,9.343899726867676,1.882143259048462,53.91600799560547,7.996293067932129,6.9384589195251465,4.5904412269592285,19.65185737609864
2011-11-24,5.395490646362305,4.751417636871338,3.186216115951538,2.174367904663086,8.601295471191406,4.016678810119629,9.4854736328125,1.8531867265701287,,8.028743743896484,6.974177837371826,4.5904412269592285,19.675031661987305
2011-11-25,5.344907760620117,4.726926803588867,3.0800085067749023,2.1952054500579834,8.619901657104492,4.049070358276367,9.53856372833252,1.85962188243866,53.806190490722656,7.982759952545166,6.789628982543945,4.5904412269592285,19.22543907165528
2011-11-28,5.367388248443604,4.816730499267578,3.0977091789245605,2.2227354049682617,9.097405433654783,4.160131931304932,9.798117637634276,1.890185832977295,54.17221450805664,8.207286834716797,6.989062309265137,4.5904412269592285,19.41547393798828
2011-11-29,5.43483304977417,4.737131118774414,3.0932846069335938,2.198927640914917,9.30205249786377,4.1184844970703125,9.556262016296388,1.8853601217269893,54.611454010009766,8.14236831665039,6.926551818847656,4.5904412269592285,19.14201736450196
2011-11-30,5.575339794158936,4.939189434051514,3.1419618129730225,2.3083181381225586,9.32065486907959,4.164760112762451,9.774520874023438,1.8499692678451536,58.23511505126953,8.629284858703613,7.179564476013184,4.5904412269592285,19.30424118041992
2011-12-01,5.637161731719971,5.147370338439941,3.1278018951416016,2.292685031890869,9.711341857910156,4.396134853363037,9.945591926574709,1.896620869636536,58.23511505126953,8.970789909362793,7.352205753326416,4.5904412269592285,19.420106887817383
2011-12-02,5.620301723480225,5.077975273132324,3.158778429031372,2.1855340003967285,9.915987014770508,4.442409038543701,9.992783546447754,1.9223594665527344,58.894004821777344,9.003268241882324,7.33137035369873,4.5904412269592285,19.661115646362305
2011-12-05,5.600070953369141,4.933063507080078,3.186216115951538,2.2547390460968018,9.891180038452148,4.493311882019043,10.181547164916992,1.936837911605835,59.77247619628906,9.146697998046877,7.492105484008789,4.5904412269592285,20.022645950317383
2011-12-06,5.720343112945557,4.982049942016602,3.195066213607788,2.304595470428467,10.05861759185791,4.396134853363037,10.34671688079834,1.983488917350769,61.1999626159668,9.187288284301758,7.557592391967773,4.5904412269592285,19.99946594238281
2011-12-07,5.811392307281494,4.855510711669922,3.096824884414673,2.2919399738311768,9.829169273376465,4.442409038543701,10.18744659423828,2.017270803451538,61.27316284179688,9.173754692077637,7.539731979370117,4.5904412269592285,19.128108978271484
2011-12-08,5.811392307281494,4.833058834075928,3.0357561111450195,2.304096937179565,9.339261054992676,4.447037220001221,10.087165832519531,2.0414011478424072,59.69926452636719,9.154810905456545,7.245049476623535,4.5904412269592285,18.734149932861328
2011-12-09,5.834995269775391,4.939189434051514,3.044606685638428,2.307572841644287,9.692736625671388,4.442409038543701,10.193345069885254,2.0719659328460693,61.63921356201172,9.254938125610352,7.36708927154541,4.5904412269592285,19.109575271606445
2011-12-12,5.822633743286133,4.939189434051514,2.964950561523437,2.404226303100586,9.692736625671388,4.349859237670898,10.193345069885254,2.010836601257324,60.248291015625,9.254938125610352,7.36708927154541,4.5904412269592285,19.109575271606445
2011-12-13,5.901317596435547,4.816730499267578,3.009204149246216,2.430583238601685,9.537702560424805,4.349859237670898,10.311325073242188,1.989923596382141,60.10187530517578,9.133156776428224,7.173611164093018,4.5904412269592285,18.7619571685791
2011-12-14,5.901317596435547,4.755500316619873,2.9560999870300293,2.4577226638793945,9.52530002593994,4.372996330261231,10.287728309631348,2.017270803451538,60.79733276367188,9.065513610839844,6.935482978820801,4.5904412269592285,18.465330123901367
2011-12-15,5.991240501403809,4.704475402832031,2.9560999870300293,2.476330280303955,9.72994613647461,4.349859237670898,10.205142974853516,2.0044021606445312,61.45619201660156,8.930204391479492,6.864043235778809,4.5904412269592285,18.168699264526367
2011-12-16,5.968760967254639,4.633040904998779,2.973801851272583,2.422058343887329,9.791959762573242,4.322093963623047,10.24643611907959,2.0414011478424072,62.26143646240234,8.984326362609863,6.786652088165283,4.5904412269592285,18.168699264526367
2011-12-19,6.026086807250977,4.588136672973633,2.9560999870300293,2.427751541137696,9.42607879638672,4.372996330261231,10.146154403686523,2.0365748405456543,61.71238327026367,8.930204391479492,6.7568864822387695,4.5904412269592285,17.885967254638672
2011-12-20,6.069924831390381,4.675901412963867,3.083548784255981,2.500359296798706,9.345458984375,4.359115123748779,10.281830787658691,2.010836601257324,63.2497444152832,9.146697998046877,7.066452980041504,4.5904412269592285,18.53948211669922
2011-12-21,6.0182204246521,4.779991626739502,3.0437211990356445,2.5259482860565186,9.122211456298828,4.326722145080566,10.470596313476562,2.0092270374298096,64.75042724609375,9.146697998046877,6.98013162612915,4.5904412269592285,18.5997314453125
2011-12-22,5.991240501403809,4.9205522537231445,2.9870779514312744,2.5158636569976807,9.252440452575684,4.340604305267334,10.753743171691896,1.993140697479248,66.70921325683594,9.309062004089355,7.081336498260498,4.5904412269592285,18.863927841186523
2011-12-23,6.0688018798828125,4.9432759284973145,3.0525715351104736,2.5693600177764893,9.40747356414795,4.410016536712647,10.712450981140137,2.002793073654175,67.37444305419922,9.387535095214844,7.114077568054199,4.5904412269592285,18.979793548583984
2011-12-26,6.024964332580566,4.93501091003418,3.0339858531951904,2.5701358318328857,9.475689888000488,4.414644241333008,10.76554012298584,2.03174901008606,,9.336119651794434,7.078360080718994,4.5904412269592285,18.831478118896484
2011-12-27,6.081168174743652,4.968061923980713,3.0800085067749023,2.595724582672119,9.5501070022583,4.335977077484131,10.771441459655762,2.006010770797729,66.5613784790039,9.362858772277832,7.075384140014648,4.5904412269592285,18.956621170043945
2011-12-28,6.066554546356201,4.848250389099121,3.101250171661377,2.546881675720215,9.215231895446776,4.28970193862915,10.370314598083496,2.026924133300781,65.89613342285156,9.150010108947754,6.783674716949463,4.5904412269592285,18.40970993041992
2011-12-29,6.137368679046631,4.895761966705322,3.099480628967285,2.5794432163238525,9.20283031463623,4.396134853363037,10.523686408996582,2.038183689117432,66.78314208984375,9.275541305541992,6.846184730529785,4.5904412269592285,18.284570693969727
2011-12-30,,,,,,,,,66.19181823730469,,,,
2012-01-02,6.114887714385986,5.017640590667725,3.009204149246216,2.543004035949707,9.543905258178713,4.396134853363037,10.41160488128662,2.0494446754455566,,9.289738655090332,6.90869140625,4.5904412269592285,18.956621170043945
2012-01-03,6.045198440551758,4.994915008544922,3.1419618129730225,2.4895081520080566,10.01520824432373,4.419271945953369,10.553181648254396,2.002793073654175,67.85491943359375,9.521775245666504,7.205743789672852,4.5904412269592285,19.800172805786133
2012-01-04,5.904689311981201,4.970129013061523,3.1419618129730225,2.519742488861084,9.915987014770508,4.391507148742676,11.025094985961914,2.034965991973877,68.59404754638672,9.53269386291504,7.250740051269531,4.5904412269592285,19.93457794189453
2012-01-05,5.787788391113281,4.918485164642334,3.0932846069335938,2.5507521629333496,9.67413330078125,4.349859237670898,10.80093479156494,2.043009996414185,68.55712127685547,9.46172046661377,7.205743789672852,4.5904412269592285,19.401573181152344
2012-01-06,5.773176193237305,4.79454517364502,3.0977091789245605,2.557733058929444,9.599717140197754,4.377624988555908,10.700654029846191,2.051053285598755,68.92668914794922,9.53269386291504,7.199740886688232,4.5904412269592285,19.234712600708008
2012-01-09,5.76193380355835,4.833791732788086,3.009204149246216,2.554631233215332,9.754749298095703,4.2573089599609375,10.759642601013184,2.051053285598755,69.70281982421875,9.59274959564209,7.343738079071045,4.5904412269592285,19.211536407470703
2012-01-10,5.732707977294922,4.93501091003418,3.095940113067627,2.523620367050171,9.698939323425291,4.261937141418457,10.541380882263184,2.0478360652923584,69.18537902832031,9.71832275390625,7.445734024047852,4.5904412269592285,19.188364028930664
2012-01-11,5.732707977294922,5.009378910064697,3.0977091789245605,2.53137731552124,9.711341857910156,4.23879861831665,10.388009071350098,2.051053285598755,69.77671813964844,9.731971740722656,7.454734325408935,4.5904412269592285,19.33204460144043
2012-01-12,5.758562088012695,5.052757740020752,3.0977091789245605,2.540677070617676,9.891180038452148,4.419271945953369,10.39980697631836,2.0188801288604736,69.96153259277344,9.753811836242676,7.547731876373291,4.5904412269592285,19.137380599975582
2012-01-13,5.766429424285889,5.102335453033447,3.0977091789245605,2.5383505821228027,9.395071029663086,4.43778133392334,10.39980697631836,2.010836601257324,69.62889099121094,9.691025733947754,7.610728740692139,4.5904412269592285,18.748056411743164
2012-01-16,5.834995269775391,5.102335453033447,3.0791234970092773,2.535247564315796,9.457083702087402,4.428526401519775,10.470596313476562,2.010836601257324,,9.756549835205078,7.790720462799072,4.5904412269592285,18.868558883666992
2012-01-17,5.873213768005371,5.102335453033447,3.1853299140930176,2.535247564315796,9.457083702087402,4.488685607910156,10.470596313476562,2.034965991973877,69.25933837890625,9.756549835205078,7.790720462799072,4.5904412269592285,18.868558883666992
2012-01-18,5.935039520263672,5.3192338943481445,3.1853299140930176,2.6166579723358154,9.345458984375,4.442409038543701,10.49419116973877,2.073575019836426,70.29415893554688,10.029531478881836,7.931717395782471,4.5904412269592285,19.97629165649414
2012-01-19,5.906937599182129,5.329566478729248,3.1853299140930176,2.62053656578064,9.68033504486084,4.474802494049072,10.376213073730469,2.0253148078918457,70.77459716796875,10.086853981018066,7.916716575622559,4.5904412269592285,19.92068099975586
2012-01-20,5.923799514770508,5.391537666320801,3.1853299140930176,2.652322292327881,10.071019172668455,4.497939586639404,10.370314598083496,2.0076191425323486,70.77459716796875,10.127805709838867,7.904717922210693,4.5904412269592285,19.892866134643555
2012-01-23,5.84398889541626,5.391537666320801,3.165860176086426,2.6437907218933105,10.04621410369873,4.558097839355469,10.104863166809082,2.002793073654175,69.99845123291016,9.936711311340332,8.189705848693848,4.5904412269592285,19.74918937683105
2012-01-24,5.921550750732422,5.3708815574646,3.165860176086426,2.643015146255493,9.860174179077148,4.51182222366333,10.157950401306152,2.002793073654175,69.62889099121094,9.756549835205078,8.31870174407959,4.5904412269592285,19.93457794189453
2012-01-25,,,,,,,,,70.70069885253906,,,,
2012-01-26,5.901317596435547,5.490690231323242,3.227813720703125,2.6437907218933105,10.269464492797852,4.599744319915772,10.234639167785645,2.002793073654175,70.47892761230469,9.90942096710205,8.156708717346191,4.5904412269592285,19.832612991333008
2012-01-27,5.817013740539551,5.587782859802246,3.186216115951538,2.6515467166900635,10.424497604370115,4.590489864349365,10.311325073242188,1.988315224647522,70.33110046386719,9.8575439453125,8.057711601257324,4.5904412269592285,19.94848823547364
2012-01-30,5.821509838104248,5.653881549835205,3.230468988418579,2.6833324432373047,10.350082397460938,4.534959316253662,10.405706405639648,1.9593585729599,69.85065460205078,9.691025733947754,8.039711952209473,4.5904412269592285,20.15705108642578
2012-01-31,5.845115661621094,5.616701126098633,3.309239149093628,2.742258071899414,10.033812522888184,4.396134853363037,10.58857250213623,1.978663444519043,69.14845275878906,9.587292671203612,8.072710990905762,4.5904412269592285,20.71787452697754
2012-02-01,5.923799514770508,5.676605224609375,3.33667540550232,2.75000548362732,10.536123275756836,4.613628387451172,10.488293647766112,1.9690113067626955,69.37018585205078,9.748955726623535,8.159708976745605,4.5904412269592285,21.135007858276367
2012-02-02,5.935039520263672,5.660080909729004,3.350836753845215,2.7368290424346924,10.622942924499512,4.65064811706543,10.305425643920898,1.9867057800292969,69.29629516601562,9.748955726623535,8.039711952209473,4.5904412269592285,21.121112823486328
2012-02-03,6.024964332580566,5.6394243240356445,3.398630142211914,2.732950687408448,10.89580249786377,4.673784255981445,10.405706405639648,1.994749426841736,70.29415893554688,9.787186622619627,8.057711601257324,4.5904412269592285,21.26015281677246
2012-02-06,5.927171230316162,5.60843563079834,3.398630142211914,2.759315013885498,10.951615333557127,4.706178188323975,10.500089645385742,1.9545328617095947,70.4050064086914,9.847259521484377,8.153708457946777,4.5904412269592285,21.25088119506836
2012-02-07,5.8675947189331055,5.629093170166016,3.389779806137085,2.749230146408081,11.038433074951172,4.706178188323975,10.570877075195312,1.9448801279067995,70.88545989990234,9.940108299255373,8.324702262878418,4.5904412269592285,21.246246337890625
2012-02-08,5.841740608215332,5.660080909729004,3.363227367401123,2.775594711303711,11.088043212890623,4.858884811401367,10.677058219909668,1.9545328617095947,71.10723114013672,10.158574104309082,8.276702880859375,4.5904412269592285,21.09793281555176
2012-02-09,5.888950347900391,5.534074306488037,3.380929470062256,2.837623119354248,10.703558921813965,4.743197917938232,10.76554012298584,1.9545328617095947,70.70069885253906,10.090304374694824,8.258705139160156,4.5904412269592285,20.90326881408692
2012-02-10,5.861973762512207,5.387406826019287,3.4508490562438965,2.891887187957764,10.381088256835938,4.789473056793213,11.202061653137209,1.9657931327819824,69.77671813964844,9.912799835205078,7.574728488922119,4.5904412269592285,20.5463809967041
2012-02-13,5.96314001083374,5.451442718505859,3.513688564300537,2.9190266132354736,10.883399963378906,4.8403754234313965,11.107680320739746,1.9657931327819824,70.47892761230469,9.912799835205078,7.574728488922119,4.5904412269592285,21.06549644470215
2012-02-14,5.974382400512695,5.6745429039001465,3.409250020980835,2.9267828464508057,10.678755760192873,4.632137298583984,10.777338981628418,1.946489334106445,69.99845123291016,10.098495483398438,7.466733455657959,4.5904412269592285,20.509307861328125
2012-02-15,5.991240501403809,5.784025192260742,3.3375613689422607,2.97717547416687,11.218274116516112,4.789473056793213,11.125375747680664,1.9625765085220337,69.333251953125,9.940108299255373,7.400733947753906,4.5904412269592285,20.147781372070312
2012-02-16,6.11376428604126,5.941020488739014,3.4163315296173096,2.99268102645874,11.590354919433594,4.9792022705078125,11.390827178955078,1.978663444519043,70.25718688964844,9.964686393737791,7.646727085113525,4.5904412269592285,20.22194099426269
2012-02-17,6.266634464263916,5.784025192260742,3.3198606967926025,2.988027811050415,11.6275634765625,5.057868957519531,11.420320510864258,1.896620869636536,71.25506591796875,10.01111125946045,7.607729434967041,4.5904412269592285,19.89750289916992
2012-02-21,,,,,,,,,71.73550415039062,,,,
2012-02-22,,,,,,,,,71.66158294677734,,,,
2012-02-23,6.193573951721191,5.764704704284668,3.389779806137085,3.036094188690185,11.23067855834961,4.9282989501953125,10.960206985473633,1.896620869636536,71.9971694946289,9.85818576812744,7.604729175567627,4.5904412269592285,20.328542709350582
2012-02-24,6.352066993713379,5.6816086769104,3.363227367401123,3.0143911838531494,11.162461280822754,4.845003128051758,11.190263748168944,1.9143164157867432,71.73614501953125,9.830869674682615,7.784721374511719,4.5904412269592285,20.43514633178711
2012-02-27,6.407142639160156,5.610979080200195,3.314549207687378,2.991905212402344,10.80278205871582,4.784845352172852,10.91301441192627,1.946489334106445,71.10230255126953,9.72437858581543,7.664724826812744,4.5904412269592285,20.21730613708496
2012-02-28,6.453230857849121,5.727312088012695,3.5384700298309326,3.070214033126831,10.964017868041992,4.8403754234313965,10.942508697509766,1.978663444519043,71.43790435791016,9.989266395568848,7.694723606109619,4.5904412269592285,20.43051147460937
2012-02-29,6.533037662506104,5.743928909301758,3.5119171142578125,3.052381753921509,10.740768432617188,4.895905494689941,11.019194602966309,2.002793073654175,71.02774810791016,10.049342155456545,7.7097249031066895,4.5904412269592285,20.18485641479492
2012-03-01,6.5254082679748535,5.831179618835449,3.415446281433105,3.118070363998413,11.29269027709961,4.96531867980957,10.960206985473633,1.994749426841736,71.2887191772461,10.162714958190918,7.859718322753906,4.5904412269592285,20.41661071777344
2012-03-02,6.635872840881348,5.941279888153076,3.352607011795044,3.101224184036255,11.739187240600586,5.298499584197998,11.13717555999756,2.0237057209014893,70.7294692993164,10.299308776855469,7.979717254638672,4.5904412269592285,20.601993560791016
2012-03-05,6.576653480529785,5.951666355133057,3.398630142211914,3.163243055343628,11.807405471801758,5.210575580596924,11.202061653137209,2.057487726211548,70.28206634521484,10.149056434631348,7.74572229385376,4.5904412269592285,19.99946594238281
2012-03-06,6.570962905883789,5.847797870635986,3.2216179370880127,3.0601303577423096,11.336099624633787,5.205948829650879,10.966104507446287,2.043009996414185,68.67877960205078,9.807565689086914,7.451733112335205,4.5904412269592285,19.03077888488769
2012-03-07,6.747476100921631,5.930893421173096,3.162319660186768,3.0389559268951416,11.857015609741213,5.229085922241211,11.07228660583496,2.068748235702514,69.9837646484375,10.01246166229248,7.514730930328369,4.5904412269592285,19.00296974182129
2012-03-08,6.845415115356445,5.947512626647949,3.2216179370880127,3.112851142883301,12.030651092529297,5.622425556182861,10.88941764831543,2.099313259124756,70.95316314697266,10.332098960876465,7.523730278015137,4.5904412269592285,19.072498321533203
2012-03-09,7.060652256011963,5.96828556060791,3.1242620944976807,3.2074408531188965,11.472529411315918,5.483599662780762,10.795038223266602,2.123443841934204,70.99047088623047,10.49600887298584,7.460734367370605,4.5904412269592285,19.05395126342773
2012-03-12,7.117595195770264,5.993213176727295,3.186216115951538,3.203561544418335,11.6275634765625,5.326263904571533,10.812731742858888,2.1443560123443604,71.32601928710938,10.329357147216797,7.403735160827637,4.5904412269592285,18.826845169067383
2012-03-13,7.234891414642334,6.151095867156982,3.354377031326294,3.3105547428131104,12.080262184143066,5.568382740020752,11.030993461608888,2.1765296459198,73.0411376953125,10.44956874847412,7.694723606109619,4.5904412269592285,19.79089736938477
2012-03-14,7.197309494018555,6.024372577667236,3.2481701374053955,3.3090028762817383,11.677175521850586,5.497296333312988,10.80683422088623,2.1765296459198,73.78681945800781,10.490544319152832,7.730722427368164,4.5904412269592285,19.60550308227539
2012-03-15,7.127843856811523,5.941279888153076,3.3012733459472656,3.277992248535156,11.31749439239502,5.3314290046691895,10.334918975830078,2.1877896785736084,75.16637420654297,10.509668350219728,7.529733180999756,4.5904412269592285,19.79089736938477
2012-03-16,7.040153503417969,5.999444484710693,3.379158735275269,3.232252359390259,10.982620239257812,5.402515888214111,10.55907917022705,2.1877896785736084,75.31550598144531,10.545183181762695,7.559730052947998,4.5904412269592285,19.91604423522949
2012-03-19,7.040153503417969,5.970364093780518,3.372078418731689,3.2903945446014404,10.964017868041992,5.369343280792236,10.470596313476562,2.170095205307007,75.3528060913086,10.545183181762695,7.574728488922119,4.5904412269592285,19.91604423522949
2012-03-20,7.197309494018555,5.953747272491455,3.372078418731689,3.287299633026123,11.329899787902832,5.402515888214111,10.405706405639648,2.161482810974121,74.83080291748047,10.359404563903809,7.500687122344971,4.5904412269592285,19.74918937683105
2012-03-21,7.22008466720581,5.847797870635986,3.3605728149414062,3.3003458976745605,11.255481719970703,5.298256874084473,10.211042404174805,2.127328395843506,74.83080291748047,10.299308776855469,7.461495399475098,4.5904412269592285,19.675031661987305
2012-03-22,7.28841495513916,5.658758640289307,3.230468988418579,3.298925876617432,10.85859489440918,5.298256874084473,10.175647735595703,2.127328395843506,74.01052856445312,10.01246166229248,7.337891578674316,4.5904412269592285,19.26715660095215
2012-03-23,7.28841495513916,5.613245010375977,3.180020570755005,3.219841957092285,10.80278205871582,5.212954044342041,10.281830787658691,2.146845817565918,73.74954223632812,9.916840553283691,7.362008094787598,4.5904412269592285,19.257888793945312
2012-03-26,7.618669509887695,5.753946304321289,3.194181442260742,3.3570756912231445,11.032232284545898,5.193997383117676,10.287728309631348,2.195636987686157,74.75624084472656,10.091684341430664,7.530832290649414,4.5904412269592285,19.51744270324707
2012-03-27,7.480876922607422,5.7371439933776855,3.230468988418579,3.419095993041992,10.60433864593506,5.175040721893311,10.358515739440918,2.194011211395264,74.71891784667969,10.09988021850586,7.43134880065918,4.5904412269592285,19.656482696533203
2012-03-28,7.174534320831299,5.655245304107666,3.230468988418579,3.407470226287842,10.480311393737791,4.999697208404541,10.376213073730469,2.174494504928589,74.60710144042969,9.83488655090332,7.286639213562012,4.5904412269592285,19.281064987182617
2012-03-29,7.208698749542236,5.535548210144043,3.228698492050171,3.3880865573883057,10.40589427947998,4.928610324859619,10.193345069885254,2.161482810974121,74.38334655761719,9.733802795410156,7.283627033233643,4.5904412269592285,19.540611267089844
2012-03-30,7.171116352081299,5.449451923370361,3.2039172649383545,3.382564067840576,10.01520824432373,4.876481056213379,10.110761642456056,2.228165626525879,74.83080291748047,9.542570114135742,7.325832366943359,4.5904412269592285,19.88359642028809
2012-04-02,7.316884994506836,5.428450584411621,3.345526695251465,3.512134790420532,10.01520824432373,4.904915809631348,10.25233554840088,2.2102744579315186,74.6443862915039,9.647797584533691,7.334875583648682,4.5904412269592285,20.39806365966797
2012-04-03,7.256527423858643,5.401149749755859,3.3012733459472656,3.4927515983581543,10.052416801452637,4.857525825500488,9.851207733154297,2.259066581726074,74.42068481445312,9.497474670410156,7.120829105377197,4.5904412269592285,19.9392147064209
2012-04-04,7.174534320831299,5.081955432891846,3.2127671241760254,3.473367929458618,10.536123275756836,4.904915809631348,9.910196304321287,2.259066581726074,73.60037994384766,9.20504093170166,6.930900096893311,4.5904412269592285,19.545249938964844
2012-04-05,7.130120277404785,5.067251205444336,3.27472186088562,3.547023296356201,10.728364944458008,4.857525825500488,9.721430778503418,2.2330446243286133,72.66828918457031,9.019186973571776,6.952003002166748,4.5904412269592285,19.49426651000977
2012-04-09,7.123285293579102,5.0567498207092285,3.257021188735962,3.53694748878479,10.319074630737305,4.8338303565979,9.53856372833252,2.2769572734832764,71.5870361328125,8.88253402709961,6.804281234741211,4.5904412269592285,19.290328979492188
2012-04-10,7.203003406524658,5.088253974914551,3.1853299140930176,3.5679574012756348,10.01520824432373,4.786438941955566,9.373394966125488,2.250934839248657,69.87194061279297,8.702147483825684,6.680676460266113,4.5904412269592285,19.114208221435547
2012-04-11,7.363575458526611,5.163852214813232,3.1853299140930176,3.61680006980896,9.804363250732422,4.691658020019531,9.279011726379396,2.207022190093994,70.87855529785156,8.702147483825684,6.7379560470581055,4.5904412269592285,19.114208221435547
2012-04-12,7.402295112609863,5.287750244140625,3.287997245788574,3.6199018955230713,10.11443042755127,4.800656795501709,9.503170013427734,2.195636987686157,71.95986938476562,9.008254051208496,6.939945697784424,4.5904412269592285,20.328542709350582
2012-04-13,7.430766105651855,5.14495325088501,3.287997245788574,3.5547797679901123,9.798160552978516,4.871741771697998,9.332101821899414,2.161482810974121,70.39388275146484,8.658419609069824,6.765090465545654,4.5904412269592285,20.30073356628418
2012-04-16,7.429630279541016,5.02105188369751,3.287997245788574,3.567941665649414,10.102028846740724,4.857525825500488,9.231821060180664,2.1582303047180176,70.46846771240234,8.595555305480957,6.7439866065979,4.5904412269592285,20.03240966796875
2012-04-17,7.516178131103516,4.909754276275635,3.32605528831482,3.547023296356201,10.678755760192873,4.857525825500488,9.933794021606444,2.1582303047180176,72.10897827148438,8.60922622680664,6.74097204208374,4.5904412269592285,20.460044860839844
2012-04-18,7.763298511505127,4.989554405212402,3.27472186088562,3.667192697525024,10.852394104003906,4.734309673309326,9.63884735107422,2.275331258773804,71.21417236328125,8.557291030883789,6.849501132965088,4.5904412269592285,20.66911125183105
2012-04-19,7.742804050445557,5.004251956939697,3.257021188735962,3.689678430557251,10.889601707458496,4.80539608001709,9.479574203491213,2.244429588317871,71.36332702636719,8.620157241821289,6.734942436218262,4.5904412269592285,20.517065048217773
2012-04-20,7.855545520782471,5.060949325561523,3.318974256515503,3.702089548110962,10.356283187866213,4.66796350479126,9.349798202514648,2.2850890159606934,72.18356323242188,8.808735847473145,6.746999740600586,4.5904412269592285,20.46955108642578
2012-04-23,7.743940830230713,4.9937520027160645,3.2481701374053955,3.7137162685394287,9.959395408630373,4.691658020019531,9.532665252685549,2.275331258773804,71.10230255126953,8.688480377197266,6.677661418914795,4.5904412269592285,20.33650588989257
2012-04-24,7.698386669158935,4.955953598022461,3.257021188735962,3.798997163772583,10.04621410369873,4.554225921630859,9.76272201538086,2.228165626525879,72.85468292236328,8.595555305480957,6.692735195159912,4.5904412269592285,20.38401985168457
2012-04-25,7.76444149017334,4.838355541229248,3.271181106567383,3.822258234024048,10.362483978271484,4.502097129821777,9.63884735107422,2.25256085395813,72.51911163330078,8.089935302734375,6.653543472290039,4.5904412269592285,20.08942222595215
2012-04-26,7.748495101928711,4.88245153427124,3.264987230300904,3.795119285583496,10.60433864593506,4.611094951629639,9.556262016296388,2.304605960845948,73.15299224853516,8.092665672302246,6.716853141784668,4.5904412269592285,20.38401985168457
2012-04-27,7.759883880615234,4.943353176116943,3.2835724353790283,3.750930070877075,9.767152786254885,4.502097129821777,9.526766777038574,2.3029797077178955,73.74954223632812,8.117268562316895,6.662588119506836,4.5904412269592285,20.250980377197266
2012-04-30,7.681281089782715,4.951753616333008,3.2903974056243896,3.736242532730103,9.728056907653809,4.634789943695068,9.615249633789062,2.288341522216797,73.00386047363281,8.199260711669922,6.750013828277588,4.5904412269592285,20.241474151611328
2012-05-01,,,,,,,,,73.8240966796875,,,,
2012-05-02,7.59923791885376,4.817355632781982,3.329406976699829,3.734630107879639,9.904930114746094,4.634789943695068,9.66244125366211,2.288341522216797,73.71226501464844,7.995537757873535,6.952003002166748,4.5904412269592285,20.52656555175781
2012-05-03,7.655068874359131,4.745956897735596,3.3548080921173096,3.560654640197754,10.17023754119873,4.8101348876953125,9.503170013427734,2.315991163253784,73.11571502685547,7.984604835510254,6.734942436218262,4.5904412269592285,20.3174991607666
2012-05-04,7.40666389465332,4.7585554122924805,3.255016565322876,3.5092482566833496,9.968097686767578,4.876481056213379,9.43828296661377,2.371288061141968,72.10897827148438,7.87523078918457,6.4515533447265625,4.5904412269592285,19.733057022094727
2012-05-07,7.582147121429443,4.8026556968688965,3.264995574951172,3.6061275005340576,10.088119506835938,5.009174823760986,9.550363540649414,2.363156795501709,72.03443908691406,7.929915904998779,6.48170280456543,4.5904412269592285,19.718807220458984
2012-05-08,7.587841033935547,4.813154220581055,3.166112184524536,3.605138540267944,10.043901443481444,4.895437240600586,9.467777252197266,2.423333644866944,71.77344512939453,7.943589687347412,6.361114501953125,4.5904412269592285,19.19614028930664
2012-05-09,7.468197345733643,4.693453788757324,3.166112184524536,3.5893237590789795,9.538549423217772,4.66796350479126,9.45598030090332,2.446103096008301,70.50575256347656,7.826001167297363,6.324935436248779,4.5904412269592285,19.14862060546875
2012-05-10,7.40210485458374,4.689257621765137,3.2196362018585205,3.600192070007324,9.21006965637207,4.691658020019531,9.603452682495115,2.4672462940216064,71.17688751220703,7.82874059677124,6.264641761779785,4.5904412269592285,19.153377532958984
2012-05-11,7.372479915618896,4.687848091125488,3.0663204193115234,3.6244900226593018,9.437477111816406,4.620572566986084,9.556262016296388,2.433091640472412,70.87855529785156,7.932648658752441,6.147065162658691,4.5904412269592285,18.57844352722168
2012-05-14,7.314366817474365,4.485676765441895,3.1570396423339844,3.444996833801269,9.045828819274902,4.592138290405273,9.279011726379396,2.390805721282959,69.34991455078125,7.765843868255615,6.031371593475342,4.5904412269592285,18.269594192504883
2012-05-15,7.3075270652771,4.321410655975342,3.063598155975342,3.3777778148651123,8.970026016235352,4.5968780517578125,9.23771858215332,2.423333644866944,68.60424041748047,7.787727832794189,5.870006561279297,4.5904412269592285,18.131799697875977
2012-05-16,7.3086676597595215,4.296139717102051,2.9384047985076904,3.39556884765625,9.08372974395752,4.563703536987305,9.461878776550291,2.5127854347229004,70.84130859375,7.787727832794189,6.0831298828125,4.5904412269592285,17.62813377380371
2012-05-17,7.292715549468994,4.085545063018799,2.9384047985076904,3.357020378112793,9.058462142944336,4.630051136016846,9.349798202514648,2.4395971298217773,70.39388275146484,7.396697044372559,5.845649242401123,4.5904412269592285,17.024696350097656
2012-05-18,7.263087272644043,4.243492126464844,2.9937446117401123,3.411393404006958,8.957390785217285,4.535269260406494,9.20822525024414,2.442849636077881,70.65487670898438,7.434975147247314,6.022237300872803,4.5904412269592285,17.42857551574707
2012-05-21,7.240296840667725,4.500418186187744,3.039103746414185,3.4400522708892822,9.146900177001951,4.734309673309326,8.199507713317871,2.442849636077881,71.2887191772461,7.434975147247314,6.022237300872803,4.5904412269592285,17.984500885009766
2012-05-22,7.281320095062256,4.508843421936035,3.039103746414185,3.477623462677002,8.62259292602539,4.691658020019531,8.04023551940918,2.407069444656372,71.51244354248047,7.809597015380859,6.250585556030273,4.5904412269592285,17.761180877685547
2012-05-23,7.078491687774658,4.319304466247559,2.994651556015014,3.4548869132995605,8.856319427490234,4.587400436401367,7.810179233551025,2.390805721282959,71.51244354248047,7.798659324645996,6.09530782699585,4.5904412269592285,17.90372657775879
2012-05-24,7.019238471984863,4.34247350692749,2.9982798099517822,3.4489517211914062,8.93843936920166,4.502097129821777,7.745291709899902,2.374541521072388,71.77344512939453,7.689284324645996,5.9339447021484375,4.5904412269592285,17.699411392211914
2012-05-25,7.002145290374756,4.380380153656006,2.9928369522094727,3.385690450668335,9.380624771118164,4.568442344665527,7.597817420959473,2.3696627616882324,71.5870361328125,7.782256603240967,5.882184982299805,4.5904412269592285,17.366802215576172
2012-05-28,7.053422927856445,4.340365886688232,3.039103746414185,3.4104037284851074,9.608033180236816,4.644268035888672,7.8042802810668945,2.423333644866944,,7.804131507873535,5.936988353729248,4.5904412269592285,17.523603439331055
2012-05-29,7.008982181549072,4.285609722137451,3.0481762886047363,3.3906242847442627,9.260602951049805,4.540009021759033,7.491636276245117,2.407069444656372,72.14628601074219,7.730303764343262,5.9857025146484375,4.5904412269592285,17.818199157714844
2012-05-30,7.064817428588867,4.19505500793457,3.0118885040283203,3.420283079147339,9.102679252624512,4.407315731048584,7.662705898284912,2.335507392883301,70.99047088623047,7.689284324645996,5.84869384765625,4.5904412269592285,17.71366310119629
2012-05-31,7.132044792175293,4.2119011878967285,3.030032157897949,3.4791154861450195,9.551182746887209,4.478400707244873,7.827876091003418,2.390805721282959,71.17688751220703,8.011953353881836,6.028326034545898,4.5904412269592285,17.860960006713867
2012-06-01,6.8107123374938965,4.201374053955078,2.94475531578064,3.4390640258789062,9.229018211364746,4.402576446533203,7.674503326416016,2.516037940979004,69.12621307373047,7.8190765380859375,5.997880458831787,4.5904412269592285,17.580623626708984
2012-06-04,6.766273498535156,4.060274124145508,2.930241346359253,3.4351072311401367,9.500645637512209,4.431010246276856,7.721695423126221,2.480257749557495,67.67208862304688,7.7014360427856445,6.08008337020874,4.5904412269592285,17.542606353759766
2012-06-05,6.7001800537109375,3.9591894149780273,2.8939530849456787,3.3916139602661133,8.995291709899902,4.241448879241943,7.568323135375977,2.472125291824341,68.00765991210938,7.583789348602295,5.967434406280518,4.5904412269592285,17.528356552124023
2012-06-06,6.939475059509277,4.043425559997559,2.9937446117401123,3.5319840908050537,9.664887428283691,4.312533855438232,7.845571994781494,2.4395971298217773,70.39388275146484,7.90114688873291,6.089218616485596,4.5904412269592285,18.03676986694336
2012-06-07,,,,,,,,,70.84130859375,,,,
2012-06-08,6.892755031585693,4.04763650894165,3.0381968021392822,3.5319840908050537,9.6964693069458,4.431010246276856,8.08152961730957,2.356650352478028,71.5870361328125,7.854634761810303,6.010059356689453,4.5904412269592285,18.21732521057129
2012-06-11,6.774250030517578,4.085545063018799,2.8894169330596924,3.539896011352539,9.488012313842772,4.582659721374512,7.951752662658691,2.390805721282959,71.25147247314453,7.933978080749512,5.830426216125488,4.5904412269592285,17.989248275756836
2012-06-12,6.860849380493164,4.085545063018799,2.9211690425872803,3.6575310230255127,9.424842834472656,4.525791168212891,8.187710762023926,2.455861091613769,72.63098907470703,8.070769309997559,5.860873222351074,4.5904412269592285,18.412139892578125
2012-06-13,6.825524806976318,4.075014591217041,2.96652889251709,3.612060070037842,9.904930114746094,4.525791168212891,8.293890953063965,2.390805721282959,72.22084045410156,8.084449768066406,5.97656774520874,4.5904412269592285,18.435895919799805
2012-06-14,6.847175121307373,4.001306533813477,2.903024911880493,3.6249074935913086,9.620665550231934,4.454705715179443,8.276193618774414,2.3582773208618164,73.52584075927734,8.089917182922363,5.745177745819092,4.5904412269592285,18.48341178894043
2012-06-15,6.877942085266113,4.041320323944092,2.9937446117401123,3.646653890609741,9.95546531677246,4.549486637115479,8.488555908203125,2.291595220565796,74.7783432006836,8.262284278869629,5.827382564544678,4.5904412269592285,18.778011322021484
2012-06-18,7.071655750274658,4.199268341064453,3.0118885040283203,3.6555542945861816,9.791223526000977,4.563703536987305,8.3469820022583,2.291595220565796,73.84364318847656,8.262284278869629,5.827382564544678,4.5904412269592285,18.778011322021484
2012-06-19,7.279041290283203,4.371955871582031,3.084463834762573,3.6575310230255127,9.885977745056152,4.620572566986084,8.352880477905273,2.421706438064575,74.7783432006836,8.338879585266113,6.223181247711182,4.5904412269592285,19.39095115661621
2012-06-20,7.292715549468994,4.355107307434082,3.07539176940918,3.637763261795044,9.797539710998535,4.573182582855225,8.423667907714844,2.421706438064575,75.15225219726562,8.221243858337402,6.305384159088135,4.5904412269592285,19.44797134399414
2012-06-21,7.167371273040772,4.315096378326416,3.039103746414185,3.564610242843628,9.45011043548584,4.644268035888672,8.376474380493164,2.407069444656372,73.6439208984375,7.898410797119141,6.08008337020874,4.5904412269592285,18.911046981811523
2012-06-22,7.08897590637207,4.248469352722168,3.039103746414185,3.55076551437378,9.60171604156494,4.620572566986084,8.122821807861328,2.41845440864563,74.69977569580078,7.734259128570557,6.137931823730469,4.5904412269592285,18.868282318115234
2012-06-25,7.106166839599609,4.081778526306152,2.994651556015014,3.5478076934814453,9.247968673706056,4.549486637115479,8.052034378051758,2.4639930725097656,73.6062240600586,7.441518783569336,5.626438617706299,4.5904412269592285,18.50717163085937
2012-06-26,7.125649929046631,3.9856090545654297,3.025496244430542,3.599204540252685,9.102679252624512,4.5115742683410645,8.063834190368652,2.405442476272583,74.66207122802734,7.430579662322998,5.647749423980713,4.5904412269592285,18.93481063842773
2012-06-27,7.014475345611572,4.017666339874268,3.039103746414185,3.6417081356048575,9.02687644958496,4.478400707244873,8.21130657196045,2.41845440864563,75.90643310546875,7.5263352394104,5.553368091583252,4.5904412269592285,18.85877799987793
2012-06-28,7.077513694763184,4.009119033813477,3.03728985786438,3.7296955585479736,9.134264945983888,4.620572566986084,8.293890953063965,2.4639930725097656,76.17037963867188,7.455202102661133,5.571636199951172,4.5904412269592285,18.635461807250977
2012-06-29,7.239119529724121,4.173670768737793,3.0744845867156982,3.709926128387451,9.349040031433104,4.620572566986084,8.405970573425293,2.4395971298217773,78.58370208740234,7.739728927612305,5.754310607910156,4.5904412269592285,19.067848205566406
2012-07-02,7.071784019470215,4.199316501617432,3.065413475036621,3.771211624145508,9.41852569580078,4.549486637115479,8.417769432067871,2.397311210632324,77.263916015625,7.768476963043213,5.769535541534424,4.5904412269592285,19.1201171875
2012-07-03,7.197858810424805,4.263428211212158,3.111680030822754,3.7563772201538086,9.728056907653809,4.549486637115479,8.606534957885742,2.4395971298217773,77.03766632080078,7.924505710601807,5.994835376739502,4.5904412269592285,19.48122978210449
2012-07-04,7.28726053237915,4.263428211212158,3.061784505844116,3.7510769367218018,9.633299827575684,4.606354713439941,8.659624099731445,2.424960136413574,,7.971039772033691,5.967434406280518,4.5904412269592285,19.600021362304688
2012-07-05,7.220783233642578,4.252742290496826,3.093535184860229,3.7563772201538086,9.70910358428955,4.606354713439941,8.618332862854004,2.480257749557495,76.66059112548828,8.061366081237793,6.1927361488342285,4.5904412269592285,19.84709930419922
2012-07-06,7.134822845458984,4.154439926147461,3.1298232078552246,3.7563772201538086,9.412209510803224,4.478400707244873,8.317486763000488,2.472125291824341,75.41618347167969,8.006612777709961,6.052682399749756,4.5904412269592285,19.38145065307617
2012-07-09,,,,,,,,,75.56705474853516,,,,
2012-07-10,7.008744716644287,4.034762859344482,3.071763753890991,3.7336409091949454,9.014243125915527,4.468923091888428,8.140518188476562,2.452608585357666,73.98330688476562,7.648036003112793,5.769535541534424,4.5904412269592285,18.81602096557617
2012-07-11,7.031667709350586,3.966377973556519,3.083556652069092,3.7069594860076895,8.837368965148926,4.445227146148682,8.010741233825684,2.452608585357666,74.20954132080078,7.680879592895508,5.812159061431885,4.5904412269592285,18.797014236450195
2012-07-12,6.952581405639648,3.979200839996338,3.0345678329467773,3.731673002243042,8.692081451416016,4.431010246276856,8.075630187988281,2.535555124282837,73.30455780029297,7.760258197784424,5.836516857147217,4.5904412269592285,18.71623420715332
2012-07-13,6.978943824768066,4.017666339874268,3.039103746414185,3.7464966773986816,8.79315185546875,4.483140468597412,8.022539138793945,2.584347009658813,74.54894256591797,7.979246139526367,6.165335655212402,4.5904412269592285,19.1153621673584
2012-07-16,6.945703506469727,3.91935920715332,3.2659029960632324,3.7494637966156006,8.338333129882812,4.521052360534668,8.022539138793945,2.584347009658813,73.87019348144531,7.979246139526367,6.073997020721436,4.5904412269592285,18.81602096557617
2012-07-17,6.9399733543396,3.8894448280334473,3.082650184631348,3.813716173171997,8.79315185546875,4.544748306274414,8.111024856567383,2.5778419971466064,74.36041259765625,7.910816192626953,6.055726528167725,4.5904412269592285,18.7447452545166
2012-07-18,6.991550922393799,4.160848140716553,3.039103746414185,3.854243040084839,9.09636402130127,4.454705715179443,8.111024856567383,2.550192356109619,74.8128890991211,8.099685668945312,6.058772563934326,4.5904412269592285,18.76850700378418
2012-07-19,7.001867294311523,4.252742290496826,2.9574568271636963,3.861165761947632,9.443793296813965,4.407315731048584,8.282093048095703,2.61687445640564,74.66207122802734,8.255716323852539,6.171423435211182,4.5904412269592285,18.79226493835449
2012-07-20,6.961753845214844,4.257016658782959,2.9202613830566406,3.817671537399292,9.007928848266602,4.269882678985596,8.111024856567383,2.4477288722991943,74.9260482788086,8.225602149963379,6.01310396194458,4.5904412269592285,18.33611488342285
2012-07-23,6.991550922393799,4.177947044372559,2.8531298637390137,3.787025213241577,8.407819747924805,4.1371893882751465,7.91046142578125,2.366409540176392,75.75558471679688,7.992936611175537,5.921765804290772,4.5904412269592285,17.90372657775879
2012-07-24,6.903298377990723,4.2100019454956055,2.812305212020874,3.7306838035583496,8.464672088623047,4.151406288146973,7.821977138519287,2.3989369869232178,75.30308532714844,8.263925552368164,5.876093864440918,4.5904412269592285,17.029449462890625
2012-07-25,6.911319255828857,4.113834381103516,2.7125139236450195,3.761322021484375,8.50257396697998,4.028191089630127,7.816078186035156,2.3989369869232178,75.41618347167969,8.321413040161133,5.952211380004883,4.5904412269592285,16.939170837402344
2012-07-26,7.12336015701294,4.400200843811035,2.721585512161255,3.8107504844665527,8.93843936920166,4.099277496337891,7.739391326904297,2.5810937881469727,77.52786254882812,8.551344871520996,6.01310396194458,4.5904412269592285,17.148231506347656
2012-07-27,7.368635177612305,4.622452259063721,2.880345344543457,3.901694059371948,9.475378036499023,4.544748306274414,7.739391326904297,2.5810937881469727,78.88536834716797,8.86887264251709,6.33278751373291,4.5904412269592285,17.841960906982422
2012-07-30,7.438554286956787,4.70152473449707,2.794161558151245,3.935307025909424,9.791223526000977,4.615833282470703,8.329283714294434,2.5095324516296387,78.4328842163086,9.112485885620115,6.393679618835449,4.5904412269592285,17.827701568603516
2012-07-31,7.369784832000732,4.6587815284729,2.7669448852539062,3.87302303314209,9.349040031433104,4.615833282470703,8.3469820022583,2.4656200408935547,78.24432373046875,8.888029098510742,6.104440689086914,4.5904412269592285,17.651893615722656
2012-08-01,7.367489814758301,4.744264602661133,2.75152325630188,3.875001192092896,9.810173988342283,4.592138290405273,8.417769432067871,2.4656200408935547,78.16891479492188,8.826416015625,6.211001396179199,4.5904412269592285,17.765932083129883
2012-08-02,7.204734802246094,4.720759868621826,2.703441619873047,3.883901596069336,9.582765579223633,4.620572566986084,8.217205047607422,2.413574695587158,77.3770523071289,8.673768043518066,6.137931823730469,4.5904412269592285,17.461835861206055
2012-08-03,7.258608341217041,4.940875053405762,2.811397790908813,3.88489031791687,10.201824188232422,4.724832534790039,8.52394962310791,2.455861091613769,79.03621673583984,8.936188697814941,6.293208122253418,4.5904412269592285,17.72316551208496
2012-08-06,7.369784832000732,5.092606067657471,2.794161558151245,3.919483184814453,10.833514213562012,4.976001262664795,8.647828102111816,2.455861091613769,79.07389831542969,9.137840270996094,6.302342891693115,4.5904412269592285,17.913227081298828
2012-08-07,7.281529426574707,5.032767295837402,2.8204705715179443,3.905648231506348,10.391332626342772,4.952305793762207,8.647828102111816,2.455861091613769,79.6395263671875,9.137840270996094,6.393679618835449,4.5904412269592285,17.884719848632812
2012-08-08,7.278090953826904,5.103289604187012,2.812305212020874,3.958043098449707,10.694543838500977,4.947567462921143,8.647828102111816,2.455861091613769,79.2247314453125,9.137840270996094,6.740765571594238,4.5904412269592285,18.02251625061035
2012-08-09,7.252876758575439,4.998575687408447,2.825913429260254,3.956777334213257,10.87773609161377,4.928610324859619,8.99586296081543,2.5697097778320312,79.41326904296875,9.339495658874512,6.704229831695557,4.5904412269592285,18.198320388793945
2012-08-10,7.170351505279541,5.167402267456055,2.903024911880493,3.955075740814209,10.947219848632812,4.928610324859619,8.96636962890625,2.625006437301636,79.5641098022461,9.441699028015137,6.701185703277588,4.5904412269592285,18.33136367797852
2012-08-13,7.185251712799072,5.007124900817871,2.8395214080810547,3.9590330123901367,10.738761901855469,4.625311851501465,8.972269058227539,2.625006437301636,79.14933776855469,9.378166198730469,6.682916164398193,4.5904412269592285,18.34561920166016
2012-08-14,7.239119529724121,4.801967144012451,2.8395214080810547,3.933329105377197,10.296578407287598,4.5968780517578125,8.960470199584961,2.683557510375977,78.96078491210938,9.378166198730469,6.643337249755859,4.5904412269592285,17.604381561279297
2012-08-15,7.207028865814209,4.9472856521606445,2.8213770389556885,3.934319019317627,10.486084938049316,4.5968780517578125,9.225921630859377,2.6461498737335205,79.03621673583984,9.378166198730469,6.698142051696777,4.5904412269592285,17.248016357421875
2012-08-16,7.219635486602783,5.032767295837402,2.830449342727661,3.9422199726104736,10.738761901855469,4.928610324859619,9.279011726379396,2.730722427368164,79.37555694580078,9.378166198730469,6.83819055557251,4.5904412269592285,17.485591888427734
2012-08-17,7.095853328704834,5.045591831207275,2.830449342727661,3.895758867263794,10.865100860595703,4.976001262664795,9.054852485656738,2.7339751720428467,79.18704986572266,9.378166198730469,6.856459617614746,4.5904412269592285,16.939170837402344
2012-08-20,7.102728843688965,4.994302749633789,2.7669448852539062,3.89181399345398,10.738761901855469,4.976001262664795,9.054852485656738,2.73885464668274,78.9230728149414,9.488656997680664,6.856459617614746,4.5904412269592285,16.939170837402344
2012-08-21,6.923928737640381,4.979340076446533,2.757873773574829,3.850287675857544,10.688227653503418,5.1181721687316895,9.155134201049805,2.716084718704224,78.62139892578125,9.433412551879885,6.737720966339111,4.5904412269592285,17.148231506347656
2012-08-22,7.070635795593262,5.0382280349731445,2.794161558151245,3.8522660732269287,10.66927433013916,5.165563583374023,9.243618965148926,2.716084718704224,78.35745239257812,9.469325065612791,6.810791492462158,4.5904412269592285,17.152978897094727
2012-08-23,7.107313632965088,4.965175628662109,2.685298204421997,3.7464966773986816,10.24604320526123,5.165563583374023,8.960470199584961,2.6998209953308105,77.82955932617188,9.405794143676758,6.734675407409668,4.5904412269592285,16.487773895263672
2012-08-24,7.140553951263428,4.945839881896973,2.6762259006500244,3.7563772201538086,10.422916412353516,5.160823822021484,8.907380104064941,2.659160614013672,78.4328842163086,9.394739151000977,6.685961246490479,4.5904412269592285,16.40699577331543
2012-08-27,7.117627143859863,5.057560443878174,2.540147066116333,3.786034822463989,10.359745979309082,5.189258098602295,8.883785247802734,2.65753436088562,78.62139892578125,9.253853797912598,6.743809223175049,4.5904412269592285,16.155168533325195
2012-08-28,7.06032133102417,5.169284820556641,2.6580822467803955,3.776156663894653,10.73244571685791,5.170302391052246,9.007661819458008,2.63151216506958,78.4705581665039,9.253853797912598,6.713364124298096,4.5904412269592285,16.117156982421875
2012-08-29,7.078659057617188,5.083342552185059,2.540147066116333,3.7563772201538086,10.549254417419434,5.222432613372803,8.789399147033691,2.7079524993896484,78.50828552246094,9.030113220214844,6.68900728225708,4.5904412269592285,15.637249946594238
2012-08-30,7.037397861480713,5.025333881378174,2.431283473968506,3.619961500167847,10.656641960144045,5.3314290046691895,8.364678382873535,2.690062999725342,77.82955932617188,8.977622032165527,6.6098456382751465,4.5904412269592285,15.58498764038086
2012-08-31,7.309036731719971,4.980216026306152,2.50476598739624,3.417315721511841,10.429232597351074,5.355125427246094,7.680403232574463,2.529049634933472,78.09352111816406,8.756632804870605,6.485019207000732,4.5904412269592285,16.05063247680664
2012-09-03,7.298720359802246,5.04896879196167,2.558290719985962,3.5389082431793213,10.606107711791992,5.4356889724731445,7.727592945098877,2.740480422973633,,8.857508659362793,6.515461921691895,4.5904412269592285,15.941346168518066
2012-09-04,7.217343807220459,5.025333881378174,2.540147066116333,3.434612989425659,10.517670631408691,5.3314290046691895,7.721695423126221,2.683557510375977,77.33936309814453,8.677875518798828,6.424126625061035,4.5904412269592285,15.418681144714355
2012-09-05,7.2184906005859375,5.201509952545166,2.5492188930511475,3.544842481613159,10.61242389678955,5.24138879776001,7.798381328582764,2.724217176437378,77.86724090576172,8.705506324768066,6.485019207000732,4.5904412269592285,15.68001651763916
2012-09-06,7.328519821166992,5.332569122314453,2.632680892944336,3.5557098388671875,10.789298057556152,5.378819942474365,7.698099613189697,2.724217176437378,80.35598754882812,8.95423698425293,6.64942741394043,4.5904412269592285,16.40224838256836
2012-09-07,,,,,,,,,81.41181182861328,,,,
2012-09-10,7.328519821166992,5.332569122314453,2.7605948448181152,3.4687228202819824,10.789298057556152,5.355125427246094,7.662705898284912,2.724217176437378,80.99700927734375,9.006753921508789,6.64942741394043,4.5904412269592285,16.40224838256836
2012-09-11,7.236827850341797,5.424952983856201,2.809583902359009,3.127683639526367,10.73244571685791,5.279300212860107,7.243882656097412,2.712831735610962,81.41181182861328,9.103477478027344,6.844282150268555,4.5904412269592285,17.485591888427734
2012-09-12,7.163477420806885,5.543566703796387,2.809583902359009,2.4999680519104004,10.738761901855469,5.30773401260376,6.901744842529297,2.704699993133545,82.5430679321289,9.343917846679688,6.966066360473633,4.5904412269592285,17.71366310119629
2012-09-13,7.330811977386475,5.658740520477295,2.8386144638061523,2.6245272159576416,10.928267478942873,5.445167064666748,7.20258903503418,2.6998209953308105,83.03324890136719,9.534598350524902,7.276615619659424,4.5904412269592285,18.16506004333496
2012-09-14,7.295283317565918,5.758703231811523,2.94838547706604,2.644295692443848,10.846149444580078,5.250865936279297,7.314669609069824,2.667293071746826,83.37260437011719,9.645151138305664,7.413624286651611,4.5904412269592285,18.3646240234375
2012-09-17,7.295283317565918,5.723933696746826,2.8558506965637207,2.7055811882019043,10.789298057556152,5.30773401260376,7.361859798431396,2.6884360313415527,83.14640808105469,9.534598350524902,7.352731704711914,4.5904412269592285,18.621204376220703
2012-09-18,7.174938201904297,5.637010097503662,2.878530502319336,2.7876341342926025,10.896686553955078,5.30773401260376,7.338264465332031,2.729095935821533,83.86284637451172,9.307985305786133,7.325329780578613,4.5904412269592285,18.79226493835449
2012-09-19,7.143991947174072,5.747837066650391,2.8349852561950684,2.7382071018218994,11.105142593383787,5.212954044342041,7.149499893188477,2.7551183700561523,84.57928466796875,9.313514709472656,7.124385356903076,4.5904412269592285,18.57844352722168
2012-09-20,7.232244968414307,5.8021674156188965,2.8558506965637207,2.608704805374145,11.370452880859377,5.1181721687316895,7.243882656097412,2.7811412811279297,85.2252197265625,9.244421005249023,7.185279369354248,4.5904412269592285,18.421646118164062
2012-09-21,7.279236793518066,5.78912878036499,2.8549437522888184,2.5760884284973145,11.338869094848633,5.132389545440674,7.149499893188477,2.8852310180664062,85.60519409179688,9.296932220458984,7.139609336853027,4.5904412269592285,17.96074104309082
2012-09-24,7.369784832000732,5.741318225860596,2.8213770389556885,2.579055070877075,11.433623313903809,5.089738368988037,7.26747989654541,2.740480422973633,84.95923614501953,9.330093383789062,7.218770027160644,4.5904412269592285,17.998756408691406
2012-09-25,7.330811977386475,5.563123226165772,2.69437026977539,2.558297634124756,11.376769065856934,5.184520244598389,7.243882656097412,2.8868565559387207,84.76930236816406,8.769076347351074,7.154831409454346,4.5904412269592285,17.495098114013672
2012-09-26,7.3182053565979,5.597895622253418,2.69437026977539,2.509859085083008,11.338869094848633,5.260344505310059,7.27337646484375,2.875472068786621,83.97134399414062,8.816054344177246,7.185279369354248,4.5904412269592285,17.556865692138672
2012-09-27,7.32393741607666,5.606585502624512,2.743358612060547,2.471299409866333,11.395722389221191,5.208214282989502,7.261579513549805,2.9437806606292725,86.36510467529297,8.705506324768066,7.17918872833252,4.5904412269592285,17.523603439331055
2012-09-28,7.307888507843018,5.389277935028076,2.703441619873047,2.429783344268799,10.991439819335938,5.350386619567871,7.13770055770874,2.91125226020813,86.28909301757812,8.448493003845215,7.093941688537598,4.5904412269592285,17.338294982910156
2012-10-01,7.500101089477539,5.432740688323975,2.649009943008423,2.44658637046814,11.307284355163574,5.3977766036987305,7.208489418029785,2.8705925941467285,86.66908264160156,8.585359573364258,7.109164237976074,4.5904412269592285,17.26227569580078
2012-10-02,7.676889419555664,5.454469680786133,2.5855064392089844,2.4070475101470947,11.370452880859377,5.378819942474365,7.184892654418945,2.894988536834717,86.59310913085938,8.5438871383667,7.163965702056885,4.5904412269592285,17.195751190185547
2012-10-03,7.624892234802246,5.3957953453063965,2.54468321800232,2.29732346534729,11.054608345031738,5.426210403442383,7.049216747283936,2.878725528717041,87.04902648925781,8.4332857131958,7.054359436035156,4.5904412269592285,16.962926864624023
2012-10-04,7.717329025268555,5.328430652618408,2.6644325256347656,2.2983126640319824,10.959853172302246,5.426210403442383,6.8427557945251465,2.888483047485352,87.20101928710938,8.44710922241211,7.078717231750488,4.5904412269592285,17.152978897094727
2012-10-05,7.77163553237915,5.106776237487793,2.721585512161255,2.4248392581939697,11.433623313903809,5.544687747955322,7.007925033569336,2.9356484413146973,87.84696197509766,8.513463020324707,7.033048629760742,4.5904412269592285,17.062705993652344
2012-10-08,7.973841190338135,4.954658031463623,2.721585512161255,2.429783344268799,11.585229873657228,5.592076778411865,6.996127128601074,2.9502856731414795,87.08705139160156,8.53282356262207,7.096982955932617,4.5904412269592285,17.62813377380371
2012-10-09,7.727727890014648,4.948137283325195,2.812305212020874,2.4762444496154785,11.3262357711792,5.592076778411865,6.9489359855651855,2.945406913757324,85.94715118408203,8.32267951965332,7.033048629760742,4.5904412269592285,17.72316551208496
2012-10-10,7.764702320098877,4.876427173614502,2.718864679336548,2.4179258346557617,11.370452880859377,5.592076778411865,6.913541793823242,2.851076126098633,85.2252197265625,8.129129409790039,6.9873785972595215,4.5904412269592285,17.533105850219727
2012-10-11,7.790122985839844,5.022023677825928,2.794161558151245,2.4861342906951904,11.496792793273926,5.686858177185059,6.937136650085449,2.906373977661133,85.52919006347656,8.198253631591797,7.109164237976074,4.5904412269592285,17.77068328857422
2012-10-12,,,,,,,,,85.41519165039062,,,,
2012-10-15,7.968062877655029,5.019850254058838,2.785089492797852,2.522704601287842,11.528374671936035,5.734249114990234,7.037418842315674,2.9600446224212646,86.02315521240234,8.242493629455566,7.209633827209473,4.5904412269592285,17.77068328857422
2012-10-16,7.97152853012085,4.954658031463623,2.830449342727661,2.560274839401245,11.4525728225708,5.748465061187744,7.013823986053467,2.9356484413146973,86.02315521240234,8.270145416259766,7.209633827209473,4.5904412269592285,18.108043670654297
2012-10-17,8.013127326965332,5.0068135261535645,2.812305212020874,2.5256717205047607,11.559961318969728,5.7579450607299805,6.872249603271484,2.96329665184021,87.04902648925781,8.267374992370605,7.139609336853027,4.5904412269592285,18.17119026184082
2012-10-18,8.126361846923828,4.976388931274414,2.7986977100372314,2.4436285495758057,11.528374671936035,5.795856475830078,7.037418842315674,3.000704526901245,86.66908264160156,8.245261192321777,7.154831409454346,4.5904412269592285,18.08415985107422
2012-10-19,7.981927871704102,4.932928085327148,2.703441619873047,2.515781879425049,11.4525728225708,5.852724075317383,7.025620460510254,3.010462999343872,83.70536804199219,8.156780242919922,7.011734962463379,4.5904412269592285,17.697328567504883
2012-10-22,7.965752124786377,4.932928085327148,2.766038417816162,2.509859085083008,11.300966262817385,5.852724075317383,7.061015129089356,3.029979944229126,82.45153045654297,8.11530590057373,6.9873785972595215,4.5904412269592285,17.697328567504883
2012-10-23,7.90335750579834,4.780811309814453,2.7569668292999268,2.471299409866333,11.105142593383787,5.639467716217041,7.019722938537598,3.057628631591797,80.85568237304688,7.858157157897949,6.850371360778809,4.5904412269592285,17.19928741455078
2012-10-24,7.854829788208008,4.7330002784729,2.7097926139831543,2.4683425426483154,10.972488403320312,5.6157732009887695,6.85455322265625,3.0608808994293213,80.77967071533203,8.178902626037598,6.780345916748047,4.5904412269592285,17.078407287597656
2012-10-25,7.88140344619751,4.824271202087402,2.7769248485565186,2.441650867462158,11.08619213104248,5.64420747756958,6.866351127624512,2.9437806606292725,80.77967071533203,8.295035362243652,6.856459617614746,4.5904412269592285,18.04063606262207
2012-10-26,7.916069507598877,4.7330002784729,2.721585512161255,2.42384934425354,10.865100860595703,5.87642240524292,6.795563697814941,2.917757987976074,80.209716796875,8.18166732788086,6.969110012054443,4.5904412269592285,17.905248641967773
2012-10-29,8.015437126159668,4.756906509399414,2.7669448852539062,2.429783344268799,10.928267478942873,5.805334568023682,6.547808170318604,2.9242639541625977,,8.184428215026855,6.728586673736572,4.5904412269592285,18.02129554748535
2012-10-30,7.949575424194336,4.761252403259277,2.7996044158935547,2.4544973373413086,10.928267478942873,5.791117191314697,6.577303409576416,2.9258902072906494,,8.283970832824707,6.789479732513428,4.5904412269592285,18.10833549499512
2012-10-31,7.89180326461792,4.709099292755127,2.738822221755981,2.4021031856536865,10.87773609161377,5.762684345245361,6.577303409576416,2.9275171756744385,80.01976013183594,8.206547737121582,6.545909881591797,4.5904412269592285,18.10833549499512
2012-11-01,7.97152853012085,5.017675399780273,2.9219884872436523,2.463397979736328,11.149361610412598,5.805334568023682,6.830957889556885,3.049496650695801,81.0836410522461,8.5758695602417,6.591578483581543,4.5904412269592285,18.56285285949707
2012-11-02,,,,,,,,,80.96964263916016,,,,
2012-11-05,8.001572608947754,4.876427173614502,2.878573417663574,2.3932127952575684,11.212530136108398,5.900115013122559,6.512414455413818,3.1210579872131348,81.34964752197266,8.567567825317383,6.698142051696777,4.5904412269592285,18.39845085144043
2012-11-06,7.994638442993164,4.998121738433838,2.9219884872436523,2.3872780799865723,11.515743255615234,6.160763740539551,6.4298295974731445,3.082024335861206,82.03353881835938,8.64779281616211,6.832104682922363,4.5904412269592285,18.48548889160156
2012-11-07,7.981927871704102,4.87859582901001,2.83138370513916,2.351696252822876,11.420988082885742,6.122849464416504,6.205670833587647,3.057628631591797,80.28573608398438,8.432013511657715,6.664650917053223,4.5904412269592285,18.29207420349121
2012-11-08,7.920691013336182,4.661289215087891,2.830440282821656,2.248884916305542,11.338869094848633,6.018592357635498,6.075894832611084,3.057628631591797,79.37384033203125,8.243896484375,6.472840785980225,4.5904412269592285,17.881072998046875
2012-11-09,7.761234760284424,4.552634716033936,2.7370052337646484,2.3200600147247314,11.307284355163574,6.042286396026611,5.934320449829102,3.0413644313812256,79.79181671142578,8.249429702758789,6.52764368057251,4.5904412269592285,18.03580093383789
2012-11-12,7.790122985839844,4.513518810272217,2.681321144104004,2.301279306411743,11.060925483703612,6.042286396026611,5.763251304626465,3.008836269378662,79.37384033203125,8.243896484375,6.4149909019470215,4.5904412269592285,17.890743255615234
2012-11-13,7.868693828582764,4.604790210723877,2.7275664806365967,2.31313705444336,10.915637969970703,6.042286396026611,5.834038257598877,2.976308822631836,78.57588958740234,8.396048545837402,6.427170276641846,4.5904412269592285,18.016456604003903
2012-11-14,7.879096984863281,4.598269939422607,2.689814805984497,2.2785439491271973,10.542938232421877,5.971200942993164,5.592182636260986,2.9421536922454834,76.03018188476562,8.279858589172363,6.211001396179199,4.5904412269592285,17.692493438720703
2012-11-15,,,,,,,,,76.22013854980469,,,,
2012-11-16,8.400205612182617,4.543943881988525,2.576559543609619,2.2686548233032227,10.328163146972656,5.99489688873291,5.456507205963135,2.9275171756744385,76.56212615966797,8.310290336608887,5.973524570465088,4.5904412269592285,17.155773162841797
2012-11-19,8.540017127990723,4.5738525390625,2.670938968658448,2.2607531547546387,10.73244571685791,6.065982341766357,4.725040435791016,2.96329665184021,78.49991607666016,8.567567825317383,6.01310396194458,4.5904412269592285,17.383033752441406
2012-11-20,,,,,,,,,78.34793090820312,,,,
2012-11-21,8.665963172912598,4.5869574546813965,2.642625331878662,2.254818916320801,10.833514213562012,5.971200942993164,3.981775522232056,2.877098560333252,78.57588958740234,8.672690391540527,5.845649242401123,4.5904412269592285,17.624799728393555
2012-11-22,8.650940895080566,4.567299842834473,2.642625331878662,2.35959792137146,11.041975021362305,5.971200942993164,3.633739948272705,2.8299331665039062,,8.775053024291992,5.860873222351074,4.5904412269592285,17.54743003845215
2012-11-23,8.735288619995117,4.696171283721924,2.690758228302002,2.441650867462158,11.433623313903809,6.042286396026611,3.910988569259644,2.838064670562744,79.94377136230469,8.877411842346191,6.034416675567627,4.5904412269592285,17.852060317993164
2012-11-26,8.7179594039917,4.779175281524658,2.66150164604187,2.4653759002685547,11.212530136108398,5.971200942993164,4.028966426849365,2.81692123413086,80.01976013183594,8.714189529418945,5.89740800857544,4.5904412269592285,17.702163696289062
2012-11-27,8.692538261413574,4.783542633056641,2.678489446640014,2.3872780799865723,10.978804588317873,5.971200942993164,4.011269569396973,2.8283066749572754,79.29781341552734,8.57863712310791,5.806069374084473,4.5904412269592285,17.639305114746094
2012-11-28,8.662497520446777,4.783542633056641,2.6275246143341064,2.4515299797058105,10.95353889465332,6.065982341766357,4.023068428039551,2.878725528717041,80.32371520996094,8.617363929748535,5.845649242401123,4.5904412269592285,17.344350814819336
2012-11-29,8.549263954162598,4.868727684020996,2.736060857772827,2.4703102111816406,11.24411392211914,6.113372325897217,3.86379599571228,2.797404527664185,80.28573608398438,8.835906982421875,5.946125030517578,4.5904412269592285,18.113170623779297
2012-11-30,8.977934837341309,4.785726547241211,2.707746744155884,2.537538766860962,11.256750106811523,6.184459209442139,4.512678623199463,2.8055365085601807,80.28573608398438,8.885703086853027,5.815203666687012,4.5904412269592285,18.180864334106445
2012-12-03,9.168588638305664,4.818490028381348,2.638850212097168,2.512825727462769,11.566278457641602,6.34558629989624,4.394699573516846,2.8055365085601807,79.10784912109375,9.12914752960205,5.915675640106201,4.5904412269592285,18.0744857788086
2012-12-04,8.966382026672363,4.816306591033936,2.6077046394348145,2.4515299797058105,11.591546058654783,6.42141056060791,4.306216239929199,2.683557510375977,79.25984954833984,9.02955722808838,5.833472728729248,4.5904412269592285,17.745685577392578
2012-12-05,9.012601852416992,4.903677463531494,2.660557270050049,2.362565279006958,11.496792793273926,6.435628414154053,4.070258617401123,2.7339751720428467,80.66572570800781,9.076583862304688,5.873050689697266,4.5904412269592285,18.03580093383789
2012-12-06,9.01029109954834,4.8840203285217285,2.69925308227539,2.4861342906951904,11.81263828277588,6.426150798797607,3.964078664779663,2.732349395751953,81.19762420654297,9.046159744262695,5.796936988830566,4.5904412269592285,17.9149169921875
2012-12-07,8.850835800170898,4.988864898681641,2.747386693954468,2.511837244033813,11.81263828277588,6.563582897186279,3.934584856033325,2.847822427749634,81.53962707519531,9.062750816345217,5.921765804290772,4.5904412269592285,18.122838973999023
2012-12-10,9.850309371948242,5.023810863494873,2.763429880142212,2.5177602767944336,11.875805854797363,6.492497444152832,3.816606283187866,2.846196413040161,81.27364349365234,9.06828784942627,6.067905902862549,4.5904412269592285,18.44681167602539
2012-12-11,10.00514316558838,5.023810863494873,2.842710256576538,2.5246834754943848,11.313603401184082,6.492497444152832,4.017168998718262,2.8218014240264893,81.72959899902344,9.126385688781738,6.162289619445801,4.5904412269592285,18.85780906677246
2012-12-12,10.029406547546388,5.067494869232178,2.878573417663574,2.568176746368408,11.079877853393556,6.416670799255371,3.9286856651306152,2.8917362689971924,82.75548553466797,9.09041690826416,6.107486248016357,4.5904412269592285,19.05122375488281
2012-12-13,10.064071655273438,4.991644382476807,2.83138370513916,2.5543417930603027,10.928267478942873,6.492497444152832,3.8932909965515137,2.976308822631836,82.14754486083984,9.09595012664795,6.019192218780518,4.5904412269592285,19.15759658813477
2012-12-14,9.948527336120604,4.951816558837891,2.97200894355774,2.522704601287842,10.947219848632812,6.397716999053955,3.9168875217437744,2.992572069168091,82.14754486083984,9.018486976623535,6.256673336029053,4.5904412269592285,19.921586990356445
2012-12-17,9.935812950134276,4.929692268371582,2.8549790382385254,2.5177602767944336,10.966172218322754,6.492497444152832,3.922785520553589,3.013715505599976,83.32542419433594,9.046159744262695,6.156200885772705,4.5904412269592285,20.308408737182617
2012-12-18,10.00629997253418,5.084573268890381,2.9021692276000977,2.4871230125427246,11.155679702758787,6.445106506347656,3.922785520553589,3.028353452682495,82.41352081298828,9.098713874816896,6.211001396179199,4.5904412269592285,20.70490837097168
2012-12-19,10.075628280639648,5.354511260986328,2.895562171936035,2.497002124786377,11.307284355163574,6.492497444152832,3.80480694770813,3.059255123138428,79.8298110961914,9.419621467590332,6.433259963989258,4.5904412269592285,20.33258628845215
2012-12-20,9.779826164245604,5.531522274017334,2.97295355796814,2.530616521835327,11.395722389221191,6.445106506347656,3.7458176612854,3.0251007080078125,80.71165466308594,9.378128051757812,6.475883483886719,4.5904412269592285,20.42929077148437
2012-12-21,9.819113731384276,5.575772762298584,2.83138370513916,2.3002912998199463,11.307284355163574,6.563582897186279,3.8932909965515137,2.976308822631836,80.05986022949219,9.430685997009276,6.357142925262451,4.5904412269592285,20.255220413208008
2012-12-24,,,,,,,,,79.8298110961914,,,,
2012-12-26,9.688547134399414,5.531522274017334,2.8766870498657227,2.334804058074951,11.338869094848633,6.58253812789917,3.8343019485473633,3.008836269378662,79.6380615234375,9.420079231262209,6.14706563949585,4.5904412269592285,20.39061164855957
2012-12-27,9.799921989440918,5.54479455947876,2.83138370513916,2.3526880741119385,11.332552909851074,6.563582897186279,3.728121757507324,3.039737701416016,79.33133697509766,9.26372528076172,5.936988353729248,4.5904412269592285,20.38577461242676
2012-12-28,9.776561737060549,5.664276599884033,2.8832926750183105,2.377941131591797,11.300966262817385,6.705753326416016,3.734020233154297,3.0462446212768555,78.37274169921875,9.316773414611816,5.952211380004883,4.5904412269592285,20.443798065185547
2012-12-31,,,,,,,,,80.48161315917969,,,,
2013-01-02,9.816272735595703,5.708529949188232,3.113579273223877,2.4200258255004883,11.38308811187744,6.682057857513428,3.969977855682373,3.114552021026612,81.82361602783203,9.631017684936523,6.0405049324035645,4.5904412269592285,21.32383346557617
2013-01-03,9.990311622619627,5.821372032165527,3.132454633712769,2.423182487487793,11.43994140625,6.719971656799316,4.117450714111328,3.1617181301116943,80.90338897705078,9.918715476989746,6.265806198120117,4.5904412269592285,20.961181640625
2013-01-04,9.825617790222168,5.750568866729736,3.113579273223877,2.304288387298584,11.180947303771973,6.7768402099609375,4.164641857147217,2.9958255290985107,81.28682708740234,9.860052108764648,6.2871174812316895,4.5904412269592285,20.63721466064453
2013-01-07,9.93891716003418,5.785970687866211,3.029581308364868,2.229581356048584,11.060925483703612,6.847926139831543,4.123350143432617,2.9275171756744385,81.01839447021484,9.692463874816896,6.204913139343262,4.5904412269592285,20.23104476928711
2013-01-08,9.927239418029783,5.852350234985352,2.97295355796814,2.1685500144958496,11.079877853393556,6.833708763122559,3.775312662124634,2.894988536834717,80.13652801513672,9.731568336486816,6.028326034545898,4.5904412269592285,20.071475982666016
2013-01-09,10.08025074005127,5.907663822174072,2.9965479373931885,2.289551258087158,11.458890914916992,6.904794692993164,3.88149356842041,3.056002140045166,80.32823944091797,9.887984275817873,6.089218616485596,4.5904412269592285,20.16335105895996
2013-01-10,10.059224128723145,5.819157123565674,3.0003228187561035,2.3284878730773926,11.616813659667969,6.966401100158691,3.8932909965515137,3.057628631591797,81.17176818847656,9.762293815612791,6.12879753112793,4.5904412269592285,20.37610626220703
2013-01-11,9.940086364746094,5.748352527618408,2.927651643753052,2.339002847671509,11.69261646270752,7.037487506866455,3.840201616287232,3.1064202785491943,81.01839447021484,9.787431716918944,6.144021511077881,4.5904412269592285,19.955427169799805
2013-01-14,9.986807823181152,5.95191764831543,2.906888246536255,2.335845470428467,11.71788215637207,7.203354358673096,3.86379599571228,3.0982885360717773,80.98007202148438,9.915915489196776,6.107486248016357,4.5904412269592285,19.95059394836425
2013-01-15,10.01834487915039,5.907663822174072,2.878573417663574,2.3316450119018555,11.591546058654783,7.1085734367370605,3.899190664291382,3.119431495666504,81.28682708740234,9.78463649749756,6.12879753112793,4.5904412269592285,19.90224266052246
2013-01-16,10.26596736907959,5.9430670738220215,2.869136095046997,2.3937199115753174,11.496792793273926,7.1085734367370605,3.9876747131347656,3.090156316757202,80.98007202148438,9.87122917175293,6.150110244750977,4.5904412269592285,19.77652740478516
2013-01-17,10.36642360687256,5.93200159072876,2.9257636070251465,2.4200258255004883,11.4525728225708,7.283917903900146,4.123350143432617,3.0982885360717773,81.67025756835938,10.038818359375,6.107486248016357,4.5904412269592285,19.815204620361328
2013-01-18,10.477387428283691,5.797036170959473,2.906888246536255,2.456857204437256,11.648399353027344,7.321829795837402,4.318014621734619,3.087602376937866,84.50762176513672,10.072338104248049,6.058772563934326,4.5904412269592285,19.63629722595215
2013-01-21,10.454024314880373,5.737293243408203,2.9021692276000977,2.491572618484497,11.68630027770996,7.274440288543701,4.542173862457275,3.061463117599488,,9.999720573425291,6.000924110412598,4.5904412269592285,19.62179374694824
2013-01-22,10.454024314880373,5.737293243408203,2.9021692276000977,2.491572618484497,11.68630027770996,7.274440288543701,4.542173862457275,3.061463117599488,84.39259338378906,9.999720573425291,6.08008337020874,4.5904412269592285,19.85872840881348
2013-01-23,10.51242733001709,5.642150402069092,2.878573417663574,2.3884568214416504,11.370452880859377,7.203354358673096,4.624758243560791,3.045126914978028,84.12415313720703,9.97178554534912,6.037459373474121,4.5904412269592285,19.752349853515625
2013-01-24,10.64441967010498,5.62002420425415,2.810620784759521,2.373730421066284,11.370452880859377,7.1085734367370605,4.276721954345703,2.9732460975646973,84.54595947265625,9.982953071594238,6.064860820770264,4.5904412269592285,19.34134292602539
2013-01-25,,,,,,,,,85.46614074707031,,,,
2013-01-28,10.3372220993042,5.467352390289307,2.774756669998169,2.3453195095062256,11.231483459472656,7.179659366607666,4.129249095916748,3.085968017578125,86.27136993408203,9.720393180847168,5.967434406280518,4.5904412269592285,18.75626945495605
2013-01-29,10.462203025817873,5.535946369171143,2.83138370513916,2.335845470428467,11.307284355163574,7.174921035766602,4.158743381500244,3.045126914978028,86.27136993408203,9.706424713134766,5.888275146484375,4.5904412269592285,18.97385597229004
2013-01-30,10.570831298828123,5.48726749420166,2.7832510471343994,2.292709350585937,11.08619213104248,7.174921035766602,4.129249095916748,3.030424118041992,85.23612213134766,9.522076606750488,5.586857795715332,4.5904412269592285,18.73692321777344
2013-01-31,10.515933990478516,5.398761749267578,2.916325807571411,2.272719144821167,11.08619213104248,7.132269382476807,4.200035572052002,3.063096761703491,85.42784118652344,9.589111328125,5.550323963165283,4.5904412269592285,19.467060089111328
2013-02-01,10.459867477416992,5.376638889312744,2.9446396827697754,2.314802885055542,11.105142593383787,7.179659366607666,4.200035572052002,3.120274305343628,86.73150634765625,9.54300594329834,5.669062614440918,4.5904412269592285,19.752349853515625
2013-02-04,10.591856956481934,5.277069568634033,2.9021692276000977,2.332698106765747,11.11777687072754,7.321829795837402,4.117450714111328,3.1121065616607666,85.54289245605469,9.319451332092283,5.510743141174316,4.5904412269592285,19.55893898010254
2013-02-05,10.527719497680664,5.3235344886779785,2.9219884872436523,2.33059310913086,11.079877853393556,7.426091194152832,4.152843952178955,3.0810673236846924,86.42474365234375,9.55418300628662,5.054050922393799,4.5904412269592285,19.19628143310547
2013-02-06,10.521878242492676,5.294773578643799,2.9219884872436523,2.33059310913086,11.16831398010254,7.440308570861816,4.117450714111328,3.128443956375122,86.04134368896484,9.355772018432615,4.990113735198975,4.5904412269592285,19.413864135742188
2013-02-07,10.38404655456543,5.232819080352783,2.8596982955932617,2.314802885055542,10.928267478942873,7.501913547515869,4.011269569396973,3.1529481410980225,86.1946792602539,9.29709243774414,4.901820659637451,4.5904412269592285,18.872314453125
2013-02-08,10.60597801208496,5.270434379577637,2.8672478199005127,2.283244609832764,10.833514213562012,7.582478523254394,4.040764331817627,3.215026617050171,86.27136993408203,9.464760780334473,4.871374130249023,4.5904412269592285,19.02220726013184
2013-02-11,,,,,,,,,86.07965087890625,,,,
2013-02-12,,,,,,,,,86.57813262939453,,,,
2013-02-13,10.530056953430176,5.279280662536621,2.8672478199005127,2.335845470428467,10.833514213562012,7.601433277130127,4.111552238464356,3.177452802658081,89.68390655517578,9.439614295959473,4.831795692443848,4.5904412269592285,18.911001205444336
2013-02-14,10.512535095214844,5.266010761260986,2.83138370513916,2.3526880741119385,10.991439819335938,7.629868507385254,4.058461666107178,3.1333436965942383,89.76056671142578,9.394896507263184,4.80743932723999,4.5904412269592285,18.654726028442383
2013-02-15,10.438942909240724,5.398761749267578,2.821946382522583,2.4137091636657715,10.833514213562012,7.620389461517334,4.011269569396973,3.128443956375122,89.3004379272461,9.830827713012695,4.780036449432373,4.5904412269592285,18.51933860778809
2013-02-18,10.457635879516602,5.327958583831787,2.79363226890564,2.4200258255004883,10.61242389678955,7.440308570861816,3.9168875217437744,3.161116123199463,,9.934219360351562,4.862241744995117,4.5904412269592285,18.393617630004883
2013-02-19,10.5008544921875,5.427525997161865,2.759655475616455,2.3937199115753174,10.549254417419434,7.449784755706787,3.910988569259644,3.216660737991333,91.06421661376952,9.741412162780762,4.856151580810547,4.5904412269592285,18.20504379272461
2013-02-20,10.570937156677246,5.376638889312744,2.653950929641724,2.387403964996338,10.403964042663574,7.421350002288818,3.751717567443848,3.216660737991333,89.76056671142578,9.57094669342041,4.725233554840088,4.5904412269592285,17.61996078491211
2013-02-21,10.359517097473145,5.5956878662109375,2.589772701263428,2.351635217666626,10.422916412353516,7.298134803771973,3.669132232666016,3.1709184646606445,89.91520690917969,9.501092910766602,4.61867094039917,4.5904412269592285,17.745685577392578
2013-02-22,10.51136589050293,5.690828323364258,2.5104942321777344,2.386352300643921,10.656641960144045,7.511394023895264,3.616041660308838,3.16928505897522,90.4177474975586,9.8084716796875,4.597360134124756,4.5904412269592285,17.27181625366211
2013-02-25,10.146930694580078,5.622236251831055,2.623749017715454,2.441067695617676,10.637690544128418,7.4640021324157715,3.7045257091522217,3.218294620513916,88.1756591796875,9.82804012298584,4.536467552185059,4.5904412269592285,17.349185943603516
2013-02-26,10.24388027191162,5.617812633514404,2.670938968658448,2.466320514678955,10.801932334899902,7.369221210479736,3.857897996902466,3.215026617050171,89.1034164428711,9.64919376373291,4.475574970245361,4.5904412269592285,17.697328567504883
2013-02-27,9.903974533081056,5.785970687866211,2.642625331878662,2.47684645652771,10.940903663635254,7.298134803771973,4.046663761138916,3.2019577026367188,90.34043884277344,9.68552303314209,4.484708786010742,4.5904412269592285,17.890743255615234
2013-02-28,10.273048400878906,5.82800817489624,2.7275664806365967,2.46526837348938,10.991439819335938,7.487697601318359,4.099753856658936,3.26567006111145,89.76056671142578,9.794507026672363,4.4116387367248535,4.5904412269592285,18.277565002441406
2013-03-01,10.297761917114258,5.874475002288818,2.652063131332397,2.451594114303589,10.997756958007812,7.606174468994141,4.040764331817627,3.291808605194092,89.64460754394531,9.840636253356934,4.469487190246582,4.5904412269592285,17.769859313964844
2013-03-04,10.216553688049316,5.926163196563721,2.63979434967041,2.447383642196656,11.060925483703612,7.663040637969971,3.969977855682373,3.308145523071289,89.95387268066406,9.798701286315918,4.332479000091553,4.5904412269592285,17.233137130737305
2013-03-05,10.198902130126951,5.894880771636963,2.609592199325561,2.453698873519897,10.814565658569336,7.606174468994141,3.869695663452149,3.291808605194092,91.19084167480467,9.790308952331545,4.33856725692749,4.5904412269592285,17.14126205444336
2013-03-06,10.47429370880127,5.957448959350586,2.642625331878662,2.5515522956848145,10.903002738952637,7.677260875701904,4.093855381011963,3.348986387252808,91.50013732910156,10.065156936645508,4.996203422546387,4.5904412269592285,18.08415985107422
2013-03-07,10.31541633605957,5.984263896942139,2.689814805984497,2.689385175704956,10.959853172302246,7.639347076416016,4.388801097869873,3.3326494693756104,91.53878021240234,10.130171775817873,5.242816925048828,4.5904412269592285,18.0744857788086
2013-03-08,10.356607437133787,6.093762397766113,2.689814805984497,2.6662378311157227,10.915637969970703,7.719910621643066,4.306216239929199,3.348986387252808,91.88666534423828,10.429770469665527,5.084498405456543,4.5904412269592285,17.571605682373047
2013-03-11,10.303644180297852,6.011081695556641,2.689814805984497,2.667290210723877,10.959853172302246,7.705694198608398,4.300317287445068,3.365322589874268,91.3068389892578,10.373250961303713,5.233683109283447,4.5904412269592285,17.731172561645508
2013-03-12,10.162419319152832,6.000908374786377,2.707746744155884,2.620995283126831,10.865100860595703,7.535087585449219,4.335711479187012,3.3473525047302246,90.4950180053711,10.217790603637695,5.157568454742432,4.5904412269592285,17.54743003845215
2013-03-13,10.06591510772705,5.939972877502441,2.653950929641724,2.598900318145752,10.707178115844728,7.426091194152832,4.276721954345703,3.3783926963806152,90.80430603027344,10.203656196594238,5.145389556884766,4.5904412269592285,16.855981826782227
2013-03-14,10.144766807556152,5.962540626525879,2.642625331878662,2.648352861404419,10.681910514831545,7.174921035766602,4.052562713623047,3.348986387252808,91.57744598388672,10.04819393157959,5.306753635406494,4.5904412269592285,16.923677444458008
2013-03-15,9.90938949584961,5.946747779846191,2.576559543609619,2.6778059005737305,10.422916412353516,7.227046966552734,3.9876747131347656,3.3555209636688232,90.6110382080078,10.05667495727539,5.419405937194824,4.5904412269592285,16.793121337890625
2013-03-18,10.043553352355955,5.854212760925293,2.6048731803894043,2.716742753982544,10.391332626342772,7.080138683319092,4.011269569396973,3.3310163021087646,89.87655639648438,10.246052742004396,5.367645740509033,4.5904412269592285,16.923677444458008
2013-03-19,9.87172794342041,5.951258182525635,2.4538662433624268,2.714637517929077,10.359745979309082,6.961662292480469,3.9935731887817374,3.3326494693756104,90.14712524414062,10.124516487121582,5.3189311027526855,4.5904412269592285,16.237056732177734
2013-03-20,9.944695472717283,6.052815437316895,2.477461099624634,2.335845470428467,10.27131175994873,7.160703182220459,3.846100091934204,3.2019577026367188,90.6883316040039,10.212138175964355,5.251950740814209,4.5904412269592285,16.6093807220459
2013-03-21,9.887027740478516,6.048299789428711,2.548246145248413,2.3674144744873047,10.13865566253662,7.227046966552734,3.734020233154297,3.267303943634033,90.03117370605469,10.099076271057127,5.160613536834717,4.5904412269592285,16.749605178833008
2013-03-22,9.82700538635254,6.003165245056152,2.548246145248413,2.3937199115753174,10.517670631408691,7.179659366607666,3.763514995574951,3.273838520050049,90.34043884277344,9.974711418151855,5.178881645202637,4.5904412269592285,16.783445358276367
2013-03-25,9.593982696533203,5.967056274414063,2.472742319107056,2.353740692138672,10.517670631408691,7.298134803771973,3.775312662124634,3.234630584716797,89.83789825439453,9.892741203308104,5.142343997955322,4.5904412269592285,16.561023712158203
2013-03-26,9.622228622436523,6.014449119567871,2.470854997634888,2.405298948287964,10.486084938049316,6.9900970458984375,3.7399189472198486,3.234630584716797,89.37401580810547,9.997322082519531,5.145389556884766,4.5904412269592285,16.657733917236328
2013-03-27,9.641058921813965,6.070870399475098,2.434990167617798,2.430551290512085,10.45449924468994,7.013791561126709,3.686828136444092,3.2607693672180176,89.29669189453125,10.019936561584473,5.145389556884766,4.5904412269592285,16.986536026000977
2013-03-28,9.641058921813965,6.070870399475098,2.434990167617798,2.4852569103240967,10.45449924468994,6.871621608734131,4.123350143432617,3.316313982009888,89.37401580810547,10.019936561584473,5.145389556884766,4.5904412269592285,16.986536026000977
2013-04-01,9.726970672607422,6.219818115234375,2.411395072937012,2.4947311878204346,10.98512077331543,6.871621608734131,4.087955951690674,3.250967025756836,89.2193832397461,10.007213592529297,5.038827896118164,4.5904412269592285,16.440143585205078
2013-04-02,9.655180931091309,6.222080230712891,2.321735382080078,2.4736883640289307,10.814565658569336,6.72944974899292,3.946381092071533,3.1529481410980225,90.22447204589844,9.82906436920166,4.9200873374938965,4.5904412269592285,16.07748794555664
2013-04-03,9.392733573913574,6.104722023010254,2.359486818313598,2.46421480178833,11.03565502166748,6.824228763580322,3.899190664291382,3.2133936882019043,88.91014862060547,9.84603500366211,5.054050922393799,4.5904412269592285,17.092910766601562
2013-04-04,9.451578140258787,5.967056274414063,2.3311729431152344,2.456857204437256,11.11777687072754,6.824228763580322,3.80480694770813,3.182354211807251,89.2193832397461,9.566094398498535,4.956623554229736,4.5904412269592285,16.532011032104492
2013-04-05,9.460993766784668,5.998650550842285,2.312297344207764,2.456857204437256,11.4525728225708,7.061182022094727,3.816606283187866,3.237898111343384,88.63955688476562,9.563257217407228,4.9688005447387695,4.5904412269592285,16.710922241210938
2013-04-08,9.422157287597656,6.097954273223877,2.2452878952026367,2.430551290512085,11.591546058654783,7.1843976974487305,3.716323137283325,3.291808605194092,89.37401580810547,9.557604789733888,4.871374130249023,4.5904412269592285,16.778614044189453
2013-04-09,9.456287384033203,6.226593017578125,2.5010557174682617,2.4968361854553223,11.465208053588867,7.298134803771973,3.710424661636353,3.267303943634033,89.14208221435547,9.783819198608398,5.130167007446289,4.5904412269592285,17.499080657958984
2013-04-10,9.490418434143066,6.359747886657715,2.359486818313598,2.5610156059265137,11.446258544921877,7.416611194610596,3.686828136444092,3.267303943634033,91.15221405029295,9.930864334106444,5.175836086273193,4.5904412269592285,16.923677444458008
2013-04-11,9.319769859313965,6.391340732574463,2.279263973236084,2.5010461807250977,11.484158515930176,7.416611194610596,3.657334327697754,3.299976587295532,91.19084167480467,9.967620849609377,5.057096004486084,4.5904412269592285,16.507835388183594
2013-04-12,9.215025901794434,6.398112773895264,2.298139810562134,2.4736883640289307,11.465208053588867,7.321829795837402,3.586547374725342,3.282005786895752,90.6883316040039,9.783819198608398,4.996203422546387,4.5904412269592285,16.720592498779297
2013-04-15,8.95493221282959,6.285268306732178,2.142413854598999,2.4705309867858887,11.149361610412598,7.203354358673096,3.309298515319824,3.290175676345825,88.1756591796875,9.571747779846191,4.76481294631958,4.5904412269592285,15.695496559143066
2013-04-16,9.149118423461914,6.352972030639648,2.170728206634521,2.4947311878204346,11.16831398010254,7.1085734367370605,3.321095466613769,3.2754721641540527,89.29669189453125,9.812098503112791,4.856151580810547,4.5904412269592285,16.053316116333008
2013-04-17,9.145588874816896,6.228848934173584,2.164121150970459,2.493678331375122,10.972488403320312,6.999576568603516,3.155925989151001,3.291808605194092,87.98237609863281,9.571747779846191,4.703921318054199,4.5904412269592285,16.114896774291992
2013-04-18,9.191487312316896,6.055074214935303,2.0782358646392822,2.5568056106567383,10.95353889465332,7.037487506866455,3.079239845275879,3.316313982009888,87.63448333740234,9.243733406066896,4.898776054382324,4.5904412269592285,15.836880683898926
2013-04-19,9.279755592346191,6.003165245056152,2.135807514190674,2.620995283126831,11.19357967376709,7.298134803771973,3.1382293701171875,3.386560440063477,84.07807922363281,9.4473295211792,5.096676349639893,4.5904412269592285,15.93617820739746
2013-04-22,9.2444486618042,6.005421161651611,2.1235382556915283,2.6273112297058105,11.212530136108398,7.203354358673096,3.2031171321868896,3.3571553230285645,82.53177642822266,9.399259567260742,5.2154154777526855,4.5904412269592285,16.08014488220215
2013-04-23,9.433924674987791,6.043787956237793,2.160346746444702,2.6451950073242188,11.24411392211914,7.227046966552734,3.262105941772461,3.4061646461486816,83.11164855957031,9.45863437652588,5.358511924743652,4.5904412269592285,16.581567764282227
2013-04-24,9.195019721984863,5.912890911102295,2.1943225860595703,2.6252052783966064,11.256750106811523,7.203354358673096,3.232612133026123,3.4061646461486816,84.88984680175781,9.526501655578612,5.498563766479492,4.5904412269592285,16.670927047729492
2013-04-25,9.14441204071045,5.786507606506348,2.151851892471313,2.618889570236206,11.180947303771973,7.482958793640137,3.179521083831787,3.438838005065918,84.8512191772461,9.520852088928224,5.440718650817871,4.5904412269592285,16.934043884277344
2013-04-26,9.14441204071045,5.786507606506348,2.151851892471313,2.5852155685424805,11.180947303771973,7.392914772033691,3.179521083831787,3.438838005065918,85.85626983642578,9.520852088928224,5.440718650817871,4.5904412269592285,16.934043884277344
2013-04-29,9.050259590148926,5.635300636291504,2.160346746444702,2.626258134841919,11.212530136108398,7.426091194152832,3.0910377502441406,3.479678153991699,86.08820343017578,9.274839401245115,5.833472728729248,4.5904412269592285,16.68085289001465
2013-04-30,9.62693691253662,5.6984944343566895,2.2658419609069824,2.685173988342285,11.484158515930176,7.539825916290283,3.2090156078338623,3.479678153991699,86.16548156738281,9.518017768859863,5.8426055908203125,4.5904412269592285,17.023408889770508
2013-05-01,,,,,,,,,85.62430572509766,,,,
2013-05-02,9.410387992858888,5.63304328918457,2.236996650695801,2.6816298961639404,11.213465690612791,7.706600666046143,3.2802493572235107,3.4794931411743164,86.28147888183594,9.403450965881348,5.860873222351074,4.5904412269592285,16.62624740600586
2013-05-03,9.62693691253662,5.59467887878418,2.2479379177093506,2.68666410446167,11.35540771484375,7.784200668334961,3.22270131111145,3.4761996269226074,87.24790954589844,9.533581733703612,5.784757137298584,4.5904412269592285,16.780147552490234
2013-05-06,9.604575157165527,5.499890804290772,2.2688257694244385,2.670304775238037,11.013456344604492,7.643553256988525,3.133181571960449,3.42515230178833,87.28655242919922,9.519431114196776,5.915675640106201,4.5904412269592285,16.795040130615234
2013-05-07,9.62693691253662,5.734602928161621,2.286729335784912,2.69295597076416,11.116686820983888,7.565951824188232,3.1587588787078857,3.4482064247131348,87.673095703125,9.799498558044434,5.964390754699707,4.5904412269592285,17.301424026489258
2013-05-08,9.59751319885254,5.745885848999023,2.307617425918579,2.703022718429565,11.16184902191162,7.51745080947876,3.133181571960449,3.4498531818389893,88.94879913330078,9.90134048461914,5.860873222351074,4.5904412269592285,17.356029510498047
2013-05-09,9.8905611038208,5.705262660980225,2.2718098163604736,2.684147834777832,11.200562477111816,7.609602451324463,3.1076037883758545,3.464672327041626,88.0596923828125,9.90134048461914,5.873050689697266,4.5904412269592285,17.45035743713379
2013-05-10,9.914097785949709,5.73685884475708,2.2718098163604736,2.719383001327514,11.213465690612791,7.541703224182129,3.094815731048584,3.499253988265991,88.52354431152344,9.807989120483398,5.845649242401123,4.5904412269592285,16.998586654663086
2013-05-13,9.971765518188477,5.67141056060791,2.1832854747772217,2.674079656600952,11.16184902191162,7.371954441070557,3.024479389190674,3.499253988265991,88.33025360107422,9.62127685546875,5.70864200592041,4.5904412269592285,16.601423263549805
2013-05-14,10.13299560546875,5.700750827789307,2.194225549697876,2.672821283340454,11.658650398254396,7.289504051208496,2.973325490951538,3.507486343383789,88.94879913330078,9.765551567077637,5.723865985870361,4.5904412269592285,16.278724670410156
2013-05-15,10.180073738098145,5.569853782653809,2.1176369190216064,2.6828882694244385,11.555418968200684,7.313753604888916,3.011690616607666,3.486079692840576,89.83789825439453,9.9296293258667,5.757356643676758,4.5904412269592285,15.93617820739746
2013-05-16,10.076507568359377,5.680438041687012,2.029111862182617,2.708056688308716,11.600580215454102,7.425303936004639,3.312220335006714,3.3675169944763184,89.95387268066406,9.836274147033691,5.726910591125488,4.5904412269592285,15.563835144042969
2013-05-17,10.183601379394531,5.87678337097168,2.088791847229004,2.787338256835937,11.755428314208984,7.711451053619385,3.261066436767578,3.380690336227417,90.6883316040039,9.938119888305664,5.812159061431885,4.5904412269592285,15.772344589233398
2013-05-20,10.10945987701416,5.99639368057251,2.187263250350952,2.833900213241577,11.852208137512209,7.735699653625488,3.356980085372925,3.408684253692627,91.11356353759766,9.140352249145508,5.885228157043457,4.5904412269592285,16.328371047973633
2013-05-21,10.06120777130127,5.924173831939697,2.180300235748291,2.8779447078704834,12.155451774597168,7.735699653625488,3.55520248413086,3.428445339202881,91.46146392822266,10.216203689575195,5.900452613830566,4.5904412269592285,16.45745277404785
2013-05-22,9.978825569152832,6.043832778930664,2.2270495891571045,2.9307994842529297,12.12318992614746,7.76479959487915,3.817366361618042,3.436678409576416,92.23458862304688,10.350014686584473,5.736044883728027,4.5904412269592285,16.1943302154541
2013-05-23,9.924687385559082,6.037035942077637,2.0788450241088867,2.9333035945892334,12.12964153289795,7.740550518035889,3.874914407730103,3.4416189193725586,91.46146392822266,10.262883186340332,5.693419933319092,4.5904412269592285,15.891490936279297
2013-05-24,9.868197441101074,6.046096324920654,2.0490047931671143,2.9307994842529297,12.12964153289795,7.905450820922852,3.951645851135254,3.45643949508667,90.95892333984376,10.23176383972168,5.69037389755249,4.5904412269592285,15.737592697143556
2013-05-27,9.858782768249512,6.075545787811279,2.067903995513916,2.903114318847656,12.04576587677002,7.900599956512451,3.9132800102233887,3.4498531818389893,,10.188197135925291,5.647749423980713,4.5904412269592285,15.81205940246582
2013-05-28,9.99177074432373,6.068750858306885,2.039058923721313,2.8703951835632324,11.897371292114258,7.847251415252685,4.028375625610352,3.438326120376587,91.22952270507812,10.222431182861328,5.760401248931885,4.5904412269592285,15.539013862609863
2013-05-29,9.78346347808838,5.860343933105469,2.04801082611084,2.8087317943573,11.7102632522583,7.808451652526855,3.810972213745117,3.408684253692627,91.38417053222656,9.97347927093506,5.7025532722473145,4.5904412269592285,15.414892196655272
2013-05-30,,,,,,,,,91.22952270507812,,,,
2013-05-31,9.65635871887207,5.753873825073242,2.0082242488861084,2.724416732788086,10.96829319000244,8.002449035644531,3.619144201278688,3.453145265579224,90.14712524414062,10.076175689697266,5.775623798370361,4.5904412269592285,15.11702823638916
2013-06-03,9.436278343200684,5.783321857452393,2.0490047931671143,2.812507152557373,11.03281307220459,7.59020185470581,3.676692724227905,3.428445339202881,91.38417053222656,9.999896049499512,5.790846347808838,4.5904412269592285,15.687947273254396
2013-06-04,9.362137794494627,5.672323226928711,2.0141921043396,2.758395195007324,11.039263725280762,7.47380256652832,3.5871734619140625,3.4169180393218994,91.46146392822266,10.04971408843994,5.763444900512695,4.5904412269592285,15.886528968811035
2013-06-05,9.245624542236328,5.538666725158691,1.9763950109481807,2.706798791885376,11.097331047058104,7.371954441070557,3.440105676651001,3.4037444591522217,90.14712524414062,9.70101833343506,5.510743141174316,4.5904412269592285,15.350357055664062
2013-06-06,9.299761772155762,5.518282413482666,1.9296461343765257,2.67659592628479,10.93603229522705,7.318603992462158,3.446499824523926,3.342817068099976,90.3790512084961,9.791303634643556,5.51683235168457,4.5904412269592285,15.529081344604492
2013-06-07,9.179717063903809,5.368771076202393,1.9296461343765257,2.585989236831665,10.613436698913574,7.2264533042907715,3.229095697402954,3.3576371669769287,92.23458862304688,9.729036331176758,5.364602565765381,4.5904412269592285,15.275888442993164
2013-06-10,9.189135551452637,5.423139572143555,1.909752368927002,2.604865550994873,10.419878005981444,7.080955505371094,3.22270131111145,3.2934155464172363,91.92535400390624,9.71036434173584,5.398092746734619,4.5904412269592285,15.121990203857422
2013-06-11,8.961995124816895,5.289485931396484,1.889859080314636,2.5293726921081543,10.265031814575195,6.862707614898682,3.0884220600128174,3.2357802391052246,91.15221405029295,9.39280128479004,5.239771366119385,4.5904412269592285,14.749649047851562
2013-06-12,8.969056129455566,5.122552871704102,1.889859080314636,2.489102363586426,10.25857925415039,7.032456398010254,3.011690616607666,3.17814564704895,90.84297943115234,9.371006965637209,5.090586185455322,4.5904412269592285,14.590779304504396
2013-06-13,8.907858848571777,5.230320930480957,1.959485650062561,2.573405265808105,10.61988639831543,7.177953720092773,3.20351791381836,3.252247810363769,91.53878021240234,9.34610366821289,5.282397270202637,4.5904412269592285,15.335460662841797
2013-06-14,9.02672290802002,5.255545139312744,1.95849084854126,2.513012886047364,10.574724197387695,6.91120719909668,3.0308737754821777,3.234133720397949,90.92024993896484,9.146857261657717,5.032739639282227,4.5904412269592285,14.93333911895752
2013-06-17,9.185603141784668,5.269301414489746,1.9008005857467647,2.5671133995056152,10.516656875610352,6.765707492828369,3.0884220600128174,3.211079835891724,91.88666534423828,9.196664810180664,5.087541103363037,4.5904412269592285,15.092203140258787
2013-06-18,9.138526916503906,5.182168006896973,1.953518033027649,2.598573684692383,10.406972885131836,6.789957523345947,3.2163071632385254,3.17814564704895,94.05147552490234,9.140621185302734,5.011425971984863,4.5904412269592285,15.40496826171875
2013-06-19,9.085567474365234,5.019366264343262,1.8948324918746948,2.545719146728516,10.103734016418455,6.5377583503723145,3.0692386627197266,3.1205108165740967,92.698486328125,9.028544425964355,4.886598110198975,4.5904412269592285,15.246102333068848
2013-06-20,8.973763465881348,4.849685192108154,1.909752368927002,2.408562421798706,10.290839195251465,6.343760013580322,3.0500566959381104,2.998655080795288,90.59436798095705,9.13128662109375,4.886598110198975,4.5904412269592285,15.365252494812012
2013-06-21,9.157357215881348,4.8428053855896,1.8799123764038088,2.3758432865142822,9.871463775634766,6.39225959777832,2.973325490951538,2.9377260208129883,91.02296447753906,8.891562461853027,4.655208110809326,4.5904412269592285,15.11702823638916
2013-06-24,8.945517539978027,4.831340789794922,1.7506065368652344,2.328023195266724,9.697260856628418,6.183709621429443,2.90298843383789,2.9476065635681152,89.34746551513672,8.592687606811523,4.4907989501953125,4.5904412269592285,14.342555046081545
2013-06-25,8.966702461242676,4.87261438369751,1.690927505493164,2.374585628509521,9.813395500183104,6.295260906219482,2.954142570495605,3.1106302738189697,90.04885864257812,8.626935005187988,4.475574970245361,4.5904412269592285,14.595743179321287
2013-06-26,9.20325756072998,4.884078025817871,1.7356860637664795,2.3909451961517334,10.065020561218262,6.4601593017578125,2.91577672958374,3.059582471847534,90.59436798095705,8.67052173614502,4.506021976470947,4.5904412269592285,14.12411880493164
2013-06-27,9.33271312713623,4.934526443481445,1.6213001012802124,2.4714841842651367,10.026309967041016,6.440760135650635,2.9797189235687256,3.0645227432250977,90.86709594726562,8.844862937927246,4.533422946929932,4.5904412269592285,14.12411880493164
2013-06-28,9.754039764404297,5.058347225189209,1.5914602279663086,2.492878198623657,9.935982704162598,6.523208618164063,2.9605371952056885,3.0464088916778564,90.3605499267578,8.950715065002441,4.506021976470947,4.5904412269592285,14.352483749389648
2013-07-01,9.741095542907717,5.078982353210449,1.5914602279663086,2.5369229316711426,10.316645622253418,6.620208263397217,2.928565740585327,2.964073419570923,90.9450454711914,8.877520561218262,4.481664657592773,4.5904412269592285,14.640429496765137
2013-07-02,9.556324005126951,4.792360305786133,1.5974280834197998,2.472742795944214,9.981146812438965,6.159462451934815,2.864623546600342,2.9146721363067627,89.23056030273438,8.494379043579102,4.305078506469727,4.5904412269592285,14.148940086364746
2013-07-03,9.456287384033203,4.654778957366943,1.5904653072357178,2.466451644897461,9.871463775634766,6.237060546875,2.8198630809783936,2.830690383911133,89.26953125,8.39781665802002,4.393372058868408,4.5904412269592285,14.09432888031006
2013-07-04,9.43863582611084,4.725864410400391,1.67600679397583,2.4614174365997314,10.058568000793455,6.29041051864624,2.85822868347168,2.93937349319458,,8.503724098205566,4.435995578765869,4.5904412269592285,14.63049602508545
2013-07-05,9.589277267456056,4.6868815422058105,1.6312466859817505,2.4916200637817383,9.819849014282228,5.9654622077941895,2.8198630809783936,2.840571165084839,90.555419921875,8.347977638244629,4.1650261878967285,4.5904412269592285,14.24822998046875
2013-07-08,9.54572868347168,4.680001735687256,1.6461669206619265,2.52559781074524,9.884366035461426,6.062462329864502,2.8326520919799805,2.8949122428894043,90.86709594726562,8.376012802124023,4.143713474273682,4.5904412269592285,14.089366912841797
2013-07-09,,,,,,,,,92.03604125976562,,,,
2013-07-10,9.62693691253662,4.709812641143799,1.6262736320495603,2.5620787143707275,9.9166259765625,5.9654622077941895,2.91577672958374,2.9064388275146484,91.72431182861328,8.407164573669434,4.201560497283936,4.5904412269592285,14.42198657989502
2013-07-11,9.642234802246094,4.854272365570068,1.7406597137451172,2.6010899543762207,10.290839195251465,6.217660903930664,3.0372684001922607,2.9970076084136963,93.28295135498048,8.618974685668945,4.515156269073486,4.5904412269592285,15.131916999816896
2013-07-12,9.646943092346191,4.815288543701172,1.7704999446868896,2.521821975708008,9.96178913116455,6.013961791992188,3.0564510822296143,2.982187271118164,92.58154296875,8.528647422790527,4.429906368255615,4.5904412269592285,14.814189910888672
2013-07-15,9.769338607788086,4.950575828552246,1.7327024936676023,2.52685546875,10.35535717010498,6.110960960388184,3.139575242996216,2.9657204151153564,92.07501983642578,8.684389114379883,4.4877543449401855,4.5904412269592285,14.95815658569336
2013-07-16,9.628114700317385,5.09044885635376,1.8152594566345213,2.5167880058288574,10.645694732666016,6.062462329864502,3.101210355758667,2.9459593296051025,91.29571533203124,8.734225273132324,4.557779788970947,4.5904412269592285,15.504258155822754
2013-07-17,9.54690933227539,5.136308193206787,1.825206398963928,2.5293726921081543,10.729572296142578,6.013961791992188,3.0884220600128174,2.964073419570923,91.72431182861328,8.846365928649902,4.67347526550293,4.5904412269592285,15.80709457397461
2013-07-18,9.43863582611084,5.179875373840332,1.825206398963928,2.611158847808838,10.826349258422852,6.13521146774292,3.024479389190674,2.9805407524108887,92.07501983642578,8.858827590942383,4.728279113769531,4.5904412269592285,15.71277141571045
2013-07-19,9.42451000213623,5.117963790893555,1.7983503341674805,2.6124167442321777,10.845704078674316,6.159462451934815,2.954142570495605,3.0184149742126465,96.322265625,8.861943244934082,4.737412452697754,4.5904412269592285,15.355320930480955
2013-07-22,9.556324005126951,5.218857765197754,1.825206398963928,2.680371761322021,10.890869140625,6.232211589813232,3.082027673721313,3.0035948753356934,96.8677749633789,9.008339881896973,4.810482501983643,4.5904412269592285,15.593621253967283
2013-07-23,9.625758171081545,5.283061981201172,1.8639978170394893,2.674079656600952,10.93603229522705,6.256459712982178,3.094815731048584,3.059582471847534,96.28326416015624,9.129820823669434,4.901820659637451,4.5904412269592285,15.896458625793455
2013-07-24,9.532784461975098,5.241787433624268,1.8739445209503167,2.667788028717041,10.671503067016602,6.062462329864502,3.0372684001922607,3.074402570724488,95.93260192871094,9.02079963684082,4.859196186065674,4.5904412269592285,15.84185028076172
2013-07-25,9.537492752075195,5.179875373840332,1.9376033544540403,2.7432937622070312,10.871511459350586,6.251609325408936,3.1203930377960205,3.05464243888855,96.20533752441406,9.033255577087402,4.941400527954102,4.5904412269592285,16.015605926513672
2013-07-26,9.537492752075195,5.179875373840332,1.9376033544540403,2.723158836364746,10.871511459350586,6.256459712982178,3.1203930377960205,3.05464243888855,96.0495147705078,9.033255577087402,4.941400527954102,4.5904412269592285,16.015605926513672
2013-07-29,9.548086166381836,5.202808380126953,1.84808349609375,2.7483270168304443,10.813447952270508,6.304959297180176,3.1203930377960205,3.0348827838897705,95.42604064941406,9.030143737792969,4.834840297698975,4.5904412269592285,15.80709457397461
2013-07-30,9.658711433410645,5.260132312774658,1.8053131103515625,2.70428204536438,10.61988639831543,6.353459358215332,3.011690616607666,3.072756052017212,95.3870620727539,9.101792335510254,4.716100215911865,4.5904412269592285,15.4198637008667
2013-07-31,10.120051383972168,5.198220252990723,1.784424901008606,2.625000476837158,10.510204315185549,6.547459125518799,2.928565740585327,3.069462537765503,94.95846557617188,9.070638656616213,4.682608127593994,4.5904412269592285,15.400004386901855
2013-08-01,10.344836235046388,5.30828332901001,1.8799123764038088,2.604865550994873,10.742474555969238,6.717208862304688,2.986114025115967,3.1040430068969727,95.93260192871094,9.371381759643556,4.901820659637451,4.5904412269592285,15.55390167236328
2013-08-02,10.240094184875488,5.230320930480957,1.903784155845642,2.5935394763946533,10.555368423461914,6.372860908508301,2.890200614929199,3.071110248565674,96.24433135986328,9.318408012390137,4.871374130249023,4.5904412269592285,15.514187812805176
2013-08-05,10.168304443359377,5.092743873596191,1.909752368927002,2.5973153114318848,10.581175804138184,6.232211589813232,2.9477481842041016,3.1056904792785645,95.54295349121094,9.171923637390137,4.804392814636231,4.5904412269592285,15.66312313079834
2013-08-06,10.074152946472168,4.91159725189209,1.840126276016236,2.523081064224243,10.336003303527832,5.892712593078613,2.845439910888672,3.0628767013549805,94.7246322631836,8.960003852844238,4.667386531829834,4.5904412269592285,15.543973922729492
2013-08-07,10.022371292114258,4.888665199279785,1.8998054265975952,2.603607177734375,10.19406032562256,5.698714733123779,2.851834297180176,3.0958101749420166,94.84156799316406,8.943449020385742,4.664341449737549,4.5904412269592285,15.886528968811035
2013-08-08,10.121228218078612,5.06981372833252,1.967442870140076,2.5910229682922363,10.858610153198242,5.698714733123779,2.966930866241455,3.1205108165740967,94.80259704589844,9.201493263244627,4.813526630401611,4.5904412269592285,16.47234535217285
2013-08-09,10.024723052978516,5.182168006896973,2.04801082611084,2.5759217739105225,10.897319793701172,5.722964763641357,3.082027673721313,3.1534457206726074,94.49089813232422,9.245556831359863,4.895732402801514,4.5904412269592285,17.25177764892578
2013-08-12,9.963525772094728,5.262424945831299,2.0718820095062256,2.5910229682922363,10.884418487548828,5.689013957977295,3.1907293796539307,3.1550912857055664,94.5688018798828,9.487855911254885,4.82266092300415,4.5904412269592285,17.624114990234375
2013-08-13,10.14358901977539,5.351849555969238,2.0788450241088867,2.598573684692383,10.96829319000244,5.747213840484619,3.177941083908081,3.1550912857055664,94.29605102539062,9.553948402404783,4.82266092300415,4.5904412269592285,17.678726196289062
2013-08-14,10.08592128753662,5.381658554077148,2.0688984394073486,2.5318894386291504,10.845704078674316,5.650213718414307,3.20351791381836,3.0958101749420166,93.7895050048828,9.459539413452148,4.9079108238220215,4.5904412269592285,17.763124465942383
2013-08-15,10.197728157043455,5.319746017456055,2.064919233322144,2.477777004241944,10.4714937210083,5.548364639282227,3.177941083908081,3.1106302738189697,93.51675415039062,9.380867958068848,5.197147846221924,4.5904412269592285,17.94681167602539
2013-08-16,10.262454986572266,5.30828332901001,2.098738670349121,2.4538662433624268,10.361810684204102,5.592015266418457,3.229095697402954,3.11227822303772,93.32193756103516,9.188905715942385,5.233683109283447,4.5904412269592285,18.17021751403809
2013-08-19,10.221264839172363,5.163825988769531,2.1246001720428467,2.472742795944214,10.12954044342041,5.456216335296631,3.177941083908081,3.087576389312744,92.93228912353516,9.10709285736084,5.154522895812988,4.5904412269592285,18.075891494750977
2013-08-20,9.76816177368164,5.113378524780273,2.06392502784729,2.4224064350128174,9.968241691589355,5.33496618270874,3.101210355758667,3.087576389312744,92.4257354736328,9.009533882141112,4.9688005447387695,4.5904412269592285,17.564542770385742
2013-08-21,9.691665649414062,5.040004253387451,2.009218692779541,2.4073047637939453,10.065020561218262,5.310716152191162,3.133181571960449,3.1682653427124023,91.99708557128906,8.943449020385742,5.026649951934815,4.5904412269592285,17.3808536529541
2013-08-22,9.76816177368164,5.033123016357422,2.0828239917755127,2.441281318664551,10.045665740966797,5.3155670166015625,3.1971240043640137,3.169912099838257,92.65953826904295,8.949747085571289,5.294574737548828,4.5904412269592285,18.001419067382812
2013-08-23,9.682251930236816,5.287734031677246,2.0788450241088867,2.4463162422180176,10.35535717010498,5.669615268707275,3.229095697402954,3.211079835891724,92.65953826904295,9.254995346069336,5.328065872192383,4.5904412269592285,17.93191909790039
2013-08-26,9.553969383239746,5.183117866516113,2.0937650203704834,2.399753332138061,10.35535717010498,5.596864700317383,3.133181571960449,3.192966222763061,91.99708557128906,9.097646713256836,5.2184600830078125,4.5904412269592285,17.82270050048828
2013-08-27,9.532784461975098,5.183117866516113,2.0141921043396,2.369551420211792,10.090827941894531,5.611414909362793,3.113998889923096,3.18143892288208,90.3215789794922,8.84274959564209,5.044915676116943,4.5904412269592285,17.50992774963379
2013-08-28,9.456287384033203,5.254445552825928,2.0181703567504883,2.3217315673828125,10.077925682067873,5.674464702606201,3.133181571960449,3.237426996231079,90.39952087402344,8.87421989440918,4.92313289642334,4.5904412269592285,17.29646110534668
2013-08-29,9.738739967346191,5.378081798553467,2.002255439758301,2.348158836364746,10.161799430847168,5.722964763641357,3.177941083908081,3.281888246536255,90.04885864257812,8.9465970993042,4.862241744995117,4.5904412269592285,16.88936424255371
2013-08-30,9.82700538635254,5.480316638946533,2.0082242488861084,2.364518165588379,10.25212574005127,5.853912830352783,3.184335470199585,3.3016486167907715,90.16573333740234,9.129114151000977,4.886598110198975,4.5904412269592285,17.048233032226562
2013-09-02,9.82700538635254,5.52786922454834,2.06392502784729,2.380877733230591,10.361810684204102,6.043062210083008,3.3250091075897217,3.2934155464172363,,9.225150108337402,4.9170451164245605,4.5904412269592285,17.683687210083008
2013-09-03,9.556324005126951,5.475559711456299,2.0629305839538574,2.343124389648437,10.226320266723633,5.941211700439453,3.369768619537353,3.308234691619873,89.85400390625,9.133838653564451,4.840929985046387,4.5904412269592285,17.797874450683594
2013-09-04,9.556324005126951,5.518356800079346,2.0688984394073486,2.3066296577453613,10.19406032562256,5.819962978363037,3.3633737564086914,3.342817068099976,90.28266143798828,9.155882835388184,4.9200873374938965,4.5904412269592285,17.872344970703125
2013-09-05,9.65047550201416,5.603949069976807,2.0688984394073486,2.3594839572906494,10.348905563354492,5.941211700439453,3.4848647117614746,3.318115711212158,90.24365997314452,9.253483772277832,5.081453323364258,4.5904412269592285,17.867382049560547
2013-09-06,9.608104705810549,5.658634185791016,2.0141921043396,2.374585628509521,10.703763961791992,5.970312595367432,3.5871734619140625,3.331289052963257,90.24365997314452,9.442395210266112,5.130167007446289,4.5904412269592285,17.82270050048828
2013-09-09,9.737564086914062,5.763246059417725,2.088791847229004,2.4224064350128174,10.96829319000244,6.013961791992188,3.9132800102233887,3.359283208847046,91.13986206054688,9.706871032714844,5.26717472076416,4.5904412269592285,18.34397315979004
2013-09-10,9.915271759033203,5.860729694366455,2.1186323165893555,2.406046152114868,10.91022491455078,6.13521146774292,3.932462215423584,3.342817068099976,93.0102081298828,9.776141166687012,5.328065872192383,4.5904412269592285,18.790786743164062
2013-09-11,10.014132499694824,5.751359939575195,2.094759941101074,2.3909451961517334,10.819899559020996,6.13521146774292,3.90049147605896,3.383984565734864,93.867431640625,9.728909492492676,5.3189311027526855,4.5904412269592285,18.43829917907715
2013-09-12,9.93881130218506,5.728182315826416,2.042042732238769,2.3368327617645264,10.774735450744627,6.232211589813232,3.8429434299468994,3.4333858489990234,92.93228912353516,9.706871032714844,5.133211612701416,4.5904412269592285,18.34397315979004
2013-09-13,9.943516731262209,5.781177520751953,2.053978443145752,2.355708599090576,10.90377140045166,6.256459712982178,3.874914407730103,3.380690336227417,92.65953826904295,9.848549842834473,5.227593898773193,4.5904412269592285,18.120569229125977
2013-09-16,10.06093406677246,5.814900875091553,2.067903995513916,2.373326778411865,10.86506175994873,6.280711174011231,3.836548566818237,3.3872780799865723,94.06224822998048,9.788734436035156,5.309799671173096,4.5904412269592285,18.065963745117188
2013-09-17,10.078723907470703,5.908842086791992,2.07486629486084,2.3456413745880127,11.000551223754885,6.304959297180176,3.977222681045532,3.397157669067383,95.27018737792967,9.94615650177002,5.358511924743652,4.5904412269592285,18.115610122680664
2013-09-18,10.135650634765623,6.106366157531738,2.128578424453736,2.3217315673828125,11.348956108093262,6.479559898376465,4.053952693939209,3.3790438175201416,96.8677749633789,10.232667922973633,5.434627532958984,4.5904412269592285,18.13546562194824
2013-09-19,10.332531929016112,6.166587829589844,2.06392502784729,2.3406074047088623,11.16184902191162,6.401960849761963,3.932462215423584,3.3889248371124268,96.04317474365234,10.16970157623291,5.465073585510254,4.5904412269592285,18.06100082397461
2013-09-20,10.283903121948242,6.14731502532959,2.030106782913208,2.3343162536621094,10.987648963928224,6.207961082458496,3.964433431625366,3.398803949356079,94.27623748779295,9.861151695251465,5.395047187805176,4.5904412269592285,17.758161544799805
2013-09-23,10.267301559448242,6.294250965118408,2.085808277130127,2.373326778411865,10.92313003540039,5.86846399307251,3.996404647827149,3.393864393234253,95.33639526367188,9.949300765991213,5.364602565765381,4.5904412269592285,17.87730598449707
2013-09-24,10.225788116455078,6.248484611511231,2.0589520931243896,2.416114330291748,11.007002830505373,5.941211700439453,3.964433431625366,3.400451183319092,95.49348449707033,9.911524772644045,5.297619342803955,4.5904412269592285,17.599288940429688
2013-09-25,10.211556434631348,6.202718257904053,2.053978443145752,2.419888973236084,10.93603229522705,5.9654622077941895,3.970828056335449,3.42515230178833,95.14008331298828,9.920969009399414,5.288486957550049,4.5904412269592285,17.74822998046875
2013-09-26,10.408435821533203,6.190675258636475,2.101722717285156,2.408562421798706,10.832802772521973,5.989712238311768,3.964433431625366,3.426799058914185,95.21863555908205,9.91781520843506,5.30066442489624,4.5904412269592285,17.872344970703125
2013-09-27,10.383527755737305,6.3544745445251465,2.030106782913208,2.428698301315308,10.890869140625,5.921813011169434,4.021981239318848,3.4498531818389893,94.43331146240234,10.138211250305176,5.276308059692383,4.5904412269592285,17.455320358276367
2013-09-30,10.04314422607422,6.226807117462158,1.9992722272872925,2.421147108078003,10.806994438171388,5.834513187408447,3.996404647827149,3.458085060119629,93.80506896972656,9.898927688598633,5.163657188415527,4.5904412269592285,17.107803344726562
2013-10-01,10.119047164916992,6.284618377685547,1.9893255233764648,2.443798780441284,10.955388069152832,5.795713424682617,4.079529762268066,3.49101996421814,94.90450286865234,10.001300811767578,5.279351711273193,4.5904412269592285,17.127662658691406
2013-10-02,10.059744834899902,6.296660900115967,2.029111862182617,2.4123384952545166,10.858610153198242,5.819962978363037,4.149867057800293,3.556889057159424,95.53273010253906,9.960359573364258,5.261085510253906,4.5904412269592285,17.13262939453125
2013-10-03,10.036028861999512,6.299070358276367,2.029111862182617,2.4224064350128174,10.677956581115724,5.669615268707275,4.264963626861572,3.565122127532959,94.62962341308594,9.985553741455078,5.227593898773193,4.5904412269592285,16.899295806884766
2013-10-04,10.13921070098877,6.32316255569458,1.996288537979126,2.4979114532470703,10.581175804138184,5.674464702606201,4.239386558532715,3.612875699996948,94.43331146240234,10.001300811767578,5.294574737548828,4.5904412269592285,17.07305335998535
2013-10-07,10.057374000549316,6.340025901794434,2.001261234283448,2.4538662433624268,10.716666221618652,5.747213840484619,4.296935081481934,3.622757196426392,94.0013656616211,9.957202911376951,5.26717472076416,4.5904412269592285,16.92411994934082
2013-10-08,9.915053367614746,6.270166397094727,1.9873359203338623,2.468967914581299,10.716666221618652,5.747213840484619,4.220203399658203,3.5947630405426025,92.94123077392578,9.922554969787598,5.151478290557861,4.5904412269592285,16.685823440551758
2013-10-09,9.89845085144043,6.378565311431885,1.9296461343765257,2.4538662433624268,10.96829319000244,5.916962146759033,4.111501693725586,3.6095821857452393,92.54856872558594,10.029648780822754,5.124076843261719,4.5904412269592285,16.482276916503906
2013-10-10,10.004005432128906,6.455644607543945,1.9177097082138064,2.490361452102661,11.084426879882812,5.936362266540527,4.328906536102295,3.6211097240448,95.21863555908205,10.2060546875,5.181925296783447,4.5904412269592285,16.60638999938965
2013-10-11,10.045515060424805,6.426741123199463,1.9296461343765257,2.477777004241944,11.071525573730469,5.912112712860107,4.303328514099121,3.624403953552246,95.80758666992188,10.108403205871582,5.175836086273193,4.5904412269592285,16.7652530670166
2013-10-14,10.115488052368164,6.51827335357666,2.040053129196167,2.510495662689209,10.961840629577637,5.892712593078613,4.495156288146973,3.637577533721924,95.72905731201172,10.180855751037598,5.197147846221924,4.5904412269592285,17.5446834564209
2013-10-15,10.133280754089355,6.515864849090576,2.0788450241088867,2.4878432750701904,10.852158546447754,6.062462329864502,4.5846757888793945,3.705091953277588,94.98304748535156,10.221806526184082,5.221506118774414,4.5904412269592285,17.688655853271484
2013-10-16,10.045515060424805,6.660393714904785,2.0838186740875244,2.4790353775024414,11.007002830505373,6.183709621429443,4.5846757888793945,3.73802661895752,95.6505355834961,10.338354110717772,5.16974687576294,4.5904412269592285,17.59432601928711
2013-10-17,10.19851016998291,6.691708564758301,2.077850103378296,2.492878198623657,11.052166938781738,6.256459712982178,4.59106969833374,3.808834791183472,96.9070281982422,10.426553726196287,5.178881645202637,4.5904412269592285,17.986530303955078
2013-10-18,10.247137069702148,6.829011917114258,2.081828594207764,2.5545287132263184,10.93603229522705,6.256459712982178,4.674195289611816,3.795661211013794,100.32311248779295,10.684855461120604,5.133211612701416,4.5904412269592285,17.749643325805664
2013-10-21,10.23172092437744,6.768792152404785,2.127583742141724,2.5306315422058105,11.03281307220459,6.251609325408936,4.731743812561035,3.770960330963135,102.63977813720705,10.587206840515137,5.385913848876953,4.5904412269592285,17.97317123413086
2013-10-22,10.29457664489746,6.780838966369629,2.1703548431396484,2.546978235244751,11.097331047058104,6.232211589813232,4.827657222747803,3.770960330963135,102.16860961914062,10.64390754699707,5.297619342803955,4.5904412269592285,18.23224639892578
2013-10-23,10.021795272827148,6.744704246520996,2.163391351699829,2.5167880058288574,10.929579734802246,6.232211589813232,4.712560653686523,3.7067387104034415,100.912109375,10.499001502990724,5.20323657989502,4.5904412269592285,17.805530548095703
2013-10-24,10.081097602844238,6.826601982116699,2.0937650203704834,2.472742795944214,10.79408836364746,6.203110694885254,4.578282833099365,3.663924217224121,101.85445404052734,10.448609352111816,5.194103717803955,4.5904412269592285,17.805530548095703
2013-10-25,10.141579627990724,6.906093120574951,2.1176369190216064,2.4538662433624268,10.79408836364746,6.32921028137207,4.578282833099365,3.652397394180298,101.6188735961914,10.395052909851074,5.26717472076416,4.5904412269592285,17.815690994262695
2013-10-28,10.155814170837402,6.87959623336792,2.1136586666107178,2.50420355796814,10.806994438171388,6.377710342407227,4.69337797164917,3.6886258125305176,102.44345092773438,10.517904281616213,5.784757137298584,4.5904412269592285,17.93760871887207
2013-10-29,10.069238662719728,6.901278018951416,2.128578424453736,2.5067200660705566,10.83925437927246,6.280711174011231,4.69337797164917,3.746259927749634,102.91464233398438,10.902214050292969,5.745177745819092,4.5904412269592285,17.851245880126953
2013-10-30,9.97791576385498,7.048214912414551,2.1186323165893555,2.492878198623657,10.800540924072266,6.271010875701904,4.539916515350342,3.8203608989715576,103.54287719726562,10.86441421508789,5.772578716278076,4.5904412269592285,17.790287017822266
2013-10-31,9.89726448059082,7.166248798370361,2.153444528579712,2.511754274368286,10.806994438171388,6.304959297180176,4.539916515350342,3.8368287086486816,102.63977813720705,10.89276123046875,5.949168205261231,4.5904412269592285,18.16112899780273
2013-11-01,10.009934425354004,7.154203414916992,2.252936124801636,2.505462408065796,10.66505241394043,6.401960849761963,4.316117763519287,3.869763851165772,104.2104034423828,10.79349136352539,5.796936988830566,4.5904412269592285,18.74533462524414
2013-11-04,9.903192520141602,7.199970722198486,2.301567792892456,2.496652841567993,10.690857887268066,6.32921028137207,4.316117763519287,3.869763851165772,103.77845001220705,10.875420570373535,5.936988353729248,4.5904412269592285,19.253341674804688
2013-11-05,9.772732734680176,7.096392631530762,2.2709078788757324,2.472742795944214,10.523109436035156,6.183709621429443,4.092318058013916,3.7627272605896,103.7392349243164,10.695798873901367,5.906540393829346,4.5904412269592285,19.21777534484864
2013-11-06,9.938776016235352,6.920548439025879,2.2931101322174072,2.4538662433624268,10.265031814575195,6.086710453033447,3.9132800102233887,3.71332597732544,105.62393188476562,10.56658935546875,5.967434406280518,4.5904412269592285,19.542903900146484
2013-11-07,10.076349258422852,6.886826038360596,2.251878499984741,2.428698301315308,10.065020561218262,6.062462329864502,3.90049147605896,3.660631418228149,104.44598388671876,10.409018516540527,5.830426216125488,4.5904412269592285,18.912975311279297
2013-11-08,10.229351043701172,6.706162929534912,2.1673007011413574,2.3896870613098145,10.039212226867676,5.9654622077941895,3.836548566818237,3.598055124282837,106.21292114257812,10.134847640991213,5.70864200592041,4.5904412269592285,18.66913414001465
2013-11-11,10.229351043701172,6.766384601593018,2.219104766845703,2.403528928756714,10.155348777770996,6.154612064361572,3.810972213745117,3.622757196426392,106.05587005615234,10.178970336914062,5.876093864440918,4.5904412269592285,18.770729064941406
2013-11-12,10.116676330566406,6.407468318939209,2.1852738857269287,2.374585628509521,10.052118301391602,6.038212776184082,3.8493378162384033,3.6293437480926514,106.21292114257812,10.163213729858398,5.666018009185791,4.5904412269592285,18.18145179748535
2013-11-13,10.098884582519531,6.366516590118408,2.1408700942993164,2.3544507026672363,10.277935028076172,6.110960960388184,3.932462215423584,3.686978816986084,106.60554504394533,10.368056297302246,5.812159061431885,4.5904412269592285,18.04936981201172
2013-11-14,10.359807968139648,6.47491455078125,2.157785415649414,2.431214570999145,10.290839195251465,6.183709621429443,3.951645851135254,3.7413196563720703,105.97737121582033,10.588644981384276,5.967434406280518,4.5904412269592285,18.227169036865234
2013-11-15,,,,,,,,,106.80191802978516,,,,
2013-11-18,10.46654987335205,6.506231784820557,2.203246116638184,2.4488325119018555,10.290839195251465,6.377710342407227,3.996404647827149,3.78742790222168,106.88043212890624,10.733613014221191,6.1927361488342285,4.5904412269592285,18.41513061523437
2013-11-19,10.300507545471191,6.287029266357422,2.197960138320923,2.3607430458068848,10.097280502319336,6.232211589813232,3.772606134414673,3.73802661895752,106.13442993164062,10.446837425231934,6.101397037506104,4.5904412269592285,18.084932327270508
2013-11-20,,,,,,,,,105.8595733642578,,,,
2013-11-21,10.241207122802734,6.142498970031738,2.176815986633301,2.380877733230591,10.097280502319336,6.304959297180176,3.836548566818237,3.754493474960327,105.66321563720705,10.339693069458008,6.092261791229248,4.5904412269592285,17.790287017822266
2013-11-22,10.35387897491455,5.953301429748535,2.1673007011413574,2.402270555496216,10.187606811523438,6.251609325408936,3.8813092708587646,3.78742790222168,106.33072662353516,10.185272216796877,6.034416675567627,4.5904412269592285,17.947765350341797
2013-11-25,10.312365531921388,5.796316623687744,2.115496873855591,2.451349973678589,10.000500679016112,6.13521146774292,3.906886339187622,3.8796427249908447,104.95645141601562,10.034005165100098,5.921765804290772,4.5904412269592285,17.602327346801758
2013-11-26,10.436899185180664,5.977451801300049,2.0562922954559326,2.428698301315308,10.097280502319336,6.086710453033447,3.7981832027435294,3.891170740127564,105.15276336669922,10.084433555603027,5.541190147399902,4.5904412269592285,17.03843879699707
2013-11-27,10.419107437133787,6.134434223175049,2.1176116466522217,2.443798780441284,9.974693298339844,5.989712238311768,3.779000997543335,3.9026968479156494,105.34908294677734,10.352295875549316,5.550323963165283,4.5904412269592285,17.39404296875
2013-11-28,10.35387897491455,6.151344299316406,2.1620144844055176,2.4450573921203613,10.097280502319336,6.110960960388184,3.715058326721192,3.917517900466919,,10.257755279541016,5.398092746734619,4.5904412269592285,17.881729125976562
2013-11-29,10.413178443908691,6.2117180824279785,2.19901704788208,2.4702258110046387,10.19406032562256,6.067312717437744,3.7853949069976807,3.952097892761232,104.68157196044922,10.380661010742188,5.577723979949951,4.5904412269592285,18.222091674804688
2013-12-02,10.383527755737305,6.016093730926514,2.1620144844055176,2.452608346939087,9.935982704162598,5.941211700439453,3.70866322517395,3.894464015960693,104.68157196044922,10.158384323120115,4.999249458312988,4.5904412269592285,17.9884090423584
2013-12-03,10.17597484588623,5.890507698059082,2.1144397258758545,2.406046152114868,9.73597240447998,5.86846399307251,3.657510042190552,3.854942321777344,104.28893280029295,9.931382179260254,5.044915676116943,4.5904412269592285,17.820772171020508
2013-12-04,9.879471778869627,5.764922618865967,2.145098924636841,2.387169599533081,9.787588119506836,5.926662921905518,3.651115894317627,3.8401224613189697,104.6030502319336,9.89039421081543,5.038827896118164,4.5904412269592285,18.008724212646484
2013-12-05,9.992145538330078,5.989528179168701,2.1673007011413574,2.365776538848877,9.852108001708984,5.941211700439453,3.721452236175537,3.845062494277954,103.85704040527344,9.80526638031006,5.023604393005371,4.5904412269592285,18.10016632080078
2013-12-06,9.926915168762209,5.996772289276123,2.1884450912475586,2.368293046951294,9.67790412902832,5.9654622077941895,3.804577350616455,3.886229753494263,105.78102111816406,9.909310340881348,4.9170451164245605,4.5904412269592285,18.06460762023925
2013-12-09,10.081097602844238,6.05232048034668,2.1789300441741943,2.382136106491089,9.826299667358398,6.02851152420044,3.830154180526733,3.8500025272369385,106.76262664794922,10.003901481628418,4.953578948974609,4.5904412269592285,18.05444526672364
2013-12-10,9.962494850158691,5.941225051879883,2.2000744342803955,2.368293046951294,9.632742881774902,5.819962978363037,3.830154180526733,3.8203608989715576,106.56632995605467,9.940835952758787,4.9079108238220215,4.5904412269592285,17.99349021911621
2013-12-11,10.004005432128906,5.779411792755127,2.1144397258758545,2.3179564476013184,9.568222999572754,5.819962978363037,3.772606134414673,3.746259927749634,104.36746978759766,9.676003456115724,4.767858028411865,4.5904412269592285,17.627721786499023
2013-12-12,9.843894004821776,5.825723171234131,2.082723617553711,2.305371046066284,9.387566566467283,5.795713424682617,3.779000997543335,3.73802661895752,104.2104034423828,9.757976531982422,4.780036449432373,4.5904412269592285,17.55152130126953
2013-12-13,9.648200988769531,5.872214317321777,2.0964672565460205,2.2411916255950928,9.335952758789062,5.601713180541992,3.740634441375733,3.670510768890381,105.38834381103516,9.79581356048584,4.859196186065674,4.5904412269592285,17.353403091430664
2013-12-16,9.790523529052734,5.8819990158081055,2.1144397258758545,2.265101671218872,9.490797996520996,5.577465534210205,3.772606134414673,3.639223337173462,105.93805694580078,9.827333450317385,4.901820659637451,4.5904412269592285,17.470243453979492
2013-12-17,9.784594535827637,5.886893272399902,2.1144397258758545,2.253776788711548,9.394020080566406,5.655064105987549,3.715058326721192,3.71332597732544,106.13442993164062,9.839960098266602,4.740456581115723,4.5904412269592285,17.409286499023438
2013-12-18,9.903192520141602,5.921148300170898,2.113382577896118,2.265204668045044,9.355306625366213,5.698714733123779,3.7917890548706055,3.7347333431243896,107.62648010253906,9.899856567382812,4.7830810546875,4.5904412269592285,17.4600830078125
2013-12-19,10.098884582519531,5.970080852508545,2.1620144844055176,2.307295799255371,9.419827461242676,5.708414077758789,3.868519306182861,3.764373540878296,108.1410675048828,10.120553016662598,4.886598110198975,4.5904412269592285,17.83600616455078
2013-12-20,10.05144500732422,5.994552612304688,2.103867530822754,2.306020975112915,9.264979362487791,5.630815029144287,3.855731964111328,3.7627272605896,108.2994384765625,9.880937576293944,4.810482501983643,4.5904412269592285,17.50072479248047
2013-12-23,10.12260627746582,5.999445915222168,2.067922115325928,2.322601318359375,9.23917293548584,5.689013957977295,3.8429434299468994,3.770960330963135,108.45777130126952,9.986804008483888,4.831795692443848,4.5904412269592285,17.556610107421875
2013-12-24,,,,,,,,,109.28897857666016,,,,
2013-12-26,10.045515060424805,5.982317924499512,2.1112680435180664,2.345560312271118,9.25852870941162,5.713263511657715,3.836548566818237,3.714972257614136,110.15979766845705,10.05661392211914,4.810482501983643,4.5904412269592285,17.632801055908203
2013-12-27,10.140395164489746,5.9407219886779785,2.1176116466522217,2.376761674880981,9.29078769683838,5.761763572692871,3.804577350616455,3.7857799530029297,110.15979766845705,10.02805519104004,4.843973159790039,4.5904412269592285,18.03412628173828
2013-12-30,10.270856857299805,5.970080852508545,2.146156311035156,2.33673095703125,9.29078769683838,5.819962978363037,4.533120155334473,3.81212854385376,110.39730072021484,10.177210807800291,4.8683295249938965,4.5904412269592285,18.14080810546875
2013-12-31,,,,,,,,,110.95147705078124,,,,
2014-01-02,10.312365531921388,5.872214317321777,2.1239542961120605,2.296701669692993,9.058520317077637,5.528965950012207,4.278277397155762,3.7528464794158936,108.85355377197266,10.007352828979492,4.81657075881958,4.5904412269592285,17.683603286743164
2014-01-03,10.092955589294434,5.933382034301758,2.103867530822754,2.368422031402588,9.387566566467283,5.480464458465576,4.594899654388428,3.690271377563477,108.77438354492188,9.988296508789062,4.719143867492676,4.5904412269592285,17.30260467529297
2014-01-06,9.962494850158691,5.845299243927002,2.0457208156585693,2.3817646503448486,9.31659698486328,5.431965351104736,4.703015804290772,3.6507511138916016,107.903564453125,10.004178047180176,4.776991844177246,4.5904412269592285,17.317846298217773
2014-01-07,10.276788711547852,5.744980335235596,2.07532286643982,2.301705837249756,9.245625495910645,5.407716751098633,4.564010620117188,3.6507511138916016,108.02232360839844,9.927982330322266,4.627805709838867,4.5904412269592285,16.891122817993164
2014-01-08,10.377599716186523,5.629984855651856,2.051006555557251,2.270015478134156,9.206912994384766,5.431965351104736,4.525397300720215,3.665571451187134,107.70563507080078,10.0835542678833,4.630850315093994,4.5904412269592285,17.00796127319336
2014-01-09,10.134465217590332,5.419562339782715,1.934712290763855,2.219978094100952,9.058520317077637,5.330116271972656,4.471340179443359,3.705091953277588,107.74522399902344,9.769229888916016,4.506021976470947,4.5904412269592285,16.403440475463867
2014-01-10,10.199698448181152,5.615302085876465,1.913567423820496,2.27168345451355,9.32304859161377,5.33496618270874,4.455894947052002,3.705091953277588,106.71607208251952,9.816856384277344,4.569957733154297,4.5904412269592285,16.38311767578125
2014-01-13,10.104815483093262,5.554135799407959,1.923082947731018,2.206634759902954,9.335952758789062,5.431965351104736,4.463617324829102,3.698504686355591,105.80567169189452,9.772403717041016,4.478620529174805,4.5904412269592285,16.27643585205078
2014-01-14,10.075167655944824,5.730299472808838,1.911453485488892,2.241661071777344,9.69080924987793,5.480464458465576,4.432727813720703,3.770960330963135,106.7556381225586,9.91845417022705,4.460352420806885,4.5904412269592285,16.266277313232422
2014-01-15,10.234095573425291,5.669133186340332,1.919911503791809,2.2183103561401367,9.703712463378906,5.528965950012207,4.363224029541016,3.894464015960693,108.22023010253906,9.921623229980469,4.603449821472168,4.5904412269592285,16.484716415405273
2014-01-16,10.101654052734377,5.627538204193115,1.8839654922485352,2.246664762496948,9.697260856628418,5.480464458465576,4.185607433319092,3.914224624633789,107.66606903076172,9.71525764465332,4.478620529174805,4.5904412269592285,16.677764892578125
2014-01-17,10.017372131347656,5.480733394622803,1.9241405725479128,2.251668691635132,9.53596305847168,5.431965351104736,4.177884101867676,3.8565890789031982,105.21192169189452,9.52475643157959,4.4481730461120605,4.5904412269592285,16.505037307739258
2014-01-20,10.05349349975586,5.456265449523926,1.9442273378372192,2.219978094100952,9.54886531829834,5.402866840362549,4.193329334259033,3.8285958766937256,,9.448563575744627,4.353790760040283,4.5904412269592285,16.14943504333496
2014-01-21,10.173895835876465,5.480733394622803,1.8554214239120483,2.260007381439209,9.387566566467283,5.407716751098633,4.154716968536377,3.797306537628174,104.06400299072266,9.5819091796875,4.369013786315918,4.5904412269592285,15.788752555847168
2014-01-22,10.31837558746338,5.495412349700928,1.873394012451172,2.318384885787964,9.871463775634766,5.504714012145996,4.162439346313477,3.8038947582244873,102.87650299072266,9.604137420654297,4.502976894378662,4.5904412269592285,16.15959358215332
2014-01-23,9.963193893432615,5.262969493865967,1.823704719543457,2.296701669692993,9.671452522277832,5.470765590667725,4.062045574188232,3.8203608989715576,102.20359802246094,9.413643836975098,4.399460315704346,4.5904412269592285,15.71254825592041
2014-01-24,9.890952110290527,5.17978048324585,1.8575353622436523,2.2833588123321533,9.471444129943848,5.33496618270874,3.98482084274292,3.774254083633423,98.75984954833984,9.28981876373291,4.286810398101807,4.5904412269592285,15.875114440917969
2014-01-27,9.656169891357422,5.243397235870361,1.8511923551559448,2.246664762496948,9.58112621307373,5.388315677642822,4.031156539916992,3.705091953277588,99.23486328125,9.47713851928711,4.268543243408203,4.5904412269592285,15.809072494506836
2014-01-28,9.692291259765623,5.184675216674805,1.8681079149246216,2.263343811035156,9.54886531829834,5.33496618270874,4.054323673248291,3.705091953277588,100.77859497070312,9.54380989074707,4.268543243408203,4.5904412269592285,16.12911605834961
2014-01-29,9.662188529968262,4.954681396484375,1.902995467185974,2.2266499996185303,9.432733535766602,5.237967014312744,3.992544412612915,3.655691146850586,100.10569763183594,9.362835884094238,4.186337471008301,4.5904412269592285,16.814918518066406
2014-01-30,9.55383014678955,4.917979717254639,1.913567423820496,2.26834774017334,9.419827461242676,5.223416805267334,3.9616539478302,3.5634748935699463,100.93695831298828,9.372365951538086,4.152848720550537,4.5904412269592285,16.51011848449707
2014-01-31,9.686269760131836,5.111271858215332,1.9188543558120728,2.323387384414673,9.21336555480957,5.140966892242432,4.031156539916992,3.663924217224121,99.47235107421876,9.60731315612793,4.192428112030029,4.5904412269592285,16.789520263671875
2014-02-03,9.331088066101074,4.922871112823486,1.8903087377548216,2.293365716934204,8.877863883972168,4.946969032287598,3.8844289779663086,3.5404212474823,96.3848876953125,9.497724533081056,3.988438367843628,4.5904412269592285,16.322160720825195
2014-02-04,9.373226165771484,5.084357738494873,1.8786795139312744,2.2500009536743164,8.935932159423828,4.849967956542969,3.876706838607788,3.611230134963989,97.25568389892578,9.958311080932615,4.040196895599365,4.5904412269592285,16.596479415893555
2014-02-05,9.294965744018556,5.050102710723877,1.8934811353683472,2.1599338054656982,9.01980686187744,4.791769981384277,3.853538036346436,3.5552427768707275,97.05778503417967,9.910672187805176,3.945812225341797,4.5904412269592285,17.01812171936035
2014-02-06,9.73442840576172,5.284989833831787,1.9579713344573968,2.224981546401977,9.29078769683838,4.971219062805176,3.899873971939087,3.622757196426392,98.75984954833984,10.117137908935549,4.049330711364746,4.5904412269592285,17.404203414916992
2014-02-07,9.866872787475586,5.258077621459961,1.955856680870056,2.193291664123535,9.200462341308594,4.995469570159912,3.9693760871887207,3.670510768890381,99.70984649658205,10.110785484313965,4.119356632232666,4.5904412269592285,17.297523498535156
2014-02-10,9.716370582580566,5.399989128112793,1.9378842115402224,2.1749446392059326,9.026259422302246,4.995469570159912,3.861260890960693,3.6029961109161377,99.15569305419922,10.094901084899902,4.146758079528809,4.5904412269592285,17.089242935180664
2014-02-11,9.993293762207031,5.346160888671875,1.9325979948043823,2.201631784439087,9.200462341308594,5.043968200683594,3.907595157623291,3.5387752056121826,100.65984344482422,10.113961219787598,4.27158784866333,4.5904412269592285,17.52104377746582
2014-02-12,9.722389221191406,5.358395576477051,1.9325979948043823,2.3067095279693604,9.090778350830078,4.92271900177002,3.915318965911865,3.5140740871429443,100.5015106201172,10.00596046447754,4.262452602386475,4.5904412269592285,17.50580596923828
2014-02-13,9.830750465393066,5.059889793395996,1.9294263124465945,2.2733514308929443,8.806893348693848,4.7723708152771,3.915318965911865,3.410331964492798,100.69943237304688,9.961484909057615,4.17720365524292,4.5904412269592285,17.43468475341797
2014-02-14,10.041454315185549,5.040719985961914,1.955856680870056,2.2266499996185303,9.039162635803224,4.7529706954956055,3.8921515941619873,3.393864393234253,101.88693237304688,10.037728309631348,4.180248737335205,4.5904412269592285,17.6988468170166
2014-02-17,9.969215393066406,5.04318380355835,1.9526853561401367,2.173275947570801,8.90367317199707,4.825719833374023,3.675920009613037,3.244014263153076,,9.910672187805176,4.101089477539063,4.5904412269592285,17.52104377746582
2014-02-18,9.722389221191406,4.895431995391846,1.983344793319702,2.0882134437561035,8.542364120483398,4.631721019744873,3.529192447662353,3.0958101749420166,101.53069305419922,9.85031032562256,4.046286106109619,4.5904412269592285,17.561691284179688
2014-02-19,9.836770057678224,4.8387956619262695,1.9748868942260744,2.118236780166626,8.703661918640137,4.631721019744873,3.637307167053223,3.2423672676086426,100.54109191894533,10.048569679260254,4.079775810241699,4.5904412269592285,17.739482879638672
2014-02-20,9.95115089416504,5.035799503326416,1.9452852010726929,2.154929876327514,8.671402931213379,4.631721019744873,3.691365957260132,3.3263487815856934,100.3015365600586,10.035642623901367,4.067598819732666,4.5904412269592285,17.536287307739258
2014-02-21,9.981253623962402,4.981622219085693,1.9611427783966064,2.1532623767852783,8.96174144744873,4.728720188140869,3.784035682678223,3.342817068099976,99.58279418945312,10.048569679260254,4.079775810241699,4.5904412269592285,17.582006454467773
2014-02-24,9.993293762207031,4.8560333251953125,1.8670501708984373,2.196627140045166,8.935932159423828,4.942119121551514,3.668198585510254,3.359283208847046,100.9803237915039,10.103498458862305,4.152848720550537,4.5904412269592285,17.10447883605957
2014-02-25,9.993293762207031,4.8732733726501465,1.818418025970459,2.148258209228516,8.703661918640137,4.893619060516357,3.683643579483032,3.3411693572998047,100.90048217773438,10.035642623901367,4.043241500854492,4.5904412269592285,16.51519775390625
2014-02-26,10.05349349975586,4.801859855651856,1.83956241607666,2.154929876327514,8.548816680908203,4.92271900177002,3.652752637863159,3.300001859664917,101.02029418945312,9.996869087219238,3.927546262741089,4.5904412269592285,16.520280838012695
2014-02-27,10.167875289916992,4.996397495269775,1.8945378065109253,2.219978094100952,8.742374420166016,5.140966892242432,3.861260890960693,3.300001859664917,101.81884002685548,10.155194282531738,4.058465003967285,4.5904412269592285,16.769201278686523
2014-02-28,10.16185474395752,5.097358226776123,1.902995467185974,2.2399933338165283,8.426230430603027,4.995469570159912,3.861260890960693,3.265421152114868,101.69904327392578,10.08410930633545,3.954947471618652,4.5904412269592285,16.76412010192871
2014-03-03,,,,,,,,,100.3015365600586,,,,
2014-03-04,,,,,,,,,102.41776275634766,,,,
2014-03-05,10.113696098327637,5.097358226776123,1.901938438415528,2.243328332901001,8.290739059448242,4.946969032287598,3.784035682678223,3.219313144683838,103.5357666015625,9.933794021606444,3.869697570800781,4.5904412269592285,16.179914474487305
2014-03-06,10.155834197998049,4.986546993255615,1.788816213607788,2.251668691635132,8.413325309753418,5.25736665725708,3.784035682678223,3.227546215057373,104.69373321533205,10.208563804626465,3.936679601669312,4.5904412269592285,16.12911605834961
2014-03-07,10.08961582183838,4.895431995391846,1.7433555126190186,2.1799490451812744,8.258479118347168,5.145817756652832,3.6064178943634033,3.128744602203369,104.33436584472656,10.004911422729492,3.8666532039642334,4.5904412269592285,15.519513130187988
2014-03-10,10.047472953796388,4.851111888885498,1.676750421524048,2.131579160690308,8.058467864990234,4.92271900177002,3.5755279064178467,3.013474464416504,103.9749755859375,9.875601768493652,3.799672842025757,4.5904412269592285,15.260427474975586
2014-03-11,10.05349349975586,4.961923122406006,1.6598353385925293,2.1682732105255127,8.135891914367676,4.825719833374023,3.629585266113281,3.107337474822998,103.41598510742188,9.98228359222412,3.799672842025757,4.5904412269592285,15.011505126953123
2014-03-12,10.065534591674805,4.81549072265625,1.6809794902801514,2.214974403381348,8.193960189819336,4.680220127105713,3.822648525238037,3.17814564704895,102.85699462890624,9.85944652557373,3.830119371414185,4.5904412269592285,15.295990943908691
2014-03-13,9.987272262573242,4.785470962524414,1.643977165222168,2.2883622646331787,8.090728759765625,4.617170810699463,3.907595157623291,3.222606420516968,101.17996978759766,9.726905822753906,3.77836012840271,4.5904412269592285,14.884509086608888
2014-03-14,9.848812103271484,4.712926864624023,1.6799224615097046,2.1515936851501465,7.910075664520264,4.597771167755127,3.776312828063965,3.1238043308258057,100.26160430908205,9.468299865722656,3.6839771270751953,4.5904412269592285,14.864185333251951
2014-03-17,10.03543472290039,4.677906036376953,1.643977165222168,2.166605234146118,7.910075664520264,4.534720420837402,3.838093042373657,3.1106302738189697,101.5393295288086,9.66549015045166,3.659620523452759,4.5904412269592285,14.889583587646484
2014-03-18,10.107674598693848,4.740442752838135,1.682037115097046,2.243328332901001,8.058467864990234,4.510471343994141,4.023434162139893,3.1715595722198486,102.41776275634766,9.846517562866213,3.766181468963623,4.5904412269592285,15.143587112426758
2014-03-19,10.095636367797852,4.958078384399414,1.661949872970581,2.2500009536743164,7.993949890136719,4.607470989227295,4.270554065704346,3.133684635162353,100.94041442871094,9.891767501831056,3.89709997177124,4.5904412269592285,15.041988372802734
2014-03-20,10.08961582183838,5.228245735168457,1.7021238803863523,2.3117129802703857,8.135891914367676,4.723870277404785,4.455894947052002,3.1732053756713867,100.90048217773438,10.098655700683594,4.088910102844238,4.5904412269592285,15.179150581359863
2014-03-21,10.029413223266602,5.170712471008301,1.7560421228408811,2.318384885787964,8.032660484313965,4.7384209632873535,4.440450191497803,3.1995527744293213,101.4195327758789,10.13745403289795,4.1102213859558105,4.5904412269592285,15.458548545837402
2014-03-24,10.131755828857422,5.200729846954346,1.7338407039642334,2.323387384414673,8.187505722045898,4.558969974517822,4.571732997894287,3.225900650024414,101.45948791503906,10.43161392211914,4.244184494018555,4.5904412269592285,15.534749031066896
2014-03-25,10.077574729919434,5.213237762451172,1.728554606437683,2.3817646503448486,8.245573997497559,4.461972236633301,4.486785411834717,3.211079835891724,102.6174087524414,10.489802360534668,4.277676105499268,4.5904412269592285,15.656673431396484
2014-03-26,10.023391723632812,5.280778884887695,1.7422981262207031,2.376761674880981,8.258479118347168,4.534720420837402,4.471340179443359,3.2209603786468506,102.2979736328125,10.580316543579102,4.19547176361084,4.5904412269592285,15.478870391845703
2014-03-27,10.26419448852539,5.630995273590088,1.7496988773345947,2.5502231121063232,8.548816680908203,4.631721019744873,4.911524772644043,3.2769479751586914,103.05661010742188,10.80982780456543,4.512110710144043,4.5904412269592285,15.803995132446287
2014-03-28,10.20399570465088,5.558451175689697,1.7454698085784912,2.5452194213867188,8.671402931213379,4.719019889831543,4.865187644958496,3.313175678253174,103.33614349365234,10.74517822265625,4.569957733154297,4.5904412269592285,15.753191947937012
2014-03-31,10.20399570465088,5.7035417556762695,1.8501346111297607,2.543551445007324,8.813345909118652,4.854818820953369,5.096863746643066,3.3675169944763184,103.37606811523438,10.952065467834473,4.55473518371582,4.5904412269592285,15.961474418640137
2014-04-01,10.294297218322754,5.698540687561035,1.7771868705749512,2.5085251331329346,8.768180847167969,4.825719833374023,5.212702751159668,3.332936286926269,103.29623413085938,11.044239044189451,4.582136631011963,4.5904412269592285,15.930994987487791
2014-04-02,10.336437225341797,5.936185359954834,1.856477856636048,2.6119351387023926,9.039162635803224,5.0294189453125,5.444378852844238,3.3922176361083984,103.9749755859375,11.399978637695312,4.603449821472168,4.5904412269592285,16.525358200073242
2014-04-03,10.378724098205566,5.843628406524658,1.8871370553970337,2.591920852661133,8.593977928161621,5.068218231201172,5.652885437011719,3.3823375701904297,104.733642578125,11.267382621765137,4.751220703125,4.5904412269592285,16.71839714050293
2014-04-04,10.209571838378906,5.896163463592529,1.901938438415528,2.586916923522949,8.503653526306152,5.087618350982666,5.54477071762085,3.374103546142578,103.89514923095705,11.10568141937256,4.703865051269531,4.5904412269592285,16.499958038330078
2014-04-07,10.209571838378906,6.228869438171387,1.9209681749343872,2.645293474197388,8.484298706054688,5.039118766784668,5.714666843414307,3.375750541687012,103.21634674072266,11.35793685913086,5.003776550292969,4.5904412269592285,16.936843872070312
2014-04-08,10.161242485046388,6.05125904083252,1.9156818389892576,2.646961212158203,8.768180847167969,5.092467784881592,5.637441635131836,3.352696657180786,102.8170394897461,11.193005561828612,4.861713409423828,4.5904412269592285,16.89620018005371
2014-04-09,10.149161338806152,5.856135845184326,1.9421125650405884,2.583580732345581,8.652048110961914,5.092467784881592,5.266759872436523,3.211079835891724,103.6156234741211,11.044239044189451,4.80804443359375,4.5904412269592285,16.753957748413086
2014-04-10,10.257902145385742,5.866143226623535,1.9399985074996948,2.6152710914611816,8.671402931213379,5.136117935180664,5.405765533447266,3.211079835891724,102.13827514648438,11.163895606994627,4.789103031158447,4.5904412269592285,16.662521362304688
2014-04-11,10.51163101196289,5.961203575134277,1.9399985074996948,2.653632879257202,8.858508110046387,5.092467784881592,5.475267887115479,3.227546215057373,101.5393295288086,11.42908000946045,4.928009986877441,4.5904412269592285,16.748876571655273
2014-04-14,10.493507385253906,5.8711442947387695,1.9452852010726929,2.656968593597412,8.787538528442383,5.111867904663086,5.606551170349121,3.2423672676086426,102.65734100341795,11.283557891845703,4.849086761474609,4.5904412269592285,16.64220428466797
2014-04-15,10.475382804870604,5.796098232269287,1.8903087377548216,2.635286331176758,8.639144897460938,5.019717216491699,5.560216903686523,3.250600814819336,103.0965576171875,11.011892318725586,4.681767463684082,4.5904412269592285,16.161075592041016
2014-04-16,10.566001892089844,5.7810893058776855,1.9431697130203247,2.62527847290039,8.626239776611328,5.262216567993164,5.737833499908447,3.2934155464172363,104.29444122314452,11.21240520477295,4.760690689086914,4.5904412269592285,16.234203338623047
2014-04-17,10.505587577819824,6.031245708465576,1.955856680870056,2.702002763748169,8.710115432739258,5.2525177001953125,5.923174381256104,3.332936286926269,106.05130767822266,11.497004508972168,4.934323787689209,4.5904412269592285,16.531938552856445
2014-04-21,,,,,,,,,106.17106628417967,,,,
2014-04-22,10.777442932128906,6.068768501281738,1.892423391342163,2.735360145568848,8.852057456970215,5.262216567993164,6.100792407989502,3.4037444591522217,106.13115692138672,11.577855110168455,4.811202049255371,4.5904412269592285,16.040939331054688
2014-04-23,10.650575637817385,5.966204643249512,1.859649538993836,2.7687184810638428,8.71656608581543,5.068218231201172,6.116237640380859,3.3675169944763184,105.4923095703125,11.555216789245604,4.804888725280762,4.5904412269592285,15.82155990600586
2014-04-24,10.51163101196289,5.923677921295166,1.9125107526779173,2.730356454849243,8.90367317199707,5.140966892242432,6.085346698760986,3.383984565734864,105.65202331542967,11.80423355102539,4.8269877433776855,4.5904412269592285,16.082725524902344
2014-04-25,10.43309497833252,5.833621501922607,1.8818514347076416,2.658637046813965,8.671402931213379,5.019717216491699,5.915452480316162,3.3724570274353027,106.21100616455078,11.917428016662598,4.773319244384766,4.5904412269592285,15.837227821350098
2014-04-28,10.408930778503418,5.866143226623535,1.8385051488876345,2.705338478088379,8.561720848083496,5.150668144226074,5.946342468261719,3.34920334815979,106.9297332763672,11.89478874206543,4.940637111663818,4.5904412269592285,15.455923080444336
2014-04-29,10.367595672607422,5.978714466094971,1.9211317300796509,2.7103419303894043,8.856999397277832,5.465915203094482,6.162572383880615,3.3260486125946045,106.84983825683594,11.901248931884766,4.972206592559815,4.5904412269592285,15.555163383483888
2014-04-30,9.86009120941162,5.851133346557617,1.8841419219970703,2.683655023574829,9.023611068725586,5.276766300201416,6.000399589538574,3.407090425491333,107.3689422607422,11.891550064086914,4.950108528137207,4.5904412269592285,15.435028076171877
2014-05-01,,,,,,,,,106.88980865478516,,,,
2014-05-02,9.721131324768066,5.966204643249512,1.9904866218566888,2.8429489135742188,9.150233268737791,5.418605327606201,6.160151481628418,3.42859148979187,106.53044128417967,12.11640739440918,5.120584487915039,4.5904412269592285,15.774544715881348
2014-05-05,9.968843460083008,6.083778381347656,1.9974220991134644,2.871201992034912,9.10358428955078,5.44873571395874,6.298855781555176,3.50136399269104,106.13115692138672,12.245823860168455,5.1774091720581055,4.5904412269592285,15.727540969848633
2014-05-06,10.059470176696776,6.178838729858398,1.9881744384765625,2.862373352050781,8.93030834197998,5.30812406539917,6.3478102684021,3.5063259601593018,104.57392120361328,12.132580757141112,5.382612228393555,4.5904412269592285,15.576062202453612
2014-05-07,9.848008155822754,6.256387233734131,2.010136842727661,2.894157648086548,9.036940574645996,5.413582801818848,6.143832206726074,3.53940486907959,105.93151092529295,12.216710090637209,5.493103981018066,4.5904412269592285,15.654411315917969
2014-05-08,9.848008155822754,5.988719463348389,1.9650564193725584,2.8429489135742188,8.983625411987305,5.368386745452881,6.135672569274902,3.5906763076782227,105.5721664428711,12.029050827026367,5.309999942779541,4.5904412269592285,15.393239974975586
2014-05-09,9.98696994781494,5.89866304397583,1.9523413181304927,2.835885524749756,8.970295906066895,5.197643280029297,5.670602798461914,3.5658676624298096,105.4923095703125,11.922289848327637,5.2594895362854,4.5904412269592285,15.262661933898926
2014-05-12,10.077593803405762,5.946191310882568,1.993954300880432,2.871201992034912,8.990288734436035,5.177554607391357,5.890899181365967,3.593984842300415,107.20924377441406,12.151992797851562,5.392083168029785,4.5904412269592285,15.983481407165527
2014-05-13,10.029261589050291,5.981213569641113,1.9823951721191408,2.904752016067505,8.93030834197998,5.162487983703613,5.988808155059815,3.600599765777588,107.48873901367188,12.077582359313965,5.379453659057617,4.5904412269592285,16.009599685668945
2014-05-14,10.089676856994627,6.006228923797607,2.022852659225464,2.9895107746124268,8.996953010559082,5.162487983703613,6.15199089050293,3.638640880584717,106.84983825683594,12.129349708557127,5.471005916595459,4.5904412269592285,16.3961238861084
2014-05-15,9.968843460083008,6.001226425170898,2.005513429641724,2.798803806304932,9.030274391174316,5.062051773071289,5.841944694519043,3.638640880584717,106.21100616455078,12.03876495361328,5.376298427581787,4.5904412269592285,16.24464988708496
2014-05-16,9.974881172180176,6.0162353515625,1.999734044075012,2.8323543071746826,9.023611068725586,5.14742374420166,5.980649948120117,3.694874048233032,106.49053192138672,12.158472061157228,5.335256099700928,4.5904412269592285,15.87901782989502
2014-05-19,9.96280002593994,5.9536967277526855,1.9812391996383667,2.834120035171509,9.023611068725586,5.272970199584961,5.833785533905029,3.68329668045044,106.2509536743164,12.08082389831543,5.313158512115479,4.5904412269592285,15.393239974975586
2014-05-20,9.848008155822754,5.956511497497559,1.9477181434631348,2.8517777919769287,8.990288734436035,5.272970199584961,5.654284477233887,3.593984842300415,105.01314544677734,11.867287635803224,5.126897811889648,4.5904412269592285,15.074617385864258
2014-05-21,9.968843460083008,5.524771213531494,1.966212511062622,2.895923137664795,9.003617286682129,5.232796669006348,5.572691917419434,3.6171395778656006,105.77179718017578,11.614922523498535,5.196350574493408,4.5904412269592285,15.090285301208496
2014-05-22,10.101760864257812,5.720563411712647,1.954653143882752,2.929474115371704,9.030274391174316,5.44873571395874,5.654284477233887,3.6535260677337646,105.85165405273438,11.757287979125977,5.227920055389404,4.5904412269592285,15.32534122467041
2014-05-23,10.017176628112791,5.62266731262207,1.9650564193725584,2.9895107746124268,9.156898498535156,5.37340784072876,5.621647357940674,3.686603784561157,105.85165405273438,11.57934284210205,5.240548133850098,4.5904412269592285,15.283554077148438
2014-05-26,10.059470176696776,5.632706165313721,1.9511855840682983,2.975383996963501,9.116912841796877,5.514020442962647,5.629806518554688,3.727952241897583,,11.543756484985352,5.2973737716674805,4.5904412269592285,15.461146354675291
2014-05-27,9.739255905151367,5.667848587036133,1.941938161849976,2.8570749759674072,8.976960182189941,5.493933200836182,5.466623306274414,3.704798221588135,106.09123229980467,11.55022144317627,5.18056583404541,4.5904412269592285,15.194753646850586
2014-05-28,9.7573823928833,5.85861873626709,1.946561813354492,2.8429489135742188,9.010284423828123,5.699830055236816,5.458464622497559,3.714720487594605,106.45059204101562,11.760522842407228,5.2247633934021,4.5904412269592285,15.194753646850586
2014-05-29,9.7573823928833,5.82347583770752,1.9454058408737185,2.835885524749756,9.003617286682129,5.750048637390137,5.491100788116455,3.7411842346191406,106.77002716064452,11.582578659057615,5.123741149902344,4.5904412269592285,15.32534122467041
2014-05-30,9.582172393798828,5.745659828186035,1.895701169967652,2.7511260509490967,8.916980743408203,5.599393844604492,5.425827026367188,3.770954608917236,106.96966552734376,11.259040832519531,4.928009986877441,4.5904412269592285,14.865682601928713
2014-06-02,9.82988452911377,5.735620975494385,1.9165077209472656,2.809398412704468,8.830342292785645,5.463801383972168,5.352396011352539,3.721336603164673,107.12939453125,11.335107803344728,4.94379472732544,4.5904412269592285,15.220870971679688
2014-06-03,9.878216743469238,5.810926914215088,1.8910777568817136,2.860607862472534,8.936975479125977,5.750048637390137,5.417668342590332,3.736222267150879,106.96966552734376,11.403079986572266,5.0385026931762695,4.5904412269592285,15.06939697265625
2014-06-04,9.793631553649902,5.795865058898926,1.8980129957199097,2.853543519973755,8.803685188293457,5.77013635635376,5.393191814422607,3.7081050872802734,106.0113525390625,11.27361011505127,4.972206592559815,4.5904412269592285,15.105957984924316
2014-06-05,9.715088844299316,5.81594705581665,1.9072604179382324,2.860607862472534,8.68372631072998,5.564239025115967,5.3360772132873535,3.7329142093658447,106.88980865478516,11.124716758728027,4.886969089508057,4.5904412269592285,15.032830238342283
2014-06-06,9.848008155822754,6.124692916870117,1.954653143882752,2.941834211349488,8.717048645019531,5.649611949920654,5.833785533905029,3.8205726146698,108.52688598632812,11.621234893798828,5.2626471519470215,4.5904412269592285,15.34101104736328
2014-06-09,9.908425331115724,6.302908420562744,1.971992254257202,2.996574640274048,8.996953010559082,5.709873676300049,5.899057865142822,3.899961233139038,109.5650405883789,12.059165954589844,5.335256099700928,4.5904412269592285,15.476818084716797
2014-06-10,9.914466857910156,6.491167068481445,1.930379033088684,3.0583770275115967,9.036940574645996,5.745025634765625,5.956173419952393,3.954540491104126,109.4452667236328,12.027122497558594,5.420494556427002,4.5904412269592285,15.37757396697998
2014-06-11,9.715088844299316,6.556431293487549,1.9384702444076536,3.10252332687378,9.096920013427734,5.945901870727539,5.792989730834961,4.038890838623047,108.40709686279295,12.27635097503662,5.578342437744141,4.5904412269592285,15.482035636901855
2014-06-12,,,,,,,,,107.6484603881836,,,,
2014-06-13,9.576129913330078,6.699013233184815,1.9072604179382324,3.086630344390869,9.10358428955078,5.775158405303955,5.7032389640808105,4.083547115325928,107.96786499023438,12.208704948425291,5.635167598724365,4.5904412269592285,14.93880844116211
2014-06-16,9.455294609069824,6.754919528961182,1.902637243270874,3.118415355682373,9.07692813873291,5.825376987457275,5.621647357940674,4.050468444824219,107.08948516845705,12.126812934875488,5.565714359283447,4.5904412269592285,14.844793319702148
2014-06-17,9.394878387451172,6.64310359954834,1.866803407669068,3.121946334838867,8.996953010559082,5.925815105438232,5.507419586181641,4.078584671020508,107.28911590576172,11.966595649719238,5.458377838134766,4.5904412269592285,14.86046028137207
2014-06-18,9.64258861541748,6.574483871459961,1.930379033088684,3.284401655197144,9.090254783630373,6.046339988708496,5.686920642852783,4.138125896453857,107.3689422607422,12.130373001098633,5.657266616821289,4.5904412269592285,15.06939697265625
2014-06-19,,,,,,,,,108.4156723022461,,,,
2014-06-20,9.666756629943848,6.510952949523926,1.930379033088684,3.1908118724823,9.156898498535156,5.875595569610596,5.36871337890625,4.134819030761719,108.5767059326172,11.952354431152344,5.543616771697998,4.5904412269592285,15.027607917785645
2014-06-23,9.455294609069824,6.457583904266357,1.9361584186553955,3.144902229309082,9.096920013427734,5.900705814361572,5.344236373901367,4.1033935546875,107.4092025756836,11.863346099853516,5.445749282836914,4.5904412269592285,15.205202102661133
2014-06-24,9.413003921508787,6.554152488708496,1.888765573501587,3.1713898181915283,9.096920013427734,5.971012115478516,5.319759845733643,4.128202438354492,107.0066375732422,11.884700775146484,5.300531387329102,4.5904412269592285,14.996271133422852
2014-06-25,9.370712280273438,6.470290660858154,1.918819546699524,3.130775690078736,9.130241394042969,5.920792579650879,5.311600208282471,4.161280632019043,106.36248016357422,11.507288932800291,5.123741149902344,4.5904412269592285,14.9701509475708
2014-06-26,9.47342014312744,6.4321699142456055,1.954653143882752,3.11311674118042,9.130241394042969,5.89066219329834,5.311600208282471,4.144742012023926,105.83914947509766,11.468132019042969,5.114270687103272,4.5904412269592285,15.32534122467041
2014-06-27,9.388838768005373,6.399131774902344,1.9326905012130733,2.8764989376068115,9.16356372833252,5.845464706420898,5.254485607147217,4.192706108093262,106.40274810791016,11.432524681091309,5.066916465759277,4.5904412269592285,15.179085731506348
2014-06-30,9.521754264831545,6.3152689933776855,1.9766154289245603,3.1084229946136475,9.210211753845217,5.825376987457275,5.213689804077148,4.157973289489746,105.7988739013672,11.375560760498049,5.126897811889648,4.5904412269592285,15.273103713989258
2014-07-01,9.684882164001465,6.338141441345215,1.993954300880432,3.0622007846832275,9.243537902832031,5.96599006652832,5.0178704261779785,4.118279457092285,106.281982421875,11.42721939086914,5.066916465759277,4.5904412269592285,15.487264633178713
2014-07-02,9.666756629943848,6.231404781341553,2.041347026824951,3.071831703186035,9.096920013427734,5.875595569610596,5.058666706085205,4.075276374816895,107.12740325927734,11.241982460021973,5.079542636871338,4.5904412269592285,15.899907112121582
2014-07-03,9.82383918762207,6.264438152313232,2.1176369190216064,3.1777563095092773,9.196885108947754,5.895683765411377,5.058666706085205,4.1265482902526855,108.13385772705078,11.3239164352417,5.158466815948486,4.5904412269592285,16.213308334350586
2014-07-04,9.86009120941162,6.254275798797607,2.1002986431121826,3.208571672439575,9.16356372833252,5.895683765411377,5.083144187927246,4.129857540130615,,11.31678581237793,5.155309677124023,4.5904412269592285,16.307331085205078
2014-07-07,9.684882164001465,6.3152689933776855,2.087583541870117,3.260570287704468,9.183555603027344,5.825376987457275,5.213689804077148,4.167897701263428,107.69102478027344,11.327476501464844,5.0921711921691895,4.5904412269592285,16.087949752807617
2014-07-08,9.7090482711792,6.419468879699707,2.047126531600952,3.2779040336608887,9.130241394042969,5.875595569610596,5.213689804077148,4.189398765563965,106.16118621826172,11.302531242370604,5.095327854156494,4.5904412269592285,16.093172073364258
2014-07-09,,,,,,,,,105.95990753173828,,,,
2014-07-10,9.467379570007324,6.673600673675537,2.006669282913208,3.4762723445892334,9.30351734161377,5.674720764160156,5.181053638458252,4.225784778594971,105.47682189941406,11.826169967651367,5.360513687133789,4.5904412269592285,16.087949752807617
2014-07-11,9.461337089538574,6.638019561767578,1.9962661266326904,3.4011619091033936,9.336837768554688,5.338255882263184,5.148417949676514,4.242324352264404,106.88584899902344,11.808363914489746,5.36998462677002,4.5904412269592285,16.040939331054688
2014-07-14,9.425087928771973,6.8540358543396,2.0286319255828857,3.485901594161988,9.383488655090332,5.232796669006348,5.3605546951293945,4.250593185424805,107.32867431640624,12.08620548248291,5.575186729431152,4.5904412269592285,16.11928939819336
2014-07-15,9.491544723510742,6.899778842926025,2.1095454692840576,3.5263466835021973,9.23020839691162,5.157467365264893,5.433987140655518,4.323366641998291,107.12740325927734,12.232253074645996,5.603597640991211,4.5904412269592285,16.223756790161133
2014-07-16,9.678839683532717,6.950605392456055,2.139599800109864,3.4993836879730225,9.150233268737791,5.197643280029297,5.327918529510498,4.234054088592529,108.7779769897461,11.915224075317385,5.635167598724365,4.5904412269592285,16.672964096069336
2014-07-17,9.787590026855469,6.988725185394287,2.126884937286377,3.501308917999268,9.130241394042969,5.172533988952637,5.262644767761231,4.222477436065674,107.12740325927734,11.93303108215332,5.739347457885742,4.5904412269592285,16.443140029907227
2014-07-18,10.047385215759276,7.174245834350586,2.178901195526123,3.6476781368255615,9.23020839691162,5.262927055358887,5.589009761810303,4.298557281494141,106.5235366821289,12.5172119140625,6.051887035369873,4.5904412269592285,16.427465438842773
2014-07-21,10.150094032287598,7.339433193206787,2.173121213912964,3.7593815326690674,9.22354221343994,5.217730522155762,5.670602798461914,4.3167500495910645,104.59113311767578,12.624074935913086,6.14659595489502,4.5904412269592285,16.48492431640625
2014-07-22,10.071551322937012,7.3902587890625,2.203175067901612,3.836418390274048,9.22354221343994,5.222752094268799,5.580851078033447,4.341559410095215,104.75215911865234,12.599141120910645,6.149752616882324,4.5904412269592285,16.6468505859375
2014-07-23,9.926549911499023,7.448711395263672,2.197396039962769,3.743975162506104,9.110247611999512,5.192620277404785,5.36871337890625,4.283672332763672,104.30929565429688,12.602704048156738,6.001374244689941,4.5904412269592285,16.5737247467041
2014-07-24,10.101760864257812,7.5249528884887695,2.2274489402771,3.830641031265259,9.05693244934082,5.172533988952637,5.401351451873779,4.288633823394775,104.43012237548828,12.78793716430664,6.001374244689941,4.5904412269592285,16.892345428466797
2014-07-25,10.029261589050291,7.443627834320068,2.196239471435547,3.81330680847168,8.990288734436035,5.217730522155762,5.36871337890625,4.291941165924072,103.8262176513672,12.734501838684082,6.073984146118164,4.5904412269592285,16.91324234008789
2014-07-28,9.854048728942873,7.397886753082275,2.202018976211548,3.7690110206604,8.95030403137207,5.222752094268799,5.213689804077148,4.300210952758789,103.02105712890624,12.649017333984377,5.985589027404785,4.5904412269592285,17.143068313598633
2014-07-29,10.006590843200684,7.283523559570312,2.207798480987549,3.6688642501831055,8.51711654663086,5.197643280029297,5.197372913360596,4.267134189605713,102.45742797851562,12.706007957458496,5.818272113800049,4.5904412269592285,17.195301055908203
2014-07-30,10.006590843200684,7.235239505767822,2.168497323989868,3.684270143508911,8.577095031738281,5.172533988952637,5.17289400100708,4.215860843658447,103.22232818603516,12.766559600830078,5.8971943855285645,4.5904412269592285,16.82966423034668
2014-07-31,9.56117343902588,7.0446367263793945,2.1500024795532227,3.557161569595337,8.377163887023926,5.097204685211182,5.099461555480957,4.184435844421387,101.24969482421876,12.495842933654783,5.679365158081055,4.5904412269592285,17.002037048339844
2014-08-01,9.524563789367676,6.925194263458252,2.1638739109039307,3.620716333389282,8.403820991516113,5.082139492034912,5.123940467834473,4.197668075561523,102.05487823486328,12.48337459564209,5.638324737548828,4.5904412269592285,16.59461212158203
2014-08-04,9.536767959594728,7.011595726013184,2.103766202926636,3.734345436096192,8.483792304992676,5.132359027862549,5.221848964691162,4.2588629722595215,101.73279571533205,12.64016342163086,5.767760276794434,4.5904412269592285,16.787878036499023
2014-08-05,9.353718757629396,7.077673435211182,2.099142551422119,3.691974639892578,8.563765525817871,5.102227210998535,5.197372913360596,4.20097541809082,100.72632598876952,12.811222076416016,5.799330711364746,4.5904412269592285,16.516263961791992
2014-08-06,9.4330415725708,7.164078712463379,2.1153249740600586,3.7497522830963135,8.523778915405273,5.122313976287842,5.278963088989258,4.215860843658447,102.41716766357422,12.757769584655762,6.010847568511963,4.5904412269592285,16.61028289794922
2014-08-07,9.487955093383787,7.1056294441223145,2.1095454692840576,3.7670857906341553,8.397156715393066,5.1373796463012695,5.295281887054443,4.181128978729248,102.6587142944336,12.643735885620115,5.935079097747803,4.5904412269592285,16.50581932067871
2014-08-08,9.579480171203612,6.899778842926025,2.1095454692840576,3.726641893386841,8.397156715393066,5.112270832061768,5.401351451873779,4.196015357971191,103.3028335571289,12.472670555114746,5.726717948913574,4.5904412269592285,16.511043548583984
2014-08-11,9.68320655822754,7.0446367263793945,2.184680461883545,3.743975162506104,8.397156715393066,5.097204685211182,5.474783420562744,4.234054088592529,103.8262176513672,12.700757026672363,5.9256086349487305,4.5904412269592285,16.631179809570312
2014-08-12,9.65879726409912,7.009056091308594,2.139599800109864,3.699678421020508,8.390493392944336,5.057030200958252,5.417668342590332,4.133163928985596,103.10159301757812,12.66511058807373,5.827741622924805,4.5904412269592285,16.7199764251709
2014-08-13,9.57337474822998,7.026848316192627,2.136132001876831,3.6091597080230713,8.28386116027832,5.011833667755127,5.295281887054443,4.166243553161621,103.98724365234376,12.44773006439209,5.527831077575684,4.5904412269592285,16.370010375976562
2014-08-14,9.591681480407717,7.283523559570312,2.0864274501800537,3.639975070953369,8.363834381103516,4.971658229827881,5.36871337890625,4.143088817596436,104.18855285644533,12.672746658325195,5.518360614776611,4.5904412269592285,15.978260040283203
2014-08-15,9.701510429382324,7.420759677886963,2.087583541870117,3.745899438858032,8.710383415222168,5.177554607391357,5.564533710479736,4.184435844421387,103.22232818603516,12.859811782836914,5.9477081298828125,4.5904412269592285,16.192415237426758
2014-08-18,9.847946166992188,7.428378105163574,2.0760247707366943,3.699678421020508,8.63707447052002,5.172533988952637,5.548215389251709,4.1794753074646,104.95344543457033,13.046857833862305,6.023472309112549,4.5904412269592285,16.31777572631836
2014-08-19,9.945571899414062,7.578320980072021,2.070244789123535,3.697753190994263,8.93030834197998,5.172533988952637,5.61348819732666,4.194360256195068,104.87294006347656,13.49289608001709,6.216048240661621,4.5904412269592285,16.323001861572266
2014-08-20,9.994385719299316,7.713058471679687,2.097987174987793,3.7690110206604,9.05693244934082,5.07209587097168,5.776670932769775,4.21751594543457,106.12095642089844,13.557657241821287,6.351797103881836,4.5904412269592285,16.59461212158203
2014-08-21,9.95167350769043,7.738541126251221,2.097987174987793,3.794047117233277,8.93030834197998,5.097204685211182,5.882740497589111,4.232400894165039,106.40274810791016,13.636800765991213,6.345483779907227,4.5904412269592285,16.48492431640625
2014-08-22,9.915064811706545,7.702866077423096,2.097987174987793,3.745899438858032,8.823678016662598,5.097204685211182,5.85010290145874,4.235708236694336,105.2755126953125,13.482118606567385,6.225517749786377,4.5904412269592285,16.385683059692383
2014-08-25,10.140825271606444,7.960222721099853,2.0806479454040527,3.8441216945648193,9.04360294342041,5.272970199584961,5.980649948120117,4.300210952758789,105.47682189941406,13.816643714904783,6.550686359405518,4.5904412269592285,16.281213760375977
2014-08-26,10.098114013671877,8.008638381958008,2.05752944946289,3.6264939308166495,9.030274391174316,5.473846912384033,6.127514362335205,4.300210952758789,104.71189880371094,13.910174369812012,6.519114971160889,4.5904412269592285,16.202865600585938
2014-08-27,10.098114013671877,8.383204460144043,2.0482823848724365,3.684270143508911,9.23020839691162,5.524065017700195,6.527312755584717,4.329981803894043,105.19500732421876,14.331042289733888,6.825343132019043,4.5904412269592285,16.025270462036133
2014-08-28,9.957776069641112,8.474934577941895,1.966212511062622,3.641901969909668,9.263530731201172,5.54415225982666,6.315174579620361,4.32667350769043,104.71189880371094,14.19435214996338,6.771672248840332,4.5904412269592285,15.32011604309082
2014-08-29,9.988286018371582,8.969266891479492,2.008981227874756,3.707380771636963,9.45679759979248,5.699830055236816,6.666017055511475,4.338251113891602,104.59113311767578,14.568462371826172,6.970561027526856,4.5904412269592285,15.252215385437012
2014-09-01,9.738119125366213,9.02786922454834,1.9743033647537231,3.5340492725372314,9.330172538757324,5.825376987457275,7.016860485076904,4.359753131866455,,14.573845863342283,7.09683895111084,4.5904412269592285,15.121630668640137
2014-09-02,9.744220733642578,9.545132637023926,1.940782070159912,3.630345582962036,9.44346809387207,5.850486278533936,6.812882423400879,4.323366641998291,104.06778717041016,14.84014129638672,7.352553844451904,4.5904412269592285,15.017159461975098
2014-09-03,9.902859687805176,9.402441024780272,1.9650564193725584,3.682344675064087,9.536770820617676,5.920792579650879,6.755767345428467,4.366367816925049,104.47034454345705,14.78976345062256,7.191547870635986,4.5904412269592285,15.147745132446287
2014-09-04,9.976079940795898,8.859699249267578,1.933846473693848,3.659234046936035,9.463461875915527,5.905726432800293,6.486516952514648,4.358098983764648,104.5106201171875,14.487476348876951,6.850594520568848,4.5904412269592285,14.980594635009766
2014-09-05,9.762526512145996,8.714456558227539,1.906104326248169,3.611086845397949,9.35016632080078,5.860530376434326,6.372288703918457,4.3944854736328125,105.0742416381836,14.595437049865724,6.860067367553711,4.5904412269592285,14.75599193572998
2014-09-08,9.61608600616455,8.278735160827637,1.8760511875152588,3.4993836879730225,9.143569946289062,5.674720764160156,6.11935567855835,4.323366641998291,104.99370574951172,14.217602729797363,6.531745433807373,4.5904412269592285,14.677641868591309
2014-09-09,9.579480171203612,8.243060111999512,1.9072604179382324,3.426198482513428,8.870329856872559,5.574284076690674,5.948013305664063,4.321712017059326,104.2690887451172,13.998086929321287,6.437035083770752,4.5904412269592285,14.944035530090332
2014-09-10,9.71981430053711,8.113106727600098,1.871427297592163,3.389606714248657,8.790355682373047,5.44873571395874,5.996967792510986,4.320058822631836,104.47034454345705,13.846965789794922,6.282342910766602,4.5904412269592285,14.834342956542969
2014-09-11,9.640494346618652,8.171713829040527,1.872583508491516,3.281754970550537,8.970295906066895,5.498954772949219,6.029603958129883,4.354792594909668,104.75215911865234,13.82536792755127,6.354953289031982,4.5904412269592285,14.813446998596191
2014-09-12,9.439142227172852,7.972533702850342,1.8621796369552608,3.208571672439575,8.710383415222168,5.378430366516113,5.988808155059815,4.2588629722595215,104.14830017089844,13.328777313232422,6.036102294921875,4.5904412269592285,14.949257850646973
2014-09-15,9.780832290649414,8.188841819763184,1.8864542245864868,3.289459228515625,8.830342292785645,5.428648471832275,5.939852714538574,4.3018646240234375,104.34959411621094,13.667031288146973,6.143438339233398,4.5904412269592285,15.205202102661133
2014-09-16,9.902859687805176,8.549357414245605,1.879518747329712,3.2644221782684326,8.956965446472168,5.37340784072876,6.241742134094238,4.3018646240234375,105.51707458496094,14.01968479156494,6.411779403686523,4.5904412269592285,15.226093292236328
2014-09-17,9.732017517089844,8.549357414245605,1.8806746006011963,3.05257248878479,9.016945838928224,5.277992248535156,6.413084506988525,4.3167500495910645,105.75862121582033,14.080859184265137,6.58541202545166,4.5904412269592285,15.179085731506348
2014-09-18,9.872356414794922,8.41545295715332,1.8760511875152588,3.0102016925811768,8.896987915039062,5.44873571395874,6.315174579620361,4.3084821701049805,106.4081802368164,13.915339469909668,6.380209445953369,4.5904412269592285,15.194753646850586
2014-09-19,10.006590843200684,8.25837230682373,1.8610239028930664,3.000571727752685,8.783693313598633,5.398517608642578,6.176468849182129,4.2588629722595215,106.73300170898438,13.584268569946287,6.266560077667236,4.5904412269592285,14.79255485534668
2014-09-22,10.030997276306152,7.866957187652588,1.7882014513015747,2.963979721069336,8.450470924377441,5.207686424255371,5.931694030761719,4.159627437591553,105.88042449951172,13.40074062347412,6.124495983123779,4.5904412269592285,14.249326705932615
2014-09-23,10.000489234924316,7.76137638092041,1.7951372861862185,2.994795083999634,8.437143325805664,5.222752094268799,5.792989730834961,4.209245204925537,105.63681030273438,13.335965156555176,6.017159461975098,4.5904412269592285,14.390356063842772
2014-09-24,10.067606925964355,7.7253217697143555,1.7916691303253174,2.8869428634643555,8.530445098876953,5.2980804443359375,5.760353088378906,4.204284191131592,105.27142333984376,13.440324783325195,6.026630401611328,4.5904412269592285,14.43736457824707
2014-09-25,9.982182502746582,7.524464130401611,1.7685503959655762,2.898499011993408,8.410483360290527,5.177554607391357,5.7440338134765625,4.234054088592529,103.72869873046876,13.01930332183838,5.9413909912109375,4.5904412269592285,14.285889625549316
2014-09-26,10.012688636779783,7.681546211242676,1.7662386894226074,2.879239320755005,8.663732528686523,5.197643280029297,5.980649948120117,4.268787860870361,104.05349731445312,13.566282272338867,6.257089138031006,4.5904412269592285,14.087403297424316
2014-09-29,9.860150337219238,7.024895191192627,1.7408087253570557,2.8580546379089355,8.297188758850098,4.896329879760742,5.61348819732666,4.196015357971191,103.2009506225586,12.616273880004885,5.603597640991211,4.5904412269592285,13.862797737121582
2014-09-30,9.78693389892578,6.515024185180664,1.81478750705719,2.8869428634643555,8.230545043945312,5.011833667755127,5.352396011352539,4.101739406585693,104.01287841796876,12.180858612060549,5.445749282836914,4.5904412269592285,14.024723052978516
2014-10-01,9.51846408843994,6.618028163909912,1.7743300199508667,2.8349435329437256,8.057271957397461,4.780827522277832,5.140257835388184,3.9694254398345934,102.1453857421875,11.865854263305664,5.1774091720581055,4.5904412269592285,14.014278411865234
2014-10-02,9.744220733642578,6.55364990234375,1.8321263790130613,2.811833143234253,8.070598602294922,4.946547985076904,5.066825866699219,3.977696657180786,101.98298645019533,12.261857986450195,5.237391948699951,4.5904412269592285,14.42169952392578
2014-10-03,9.88455867767334,6.697855949401856,1.792825698852539,2.792573928833008,8.357170104980469,4.96161413192749,5.181053638458252,4.0488152503967285,103.1197280883789,12.549867630004885,5.524674892425537,4.5904412269592285,14.207542419433594
2014-10-06,10.140825271606444,7.496141910552978,1.792825698852539,2.888869524002075,8.783693313598633,5.222752094268799,5.662442684173584,4.106702327728272,102.38896942138672,13.223078727722168,6.061357498168945,4.5904412269592285,14.280665397644045
2014-10-07,10.030997276306152,7.787125110626221,1.7801097631454468,3.11997938156128,8.896987915039062,5.2980804443359375,5.841944694519043,4.166243553161621,100.72441864013672,13.24467658996582,6.298129558563232,4.5904412269592285,14.312006950378418
2014-10-08,9.847946166992188,7.836051940917969,1.7801097631454468,3.222052574157715,8.896987915039062,5.07209587097168,5.719557285308838,4.156319618225098,102.51075744628906,13.071885108947754,6.181321620941162,4.5904412269592285,14.29633903503418
2014-10-09,9.823542594909668,8.13734245300293,1.7535237073898315,3.143089771270752,8.996953010559082,5.172533988952637,5.776670932769775,4.138125896453857,100.6026611328125,13.2374906539917,6.301286220550537,4.5904412269592285,14.050844192504885
2014-10-10,9.579480171203612,7.751073360443115,1.7512123584747314,3.1296091079711914,8.790355682373047,5.117292404174805,5.482941627502441,4.043852806091309,98.53213500976562,12.690275192260742,5.935079097747803,4.5904412269592285,13.789673805236816
2014-10-13,9.80523681640625,8.62146282196045,1.792825698852539,3.270199775695801,8.883657455444336,5.197643280029297,5.833785533905029,4.138125896453857,97.23297119140624,13.680294036865234,6.550686359405518,4.5904412269592285,14.359017372131348
2014-10-14,9.841846466064451,8.569958686828613,1.8494648933410645,3.2624964714050293,8.76369857788086,5.117292404174805,5.76851224899292,4.101739406585693,97.84196472167967,13.806297302246094,6.446506500244141,4.5904412269592285,14.787334442138672
2014-10-15,9.622188568115234,8.24034595489502,1.8494648933410645,3.202793836593628,8.363834381103516,5.097204685211182,5.556375026702881,4.052123069763184,98.5727081298828,13.187093734741213,6.004532337188721,4.5904412269592285,14.782106399536133
2014-10-16,9.487955093383787,8.024039268493652,1.8367499113082888,3.071831703186035,8.097256660461426,4.901351451873779,5.344236373901367,3.9843106269836426,98.45092010498048,12.837881088256836,5.568870067596436,4.5904412269592285,14.301562309265137
2014-10-17,9.80523681640625,8.237773895263672,1.802072048187256,3.1719789505004883,8.297188758850098,5.016854286193848,5.7032389640808105,4.078584671020508,100.7650146484375,13.212276458740234,5.739347457885742,4.5904412269592285,14.426684379577637
2014-10-20,9.70761013031006,7.70472526550293,1.7581474781036377,3.031386375427246,8.263867378234863,4.841089725494385,5.548215389251709,4.035582542419434,101.61758422851562,12.888282775878906,5.436279296875,4.5904412269592285,14.35622787475586
2014-10-21,9.56117343902588,7.236054420471191,1.7338732481002808,2.9177567958831787,8.003955841064453,4.770782947540283,5.156576156616211,3.92477035522461,103.32271575927734,12.240262031555176,5.164782524108887,4.5904412269592285,14.480873107910156
2014-10-22,9.475749969482422,7.068671703338623,1.743120551109314,2.908128261566162,7.910654544830322,4.745673656463623,4.985235214233398,3.8900375366210938,102.26717376708984,12.161062240600586,5.066916465759277,4.5904412269592285,14.502552032470703
2014-10-23,9.268296241760254,6.424895286560059,1.765082836151123,2.7598330974578857,7.624084949493408,4.374055862426758,4.65070915222168,3.804033517837525,103.2821044921875,11.61024570465088,4.751220703125,4.5904412269592285,14.768110275268556
2014-10-24,9.579480171203612,6.630903720855713,1.7858896255493164,2.9196839332580566,7.910654544830322,4.444360256195068,4.960757255554199,3.804033517837525,104.0940933227539,11.93425464630127,4.956422805786133,4.5904412269592285,14.876497268676758
2014-10-27,9.51846408843994,6.288415431976318,1.73618483543396,2.6654632091522217,7.630749702453613,4.5046234130859375,4.45488977432251,3.878459692001343,103.6069107055664,11.671448707580566,4.441837310791016,4.5904412269592285,14.339967727661133
2014-10-28,9.666996002197266,6.733909130096436,1.7801097631454468,2.7771666049957275,7.930646896362305,4.770782947540283,4.626233100891113,4.0488152503967285,105.06845092773438,12.20426082611084,4.58074426651001,4.5904412269592285,14.166545867919922
2014-10-29,9.673184394836426,6.556225299835205,1.6529594659805298,2.7251667976379395,7.963969230651855,4.916417598724365,4.691505432128906,4.093470573425293,104.17527770996094,11.851454734802246,4.2713623046875,4.5904412269592285,13.418655395507812
2014-10-30,9.72269344329834,7.017167568206787,1.5466148853302002,2.7078325748443604,8.010622024536133,4.986724853515625,4.895483493804932,4.110009670257568,104.2158660888672,12.809075355529783,4.350287437438965,4.5904412269592285,12.844192504882812
2014-10-31,10.14972686767578,7.140774726867676,1.6275291442871094,2.7405734062194824,8.210552215576172,5.122313976287842,5.074985504150391,4.181128978729248,104.78425598144533,13.223078727722168,4.624941825866699,4.5904412269592285,13.54872703552246
2014-11-03,10.025949478149414,7.048076629638672,1.6889609098434448,2.7347967624664307,7.970633029937744,4.971658229827881,4.928119659423828,4.184435844421387,104.33766174316406,13.18166446685791,4.498663902282715,4.5904412269592285,13.49452781677246
2014-11-04,10.118780136108398,7.403436660766602,1.7018537521362305,2.75405502319336,7.977298259735107,4.956593036651611,4.944438457489014,4.192706108093262,104.33766174316406,13.433773040771484,4.498663902282715,4.5904412269592285,13.066389083862305
2014-11-05,10.118780136108398,6.816310882568359,1.7018537521362305,2.7213151454925537,7.903987884521484,4.96161413192749,4.895483493804932,4.235708236694336,104.82484436035156,13.286105155944824,4.375541687011719,4.5904412269592285,13.006772994995115
2014-11-06,10.081650733947754,6.527896881103516,1.7005646228790283,2.6693150997161865,7.617418766021728,4.846110820770264,4.74862003326416,4.242324352264404,107.01719665527344,12.80349826812744,4.277676105499268,4.5904412269592285,12.817091941833496
2014-11-07,10.174483299255373,6.692708492279053,1.7224823236465454,2.5325748920440674,7.430815696716309,4.871220588684082,4.781256198883057,4.20097541809082,107.22016143798828,13.019604682922363,4.34713077545166,4.5904412269592285,13.017611503601074
2014-11-10,10.100215911865234,6.437770366668701,1.6954076290130615,2.768631935119629,7.370838165283203,4.750695705413818,4.911802768707275,4.181128978729248,107.4637451171875,12.9835786819458,4.233479499816895,4.5904412269592285,12.62740993499756
2014-11-11,9.90217113494873,6.345066547393799,1.6309431791305542,2.797513246536255,7.537447929382324,4.705498218536377,4.960757255554199,4.184435844421387,107.0983657836914,12.9763765335083,4.258735179901123,4.5904412269592285,12.23179054260254
2014-11-12,10.131159782409668,6.515024185180664,1.6244969367980957,2.7810096740722656,7.730715751647949,4.7105207443237305,4.919960975646973,4.234054088592529,107.6667251586914,13.073607444763184,4.274519443511963,4.5904412269592285,12.204689025878906
2014-11-13,9.90217113494873,6.414593696594238,1.6219184398651123,2.710865497589112,7.530785083770752,4.5247111320495605,4.84652853012085,4.248939514160156,107.26074981689452,12.652229309082031,4.145084381103516,4.5904412269592285,12.172173500061035
2014-11-14,9.790772438049316,6.303863525390625,1.6373894214630127,2.5973970890045166,7.630749702453613,4.693254470825195,4.609913349151611,4.209245204925537,107.42315673828124,12.713467597961426,4.034591197967529,4.5904412269592285,12.464825630187988
2014-11-17,9.821717262268066,6.4731059074401855,1.6412575244903564,2.556135416030884,7.597426414489746,4.538531303405762,4.250911712646484,4.191051959991455,108.0321273803711,12.619821548461914,3.829389333724976,4.5904412269592285,12.42689037322998
2014-11-18,10.013572692871094,6.710554599761963,1.6167608499526978,2.599459886550904,7.790695190429687,4.667468547821045,4.2917070388793945,4.260517120361328,109.65607452392578,12.987173080444336,3.76940655708313,4.5904412269592285,11.939132690429688
2014-11-19,10.236371040344238,7.10802698135376,1.5832395553588867,2.589144468307495,7.94397497177124,4.822189807891846,4.642550945281982,4.323366641998291,109.29071044921876,13.509400367736816,3.870429754257202,4.5904412269592285,12.009588241577148
2014-11-20,,,,,,,,,109.0064697265625,,,,
2014-11-21,10.60151195526123,7.699070453643799,1.6889609098434448,2.7335596084594727,8.263867378234863,5.028487205505371,4.968916416168213,4.482144355773926,109.57483673095705,14.398993492126465,4.3029327392578125,4.5904412269592285,12.784575462341309
2014-11-24,10.44060516357422,7.430649757385254,1.7160358428955078,2.712928056716919,8.27053165435791,5.028487205505371,4.960757255554199,4.510261535644531,109.6154556274414,14.100062370300291,4.239793300628662,4.5904412269592285,12.844192504882812
2014-11-25,10.41584587097168,7.53904914855957,1.7005646228790283,2.85734224319458,8.250540733337402,5.002700328826904,4.985235214233398,4.520183086395264,109.04708862304688,14.280136108398438,4.192439079284668,4.5904412269592285,12.985095024108888
2014-11-26,10.298258781433104,7.443555355072021,1.6786469221115112,2.838775873184204,8.203888893127441,5.028487205505371,4.936279296875,4.546647548675537,109.08768463134766,14.16128158569336,4.189282417297363,4.5904412269592285,12.486502647399902
2014-11-27,10.248748779296877,7.520981788635254,1.6850929260253906,2.898603916168213,8.130578994750977,5.10584831237793,4.928119659423828,4.581379890441895,,13.952398300170898,4.025119304656982,4.5904412269592285,12.453985214233398
2014-11-28,10.372526168823242,7.665521144866943,1.6850929260253906,2.9254238605499268,8.363834381103516,4.951126575469971,4.903643608093262,4.655806541442871,107.54495239257812,13.937981605529783,3.8451738357543945,4.5904412269592285,12.621988296508787
2014-12-01,9.90217113494873,7.10544490814209,1.611603856086731,2.7562525272369385,7.910654544830322,4.7499871253967285,4.593595504760742,4.571456432342529,105.63681030273438,13.291259765625,3.652598142623901,4.5904412269592285,11.993330955505373
2014-12-02,9.666996002197266,6.958327770233154,1.572925090789795,2.747999906539917,7.797359943389893,4.641680717468262,4.74862003326416,4.60618782043457,105.75862884521484,13.179564476013184,3.6178717613220215,4.5904412269592285,11.635643005371094
2014-12-03,9.70412826538086,6.968653678894043,1.5793719291687012,2.7810096740722656,7.797359943389893,4.7190423011779785,4.813892364501953,4.566493511199951,107.0983657836914,13.291259765625,3.7883477210998535,4.5904412269592285,11.895779609680176
2014-12-04,9.716506958007812,6.875739097595215,1.566478610038757,2.7706942558288574,7.770701885223389,4.765459060668945,4.797574520111084,4.578071594238281,105.92101287841795,13.093107223510742,3.608402729034424,4.5904412269592285,11.744030952453612
2014-12-05,9.871227264404297,7.02801513671875,1.5535861253738403,2.750063419342041,7.830681324005127,4.744828701019287,4.618073463439941,4.543338775634766,105.59622192382812,13.341689109802246,3.614715576171875,4.5904412269592285,11.85784149169922
2014-12-08,9.76601791381836,6.6615166664123535,1.5020147562026978,2.6819818019866943,7.797359943389893,4.744828701019287,4.626233100891113,4.530107021331787,104.29708862304688,12.844494819641112,3.384258270263672,4.5904412269592285,11.478477478027344
2014-12-09,9.691750526428224,6.493753910064697,1.48783278465271,2.743874311447144,7.724050521850586,4.698411464691162,4.495685577392578,4.465604305267334,103.85050964355467,12.894936561584473,3.330590009689331,4.5904412269592285,11.218341827392578
2014-12-10,9.778395652770996,6.176290512084961,1.43755042552948,2.653099298477173,7.624084949493408,4.667468547821045,4.324344158172607,4.523491859436035,102.59195709228516,12.700369834899902,3.191683053970337,4.5904412269592285,10.801042556762695
2014-12-11,9.83409595489502,6.439552307128906,1.4182116985321045,2.667541027069092,7.51078987121582,4.755143642425537,4.324344158172607,4.465604305267334,103.16033172607422,12.844494819641112,3.1695847511291504,4.5904412269592285,10.497549057006836
2014-12-12,9.598917007446287,6.0784430503845215,1.3743759393692017,2.6407220363616943,7.230884075164795,4.693254470825195,4.389617443084717,4.412678718566895,101.04922485351562,12.15993595123291,2.986481189727783,4.5904412269592285,10.248254776000977
2014-12-15,9.642239570617676,5.785381317138672,1.3537472486495972,2.572640180587769,7.190897464752197,4.564319610595703,4.397776126861572,4.359753131866455,99.8312530517578,11.900527954101562,2.6897268295288086,4.5904412269592285,10.12902545928955
2014-12-16,9.654616355895996,5.623149871826172,1.3795331716537476,2.5334415435791016,7.037617206573486,4.3838090896606445,4.201956748962402,4.303519248962402,99.42526245117188,11.84288215637207,2.746551990509033,4.5904412269592285,10.486712455749512
2014-12-17,9.735071182250977,6.065359115600586,1.3859792947769165,2.601522922515869,7.237547874450684,4.425067901611328,4.569117546081543,4.384561061859131,100.1154556274414,12.440958023071287,2.853888511657715,4.5904412269592285,10.681812286376951
2014-12-18,9.803149223327637,6.096760272979736,1.4182116985321045,2.5478835105896,7.224220752716064,4.280661106109619,4.4875264167785645,4.478835582733154,103.02507781982422,12.347288131713867,2.847575426101685,4.5904412269592285,10.81729793548584
2014-12-19,9.951682090759276,6.371507167816162,1.4826760292053225,2.504559278488159,7.18423318862915,4.239401340484619,4.536482334136963,4.500335693359375,104.9921417236328,12.538249969482422,2.9801671504974365,4.5904412269592285,11.689839363098145
2014-12-22,10.112593650817873,6.429070472717285,1.460758090019226,2.620090961456299,7.42415189743042,4.1517252922058105,4.593595504760742,4.516669273376465,105.36095428466795,12.624714851379396,3.128544569015503,4.5904412269592285,11.581448554992676
2014-12-23,10.0692720413208,6.405521392822266,1.5084612369537354,2.6572253704071045,7.404160022735596,4.038262367248535,4.577278137207031,4.551773071289063,106.0576629638672,12.682364463806152,3.3148043155670166,4.5904412269592285,12.042107582092283
2014-12-24,,,,,,,,,105.85270690917967,,,,
2014-12-26,10.038325309753418,6.4238386154174805,1.5187755823135376,2.7170538902282715,7.397494316101074,4.177512168884277,4.781256198883057,4.545086860656738,105.6478271484375,12.502216339111328,3.109602689743042,4.5904412269592285,11.749452590942385
2014-12-29,10.199235916137695,6.358421802520752,1.5394041538238523,2.8327035903930664,7.344179630279541,4.2290873527526855,4.830211162567139,4.561801910400391,105.3199691772461,12.538249969482422,3.1159167289733887,4.5904412269592285,11.982494354248049
2014-12-30,10.081650733947754,6.219743251800537,1.5226434469223022,2.749019384384156,7.370838165283203,4.1826701164245605,4.732300281524658,4.630338191986084,104.78724670410156,12.466184616088867,3.027521848678589,4.5904412269592285,11.874102592468262
2014-12-31,,,,,,,,,103.55782318115234,,,,
2015-01-02,9.994306564331056,5.926679611206055,1.4053186178207395,2.677887439727783,6.964308261871338,4.172355175018311,4.618073463439941,4.596905708312988,102.6972198486328,12.194047927856444,2.84126091003418,4.5904412269592285,11.532674789428713
2015-01-05,9.81338596343994,5.803694248199463,1.395004153251648,2.608848571777344,7.1442484855651855,3.971215486526489,4.528322219848633,4.421387672424316,100.81212615966795,12.255329132080078,2.6108031272888184,4.5904412269592285,11.359247207641602
2015-01-06,10.187705039978027,5.884811401367188,1.4594687223434448,2.585835218429565,7.344179630279541,3.8577523231506334,4.569117546081543,4.670455932617188,98.64014434814452,12.453571319580078,2.544507503509521,4.5904412269592285,11.81448745727539
2015-01-07,10.331196784973145,6.14385986328125,1.5690572261810305,2.585835218429565,7.537447929382324,3.929955959320069,4.732300281524658,4.630338191986084,98.68114471435548,12.90413761138916,2.667628049850464,4.5904412269592285,12.248046875
2015-01-08,10.953715324401855,6.164788722991943,1.5896859169006348,2.564913988113404,7.597426414489746,4.00216007232666,4.642550945281982,4.596905708312988,99.86957550048828,13.105981826782228,2.847575426101685,4.5904412269592285,12.378111839294434
2015-01-09,10.927227020263672,5.897897243499756,1.5677684545516968,2.474954128265381,7.190897464752197,3.806177854537964,4.544641494750977,4.346165657043457,98.47624206542967,12.53287124633789,2.932812213897705,4.5904412269592285,12.112560272216797
2015-01-12,11.066296577453612,5.795843601226807,1.5213543176651,2.393362283706665,7.030953407287598,3.764918088912964,4.544641494750977,4.297688961029053,98.2713394165039,12.230101585388184,2.768651008605957,4.5904412269592285,12.26972484588623
2015-01-13,11.066296577453612,5.761831283569336,1.5922648906707764,2.426835775375366,7.030953407287598,3.759761095046997,4.503844738006592,4.336136817932129,97.77955627441406,12.215676307678224,2.787593364715576,4.5904412269592285,12.199271202087402
2015-01-14,11.099410057067873,5.803694248199463,1.516196846961975,2.4393885135650635,7.004294395446777,3.605037927627564,4.601754665374756,4.4631781578063965,97.45172882080078,12.29857063293457,2.68341326713562,4.5904412269592285,11.218341827392578
2015-01-15,11.119277000427246,5.767061710357666,1.544561505317688,2.487506866455078,7.117589473724365,3.476102590560913,4.552801132202148,4.387956142425537,96.63211822509766,12.19044017791748,2.920185804367065,4.5904412269592285,11.348411560058594
2015-01-16,11.198749542236328,5.835095882415772,1.6296542882919312,2.592111349105835,7.210890293121338,3.507047414779663,4.577278137207031,4.3963141441345215,96.67306518554688,12.377886772155762,2.9138708114624023,4.5904412269592285,11.85784149169922
2015-01-19,10.993450164794922,5.808930397033691,1.548429250717163,2.426835775375366,7.1442484855651855,3.4400010108947754,4.397776126861572,4.122170448303223,,11.930919647216797,2.8033769130706787,4.5904412269592285,11.733194351196287
2015-01-20,11.192126274108888,5.78276252746582,1.5871073007583618,2.447756767272949,7.06427526473999,3.4296858310699463,4.283547878265381,4.1907057762146,97.73857879638672,11.970566749572754,2.806534767150879,4.5904412269592285,11.781970024108888
2015-01-21,11.317955017089844,5.929296970367432,1.5896859169006348,2.4603095054626465,7.3308491706848145,3.651454925537109,4.414093971252441,4.337807655334473,98.51721954345705,12.323808670043944,2.986481189727783,4.5904412269592285,11.966233253479004
2015-01-22,11.443785667419434,5.979012966156006,1.5974217653274536,2.472861766815185,7.4174885749816895,3.6617701053619385,4.405934810638428,4.294345855712891,99.50074768066406,12.38508129119873,3.096974849700928,4.5904412269592285,11.874102592468262
2015-01-23,11.27821922302246,5.963311672210693,1.5174860954284668,2.3870856761932373,7.3308491706848145,3.71334457397461,4.242752552032471,4.302704334259033,100.32035064697266,12.266130447387695,3.005423784255981,4.5904412269592285,11.120793342590332
2015-01-26,11.251730918884276,5.895279884338379,1.395004153251648,2.353612184524536,7.337517261505127,3.6359822750091553,4.283547878265381,4.214108943939209,100.77116394042967,12.410320281982422,3.0117361545562744,4.5904412269592285,10.611358642578123
2015-01-27,11.231863021850586,6.018260002136231,1.340854287147522,2.3975472450256348,7.317520618438721,3.610195636749268,4.26723051071167,4.292674064636231,99.91053009033205,12.36345672607422,3.043306827545166,4.5904412269592285,10.297030448913574
2015-01-28,11.27821922302246,5.759214401245117,1.3447225093841553,2.4540328979492188,7.264206886291504,3.501890182495117,4.26723051071167,4.227481842041016,97.69761657714844,12.111148834228516,2.724453449249268,4.5904412269592285,10.237414360046388
2015-01-29,11.695443153381348,5.638848781585693,1.2983081340789795,2.592111349105835,7.344179630279541,3.4038987159729004,4.299867153167725,4.3511810302734375,98.68114471435548,12.028233528137209,2.6739425659179688,4.5904412269592285,9.782176971435549
2015-01-30,11.715310096740724,5.4059672355651855,1.2905725240707395,2.4916908740997314,7.204226493835449,3.352324247360229,4.185638904571533,4.1790056228637695,97.90252685546876,11.8588285446167,2.538193464279175,4.5904412269592285,10.085671424865724
2015-02-02,11.582855224609377,5.285602569580078,1.3666399717330933,2.6109402179718018,7.157576084136963,3.4038987159729004,4.210115432739258,4.488253593444824,99.21388244628906,12.015687942504885,2.705511569976806,4.5904412269592285,10.698071479797363
2015-02-03,11.62259292602539,5.455684185028076,1.4323934316635132,2.558638572692871,7.170905113220215,3.352324247360229,4.365139484405518,4.5133256912231445,100.27936553955078,12.351070404052734,3.090660810470581,4.5904412269592285,11.31047248840332
2015-02-04,11.483518600463867,5.835095882415772,1.4182116985321045,2.529348373413086,7.097596168518066,3.1460275650024414,4.283547878265381,4.3963141441345215,99.00897979736328,12.805438995361328,3.12538743019104,4.5904412269592285,11.137051582336426
2015-02-05,11.748421669006348,5.963311672210693,1.4182116985321045,2.4833221435546875,7.290863990783691,3.295592784881592,4.169320106506348,4.317748546600342,100.40232849121094,12.69725227355957,3.0496201515197754,4.5904412269592285,11.08285903930664
2015-02-06,11.861008644104004,5.730429649353027,1.398871898651123,2.3996386528015137,7.237547874450684,3.1872873306274414,4.201956748962402,4.267600536346436,100.48429870605467,12.66840648651123,2.850731611251831,4.5904412269592285,11.066596031188965
2015-02-09,12.03319263458252,5.876962661743164,1.4311044216156006,2.4121909141540527,7.31085729598999,3.1150832176208496,4.1040472984313965,4.35285234451294,100.97604370117188,12.747743606567385,2.904400110244751,4.5904412269592285,11.700678825378418
2015-02-10,11.947100639343262,5.680715084075928,1.4117650985717771,2.345243692398072,7.210890293121338,3.094453811645508,4.063251972198486,4.219123840332031,101.30389404296876,12.58547019958496,2.787593364715576,4.5904412269592285,11.055758476257324
2015-02-11,11.947100639343262,5.743515491485596,1.4182116985321045,2.361980676651001,7.164239883422852,2.986147880554199,4.071410655975342,4.362881183624268,101.5087890625,12.37271213531494,2.7939064502716064,4.5904412269592285,11.435124397277832
2015-02-12,11.980213165283203,6.047041893005371,1.4439972639083862,2.466585636138916,7.31085729598999,3.017092227935791,4.15300178527832,4.479893207550049,102.00055694580078,12.697918891906738,2.958068370819092,4.5904412269592285,11.695258140563965
2015-02-13,11.920607566833496,6.436924457550049,1.5406934022903442,2.5021510124206543,7.444145679473877,3.151185274124145,4.144843101501465,4.526697635650635,103.06602478027344,13.11921215057373,3.0875039100646973,4.5904412269592285,12.183012008666992
2015-02-17,,,,,,,,,103.1479949951172,,,,
2015-02-18,12.053057670593262,6.266839981079102,1.5381146669387815,2.592111349105835,7.597426414489746,3.274963617324829,4.340662479400635,4.555116176605225,103.47586822509766,13.196817398071287,3.141171455383301,4.5904412269592285,12.307657241821287
2015-02-19,12.072928428649902,6.371507167816162,1.5007258653640747,2.579559803009033,7.630749702453613,3.31622314453125,4.381458282470703,4.5133256912231445,103.43450927734376,13.193135261535645,3.043306827545166,4.5904412269592285,11.977068901062012
2015-02-20,12.03319263458252,6.295654773712158,1.5303795337677002,2.5439939498901367,7.630749702453613,3.1666576862335205,4.2917070388793945,4.421387672424316,104.26165771484376,13.26333999633789,3.0117361545562744,4.5904412269592285,12.258886337280272
2015-02-23,12.238492012023926,6.2720160484313965,1.5303795337677002,2.573282718658448,7.584098815917969,3.058351755142212,4.128524303436279,4.296017646789551,104.09619903564452,13.39268684387207,2.961225271224976,4.5904412269592285,11.716938018798828
2015-02-24,12.238492012023926,6.211608409881592,1.503304123878479,2.583743095397949,7.564105033874512,3.1305551528930664,4.15300178527832,4.516669273376465,105.00609588623048,13.533126831054688,3.074876308441162,4.5904412269592285,11.944554328918455
2015-02-25,12.08617115020752,6.080283164978027,1.505882740020752,2.604664325714112,7.590762615203857,3.1305551528930664,4.201956748962402,4.605264186859131,107.15665435791016,13.56638526916504,2.9359703063964844,4.5904412269592285,11.998749732971191
2015-02-26,12.245113372802734,6.043510913848877,1.4246578216552734,2.7301902770996094,7.664071083068848,3.171815156936645,4.324344158172607,4.672128677368164,107.07394409179688,13.632905006408691,2.904400110244751,4.5904412269592285,11.516414642333984
2015-02-27,12.125908851623535,6.229993343353272,1.4323934316635132,2.715545415878296,7.717386722564697,2.8984713554382324,4.365139484405518,4.633680820465088,107.48748779296876,13.488775253295898,2.9927945137023926,4.5904412269592285,11.516414642333984
2015-03-02,12.046045303344728,6.216859817504883,1.4182116985321045,2.6255850791931152,7.677400588989258,2.960360050201416,4.169320106506348,4.580190181732178,107.98379516601562,13.427770614624023,2.929656744003296,4.5904412269592285,11.142470359802246
2015-03-03,12.265667915344238,6.20635461807251,1.4233684539794922,2.5628232955932617,7.670736789703369,2.913943290710449,4.210115432739258,4.558459758758545,106.94987487792967,13.531289100646973,3.0022661685943604,4.5904412269592285,11.267119407653809
2015-03-04,12.185803413391112,5.89380407333374,1.3821113109588623,2.497966766357422,7.664071083068848,2.888156652450561,4.120366096496582,4.565145969390869,106.12271881103516,13.412981033325195,2.888615608215332,4.5904412269592285,11.050337791442873
2015-03-05,12.219083786010742,5.920066356658936,1.3576152324676514,2.573282718658448,7.830681324005127,2.774693489074707,4.161160945892334,4.603593349456787,106.7844467163086,13.294672966003418,2.907557487487793,4.5904412269592285,10.56800365447998
2015-03-06,12.132562637329102,5.778237342834473,1.3769540786743164,2.585835218429565,7.757372856140137,2.831425189971924,4.11220645904541,4.580190181732178,105.13015747070312,12.939756393432615,2.869673728942871,4.5904412269592285,10.616778373718262
2015-03-09,12.1392183303833,5.552365303039551,1.3859792947769165,2.4393885135650635,7.51078987121582,2.888156652450561,4.095888614654541,4.525027275085449,106.0400161743164,12.603321075439451,2.774964570999145,4.5904412269592285,10.589681625366213
2015-03-10,11.77983283996582,5.586508750915527,1.3215150833129885,2.4644932746887207,7.270871162414551,2.996462345123291,4.038774490356445,4.605264186859131,104.09619903564452,12.107913970947266,2.626588821411133,4.5904412269592285,10.351226806640623
2015-03-11,12.072665214538574,5.67580509185791,1.304754614830017,2.479138135910034,7.470802783966064,2.882999420166016,3.997978448867798,4.613622188568115,104.1789321899414,12.518291473388672,2.6739425659179688,4.5904412269592285,10.221158027648926
2015-03-12,12.006113052368164,5.751974105834961,1.312490463256836,2.5419015884399414,7.630749702453613,3.017092227935791,4.006136894226074,4.697201728820801,105.04741668701172,12.570045471191406,2.613960027694702,4.5904412269592285,10.221158027648926
2015-03-13,12.072665214538574,5.612771987915039,1.2918617725372314,2.4582176208496094,7.697393417358398,3.042879581451416,4.079569339752197,4.658756256103516,103.55855560302734,12.50720500946045,2.572919607162476,4.5904412269592285,10.23199462890625
2015-03-16,11.979491233825684,5.612771987915039,1.2738118171691897,2.4121909141540527,7.744043827056885,3.1769721508026123,4.0550923347473145,4.762393474578857,105.25422668457033,12.50720500946045,2.6044888496398926,4.5904412269592285,10.242833137512209
2015-03-17,12.092632293701172,5.89642858505249,1.3215150833129885,2.477046728134156,7.897327423095703,3.0377213954925537,4.161160945892334,4.879406929016113,104.67521667480467,12.865812301635742,2.7497098445892334,4.5904412269592285,10.773944854736328
2015-03-18,12.265667915344238,6.314036846160889,1.3240938186645508,2.525164842605591,8.163901329040527,3.1460275650024414,4.340662479400635,4.9362406730651855,106.0400161743164,13.254010200500488,2.869673728942871,4.5904412269592285,10.616778373718262
2015-03-19,12.31225299835205,6.033004760742188,1.303465485572815,2.479138135910034,8.343840599060059,3.1769721508026123,4.348820686340332,4.971344470977783,104.75794982910156,13.172679901123049,2.7433953285217285,4.5904412269592285,10.37832260131836
2015-03-20,12.425396919250488,6.287774085998535,1.327961564064026,2.617216825485229,8.797019958496094,3.1615002155303955,4.528322219848633,5.03152322769165,105.04741668701172,13.283581733703612,2.891772508621216,4.5904412269592285,10.974465370178224
2015-03-23,12.538535118103027,6.293025493621826,1.3589047193527222,2.7197301387786865,8.81035041809082,3.1357131004333496,4.675187587738037,5.053253650665283,105.3369140625,13.198561668395996,2.9107143878936768,4.5904412269592285,11.04491901397705
2015-03-24,12.412083625793455,6.27888298034668,1.3498793840408323,2.740650653839112,9.096920013427734,3.1976022720336914,4.838369846343994,5.178623676300049,104.50979614257812,13.117207527160645,2.9170286655426025,4.5904412269592285,10.611358642578123
2015-03-25,12.259011268615724,6.134783744812012,1.3189365863800049,2.7239134311676025,9.29685115814209,3.1563425064086914,4.928119659423828,5.090028285980225,103.02091979980467,13.106117248535156,3.0685625076293945,4.5904412269592285,10.70891284942627
2015-03-26,12.032732009887695,5.894625186920166,1.289283037185669,2.64650559425354,9.29685115814209,3.1460275650024414,4.609913349151611,4.978031158447266,102.56600952148438,12.736419677734377,2.9138708114624023,4.5904412269592285,10.253673553466797
2015-03-27,12.16584300994873,5.913301467895508,1.211925983428955,2.671612024307251,9.05693244934082,3.1150832176208496,4.463050365447998,5.033194065093994,102.8141632080078,12.514592170715332,2.9107143878936768,4.5904412269592285,9.94476318359375
2015-03-30,12.412083625793455,6.089423179626465,1.2506046295166016,2.7113614082336426,9.030274391174316,3.1202409267425537,4.634391784667969,5.198681831359863,103.88941955566406,12.936057090759276,3.027521848678589,4.5904412269592285,10.091090202331545
2015-03-31,12.298946380615234,6.113437175750732,1.2248189449310305,2.6820719242095947,8.830342292785645,3.213074922561645,4.699665069580078,5.223756790161133,102.60734558105467,13.054360389709473,3.024365425109864,4.5904412269592285,9.722563743591309
2015-04-01,12.61174201965332,6.342925548553467,1.1796940565109253,2.7908613681793213,9.203551292419434,3.2646484375,4.854687213897705,5.384230613708496,102.7314224243164,13.500052452087402,3.182212352752685,4.5904412269592285,9.505786895751951
2015-04-02,12.545194625854492,6.564405918121338,1.2093477249145508,2.8954665660858154,9.203551292419434,3.4038987159729004,4.887324333190918,5.382558822631836,103.14501953125,13.629494667053224,3.346374034881592,4.5904412269592285,9.755081176757812
2015-04-06,12.804744720458984,6.799232006072998,1.2596296072006226,2.935216426849365,9.370161056518556,3.465787649154663,4.960757255554199,5.357485294342041,104.1375732421875,13.79594612121582,3.340060472488404,4.5904412269592285,9.825531959533691
2015-04-07,12.93784999847412,6.585755348205566,1.2763904333114624,2.9184789657592773,9.330172538757324,3.3935842514038086,4.944438457489014,5.232115268707275,103.47589111328124,13.803338050842283,3.41898512840271,4.5904412269592285,10.297030448913574
2015-04-08,12.931198120117188,6.497696399688721,1.244158148765564,2.8327035903930664,9.376824378967283,3.300750494003296,4.919960975646973,5.215399742126465,103.43450927734376,13.869915008544922,3.333747148513794,4.5904412269592285,10.161541938781738
2015-04-09,12.86464500427246,6.260203361511231,1.2377116680145264,2.9122023582458496,9.116912841796877,3.218231439590454,4.919960975646973,5.23712968826294,106.41222381591795,13.592517852783203,3.6431281566619873,4.5904412269592285,10.188640594482422
2015-04-10,12.991095542907717,6.484352111816406,1.2248189449310305,2.903834819793701,9.130241394042969,3.3729538917541504,4.887324333190918,5.232115268707275,117.9095458984375,13.692376136779783,3.734680652618408,4.5904412269592285,9.982699394226074
2015-04-13,12.917885780334473,6.471014976501465,1.218372464179993,3.018899440765381,8.95030403137207,3.4038987159729004,4.985235214233398,5.230443477630615,114.27008056640624,13.58511447906494,3.920940160751343,4.5904412269592285,9.88514804840088
2015-04-14,12.724884033203123,6.422976970672607,1.248025894165039,2.9394006729125977,8.710383415222168,3.3781118392944336,4.903643608093262,5.315696239471436,114.68368530273438,13.58511447906494,3.930411100387573,4.5904412269592285,10.161541938781738
2015-04-15,12.73819065093994,6.679152965545654,1.263497829437256,2.964505672454834,8.770363807678223,3.481260061264038,5.050507068634033,5.273905277252197,113.56700134277344,13.781140327453612,4.239793300628662,4.5904412269592285,10.414493560791016
2015-04-16,12.71157455444336,6.881956100463867,1.2390007972717283,3.008439302444458,8.750370979309082,3.532834053039551,5.17289400100708,5.314023017883301,112.82261657714844,13.67758846282959,4.1261420249938965,4.5904412269592285,10.112135887145996
2015-04-17,12.691604614257812,6.551066875457764,1.2248189449310305,3.002164602279663,8.643739700317383,3.486417531967163,5.074985504150391,5.404289722442627,112.6985092163086,13.503750801086426,4.189282417297363,4.5904412269592285,9.966558456420898
2015-04-20,12.571810722351074,6.519042015075684,1.229975938796997,2.9812419414520264,8.49712085723877,3.3420097827911377,5.074985504150391,5.352931022644043,111.74728393554688,13.27812957763672,4.179811000823975,4.5904412269592285,9.927361488342283
2015-04-21,,,,,,,,,110.0930404663086,,,,
2015-04-22,12.61839771270752,6.78322172164917,1.327961564064026,3.025177001953125,8.63707447052002,3.4038987159729004,5.376872539520264,5.41400957107544,111.29238891601562,13.647987365722656,4.201910972595215,4.5904412269592285,10.890422821044922
2015-04-23,12.55184555053711,7.015377998352051,1.4078973531723022,3.0837550163269043,8.690389633178711,3.414214611053467,5.629806518554688,5.4207963943481445,111.04425811767578,14.017857551574709,4.438682556152344,4.5904412269592285,11.80869197845459
2015-04-24,12.598434448242188,7.255536556243896,1.4697827100753784,3.077479124069214,8.617082595825195,3.3987412452697754,6.070399761199951,5.446247100830078,110.8374481201172,14.47280216217041,4.640726089477539,4.5904412269592285,12.990118980407717
2015-04-27,12.511914253234863,7.044727325439453,1.4477999210357666,3.027268171310425,8.55710220336914,3.4038987159729004,6.037764549255371,5.385166645050049,111.16830444335938,14.202784538269045,4.3029327392578125,4.5904412269592285,13.135696411132812
2015-04-28,12.57846450805664,7.071414947509766,1.4477999210357666,3.1172292232513428,8.297188758850098,3.347167491912842,6.355968952178955,5.429280281066895,112.160888671875,14.34702968597412,4.3029327392578125,4.5904412269592285,12.62617301940918
2015-04-29,12.545194625854492,6.937989711761475,1.3526207208633425,3.081662893295288,7.856870174407959,3.226083993911743,6.3804473876953125,5.454730033874512,112.0368194580078,14.151013374328612,4.334502220153809,4.5904412269592285,11.819889068603516
2015-04-30,12.61174201965332,7.1034345626831055,1.42098867893219,3.0440053939819336,7.843496799468994,3.385265588760376,5.956173419952393,5.427582740783691,111.99542999267578,14.25087070465088,4.498663902282715,4.5904412269592285,12.682165145874023
2015-05-01,,,,,,,,,112.94669342041016,,,,
2015-05-04,12.871297836303713,7.0554046630859375,1.4759514331817627,3.1564600467681885,7.823437690734863,3.3958775997161865,6.111195087432861,5.5005388259887695,112.78124237060548,14.41183376312256,4.748063087463379,4.5904412269592285,13.874792098999023
2015-05-05,13.024371147155762,7.250201225280762,1.5416393280029297,3.296795606613159,7.756570816040039,3.342816114425659,6.845519065856934,5.554832458496094,111.33374786376952,14.271233558654783,4.94379472732544,4.5904412269592285,15.151408195495604
2015-05-06,13.204063415527344,7.234189987182617,1.434394598007202,3.400428771972656,7.656269073486328,3.3587350845336914,7.06581449508667,5.493752956390381,110.87877655029295,13.912315368652344,4.675453186035156,4.5904412269592285,13.95877742767334
2015-05-07,12.984442710876465,7.434326171875,1.407583236694336,3.357247829437256,7.535909175872803,3.289756774902344,6.714972496032715,5.539562702178955,111.8300323486328,13.967817306518556,4.624941825866699,4.5904412269592285,13.370863914489746
2015-05-08,13.230684280395508,7.471680164337158,1.4089239835739136,3.37235951423645,7.522536277770996,3.289756774902344,6.617063045501709,5.671902179718018,113.15347290039062,14.152825355529783,4.577587127685547,4.5904412269592285,12.738153457641602
2015-05-11,13.130853652954102,7.487693309783935,1.4679083824157717,3.4176995754241943,7.569341659545898,3.114656925201416,6.592584609985352,5.675294399261475,111.33374786376952,14.086217880249023,4.631257057189941,4.5904412269592285,13.034912109375
2015-05-12,12.93784999847412,7.3409318923950195,1.4169671535491943,3.370201587677002,7.562655925750732,3.050983667373657,6.600744247436523,5.822901725769043,111.78866577148438,14.023316383361816,4.640726089477539,4.5904412269592285,12.50299072265625
2015-05-13,12.977784156799316,7.204837322235107,1.3874751329421997,3.266570568084717,7.462355613708496,2.997922658920288,6.013286113739014,5.683777332305908,112.5331039428711,13.927115440368652,4.710180282592773,4.5904412269592285,12.09424877166748
2015-05-14,12.911230087280272,6.927318572998047,1.349939465522766,3.3809964656829834,7.288501739501953,3.0775139331817627,5.76851224899292,5.906039237976074,113.3602294921875,14.06402587890625,4.675453186035156,4.5904412269592285,11.943074226379396
2015-05-15,13.090923309326172,6.996696949005127,1.3807719945907593,3.3788375854492188,7.61614990234375,3.1836354732513428,5.890899181365967,5.812723159790039,112.78124237060548,14.326727867126465,4.751220703125,4.5904412269592285,11.915075302124023
2015-05-18,12.831366539001465,6.948666572570801,1.3418961763381958,3.275205373764038,7.428921699523926,3.1836354732513428,5.866421222686768,5.768610000610352,112.94669342041016,13.945612907409668,4.621784687042236,4.5904412269592285,11.332756042480469
2015-05-19,12.804744720458984,6.743194580078125,1.3083821535110474,3.279524326324463,7.4088616371154785,3.2366955280303955,5.597170829772949,5.624395370483398,113.1120834350586,13.749509811401367,4.340815544128418,4.5904412269592285,11.265567779541016
2015-05-20,12.298946380615234,6.679152965545654,1.309722661972046,3.296795606613159,7.37542724609375,3.215471744537353,5.482941627502441,5.743159770965576,114.31146240234376,13.505308151245115,4.325030326843262,4.5904412269592285,11.114391326904297
2015-05-21,12.538535118103027,6.57241153717041,1.288273572921753,3.108962059020996,7.321934223175049,3.188941240310669,5.385032176971436,5.736373901367188,114.64231872558594,13.342499732971191,4.552332878112793,4.5904412269592285,11.338356971740724
2015-05-22,12.47864055633545,6.347107887268066,1.2802304029464722,3.111121416091919,7.208259582519531,3.146492958068848,5.466623306274414,5.707530498504639,114.47689056396484,13.06129550933838,4.451310157775879,4.5904412269592285,11.343960762023926
2015-05-25,12.57846450805664,6.578157424926758,1.3137446641921997,3.2082760334014893,7.168140411376953,3.0562894344329834,5.727716445922852,5.692261219024658,,13.10939884185791,4.366070747375488,4.5904412269592285,11.517531394958496
2015-05-26,12.332223892211914,6.401473045349121,1.3070416450500488,3.119757652282715,7.007659912109375,2.971392869949341,5.425827026367188,5.770306587219238,113.815185546875,12.91699504852295,4.217694282531738,4.5904412269592285,11.640714645385742
2015-05-27,12.31225299835205,6.507483959197998,1.3124035596847534,3.201800584793091,7.067840576171875,3.008535146713257,5.686920642852783,5.7736992835998535,113.815185546875,13.179702758789062,4.268206596374512,4.5904412269592285,11.730299949645996
2015-05-28,12.298946380615234,6.360700130462647,1.286933183670044,3.1694138050079346,7.208259582519531,2.971392869949341,5.450305938720703,5.770306587219238,114.27008056640624,13.0242919921875,4.296618461608887,4.5904412269592285,11.500736236572266
2015-05-29,12.332223892211914,6.1812944412231445,1.3191068172454834,3.061465263366699,7.268441677093506,2.939556837081909,5.262644767761231,5.732980251312256,112.78124237060548,12.702393531799316,4.1829681396484375,4.5904412269592285,11.226373672485352
2015-06-01,12.37881088256836,6.21934986114502,1.286933183670044,3.1564600467681885,7.255068778991699,2.923638105392456,5.589009761810303,5.799149513244629,112.82261657714844,12.615401268005373,4.1829681396484375,4.5904412269592285,11.22077465057373
2015-06-02,12.412263870239258,6.374290466308594,1.3405553102493286,3.0916898250579834,7.335309028625488,2.8758840560913086,5.7440338134765625,5.878892421722412,113.02940368652344,12.896721839904783,4.3723859786987305,4.5904412269592285,11.954268455505373
2015-06-03,12.325279235839844,6.143238067626953,1.3472583293914795,3.009647846221924,7.074526309967041,2.8758840560913086,5.564533710479736,5.889070987701416,113.8565444946289,12.5709810256958,4.366070747375488,4.5904412269592285,11.69670867919922
2015-06-04,,,,,,,,,112.73991394042967,,,,
2015-06-05,12.512636184692385,6.069848537445068,1.3418961763381958,3.0722599029541016,7.188200950622559,2.8175172805786133,5.450305938720703,5.917915344238281,112.86394500732422,12.271140098571776,4.268206596374512,4.5904412269592285,11.53433322906494
2015-06-08,12.352043151855469,6.042666435241699,1.2976576089859009,2.9794225692749023,7.201574325561523,2.759150266647339,5.474783420562744,5.912825584411621,112.65717315673828,12.21930980682373,4.277676105499268,4.5904412269592285,11.25437068939209
2015-06-09,12.398881912231444,6.121492862701416,1.289613962173462,2.968627452850342,6.86055326461792,2.732620477676392,5.36871337890625,5.904342174530029,113.02940368652344,12.141583442687988,4.435524940490723,4.5904412269592285,11.187179565429688
2015-06-10,12.552781105041504,6.309053897857666,1.3512802124023438,3.003170967102051,6.940792083740234,2.7060892581939697,5.2708048820495605,5.887374401092529,114.27008056640624,12.496938705444336,4.4670939445495605,4.5904412269592285,11.875877380371094
2015-06-11,12.492560386657717,6.270997047424316,1.3633451461791992,2.9362425804138184,6.807058811187744,2.59466290473938,5.311600208282471,5.743159770965576,113.77381896972656,12.419204711914062,4.4670939445495605,4.5904412269592285,11.943074226379396
2015-06-12,12.539400100708008,6.193886756896973,1.3445769548416138,2.877948760986328,6.532904624938965,2.4513988494873047,5.2708048820495605,5.717710971832275,113.27751922607422,12.289643287658691,4.476564407348633,4.5904412269592285,11.84788417816162
2015-06-15,12.244982719421388,6.182876586914063,1.324468731880188,2.8326098918914795,6.419231414794922,2.435480833053589,5.254485607147217,5.748249530792236,112.5331039428711,12.352578163146973,4.4828782081604,4.5904412269592285,11.388751983642578
2015-06-16,12.532706260681152,6.389340877532959,1.3298310041427612,2.795907497406006,6.466036796569824,2.467317581176758,5.246326923370361,5.82799243927002,112.5744400024414,12.789379119873049,4.634413242340088,4.5904412269592285,11.05840015411377
2015-06-17,12.485869407653809,6.2076520919799805,1.3137446641921997,2.804543256759644,6.452663421630859,2.345278024673462,5.230009078979492,5.955242156982422,112.78124237060548,12.56357479095459,4.574430465698242,4.5904412269592285,10.901623725891112
2015-06-18,12.492560386657717,6.408609867095947,1.3150851726531982,2.901698112487793,6.499471664428711,2.382420301437378,5.327918529510498,5.94675874710083,114.1576156616211,12.874526023864746,4.672297477722168,4.5904412269592285,11.422346115112305
2015-06-19,12.626387596130373,6.364566802978516,1.2949765920639038,2.8239738941192627,6.686697959899902,2.387726306915283,5.2708048820495605,6.01632022857666,113.61541748046876,12.730146408081056,4.58074426651001,4.5904412269592285,11.377553939819336
2015-06-22,12.679911613464355,6.485690116882324,1.3003389835357666,2.9362425804138184,6.566338539123535,2.382420301437378,5.319759845733643,6.085884094238281,114.36617279052734,12.767167091369627,4.593372344970703,4.5904412269592285,11.024803161621094
2015-06-23,12.65315055847168,6.447147846221924,1.3231282234191897,2.8282923698425293,6.700072288513184,2.440787076950073,5.189213752746582,6.057040214538574,114.90838623046876,12.893028259277344,4.530233383178711,4.5904412269592285,11.091992378234863
2015-06-24,12.646458625793455,6.573777198791504,1.3003389835357666,2.599438190460205,6.713443756103516,2.4620108604431152,5.115781307220459,6.006141662597656,113.69886779785156,12.93744945526123,4.615470409393311,4.5904412269592285,11.086396217346191
2015-06-25,12.659841537475586,6.491193771362305,1.3231282234191897,2.491488218307495,6.619829654693604,2.5309898853302,4.911802768707275,5.926398754119873,112.78121948242188,12.715339660644531,4.413425445556641,4.5904412269592285,10.817633628845217
2015-06-26,12.807047843933104,6.74445915222168,1.288273572921753,2.5584166049957275,6.68001127243042,2.674253225326538,4.862847328186035,5.955242156982422,112.98978424072266,12.826394081115724,4.624941825866699,4.5904412269592285,10.985608100891112
2015-06-29,12.686603546142578,6.551756381988525,1.2480571269989014,2.54978084564209,6.606457233428955,2.59466290473938,4.871006965637207,5.936577796936035,111.11287689208984,12.663515090942385,4.435524940490723,4.5904412269592285,10.750442504882812
2015-06-30,12.706680297851562,6.68389368057251,1.2587817907333374,2.560576200485229,6.619829654693604,2.679559230804444,4.797574520111084,5.955242156982422,110.82091522216795,12.667219161987305,4.429211139678955,4.5904412269592285,10.240918159484863
2015-07-01,12.800357818603516,6.598556518554688,1.215883493423462,2.491488218307495,6.646578311920166,2.690171957015991,4.813892364501953,6.12490701675415,111.1962890625,12.739435195922852,4.268206596374512,4.5904412269592285,10.140134811401367
2015-07-02,12.740137100219728,6.579286098480225,1.2225865125656128,2.541144847869873,6.633203983306885,2.653028964996338,4.830211162567139,6.141872406005859,111.6968002319336,12.909789085388184,4.306090354919434,4.5904412269592285,10.11773681640625
2015-07-03,12.813738822937012,6.515969753265381,1.1890729665756226,2.506600856781006,6.559650897979736,2.568132400512696,4.797574520111084,6.177501678466797,,12.78017520904541,4.088259220123291,4.5904412269592285,9.89936637878418
2015-07-06,12.860578536987305,6.565520763397217,1.1676238775253296,2.4893288612365723,6.506157398223877,2.488541841506958,4.895483493804932,6.175806045532227,109.73650360107422,12.561675071716309,4.056689262390137,4.5904412269592285,9.882569313049316
2015-07-07,12.92080020904541,6.447147846221924,1.166283369064331,2.4072864055633545,6.466036796569824,2.4248688220977783,4.80573320388794,6.20634651184082,110.40381622314452,12.609814643859863,4.154555797576904,4.5904412269592285,10.039349555969238
2015-07-08,12.780282974243164,6.375574111938477,1.139472246170044,2.366266250610352,6.37242317199707,2.4620108604431152,4.740460395812988,6.184288501739502,107.98470306396484,12.4653902053833,4.097729206085205,4.5904412269592285,9.608208656311035
2015-07-09,,,,,,,,,108.52692413330078,,,,
2015-07-10,13.001093864440918,6.540745735168457,1.1461750268936155,2.415922880172729,6.37242317199707,2.493847370147705,4.838369846343994,6.23349142074585,109.5696258544922,12.843122482299805,4.189282417297363,4.5904412269592285,9.58021354675293
2015-07-13,13.074698448181152,6.579286098480225,1.1729860305786133,2.4008102416992188,6.338989734649658,2.377113580703736,4.84652853012085,6.223313331604004,110.40381622314452,12.96163845062256,4.189282417297363,4.5904412269592285,10.35849952697754
2015-07-14,13.148301124572754,6.587544918060303,1.1568994522094729,2.4137632846832275,6.285496234893799,2.3611960411071777,5.034189701080322,6.260638236999512,111.1962890625,12.970521926879885,4.265048027038574,4.5904412269592285,9.977755546569824
2015-07-15,13.215215682983398,6.587544918060303,1.152877926826477,2.396491765975952,6.325616836547852,2.382420301437378,4.854687213897705,6.316628456115723,111.65509033203124,12.746469497680664,4.160867691040039,4.5904412269592285,9.58021354675293
2015-07-16,13.201831817626951,6.372820854187012,1.166283369064331,2.359788656234741,6.298870086669922,2.387726306915283,4.797574520111084,6.345469951629639,112.78121948242188,12.78313446044922,4.189282417297363,4.5904412269592285,9.876967430114746
2015-07-17,13.181757926940918,6.221415996551514,1.152877926826477,2.2561564445495605,6.292182445526123,2.3611960411071777,4.740460395812988,6.277604579925537,113.61541748046876,12.705735206604004,3.984079837799072,4.5904412269592285,9.770586013793944
2015-07-20,13.20852279663086,6.064504146575928,1.140812635421753,2.247520446777344,6.185195446014404,2.3505842685699463,4.626233100891113,6.282694816589356,113.19834899902344,12.628336906433104,3.744150876998901,4.5904412269592285,9.692197799682615
2015-07-21,13.128231048583984,6.056244373321533,1.139472246170044,2.143888473510742,6.151762962341309,2.313441276550293,4.667027950286865,6.25215482711792,111.98877716064452,12.522422790527344,3.740994453430176,4.5904412269592285,9.82657527923584
2015-07-22,13.068005561828612,5.764444351196289,1.096574306488037,2.152524948120117,6.151762962341309,2.3028292655944824,4.683346748352051,6.209738731384277,111.07117462158205,12.326881408691406,3.5926172733306885,4.5904412269592285,9.680996894836426
2015-07-23,12.840499877929688,5.6736016273498535,1.1207042932510376,2.076959609985352,6.024715423583984,2.2352890968322754,4.593595504760742,6.074007034301758,109.52796173095705,11.81360149383545,3.564204692840576,4.5904412269592285,9.697794914245604
2015-07-24,12.686603546142578,5.618546485900879,1.118023157119751,1.958214521408081,5.964535236358643,2.110791683197021,4.2917070388793945,6.040074348449707,107.40077209472656,11.760647773742676,3.501064777374268,4.5904412269592285,9.401040077209473
2015-07-27,12.499252319335938,5.789222240447998,1.0858498811721802,1.9949179887771609,5.977908611297607,2.059860944747925,4.422254085540772,5.93827486038208,108.2349624633789,11.736205101013184,3.2895491123199463,4.5904412269592285,9.38424301147461
2015-07-28,12.572856903076172,5.780961036682129,1.127407193183899,2.003554105758667,5.984595775604248,2.037224769592285,4.438571929931641,5.989174842834473,108.86060333251952,11.952106475830078,3.4663381576538086,4.5904412269592285,10.12893295288086
2015-07-29,12.452411651611328,6.036975860595703,1.1622618436813354,1.9387835264205933,6.038088321685791,2.1730403900146484,4.446730613708496,6.10793924331665,109.52796173095705,12.07024383544922,3.725210189819336,4.5904412269592285,10.274513244628906
2015-07-30,12.639765739440918,5.932368278503418,1.1609212160110474,1.99275803565979,5.9979681968688965,2.0655195713043213,4.601754665374756,6.104546546936035,108.94401550292967,11.919519424438477,3.63681435585022,4.5904412269592285,9.770586013793944
2015-07-31,13.027859687805176,6.070013523101807,1.1488561630249023,2.038097620010376,6.218629837036133,2.099473714828491,4.724141597747803,5.93827486038208,108.86060333251952,12.253555297851562,3.6557562351226807,4.5904412269592285,10.005752563476562
2015-08-03,13.11484432220459,6.122313022613525,1.1622618436813354,2.0467336177825928,6.205256938934326,2.0655195713043213,4.781256198883057,5.943365097045898,107.9013214111328,12.194465637207031,3.4663381576538086,4.5904412269592285,9.848973274230955
2015-08-04,13.201831817626951,5.904839515686035,1.152877926826477,2.072641372680664,6.145075798034668,1.924046397209168,4.715982437133789,5.945062160491943,108.0264129638672,11.901008605957031,3.5073800086975098,4.5904412269592285,10.134531021118164
2015-08-05,13.349040031433104,5.973662853240967,1.1676238775253296,2.014348268508911,6.044774532318115,1.980635404586792,4.609913349151611,5.992568492889404,108.86060333251952,11.88063621520996,3.4694952964782715,4.5904412269592285,10.644058227539062
2015-08-06,13.30219841003418,5.80849027633667,1.1997971534729004,1.9323068857192995,5.884294033050537,1.9693176746368408,4.609913349151611,5.831385135650635,108.56861114501952,11.835805892944336,3.6178717613220215,4.5904412269592285,10.963211059570312
2015-08-07,12.967638969421388,5.637814998626709,1.1595808267593384,1.91071617603302,5.616827011108398,1.9466822147369385,4.4875264167785645,5.729586601257324,107.56761932373048,11.489370346069336,3.349530935287476,4.5904412269592285,10.31370735168457
2015-08-10,13.074698448181152,5.786467552185059,1.1930944919586182,1.904239535331726,5.616827011108398,1.924046397209168,4.446730613708496,5.598945140838623,109.44454956054688,11.640174865722656,3.4758095741271973,4.5904412269592285,10.834433555603027
2015-08-11,13.201831817626951,5.858041763305664,1.1461750268936155,1.9431016445159912,5.543272972106934,1.924046397209168,4.414093971252441,5.658328533172607,107.23391723632812,11.615716934204102,3.4631826877593994,4.5904412269592285,10.414493560791016
2015-08-12,12.646458625793455,5.5992751121521,1.1488561630249023,2.035938262939453,5.4028520584106445,1.963658690452576,4.324344158172607,5.5904622077941895,107.8595733642578,11.281505584716797,3.482123374938965,4.5904412269592285,10.593666076660156
2015-08-13,12.485869407653809,5.354274272918701,1.1354507207870483,2.001394510269165,5.436285495758057,1.9183870553970337,4.275388717651367,5.685473442077637,107.56761932373048,11.0198392868042,3.340060472488404,4.5904412269592285,10.347302436828612
2015-08-14,12.418959617614746,5.312979698181152,1.122044801712036,1.9431016445159912,5.416225433349609,2.008929967880249,4.283547878265381,5.802543640136719,108.77718353271484,11.007455825805664,3.267451286315918,4.5904412269592285,10.19052505493164
2015-08-17,12.439029693603516,5.224887847900391,1.0925525426864624,1.9733270406723025,5.4496588706970215,1.8900924921035769,4.226434230804443,6.021411418914795,109.31937408447266,10.891898155212402,3.22009539604187,4.5904412269592285,10.08413791656494
2015-08-18,12.499252319335938,5.401069641113281,1.0509953498840332,2.007871627807617,5.416225433349609,1.8561384677886963,4.161160945892334,6.057040214538574,108.7354507446289,11.073493957519531,3.163270950317383,4.5904412269592285,9.753788948059082
2015-08-19,12.124539375305176,5.067976951599121,1.0148004293441772,1.915034294128418,5.349358081817627,1.776913046836853,4.02245569229126,6.034984111785889,107.31735229492188,10.84648895263672,3.084347724914551,4.5904412269592285,9.429035186767578
2015-08-20,12.36542797088623,5.120283126831055,1.02016282081604,1.960373878479004,5.4496588706970215,1.7995489835739136,4.071410655975342,5.953544616699219,105.06507873535156,10.871258735656738,3.059091806411743,4.5904412269592285,9.613808631896973
2015-08-21,12.084393501281738,5.109267711639404,0.9826270937919616,1.8826494216918943,5.376105785369873,1.782571792602539,4.02245569229126,5.839869022369385,102.5625457763672,10.896025657653809,2.904400110244751,4.5904412269592285,9.350647926330566
2015-08-24,12.097774505615234,4.973635673522949,0.931685745716095,1.7056111097335815,5.342671871185303,1.8731156587600708,3.85111403465271,5.683777332305908,99.5594711303711,10.67314910888672,2.746551990509033,4.5904412269592285,8.622751235961914
2015-08-25,12.251673698425291,4.909835338592529,0.9357078075408936,1.737996220588684,5.496465682983398,1.7938899993896484,3.867432594299317,5.8754987716674805,97.0569305419922,10.652510643005373,2.8033769130706787,4.5904412269592285,8.594755172729492
2015-08-26,12.6196928024292,5.1511664390563965,0.94643235206604,1.6948164701461792,5.442973136901856,1.816525936126709,3.940864324569702,5.93827486038208,100.14339447021484,11.296368598937988,2.8823015689849854,4.5904412269592285,8.9027099609375
2015-08-27,12.753517150878906,5.334245681762695,1.0188223123550415,1.744473218917847,5.643572807312012,1.8957514762878416,4.11220645904541,6.057040214538574,104.31431579589844,11.696712493896484,3.207468271255493,4.5904412269592285,9.904966354370115
2015-08-28,12.8739595413208,5.209417819976807,1.005416750907898,1.6948164701461792,5.610139846801758,1.822184681892395,4.02245569229126,6.023107051849365,104.93994140625,11.362403869628906,3.2453513145446777,4.5904412269592285,9.692197799682615
2015-08-31,12.77359390258789,4.945896148681641,1.0724443197250366,1.6235692501068115,5.616827011108398,1.907069087028504,4.063251972198486,5.997657775878906,103.52181243896484,10.957927703857422,3.3526883125305176,4.5904412269592285,10.033747673034668
2015-09-01,12.519323348999023,4.818294525146484,1.06976318359375,1.597661375999451,5.275804996490479,1.7995489835739136,3.965341091156006,5.751644134521484,99.6011962890625,10.703961372375488,3.141171455383301,4.5904412269592285,9.57461166381836
2015-09-02,12.807047843933104,4.826618194580078,1.1059582233428955,1.617092490196228,5.335986137390137,1.8052078485488887,3.924546003341675,5.643057823181152,102.4791259765625,10.95586109161377,3.22009539604187,4.5904412269592285,10.140134811401367
2015-09-03,13.134920120239258,4.945896148681641,1.108639359474182,1.6451588869094849,5.342671871185303,1.907069087028504,4.1040472984313965,5.721104145050049,102.22886657714844,11.37296199798584,3.2327253818511963,4.5904412269592285,10.487284660339355
2015-09-04,13.282126426696776,4.726757049560547,1.0818281173706057,1.6041380167007446,5.342671871185303,1.8335026502609253,4.15300178527832,5.548045635223389,100.1016845703125,10.91043472290039,3.12538743019104,4.5904412269592285,10.21292209625244
2015-09-08,13.121535301208496,4.743398666381836,1.118023157119751,1.5220961570739746,5.315924644470215,1.7882307767868042,4.0550923347473145,5.510719299316406,104.10575103759766,11.030196189880373,3.1727418899536133,4.5904412269592285,10.59926414489746
2015-09-09,12.95296573638916,4.757269859313965,1.1059582233428955,1.5415269136428833,5.1955647468566895,1.8957514762878416,3.997978448867798,5.531079292297363,102.39569091796876,11.154083251953123,3.055934429168701,4.5904412269592285,10.6720552444458
2015-09-10,12.925994873046877,4.674052715301514,1.152877926826477,1.5695942640304563,5.309239387512207,1.8391616344451904,3.9898195266723633,5.436066627502441,102.93789672851562,10.931090354919434,2.939127206802368,4.5904412269592285,11.164783477783203
2015-09-11,12.716967582702637,4.549224376678467,1.1461750268936155,1.5760712623596191,5.188878059387207,1.9693176746368408,4.136683940887451,5.654934406280518,104.06404876708984,10.951737403869627,2.781279802322388,4.5904412269592285,10.890422821044922
2015-09-14,12.716967582702637,4.8159894943237305,1.0885311365127563,1.5587986707687378,5.282491683959961,1.9579999446868896,4.234593868255615,5.843262195587158,103.31328582763672,11.39360523223877,2.787593364715576,4.5904412269592285,10.722447395324709
2015-09-15,12.85182285308838,4.990808963775635,1.0737848281860352,1.56527578830719,5.356045246124268,2.082497358322144,4.356980323791504,5.826296329498291,105.52389526367188,11.674415588378906,2.756022930145264,4.5904412269592285,10.414493560791016
2015-09-16,13.114795684814451,5.038742065429688,1.096574306488037,1.6019785404205322,5.603453636169434,2.150404453277588,4.5120038986206055,6.006141662597656,108.15151977539062,11.868508338928224,2.9927945137023926,4.5904412269592285,10.660856246948242
2015-09-17,13.141766548156738,5.027462959289551,1.115342140197754,1.610614776611328,5.643572807312012,2.178699016571045,4.503844738006592,6.023107051849365,106.67864990234376,11.971753120422363,2.929656744003296,4.5904412269592285,10.91281795501709
2015-09-18,13.128280639648438,4.74549674987793,1.1126608848571775,1.5156192779541016,5.697067260742188,2.105132818222046,4.283547878265381,5.824599266052246,104.3641357421875,11.500971794128418,2.8128483295440674,4.5904412269592285,11.147984504699709
2015-09-21,13.033880233764648,4.593235492706299,1.0979149341583252,1.5501631498336792,5.677006244659424,2.0655195713043213,4.356980323791504,5.765217304229736,105.58452606201172,11.244935989379885,2.721296548843384,4.5904412269592285,11.159183502197266
2015-09-22,13.081079483032228,4.590414524078369,1.0603793859481812,1.5264137983322144,5.529900550842285,2.0202486515045166,4.144843101501465,5.848353385925293,105.66866302490234,11.35230827331543,2.636059045791626,4.5904412269592285,10.89601993560791
2015-09-23,12.925994873046877,4.426876068115234,1.0563578605651855,1.5113013982772827,5.516526699066162,1.9976128339767456,4.15300178527832,5.802543640136719,105.7949447631836,10.902185440063477,2.6076467037200928,4.5904412269592285,10.58246612548828
2015-09-24,12.892282485961914,4.435334205627441,1.0523358583450315,1.4832340478897097,5.516526699066162,1.9976128339767456,4.079569339752197,5.768610000610352,104.8270263671875,11.026067733764648,2.620274066925049,4.5904412269592285,10.330504417419434
2015-09-25,13.013648986816406,4.299990177154541,1.008097767829895,1.4681212902069092,5.549959182739258,2.059860944747925,4.218276023864746,5.687170505523682,104.86911010742188,10.757644653320312,2.550820589065552,4.5904412269592285,10.039349555969238
2015-09-28,13.000168800354004,4.085694789886475,0.9839677810668944,1.4443718194961548,5.523212432861328,2.088155508041382,4.11220645904541,5.651541233062744,102.30209350585938,10.74938678741455,2.4213860034942627,4.5904412269592285,9.289055824279783
2015-09-29,13.05411148071289,4.04058313369751,0.94643235206604,1.4400537014007568,5.536585807800293,2.076838254928589,4.169320106506348,5.7550368309021,103.39625549316406,10.703961372375488,2.4782114028930664,4.5904412269592285,9.227462768554688
2015-09-30,13.094566345214844,4.285889148712158,0.9853085279464722,1.5091421604156494,5.529900550842285,2.0485432147979736,4.283547878265381,5.744856834411621,106.131591796875,10.947606086730955,2.6960415840148926,4.5904412269592285,9.283455848693848
2015-10-01,13.283365249633787,4.204121112823486,1.032227635383606,1.4918701648712158,5.469719886779785,2.037224769592285,4.242752552032471,5.69735050201416,106.0053482055664,11.106688499450684,2.6423730850219727,4.5904412269592285,9.641802787780762
2015-10-02,13.526105880737305,4.488908767700195,1.0215033292770386,1.5177781581878662,5.570019245147705,2.0485432147979736,4.569117546081543,5.848353385925293,107.1836395263672,11.5570707321167,2.888615608215332,4.5904412269592285,9.977755546569824
2015-10-05,13.721650123596191,4.556581020355225,1.0188223123550415,1.5328909158706665,5.783994197845459,2.178699016571045,4.724141597747803,5.777093410491943,112.86473846435548,11.800846099853516,2.9675395488739014,4.5904412269592285,10.156929969787598
2015-10-06,13.411479949951172,4.660906791687012,1.0389305353164673,1.5048235654830933,5.884294033050537,2.150404453277588,4.552801132202148,5.768610000610352,114.84261322021484,11.908288955688477,3.122230768203736,4.5904412269592285,10.252114295959473
2015-10-07,13.485651969909668,5.05565881729126,1.0925525426864624,1.5264137983322144,5.837487697601318,2.223970413208008,4.609913349151611,5.853441715240479,116.86255645751952,12.24710464477539,3.2832350730896,4.5904412269592285,11.282366752624512
2015-10-08,13.269878387451172,4.982348442077637,1.0992553234100342,1.5220961570739746,5.890982627868652,2.3371500968933105,4.577278137207031,5.822901725769043,117.9567413330078,12.29255485534668,3.393728017807007,4.5904412269592285,11.231974601745604
2015-10-09,13.3440523147583,5.219201564788818,1.0992553234100342,1.554481029510498,6.051462173461914,2.30319619178772,4.691505432128906,5.867015838623047,118.12505340576172,12.209915161132812,3.381100654602051,4.5904412269592285,11.640714645385742
2015-10-12,,,,,,,,,118.20919036865234,,,,
2015-10-13,12.609086036682127,4.784971714019775,1.0107789039611816,1.56527578830719,5.984595775604248,2.286219358444214,4.544641494750977,5.853441715240479,117.2834243774414,11.5570707321167,3.106445789337158,4.5904412269592285,10.403295516967772
2015-10-14,12.406795501708984,4.739857196807861,1.0188223123550415,1.548004150390625,5.957848072052002,2.308855056762696,4.389617443084717,5.794058799743652,116.1471710205078,11.449639320373535,3.018051147460937,4.5904412269592285,10.47048568725586
2015-10-15,12.885538101196287,4.67218542098999,1.032227635383606,1.567434549331665,5.911041259765625,2.19567608833313,4.397776126861572,5.872106075286865,117.9567413330078,11.259563446044922,3.0496201515197754,4.5904412269592285,10.621662139892578
2015-10-16,13.006908416748049,4.590414524078369,1.0241843461990356,1.5350502729415894,6.078209400177002,2.167381048202514,4.242752552032471,5.8364763259887695,121.9545669555664,11.090153694152832,3.0622479915618896,4.5904412269592285,10.520914077758787
2015-10-19,13.128280639648438,4.793431758880615,1.0241843461990356,1.5436863899230957,6.185195446014404,2.1900172233581543,4.201956748962402,5.958633899688721,121.99658966064452,11.354601860046388,3.0527772903442383,4.5904412269592285,10.166791915893556
2015-10-20,13.20245361328125,4.638349533081055,0.9678810834884644,1.6322048902511597,6.151762962341309,2.167381048202514,4.234593868255615,5.921308994293213,121.11292266845705,11.12321662902832,3.093818187713623,4.5904412269592285,10.058269500732422
2015-10-21,13.283365249633787,4.694742679595947,0.966540515422821,1.65379536151886,6.145075798034668,2.099473714828491,4.079569339752197,5.707530498504639,121.40750885009766,11.040572166442873,2.995952606201172,4.5904412269592285,10.332427978515623
2015-10-22,13.256394386291504,4.765235424041748,0.978605568408966,1.6775447130203247,6.285496234893799,2.1277687549591064,4.242752552032471,5.805936336517334,124.4794692993164,11.27196216583252,3.0875039100646973,4.5904412269592285,10.572317123413086
2015-10-23,13.33056640625,4.700381755828857,0.9584972262382508,1.6192511320114136,6.258748531341553,2.150404453277588,4.2917070388793945,5.800846099853516,124.18492126464844,11.197593688964844,3.059091806411743,4.5904412269592285,10.623724937438965
2015-10-26,13.269878387451172,4.607334613800049,0.9357078075408936,1.563117265701294,6.211942195892334,2.082497358322144,4.169320106506348,5.885679244995117,124.35324096679688,11.032313346862791,3.0338354110717773,4.5904412269592285,10.20106029510498
2015-10-27,13.357539176940918,4.66936731338501,0.9115775227546692,1.5264137983322144,6.312243461608887,2.0655195713043213,4.218276023864746,5.9705119132995605,123.97452545166016,10.970327377319336,2.9170286655426025,4.5904412269592285,9.726991653442385
2015-10-28,13.242908477783203,4.590414524078369,0.8981720209121704,1.5523217916488647,6.338989734649658,2.1277687549591064,4.071410655975342,6.034984111785889,123.67993927001952,11.04471206665039,2.9675395488739014,4.5904412269592285,9.46425437927246
2015-10-29,12.811368942260742,4.370481014251709,0.8794044852256775,1.5177781581878662,6.185195446014404,1.9976128339767456,4.0550923347473145,5.8822855949401855,123.46949005126952,10.74307918548584,2.9359703063964844,4.5904412269592285,9.218649864196776
2015-10-30,12.872055053710938,4.503007888793945,0.9129181504249572,1.5458449125289917,5.991281509399414,2.003271579742432,4.095888614654541,5.834779739379883,121.7020263671875,10.937274932861328,2.961225271224976,4.5904412269592285,9.744126319885254
2015-11-02,,,,,,,,,123.72201538085938,,,,
2015-11-03,13.215934753417969,4.90057897567749,0.999426007270813,1.6322048902511597,6.191883087158203,2.0655195713043213,4.422254085540772,5.931488037109375,124.5215301513672,11.64217472076416,3.333747148513794,4.5904412269592285,10.13823127746582
2015-11-04,13.215934753417969,4.92031717300415,0.975379765033722,1.6818619966506958,6.285496234893799,2.133427381515503,4.4875264167785645,6.099456310272217,124.31116485595705,11.67110824584961,3.122230768203736,4.5904412269592285,9.938322067260742
2015-11-05,13.121536254882812,5.159987926483154,0.9633563756942748,1.7207237482070925,6.412543773651123,2.252265453338623,4.854687213897705,6.150355815887451,124.7319793701172,11.811675071716309,3.12538743019104,4.5904412269592285,9.681297302246094
2015-11-06,12.791136741638184,4.906217575073242,0.91676664352417,1.606297254562378,6.218629837036133,2.133427381515503,4.732300281524658,6.167322635650635,125.9102783203125,11.633904457092283,3.024365425109864,4.5904412269592285,8.950201988220215
2015-11-09,12.609086036682127,4.838546752929688,0.9062466025352478,1.597661375999451,6.0648345947265625,2.1560635566711426,4.65070915222168,6.094366073608398,125.19486236572266,11.336233139038086,2.926499843597412,4.5904412269592285,8.818833351135254
2015-11-10,12.575364112854004,4.830087184906006,0.9212754964828492,1.6192511320114136,5.957848072052002,2.105132818222046,4.936279296875,6.219918251037598,126.75189971923828,11.40651798248291,2.907557487487793,4.5904412269592285,8.784564018249512
2015-11-11,12.85182285308838,4.8667426109313965,0.943819224834442,1.6645902395248413,6.084895610809326,2.2296295166015625,5.132098197937012,6.253852367401123,129.0664520263672,11.716597557067873,2.92334246635437,4.5904412269592285,8.750292778015137
2015-11-12,12.737194061279297,4.852643966674805,0.913761019706726,1.608456254005432,6.071521282196045,2.212653398513794,5.0178704261779785,6.311538219451904,126.92025756835938,11.749663352966309,2.847575426101685,4.5904412269592285,8.596076965332031
2015-11-13,12.878795623779297,4.813169002532959,0.9122582674026488,1.5803892612457275,6.044774532318115,2.178699016571045,5.148417949676514,6.3709211349487305,127.42525482177734,11.423059463500977,2.771808385848999,4.5904412269592285,8.778850555419922
2015-11-16,12.845081329345703,4.878020286560059,0.892720639705658,1.5760712623596191,5.817427158355713,2.201335191726685,5.107621669769287,6.350560665130615,127.76194763183594,11.745535850524902,2.961225271224976,4.5904412269592285,8.596076965332031
2015-11-17,12.892282485961914,4.965431213378906,0.8791944980621338,1.5372092723846436,5.737187385559082,2.269243001937866,4.895483493804932,6.284390926361084,127.59357452392578,11.828222274780272,2.9738540649414062,4.5904412269592285,8.29335880279541
2015-11-18,12.925994873046877,5.002087116241455,0.8882118463516235,1.5523217916488647,5.650259971618652,2.1560635566711426,4.97707462310791,6.2911787033081055,128.4352264404297,11.79927921295166,3.005423784255981,4.5904412269592285,8.33333969116211
2015-11-19,13.047368049621582,5.281234264373779,0.8761886358261108,1.567434549331665,5.650259971618652,2.19567608833313,5.132098197937012,6.272514820098877,127.38316345214844,12.121749877929688,3.0022661685943604,4.5904412269592285,8.361898422241211
2015-11-20,,,,,,,,,129.02432250976562,,,,
2015-11-23,12.85182285308838,5.236118793487549,0.849136471748352,1.5782300233840942,5.529900550842285,2.1277687549591064,5.034189701080322,6.264032363891602,128.7297821044922,12.117610931396484,3.109602689743042,4.5904412269592285,8.139143943786621
2015-11-24,12.770907402038574,5.293266296386719,0.8326043486595154,1.5911842584609983,5.442973136901856,2.0655195713043213,5.17289400100708,6.3369879722595215,129.02432250976562,12.1341552734375,3.2990198135375977,4.5904412269592285,8.264801025390625
2015-11-25,12.541654586791992,4.95176362991333,0.8115639686584473,1.5458449125289917,5.322612762451172,2.059860944747925,4.952598571777344,6.172413349151611,127.76194763183594,11.538816452026367,3.0496201515197754,4.5904412269592285,8.030621528625488
2015-11-26,12.68325424194336,5.079826354980469,0.7965349555015564,1.5782300233840942,5.42291259765625,2.0655195713043213,4.887324333190918,6.180896282196045,,11.70832633972168,3.0622479915618896,4.5904412269592285,8.104874610900879
2015-11-27,12.521422386169434,4.920461177825928,0.7484422326087952,1.5026648044586182,5.349358081817627,2.014589071273804,4.871006965637207,5.907735347747803,127.76194763183594,11.398253440856934,2.945441246032715,4.5904412269592285,7.59653377532959
2015-11-30,12.568625450134276,4.635876178741455,0.7168815732002258,1.4249413013458252,4.941469192504883,1.963658690452576,4.724141597747803,5.955242156982422,125.9944076538086,11.489202499389648,2.9706954956054688,4.5904412269592285,7.522281646728516
2015-12-01,12.629310607910156,4.635876178741455,0.7228931784629822,1.33858060836792,5.021710395812988,2.037224769592285,4.503844738006592,5.826296329498291,126.96231079101562,11.578133583068848,2.9170286655426025,4.5904412269592285,7.33379602432251
2015-12-02,12.433771133422852,4.672869682312012,0.7213903665542603,1.3817609548568726,5.262432098388672,1.980635404586792,4.707823753356934,5.782183170318604,126.12065887451172,11.209991455078123,2.9896388053894043,4.5904412269592285,7.390913486480713
2015-12-03,12.642797470092772,5.065598011016846,0.7198872566223145,1.3817609548568726,5.269118785858154,2.105132818222046,4.887324333190918,5.963724136352539,126.3731918334961,11.921473503112791,3.093818187713623,4.5904412269592285,7.350931167602539
2015-12-04,12.501198768615724,4.9289984703063965,0.6763034462928772,1.3601709604263306,5.155444622039795,2.1390864849090576,4.569117546081543,5.926398754119873,128.3089599609375,11.65672779083252,2.8823015689849854,4.5904412269592285,7.053925037384033
2015-12-07,12.541654586791992,4.9090752601623535,0.6838178038597107,1.3558529615402222,5.175504207611084,2.1617226600646973,4.577278137207031,5.999354362487793,127.8040008544922,11.569870948791504,2.727611303329468,4.5904412269592285,6.9739603996276855
2015-12-08,12.231483459472656,4.860697269439697,0.6462455987930298,1.32346773147583,5.182191371917725,2.1560635566711426,4.463050365447998,6.006141662597656,127.04649353027344,11.437500953674316,2.6960415840148926,4.5904412269592285,6.654107570648193
2015-12-09,12.460742950439451,5.35018253326416,0.6552630066871643,1.3731251955032349,5.282491683959961,2.082497358322144,4.65886926651001,6.158840179443359,128.224853515625,12.057985305786133,2.986481189727783,4.5904412269592285,6.8997087478637695
2015-12-10,12.339367866516112,5.122514247894287,0.6537600159645081,1.353693962097168,5.275804996490479,2.037224769592285,4.732300281524658,6.065524101257324,128.98228454589844,11.99923038482666,2.904400110244751,4.5904412269592285,7.23669958114624
2015-12-11,12.325886726379396,5.02291202545166,0.6672860383987427,1.316990852355957,5.282491683959961,2.0542023181915283,4.740460395812988,6.082490921020508,127.341064453125,11.99923038482666,2.7939064502716064,4.5904412269592285,6.9739603996276855
2015-12-14,12.17080020904541,4.81028938293457,0.6732974648475647,1.2435848712921145,5.155444622039795,2.008929967880249,4.577278137207031,5.955242156982422,127.341064453125,11.715917587280272,2.768651008605957,4.5904412269592285,7.116753101348877
2015-12-15,12.03594207763672,4.8449788093566895,0.6898295283317566,1.2932415008544922,5.228997707366943,2.003271579742432,4.724141597747803,5.94675874710083,127.59357452392578,11.790912628173828,2.8728318214416504,4.5904412269592285,7.356644630432129
2015-12-16,12.231483459472656,4.769816875457764,0.6642804145812988,1.364488959312439,5.222311019897461,2.008929967880249,4.707823753356934,5.939971446990967,130.3710174560547,11.711748123168944,2.8254756927490234,4.5904412269592285,7.567975997924805
2015-12-17,12.238229751586914,4.738018989562988,0.6763034462928772,1.3450582027435305,5.242371559143066,2.031566381454468,4.773095607757568,5.9484543800354,129.52310180664062,11.911738395690918,2.7844350337982178,4.5904412269592285,7.276679515838623
2015-12-18,12.002227783203123,4.610823631286621,0.6612745523452759,1.3061954975128174,5.0551438331604,2.003271579742432,4.65886926651001,5.885679244995117,128.3783416748047,11.220114707946776,2.73392391204834,4.5904412269592285,7.362354755401611
2015-12-21,12.137085914611816,4.310182094573975,0.6312167048454285,1.3277860879898071,5.015024185180664,1.980635404586792,4.495685577392578,5.921308994293213,128.8870849609375,11.011788368225098,2.623431444168091,4.5904412269592285,7.019653797149658
2015-12-22,12.205081939697266,4.336197853088379,0.6432396769523621,1.2954007387161257,4.961530208587647,2.003271579742432,4.569117546081543,5.868711471557617,129.26864624023438,11.082629203796388,2.6960415840148926,4.5904412269592285,7.168157577514648
2015-12-23,12.375067710876465,4.292835235595703,0.6612745523452759,1.334262728691101,4.94815731048584,2.0202486515045166,4.536482334136963,5.994265079498291,131.21897888183594,11.040963172912598,2.8033769130706787,4.5904412269592285,7.550840377807617
2015-12-24,,,,,,,,,130.7101593017578,,,,
2015-12-28,12.334268569946287,4.330417633056641,0.6552630066871643,1.33858060836792,4.968216419219971,2.0655195713043213,4.528322219848633,5.969539642333984,131.00698852539062,10.999296188354492,2.7181396484375,4.5904412269592285,7.2195634841918945
2015-12-29,12.375067710876465,4.278382301330566,0.6567656993865967,1.334262728691101,4.94815731048584,2.008929967880249,4.609913349151611,5.930141925811768,132.61802673339844,11.007631301879885,2.705511569976806,4.5904412269592285,7.265257358551025
2015-12-30,12.1370849609375,4.261036396026611,0.6672860383987427,1.32346773147583,5.015024185180664,1.986294388771057,4.699665069580078,5.865050792694092,131.6428680419922,10.970132827758787,2.705511569976806,4.5904412269592285,7.442317962646484
2015-12-31,,,,,,,,,132.06690979003906,,,,
2016-01-04,11.701918601989746,4.11649751663208,0.6432396769523621,1.2545238733291626,4.867916584014893,1.935364007949829,4.430413722991943,5.652647972106934,130.20143127441406,10.476131439208984,2.737081289291382,4.5904412269592285,7.248120307922363
2016-01-05,11.885503768920898,4.130950450897217,0.6327194571495056,1.2190600633621216,5.0885772705078125,1.924046397209168,4.528322219848633,5.926716327667236,130.32861328125,10.563676834106444,2.667628049850464,4.5904412269592285,7.151023387908936
2016-01-06,11.769914627075195,4.130950450897217,0.6041641235351562,1.156998872756958,4.894662857055664,1.822184681892395,4.446730613708496,5.960975646972656,128.25112915039062,10.52198314666748,2.544507503509521,4.5904412269592285,6.625548362731934
2016-01-07,11.45713710784912,4.032663822174072,0.569597601890564,1.092721700668335,4.921410083770752,1.748618245124817,4.226434230804443,5.796535491943359,122.82434844970705,10.321889877319336,2.47189736366272,4.5904412269592285,6.231442451477051
2016-01-08,11.606724739074709,4.032663822174072,0.5440484881401062,1.0417424440383911,5.015024185180664,1.844820737838745,4.11220645904541,5.875328063964844,120.61968994140624,10.326059341430664,2.481368064880371,4.5904412269592285,6.020110130310059
2016-01-11,11.423137664794922,3.917032241821289,0.5395396947860718,1.0550411939620972,5.008337020874023,1.9183870553970337,4.079569339752197,5.865050792694092,121.17081451416016,10.205158233642578,2.392972946166992,4.5904412269592285,5.848760604858398
2016-01-12,11.545530319213867,3.781164407730103,0.4989615678787231,1.074989914894104,5.041770935058594,1.924046397209168,4.185638904571533,5.906161308288574,121.42520141601562,10.251021385192873,2.2098701000213623,4.5904412269592285,5.374690532684326
2016-01-13,11.443537712097168,3.7117865085601807,0.4508689939975738,1.039526343345642,5.075203895568848,1.907069087028504,4.120366096496582,5.926716327667236,119.72933197021484,10.092599868774414,2.146730899810791,4.5904412269592285,5.140510559082031
2016-01-14,11.45713710784912,3.919924736022949,0.471909612417221,1.0240106582641602,4.981590270996094,1.8731156587600708,4.038774490356445,5.79824686050415,123.20587921142578,10.23851203918457,2.282479763031006,4.5904412269592285,5.511769771575928
2016-01-15,11.28034782409668,3.76960039138794,0.4508689939975738,0.9974130392074584,4.847856044769287,1.8391616344451904,4.087728500366211,5.69547176361084,120.78923797607422,9.971710205078123,2.1183178424835205,4.5904412269592285,5.351842880249023
2016-01-18,11.042366027832031,3.7464754581451416,0.4734123647212982,0.9974130392074584,4.767616271972656,1.7938899993896484,4.11220645904541,5.6971845626831055,,9.854981422424316,1.9888830184936523,4.5904412269592285,5.077683925628662
2016-01-19,11.389141082763672,3.7117865085601807,0.4613892436027527,0.9508671760559082,4.881289005279541,1.8504793643951416,4.071410655975342,5.69547176361084,120.78923797607422,9.754932403564451,1.9415287971496584,4.5904412269592285,5.243321418762207
2016-01-20,11.24635124206543,3.677095413208008,0.4373429417610168,0.9641661047935486,4.827795505523682,1.7712538242340088,4.071410655975342,5.678343296051025,118.71177673339844,9.617366790771484,1.872075438499451,4.5904412269592285,5.2604570388793945
2016-01-21,11.096762657165527,3.674205303192138,0.4283255040645599,0.9685985445976256,4.881289005279541,1.7599363327026367,4.1040472984313965,5.789682388305664,121.21321105957033,9.638206481933594,1.985725998878479,4.5904412269592285,5.220474720001221
2016-01-22,11.45713710784912,3.75803804397583,0.4298285245895386,0.9907636642456056,4.821109294891357,1.8844332695007324,4.242752552032471,5.8599114418029785,119.72933197021484,9.729918479919434,1.960470080375672,4.5904412269592285,5.157647132873535
2016-01-25,,,,,,,,,118.88138580322266,,,,
2016-01-26,11.450336456298828,3.726240634918213,0.4042788743972778,0.9863306283950806,4.647255420684815,1.8787739276885984,3.981660842895508,5.810237884521484,120.02611541748048,9.83414077758789,1.881546139717102,4.5904412269592285,5.111952781677246
2016-01-27,12.116687774658203,3.671313762664795,0.4223138689994812,1.088288426399231,4.821109294891357,1.861797332763672,4.348820686340332,5.882181167602539,118.71177673339844,9.871665000915527,2.06464958190918,4.5904412269592285,5.374690532684326
2016-01-28,12.16427993774414,3.752256631851196,0.4178049266338348,1.183596968650818,4.714122772216797,1.82784366607666,4.495685577392578,5.9369940757751465,119.60211944580078,9.938356399536133,2.058335781097412,4.5904412269592285,5.328996658325195
2016-01-29,12.687844276428224,4.003756523132324,0.4313313066959381,1.3099356889724731,4.780989646911621,1.867456555366516,4.74862003326416,6.195645809173584,123.37548828125,10.401092529296877,2.18777084350586,4.5904412269592285,5.551753044128418
2016-02-01,12.59882640838623,4.0933709144592285,0.4478631913661957,1.4739550352096558,4.881289005279541,1.8335026502609253,4.830211162567139,6.226478099822998,121.42520141601562,10.624260902404783,2.077277898788452,4.5904412269592285,5.426095485687256
2016-02-02,12.31124782562256,3.786945819854736,0.4208110272884369,1.163648247718811,4.914722919464111,1.782571792602539,4.732300281524658,6.106573104858398,119.72933197021484,9.860915184020996,1.9004881381988523,4.5904412269592285,4.912045001983643
2016-02-03,12.393415451049805,3.836089849472046,0.4358400702476501,1.21019446849823,4.914722919464111,1.935364007949829,4.724141597747803,6.149395942687988,121.55242919921876,10.098672866821287,1.95099937915802,4.5904412269592285,5.146223068237305
2016-02-04,12.571441650390623,3.989303588867188,0.4794239401817322,1.2124109268188477,5.08189058303833,2.037224769592285,4.936279296875,6.241893768310547,123.71469116210938,10.244670867919922,2.105690717697144,4.5904412269592285,5.905876159667969
2016-02-05,12.420802116394045,3.9575035572052,0.4809268116950989,1.289987564086914,5.289178371429443,2.059860944747925,4.911802768707275,6.236755847930908,121.00125122070312,10.344780921936035,2.0172955989837646,4.5904412269592285,5.843048572540283
2016-02-08,,,,,,,,,119.4325942993164,,,,
2016-02-09,,,,,,,,,119.89892578125,,,,
2016-02-10,12.283859252929688,3.9575035572052,0.4824297130107879,1.407461166381836,5.309239387512207,2.0655195713043213,4.797574520111084,6.178516387939453,119.98369598388672,10.39483642578125,1.932057857513428,4.5904412269592285,5.825912952423096
2016-02-11,12.222233772277832,3.775383234024048,0.446360319852829,1.294420599937439,5.1955647468566895,2.008929967880249,4.830211162567139,6.135692596435547,116.37995147705078,10.086161613464355,1.8657617568969729,4.5904412269592285,5.6374287605285645
2016-02-12,12.270164489746094,3.75803804397583,0.4899442195892334,1.2855545282363892,5.215624809265137,2.008929967880249,4.732300281524658,6.139118671417236,119.81414794921876,10.165416717529297,1.992039918899536,4.5904412269592285,5.854472160339356
2016-02-15,12.270164489746094,3.79851007461548,0.5004644989967346,1.2988533973693848,5.282491683959961,2.042884111404419,4.756779193878174,6.181942462921143,,10.132044792175291,2.0299229621887207,4.5904412269592285,6.002975463867188
2016-02-16,12.304402351379396,3.873670816421509,0.5350309610366821,1.340965986251831,5.4496588706970215,2.1617226600646973,4.756779193878174,6.190506935119629,122.35799407958984,10.378149032592772,1.985725998878479,4.5904412269592285,6.448488235473633
2016-02-17,12.502969741821287,3.8621068000793457,0.5560715794563293,1.3586981296539309,5.429598808288574,2.19567608833313,4.97707462310791,6.284717082977295,124.39300537109376,10.490775108337402,2.1404170989990234,4.5904412269592285,6.802610397338867
2016-02-18,12.59882640838623,3.7204556465148926,0.5124876499176025,1.4030277729034424,5.349358081817627,2.20699405670166,4.936279296875,6.322402000427246,123.29069519042967,10.278039932250977,2.083591222763061,4.5904412269592285,6.574142932891846
2016-02-19,12.54405117034912,3.760929107666016,0.5275166034698486,1.3276673555374146,5.436285495758057,2.223970413208008,4.919960975646973,6.330965518951416,123.03632354736328,10.399908065795898,2.0141384601593018,4.5904412269592285,6.756916522979736
2016-02-22,12.728925704956056,3.9343764781951904,0.5846266150474548,1.3786462545394895,5.496465682983398,2.320173740386963,5.164735794067383,6.385780334472656,124.68980407714844,10.81984519958496,2.3393049240112305,4.5904412269592285,7.505147457122803
2016-02-23,12.502969741821287,3.908361434936523,0.5680946707725525,1.336533546447754,5.369418621063232,2.3541271686553955,4.903643608093262,6.356660842895508,123.88427734375,10.665583610534668,2.2351253032684326,4.5904412269592285,7.071059226989746
2016-02-24,12.448192596435549,3.7782740592956543,0.5410426259040833,1.265606164932251,5.349358081817627,2.4446702003479004,4.65886926651001,6.384067058563232,122.78192138671876,10.57559299468994,2.219341278076172,4.5904412269592285,6.688377380371094
2016-02-25,12.126373291015623,3.792726516723633,0.5245108008384705,1.3298841714859009,5.335986137390137,2.540872812271118,4.707823753356934,6.503971576690674,124.91876983642578,10.58415985107422,2.2035558223724365,4.5904412269592285,6.294270038604736
2016-02-26,12.071599006652832,3.815855264663696,0.5215049386024475,1.265606164932251,5.4496588706970215,2.6597108840942383,4.552801132202148,6.5193867683410645,125.6452865600586,10.58415985107422,2.1751437187194824,4.5904412269592285,6.2828474044799805
2016-02-29,12.078445434570312,3.914142608642578,0.5410426259040833,1.301070213317871,5.483092784881592,2.688005924224853,4.634391784667969,6.558785915374756,124.53414154052734,10.884119987487791,2.320363044738769,4.5904412269592285,6.745493412017822
2016-03-01,12.496121406555176,4.139625072479248,0.5726034045219421,1.3609144687652588,5.610139846801758,2.6993234157562256,4.65070915222168,6.509111881256104,127.69669342041016,11.396493911743164,2.3898167610168457,4.5904412269592285,7.316662311553955
2016-03-02,12.420802116394045,4.269711017608643,0.6026613116264343,1.3542656898498535,5.4028520584106445,2.7332773208618164,4.80573320388794,6.517674922943115,128.9787139892578,11.662327766418455,2.557135343551636,4.5904412269592285,8.122007369995117
2016-03-03,12.62621784210205,4.831241607666016,0.6567656993865967,1.5537480115890503,5.690380573272705,2.8351385593414307,5.3360772132873535,6.71980094909668,129.14962768554688,12.815695762634276,2.87598729133606,4.5904412269592285,8.921645164489746
2016-03-04,13.084980964660645,5.308257579803467,0.7439337372779846,1.5670466423034668,6.218629837036133,3.0105655193328857,5.482941627502441,6.779752254486084,130.17535400390625,13.441692352294922,3.150643110275269,4.5904412269592285,9.452829360961914
2016-03-07,13.12606143951416,5.311166286468506,0.7544539570808411,1.5470986366271973,6.352362632751465,2.970953941345215,5.28712272644043,6.736928939819336,129.4488525390625,13.381668090820312,3.128544569015503,4.5904412269592285,10.041131973266602
2016-03-08,13.04389476776123,5.88998556137085,0.7198872566223145,1.5781292915344238,6.472724437713623,2.970953941345215,5.523737907409668,6.817436695098877,128.46583557128906,13.681795120239258,3.0464630126953125,4.5904412269592285,8.584654808044434
2016-03-09,12.77000904083252,5.904527187347412,0.6748006343841553,1.5537480115890503,6.452663421630859,3.027543067932129,5.637966156005859,6.824288845062256,128.4231719970703,13.227310180664062,3.018051147460937,4.5904412269592285,8.281936645507812
2016-03-10,12.75631618499756,6.253564357757568,0.6657831072807312,1.584779143333435,6.947479724884033,2.9992482662200928,5.833785533905029,6.937342643737793,127.95301055908205,13.746111869812012,3.096974849700928,4.5904412269592285,7.99635124206543
2016-03-11,12.475578308105469,6.646229267120361,0.6853207945823669,1.706684947013855,6.8538665771484375,3.1973111629486084,5.964332103729248,6.954470634460449,129.66249084472656,13.8618745803833,3.1853694915771484,4.5904412269592285,7.9220991134643555
2016-03-14,12.35233211517334,6.485061168670654,0.6763034462928772,1.6180258989334106,6.766938209533691,3.055838108062744,5.792989730834961,6.697533130645752,129.36334228515625,13.79755687713623,3.0117361545562744,4.5904412269592285,7.6764984130859375
2016-03-15,12.530354499816896,5.112099170684815,0.6492514610290527,1.529367208480835,6.285496234893799,3.067155838012696,5.352396011352539,6.682116508483887,129.40609741210938,13.18443202972412,2.8128483295440674,4.5904412269592285,7.699344158172607
2016-03-16,12.523512840270996,5.284450531005859,0.7018526792526245,1.531583547592163,6.659951210021973,3.027543067932129,5.344236373901367,6.73521614074707,128.9359588623047,12.79426097869873,3.0306787490844727,4.5904412269592285,8.464710235595703
2016-03-17,12.824789047241213,6.043961048126221,0.7574597001075745,1.673437476158142,7.335309028625488,3.3104913234710693,5.899057865142822,6.827714443206787,132.31214904785156,14.19202709197998,3.295862436294556,4.5904412269592285,8.853103637695312
2016-03-18,12.612524032592772,5.947563171386719,0.7514482140541077,1.706684947013855,7.42223596572876,3.5028953552246094,5.711398601531982,6.920212268829346,132.1412353515625,14.230607986450195,3.2516653537750244,4.5904412269592285,8.756006240844727
2016-03-21,12.824789047241213,6.046884059906006,0.7875175476074219,1.7510141134262085,7.388801574707031,3.4915781021118164,5.899057865142822,6.923637866973877,132.86776733398438,14.234893798828123,3.235881090164185,4.5904412269592285,8.65319538116455
2016-03-22,12.831637382507324,5.959245204925537,0.7664770483970642,1.762096643447876,7.087900638580322,3.548167943954468,5.833785533905029,6.993868350982666,132.7395477294922,13.870444297790527,3.308490753173828,4.5904412269592285,8.813121795654297
2016-03-23,13.009661674499512,5.737234592437744,0.7213903665542603,1.7222000360488892,6.920732975006104,3.480259895324707,5.662442684173584,6.9698872566223145,132.7822723388672,13.428824424743652,3.1317009925842285,4.5904412269592285,8.06489086151123
2016-03-24,13.009661674499512,5.547356605529785,0.7815060615539551,1.7554469108581543,6.626518726348877,3.3331265449523926,5.662442684173584,6.923637866973877,132.95323181152344,13.287336349487305,3.1538004875183105,4.5904412269592285,8.596076965332031
2016-03-28,13.21507453918457,5.871610641479492,0.7769972681999207,1.8285908699035645,7.021032333374023,3.2991738319396973,5.792989730834961,7.017849445343018,134.57716369628906,13.6174955368042,3.3558449745178223,4.5904412269592285,8.664618492126465
2016-03-29,13.242466926574709,6.046884059906006,0.8115639686584473,1.84188973903656,7.134707450866699,3.327467441558838,5.670602798461914,6.954470634460449,134.534423828125,13.698946952819824,3.3558449745178223,4.5904412269592285,8.618925094604492
2016-03-30,13.112369537353516,5.9212727546691895,0.8326043486595154,1.8596214056015008,7.14139461517334,3.22560715675354,5.482941627502441,7.052106857299805,136.03021240234375,13.776121139526367,3.377943277359009,4.5904412269592285,8.875950813293457
2016-03-31,12.872719764709473,5.775210380554199,0.7905235290527344,1.7931270599365234,6.974227428436279,3.3953757286071777,5.409510135650635,7.033265590667725,135.85928344726562,13.381668090820312,3.3558449745178223,4.5904412269592285,8.65319538116455
2016-04-01,12.893259048461914,5.775210380554199,0.8641656041145325,1.7576632499694824,6.987600326538086,3.548167943954468,5.597170829772949,6.940767288208008,136.45758056640625,13.473885536193848,3.3242759704589844,4.5904412269592285,8.858817100524902
2016-04-04,12.67414665222168,5.448035717010498,0.7815060615539551,1.651272892951965,6.82711935043335,3.4406471252441406,5.385032176971436,6.721512794494629,133.46603393554688,13.00202751159668,3.0306787490844727,4.5904412269592285,8.447574615478516
2016-04-05,12.811090469360352,5.3603997230529785,0.8341073393821716,1.5958609580993652,6.80037260055542,3.3104913234710693,5.385032176971436,6.704384803771973,132.39764404296875,13.027769088745115,3.1001317501068115,4.5904412269592285,8.733158111572266
2016-04-06,12.75631618499756,5.310741901397705,0.8040494322776794,1.5027693510055542,6.586398601531982,3.214289665222168,5.026030540466309,6.6512837409973145,132.05575561523438,12.654556274414062,3.071719169616699,4.5904412269592285,8.607501029968262
2016-04-07,12.7015380859375,5.474327564239502,0.8040494322776794,1.4872537851333618,6.55296516418457,3.140722751617432,5.050507068634033,6.738643169403076,130.90182495117188,12.791836738586426,3.138015031814575,4.5904412269592285,8.573232650756836
2016-04-08,12.715228080749512,6.105307102203369,0.8401192426681519,1.573696255683899,6.893986701965332,3.140722751617432,5.17289400100708,6.817436695098877,131.5856475830078,13.598292350769045,3.311647415161133,4.5904412269592285,9.275768280029297
2016-04-11,12.461884498596191,6.29226541519165,0.9017379879951476,1.662355661392212,6.733503818511963,3.3331265449523926,5.238168239593506,6.7626237869262695,131.24378967285156,13.666925430297852,3.2895491123199463,4.5904412269592285,9.692720413208008
2016-04-12,12.59882640838623,6.455849647521973,0.9874027967453004,1.7266329526901243,6.974227428436279,3.418011426925659,5.556375026702881,6.933916091918945,131.671142578125,14.284643173217772,3.583146810531616,4.5904412269592285,10.703685760498049
2016-04-13,12.530354499816896,6.523037910461426,1.035495638847351,1.762096643447876,7.087900638580322,3.468942403793335,5.735875129699707,6.861972808837891,132.39764404296875,14.460515975952148,3.734680652618408,4.5904412269592285,11.177756309509276
2016-04-14,12.831637382507324,6.406192302703857,0.9904087781906128,1.693385124206543,6.820432186126709,3.3840575218200684,5.458464622497559,6.882526397705078,132.56861877441406,14.040132522583008,3.621030330657959,4.5904412269592285,10.395257949829102
2016-04-15,13.002815246582031,6.631123065948486,0.9949172139167786,1.7288496494293213,7.101273536682129,3.3614213466644287,5.629806518554688,6.899657726287842,132.61134338378906,14.130207061767578,3.7725632190704346,4.5904412269592285,10.623724937438965
2016-04-18,12.982270240783691,6.45000696182251,1.0039348602294922,1.671220779418945,7.087900638580322,3.3614213466644287,5.564533710479736,7.04165506362915,132.7395477294922,14.02725887298584,3.715738534927368,4.5904412269592285,10.88075065612793
2016-04-19,13.09182834625244,6.420798301696777,1.0610450506210327,1.6667883396148682,7.341994285583496,3.468942403793335,5.760353088378906,7.292334079742432,133.12416076660156,14.104472160339355,3.90199875831604,4.5904412269592285,11.686097145080566
2016-04-20,13.146605491638184,6.376977443695068,1.1256695985794067,1.642406702041626,7.041092872619629,3.389716625213623,5.792989730834961,7.259257793426514,133.12416076660156,13.84280014038086,3.895684719085693,4.5904412269592285,12.428616523742676
2016-04-21,,,,,,,,,132.39764404296875,,,,
2016-04-22,13.119216918945312,6.213390827178955,1.0565364360809326,1.6069434881210327,6.887298583984375,3.282196044921875,6.364130020141602,7.259257793426514,131.45742797851562,13.589712142944336,4.072474479675293,4.5904412269592285,11.040678024291992
2016-04-25,13.098676681518556,6.0760931968688965,1.0009289979934692,1.5759131908416748,6.980912208557129,3.3104913234710693,6.413084506988525,7.179179668426514,131.1155548095703,13.469594955444336,3.90199875831604,4.5904412269592285,10.31529426574707
2016-04-26,13.173994064331056,6.353610038757324,1.0024317502975464,1.5714800357818604,7.000973224639893,3.3953757286071777,6.315174579620361,7.22792387008667,132.05575561523438,13.937179565429688,4.034591197967529,4.5904412269592285,10.675127983093262
2016-04-27,13.256158828735352,6.514275550842285,1.0640509128570557,1.584779143333435,7.188200950622559,3.5028953552246094,6.40492582321167,7.375894546508789,132.18397521972656,14.413333892822266,4.230321884155273,4.5904412269592285,11.109213829040527
2016-04-28,13.324633598327637,6.353610038757324,1.1121433973312378,1.5892114639282229,7.214947700500488,3.45196533203125,6.323333740234375,7.424637317657471,132.05575561523438,14.314664840698242,4.28399133682251,4.5904412269592285,11.30341625213623
2016-04-29,13.276700019836426,6.458772659301758,1.0941087007522583,1.5182842016220093,7.049637794494629,3.480259895324707,6.355968952178955,7.40548849105835,131.4147186279297,14.100173950195312,4.189282417297363,4.5904412269592285,11.246298789978027
2016-05-02,13.358863830566406,6.295185565948486,1.0760740041732788,1.5661050081253052,6.891757488250732,3.45196533203125,6.486516952514648,7.384599685668945,132.0130157470703,13.71178913116455,4.189282417297363,4.5904412269592285,11.349109649658203
2016-05-03,13.41364860534668,5.970931529998779,1.035495638847351,1.475080132484436,6.843709468841553,3.3501038551330566,6.527312755584717,7.381117820739746,130.90182495117188,12.922126770019531,4.0472187995910645,4.5904412269592285,10.65799331665039
2016-05-04,13.42049503326416,6.099464416503906,0.9919114708900452,1.4400696754455566,6.871166229248047,3.3953757286071777,6.690495014190674,7.443786144256592,128.5085906982422,13.23971462249756,4.0914154052734375,4.5904412269592285,9.938322067260742
2016-05-05,13.105523109436035,5.994300365447998,0.9693681001663208,1.4120620489120483,6.871166229248047,3.3331265449523926,6.3804473876953125,7.389821052551269,127.73936462402344,13.042293548583984,3.990392446517944,4.5904412269592285,9.515658378601074
2016-05-06,12.900102615356444,6.043961048126221,0.9843971133232116,1.4447379112243652,6.946672439575195,3.2595603466033936,6.470198154449463,7.494271278381348,128.7222900390625,13.046586036682127,4.081945419311523,4.5904412269592285,9.641316413879396
2016-05-09,12.934344291687012,5.915430068969727,0.9227784872055054,1.4027258157730105,6.843709468841553,3.304832220077514,6.282538890838623,7.65964937210083,127.65382385253906,13.12812328338623,3.810446739196777,4.5904412269592285,8.698888778686523
2016-05-10,13.071287155151367,6.265971660614014,0.964859426021576,1.489083170890808,7.070230007171631,3.4746012687683105,6.462038993835449,7.764099597930908,130.26077270507812,13.952113151550291,4.056689262390137,4.5904412269592285,9.064435958862305
2016-05-11,12.913799285888672,5.982614040374756,1.0069406032562256,1.493751883506775,7.413445472717285,3.672664165496826,6.510993003845215,7.800656318664551,129.66249084472656,13.866284370422363,4.07563066482544,4.5904412269592285,9.10441780090332
2016-05-12,13.132908821105955,5.813186168670654,0.9693681001663208,1.5871111154556274,7.660562038421631,3.65568780899048,6.527312755584717,7.912068843841553,128.59408569335938,14.003620147705078,4.0124921798706055,4.5904412269592285,8.818833351135254
2016-05-13,12.845330238342283,5.655441761016846,0.9032408595085144,1.4587420225143433,7.722338676452637,3.672664165496826,6.519152641296387,7.746690273284912,126.67096710205078,13.475747108459473,3.8262317180633545,4.5904412269592285,8.384745597839355
2016-05-16,12.852174758911133,5.56780481338501,0.9047439098358154,1.4330676794052124,7.633102893829346,3.6839828491210938,6.11935567855835,7.88421630859375,128.03848266601562,13.26975440979004,3.9588239192962646,4.5904412269592285,8.527539253234863
2016-05-17,12.70838737487793,5.299056053161621,0.9047439098358154,1.3863885402679443,7.434039115905762,3.565143585205078,5.711398601531982,7.764099597930908,126.97007751464844,12.986495018005373,3.9146265983581534,4.5904412269592285,8.64177131652832
2016-05-18,12.59882640838623,5.304897308349609,0.8882118463516235,1.2883609533309937,7.269296646118164,3.3104913234710693,5.670602798461914,7.765838623046875,126.5427474975586,13.18820858001709,3.791505813598633,4.5904412269592285,8.401880264282227
2016-05-19,12.735773086547852,5.179283618927002,0.8791944980621338,1.2580193281173706,7.104552268981934,3.248242378234864,5.711398601531982,7.894660949707031,125.47430419921876,13.076626777648926,3.633657693862915,4.5904412269592285,8.504692077636719
2016-05-20,12.69468879699707,5.056596279144287,0.8942235112190247,1.2883609533309937,6.871166229248047,3.265219688415528,6.160151481628418,7.957329750061035,126.32904815673828,12.909255027770996,3.5768330097198486,4.5904412269592285,8.070602416992188
2016-05-23,12.62621784210205,4.966040134429932,0.8867090344429016,1.2556850910186768,6.795657157897949,3.027543067932129,6.225423812866211,7.929475784301758,126.02989196777344,12.952173233032228,3.485280513763428,4.5904412269592285,8.24766731262207
2016-05-24,12.797395706176758,4.705077171325684,0.8882118463516235,1.2603530883789062,6.754472255706787,3.1576993465423584,6.3070149421691895,7.866807460784912,127.56839752197266,12.939288139343262,3.501064777374268,4.5904412269592285,8.007774353027344
2016-05-25,12.995967864990234,4.843461513519287,0.9032408595085144,1.248682975769043,6.651508331298828,3.055838108062744,6.421243190765381,7.885956764221191,128.59408569335938,12.8792085647583,3.5042223930358887,4.5904412269592285,8.35047435760498
2016-05-26,,,,,,,,,128.294921875,,,,
2016-05-27,13.21507453918457,4.749240398406982,0.9317956566810608,1.248682975769043,6.630916118621826,3.0841333866119385,6.494675636291504,7.894660949707031,128.7222900390625,12.75046443939209,3.311647415161133,4.5904412269592285,8.161989212036133
2016-05-30,13.112369537353516,4.83168363571167,0.9077494144439696,1.2650209665298462,6.610322952270508,3.055838108062744,6.453879356384277,7.912068843841553,,12.74616813659668,3.340060472488404,4.5904412269592285,8.156280517578125
2016-05-31,13.084980964660645,4.8493499755859375,0.8972292542457581,1.3140344619750977,6.589730262756348,2.9992482662200928,6.527312755584717,7.938182353973389,129.19241333007812,12.467215538024902,3.213782548904419,4.5904412269592285,8.122007369995117
2016-06-01,13.242466926574709,4.878794193267822,0.9077494144439696,1.29536235332489,6.754472255706787,2.9879300594329834,6.992383003234863,7.938182353973389,128.67955017089844,12.653992652893066,3.2863917350769043,4.5904412269592285,8.241952896118164
2016-06-02,13.201386451721191,4.97595739364624,0.924281358718872,1.3233705759048462,6.795657157897949,3.044520378112793,6.992383003234863,7.990407466888428,128.4231719970703,12.842942237854004,3.377943277359009,4.5904412269592285,8.538959503173828
2016-06-03,13.35201930999756,5.09373140335083,0.9964202642440796,1.342042326927185,7.083958625793457,3.044520378112793,7.147406578063965,8.094858169555664,127.95301055908205,12.830039978027344,3.412671566009521,4.5904412269592285,9.275768280029297
2016-06-06,13.297243118286133,5.0407328605651855,1.0219695568084717,1.3653825521469116,7.070230007171631,2.970953941345215,7.269793033599853,8.068741798400879,128.7222900390625,12.705525398254396,3.409513235092163,4.5904412269592285,9.647027969360352
2016-06-07,13.071287155151367,4.981846332550049,1.0144548416137695,1.3373751640319824,6.974130153656006,2.874751329421997,7.286112308502197,8.09833812713623,128.8077850341797,12.91163444519043,3.513693332672119,4.5904412269592285,9.46425437927246
2016-06-08,13.194535255432127,5.13789701461792,1.0385013818740845,1.38872230052948,7.344802856445312,2.9143638610839844,7.3921799659729,8.120965957641602,129.53427124023438,13.10915184020996,3.804133415222168,4.5904412269592285,9.70985507965088
2016-06-09,13.119216918945312,5.123173713684082,1.0069406032562256,1.3467108011245728,7.399715900421143,2.931339979171753,7.400339603424072,8.17841625213623,129.23512268066406,13.079092025756836,3.7094244956970215,4.5904412269592285,8.967337608337402
2016-06-10,12.817940711975098,4.872903347015381,0.982894241809845,1.293028712272644,7.173195838928223,2.89172887802124,7.180043697357178,8.047853469848633,128.3804168701172,12.409247398376465,3.482123374938965,4.5904412269592285,8.538959503173828
2016-06-13,12.948037147521973,4.914127826690674,0.982894241809845,1.29536235332489,7.083958625793457,2.89172887802124,7.335067272186279,8.143599510192871,127.48289489746094,12.46506118774414,3.4158265590667725,4.5904412269592285,8.681754112243652
2016-06-14,12.715228080749512,4.782829761505127,0.9738767743110656,1.2510170936584473,6.878030776977539,2.80118465423584,6.886314392089844,8.032186508178711,130.0898895263672,12.284720420837402,3.308490753173828,4.5904412269592285,8.356186866760254
2016-06-15,12.653609275817873,4.779860496520996,1.0069406032562256,1.2463490962982178,6.864301681518555,2.8351385593414307,6.706812858581543,8.033926963806152,130.7309112548828,12.224617004394531,3.3590028285980225,4.5904412269592285,8.567519187927246
2016-06-16,12.783702850341797,4.806581020355225,0.999426007270813,1.2603530883789062,6.864301681518555,2.9766128063201904,6.95974588394165,8.256753921508789,131.9365997314453,12.447891235351562,3.400042533874512,4.5904412269592285,8.698888778686523
2016-06-17,12.742623329162598,4.750171661376953,1.0219695568084717,1.335040807723999,6.823115348815918,3.0784735679626465,6.7720866203308105,8.267200469970703,131.764404296875,12.417826652526855,3.595773935317993,4.5904412269592285,8.727447509765625
2016-06-20,12.728925704956056,4.925334930419922,1.0640509128570557,1.3187028169631958,7.022181510925293,3.101109743118286,6.984224319458008,8.36990737915039,132.75473022460938,12.623937606811523,3.7031095027923584,4.5904412269592285,8.893083572387695
2016-06-21,12.722078323364258,4.705638885498047,1.0640509128570557,1.3653825521469116,7.248703956604004,3.0897912979125977,7.42481803894043,8.230640411376953,133.22842407226562,12.619650840759276,3.76940655708313,4.5904412269592285,8.9102201461792
2016-06-22,12.54405117034912,4.690795421600342,1.085091233253479,1.4704116582870483,7.173195838928223,3.101109743118286,8.322321891784668,8.261977195739746,132.5395050048828,12.40065574645996,3.677855491638184,4.5904412269592285,9.053013801574709
2016-06-23,12.67414665222168,4.815486907958984,1.1406984329223633,1.524093508720398,7.379124164581299,3.146381139755249,9.358534812927246,8.274162292480469,134.30491638183594,12.881568908691406,3.804133415222168,4.5904412269592285,9.475677490234377
2016-06-24,12.653609275817873,4.717513084411621,1.052027702331543,1.503087878227234,6.809386253356934,3.016225099563598,9.546192169189451,8.112265586853027,128.40562438964844,12.430713653564451,3.608402729034424,4.5904412269592285,8.687463760375977
2016-06-27,12.811090469360352,4.643292427062988,1.0294840335845947,1.514757752418518,6.6789655685424805,2.931339979171753,9.839921951293944,7.972998142242432,126.252685546875,12.014209747314451,3.409513235092163,4.5904412269592285,8.453287124633789
2016-06-28,12.838478088378906,4.759078979492188,1.0896000862121582,1.5754412412643433,6.692694187164307,2.993589401245117,10.770065307617188,8.201047897338867,128.92237854003906,12.435009002685549,3.551576375961304,4.5904412269592285,8.830256462097168
2016-06-29,13.023356437683104,4.895647048950195,1.1136462688446045,1.6267887353897097,6.932945251464844,3.1124281883239746,10.460018157958984,8.354240417480469,131.54905700683594,12.714111328125,3.652598142623901,4.5904412269592285,8.973050117492676
2016-06-30,13.04389476776123,5.1004958152771,1.0865943431854248,1.699142575263977,7.063365936279297,3.0897912979125977,10.476336479187012,8.469134330749512,135.55361938476562,13.010382652282717,3.633657693862915,4.5904412269592285,9.2929048538208
2016-07-01,13.16029930114746,5.061903953552246,1.1196578741073608,1.699142575263977,6.946672439575195,3.22560715675354,10.435540199279783,8.495247840881348,135.59669494628906,13.278888702392578,3.807291269302368,4.5904412269592285,9.49281120300293
2016-07-04,13.05074405670166,5.085653781890869,1.182779312133789,1.780832290649414,7.056500911712647,3.236924648284912,10.810860633850098,8.477840423583984,,13.270301818847656,3.794662952423096,4.5904412269592285,9.692720413208008
2016-07-05,13.20822811126709,5.04705810546875,1.1361896991729736,1.820509433746338,6.912350654602051,3.208629608154297,11.218817710876465,8.613621711730957,135.42449951171875,13.175785064697266,3.579989433288574,4.5904412269592285,9.17295742034912
2016-07-06,13.132908821105955,5.035181999206543,1.167750597000122,1.7644935846328735,6.809386253356934,3.163358449935913,11.055634498596191,8.542248725891113,136.6732635498047,13.22733211517334,3.690483331680298,4.5904412269592285,9.304327011108398
2016-07-07,13.078130722045898,4.972835540771484,1.154224514961243,1.7084788084030151,6.864301681518555,3.1859936714172363,11.284090042114258,8.651922225952148,137.01768493652344,13.360511779785156,3.778877258300781,4.5904412269592285,9.150111198425291
2016-07-08,13.283546447753906,5.115340709686279,1.2068257331848145,1.818176031112671,6.932945251464844,3.21181058883667,11.422797203063965,8.634513854980469,138.654052734375,13.721372604370115,3.883057594299317,4.5904412269592285,9.24720859527588
2016-07-11,13.283546447753906,5.349881172180176,1.2519124746322632,1.9955589771270752,6.987858772277832,3.354557991027832,12.385575294494627,8.643217086791992,138.6970672607422,13.854554176330566,4.069317817687988,4.5904412269592285,9.629891395568848
2016-07-12,13.30422592163086,5.281597137451172,1.280467867851257,1.993225336074829,6.898622989654541,3.2950799465179443,12.614030838012695,8.686738014221191,138.912353515625,13.738547325134276,4.195595264434815,4.5904412269592285,10.103961944580078
2016-07-13,13.16636085510254,5.358789443969727,1.2714506387710571,1.8951979875564573,6.836843967437744,3.336714029312134,12.418212890625,8.730259895324707,139.34298706054688,14.022085189819336,4.100887298583984,4.5904412269592285,10.178214073181152
2016-07-14,13.16636085510254,5.643796443939209,1.233877658843994,2.0188992023468018,7.063365936279297,3.479461431503296,12.973033905029297,8.643217086791992,140.505615234375,14.421618461608888,4.205066204071045,4.5904412269592285,9.909765243530272
2016-07-15,13.062959671020508,5.718018531799316,1.277462124824524,1.9768869876861568,7.132009983062744,3.437826871871948,13.14437484741211,8.550954818725586,141.58213806152344,14.374371528625488,4.173497200012207,4.5904412269592285,9.904053688049316
2016-07-18,13.138786315917969,5.92583703994751,1.3090227842330933,2.081916332244873,7.385988235473633,3.5389397144317627,13.348353385925291,8.777262687683105,141.7113037109375,14.619234085083008,4.312403678894043,4.5904412269592285,10.041131973266602
2016-07-19,13.214613914489746,6.213818073272705,1.2894854545593262,2.0539088249206543,7.502682685852051,3.699529886245728,12.711938858032228,8.881711959838867,141.79736328125,14.53332805633545,4.366070747375488,4.5904412269592285,9.618470191955566
2016-07-20,13.18014907836914,6.3385114669799805,1.2579243183135986,2.072580337524414,7.475224494934082,3.800642967224121,12.483484268188477,8.657143592834473,141.1514892578125,14.761003494262695,4.309246063232422,4.5904412269592285,9.42998218536377
2016-07-21,13.235295295715332,6.219758033752441,1.3000059127807615,2.119260787963867,7.5232744216918945,3.759006977081299,12.744577407836914,8.59969711303711,140.33334350585938,14.563383102416992,4.356600284576416,4.5904412269592285,9.938322067260742
2016-07-22,13.3662691116333,6.118815898895264,1.307520031929016,2.109924554824829,7.447767734527588,3.848225116729736,13.478899002075195,8.895638465881348,138.0511474609375,14.653611183166504,4.340815544128418,4.5904412269592285,9.7955322265625
2016-07-25,13.3662691116333,6.323666572570801,1.286479353904724,2.0422394275665283,7.447767734527588,3.759006977081299,14.041879653930664,9.264694213867188,136.24267578125,14.541903495788574,4.343972206115723,4.5904412269592285,9.949747085571287
2016-07-26,13.33869743347168,6.365231990814209,1.366132736206055,2.1052563190460205,7.420310020446777,3.782799243927002,13.715514183044434,9.416145324707031,135.51058959960938,14.357185363769531,4.337658882141113,4.5904412269592285,10.520914077758787
2016-07-27,13.318016052246094,6.37710428237915,1.3871732950210571,2.1239285469055176,7.406581401824951,3.699529886245728,13.658401489257812,9.339550971984863,134.69241333007812,14.4130277633667,4.293461799621582,4.5904412269592285,10.806495666503906
2016-07-28,13.400737762451172,6.136629581451416,1.38116192817688,2.116926431655884,7.502682685852051,3.7709033489227295,14.06635856628418,9.56585693359375,134.56329345703125,14.254072189331056,4.211381435394287,4.5904412269592285,10.875036239624023
2016-07-29,12.959559440612791,6.249443054199219,1.388676643371582,2.1215944290161133,7.694882392883301,3.8065905570983887,14.384565353393556,9.666827201843262,134.08961486816406,14.516127586364746,4.422896862030029,4.5904412269592285,10.566608428955078
2016-08-01,13.09742832183838,6.1425652503967285,1.3676356077194214,2.109924554824829,7.715474605560303,3.634103775024414,14.360087394714355,9.470110893249512,134.13267517089844,14.367856979370115,4.164026260375977,4.5904412269592285,10.223905563354492
2016-08-02,12.987133979797363,5.997093677520752,1.3345720767974854,2.058577060699463,7.591917991638184,3.687634468078613,14.441678047180176,9.37436580657959,133.70204162597656,14.539769172668455,4.0945725440979,4.5904412269592285,10.275311470031738
2016-08-03,12.84926414489746,6.092097759246826,1.3871732950210571,2.15893816947937,7.667425632476807,3.7411649227142334,14.808838844299316,9.334327697753906,134.04660034179688,15.145771980285645,4.277676105499268,4.5904412269592285,10.749381065368652
2016-08-04,12.904412269592283,6.25538444519043,1.388676643371582,2.256966114044189,7.893947601318359,3.854172706604004,15.763457298278809,9.588488578796388,134.2187957763672,15.231724739074709,4.28399133682251,4.5904412269592285,10.71511173248291
2016-08-05,13.16636085510254,6.299917221069336,1.3736473321914673,2.18227767944336,7.928267955780029,3.747111558914185,16.155099868774414,9.553670883178713,134.69241333007812,15.141474723815918,4.186124801635742,4.5904412269592285,10.835057258605955
2016-08-08,13.269765853881836,6.285070419311523,1.3901792764663696,2.224289655685425,7.777254581451416,3.723321199417114,15.991915702819824,9.40047836303711,134.64944458007812,15.04262351989746,4.340815544128418,4.5904412269592285,10.84076690673828
2016-08-09,13.276654243469238,6.353354454040527,1.3796590566635132,2.1846120357513428,7.60564661026001,3.705477476119995,15.502368927001951,9.26817512512207,134.7786102294922,15.072712898254396,4.318717956542969,4.5904412269592285,10.846480369567873
2016-08-10,13.214613914489746,6.196002960205078,1.3901792764663696,2.17760968208313,7.310481548309326,3.509200096130371,15.616594314575195,9.226394653320312,134.64944458007812,14.948071479797363,4.154555797576904,4.5904412269592285,10.332427978515623
2016-08-11,13.442094802856444,6.546331405639648,1.3871732950210571,2.254631519317627,7.289888381958008,3.509200096130371,16.073509216308594,9.261212348937988,134.73553466796875,15.330577850341797,4.318717956542969,4.5904412269592285,10.515201568603516
2016-08-12,13.600643157958984,6.730401515960693,1.3736473321914673,2.2406277656555176,7.077095985412598,3.568678617477417,16.032712936401367,9.102795600891112,134.5202178955078,15.446622848510742,4.391327381134033,4.5904412269592285,10.258176803588867
2016-08-15,13.745405197143556,6.881810665130615,1.3901792764663696,2.2873072624206543,6.898622989654541,3.5984177589416504,16.114301681518555,9.101055145263672,134.5202178955078,15.785194396972656,4.5839009284973145,4.5904412269592285,10.526623725891112
2016-08-16,13.786766052246094,6.721493244171143,1.4337631464004517,2.22662353515625,6.884894371032715,3.568678617477417,16.073509216308594,9.000088691711426,134.30491638183594,15.719992637634276,4.628098964691162,4.5904412269592285,10.84076690673828
2016-08-17,13.821233749389648,6.757119178771973,1.4262489080429075,2.189279794692993,6.898622989654541,3.419983386993408,15.91848087310791,9.076683044433594,134.73553466796875,15.928606033325195,4.707022190093994,4.5904412269592285,10.920733451843262
2016-08-18,13.73162078857422,6.748213291168213,1.4112199544906616,2.1542696952819824,6.974130153656006,3.366452693939209,16.057188034057617,9.027941703796388,135.33836364746094,15.898191452026367,4.792261123657227,4.5904412269592285,10.806495666503906
2016-08-19,13.683363914489746,6.8877482414245605,1.4127225875854492,2.1939477920532227,7.111416339874268,3.4556703567504883,15.518686294555664,9.03142261505127,134.56329345703125,15.793886184692385,4.75437593460083,4.5904412269592285,10.897886276245115
2016-08-22,13.50413990020752,6.623520374298096,1.38116192817688,2.100588321685791,7.008452892303467,3.408088445663452,15.094409942626951,8.791187286376953,134.86473083496094,15.489651679992676,4.568116188049316,4.5904412269592285,10.498065948486328
2016-08-23,13.49724292755127,6.7460036277771,1.3931849002838137,2.102921962738037,6.932945251464844,3.479461431503296,14.980183601379396,8.878230094909668,134.47714233398438,15.463580131530762,4.71333646774292,4.5904412269592285,10.709400177001951
2016-08-24,13.49724292755127,6.677286624908447,1.3090227842330933,2.058577060699463,7.022181510925293,3.479461431503296,14.93122673034668,8.775521278381348,134.43409729003906,15.389680862426758,4.621784687042236,4.5904412269592285,10.366698265075684
2016-08-25,13.31112003326416,6.704176425933838,1.3526068925857544,2.067912578582764,7.042774200439453,3.4497220516204834,15.159683227539062,8.914787292480469,134.3910369873047,15.341882705688477,4.688080787658691,4.5904412269592285,10.383834838867188
2016-08-26,13.228399276733398,6.841606616973877,1.3135313987731934,2.058577060699463,7.186923980712891,3.402139902114868,16.587535858154297,8.782485008239746,134.47714233398438,15.528766632080078,4.722806453704834,4.5904412269592285,10.11538314819336
2016-08-29,13.26287078857422,7.116464614868164,1.3526068925857544,2.100588321685791,7.413445472717285,3.408088445663452,16.881261825561523,8.984420776367188,135.0369415283203,15.80258083343506,4.7954182624816895,4.5904412269592285,10.338139533996582
2016-08-30,13.26287078857422,7.089574337005615,1.3450922966003418,2.081916332244873,7.420310020446777,3.4140353202819824,18.088809967041016,8.958308219909668,135.07998657226562,15.906875610351562,4.792261123657227,4.5904412269592285,10.08111572265625
2016-08-31,13.228399276733398,6.93422269821167,1.284976601600647,2.0422394275665283,7.255567073822021,3.5032520294189453,18.382539749145508,8.803374290466309,134.5202178955078,15.580921173095703,4.653354167938232,4.5904412269592285,9.675585746765137
2016-09-01,13.559284210205078,6.829654216766357,1.3496012687683103,2.1285970211029053,7.262430667877197,3.5329911708831787,18.692590713500977,8.954825401306152,134.3479766845703,15.735273361206056,4.694394588470459,4.5904412269592285,9.961172103881836
2016-09-02,13.676471710205078,7.086590766906738,1.3736473321914673,2.2382941246032715,7.413445472717285,3.6222083568573,19.34531784057617,8.98267936706543,134.73553466796875,15.96570873260498,4.934323787689209,4.5904412269592285,10.41810417175293
2016-09-05,13.7040433883667,7.017874240875244,1.355612874031067,2.249963998794556,7.372260093688965,3.651947736740112,18.676273345947266,8.94786262512207,,15.97006130218506,5.07638692855835,4.5904412269592285,10.223905563354492
2016-09-06,13.786766052246094,7.17621660232544,1.340583562850952,2.270969152450561,7.331074714660644,3.681685924530029,19.09238624572754,9.076683044433594,133.70204162597656,16.122243881225586,5.051130771636963,4.5904412269592285,10.435240745544434
2016-09-07,,,,,,,,,133.74514770507812,,,,
2016-09-08,13.786766052246094,7.209080219268799,1.3255550861358645,2.235959529876709,7.234973430633545,3.717373609542847,19.639049530029297,9.04883098602295,133.65899658203125,15.93092441558838,5.174251556396484,4.5904412269592285,10.161077499389648
2016-09-09,13.61443042755127,6.823679447174072,1.2924911975860596,2.070246934890747,6.747608184814453,3.65789532661438,18.806819915771484,8.737224578857422,129.65440368652344,15.326560974121094,4.893282890319824,4.5904412269592285,9.629891395568848
2016-09-12,13.61443042755127,6.856545448303223,1.3000059127807615,2.074914693832397,6.898622989654541,3.5032520294189453,18.65995407104492,8.824262619018555,131.29067993164062,15.526564598083496,5.060600757598877,4.5904412269592285,9.989727973937988
2016-09-13,13.386953353881836,6.612199306488037,1.233877658843994,1.955881237983704,6.816251754760742,3.330766439437866,17.672698974609375,8.660626411437988,128.5348358154297,15.217876434326172,4.675453186035156,4.5904412269592285,9.2929048538208
2016-09-14,13.552395820617676,6.588165760040283,1.262433409690857,1.9675507545471191,6.987858772277832,3.348609447479248,17.827722549438477,8.617104530334473,127.88894653320312,15.23090934753418,4.716492652893066,4.5904412269592285,9.504233360290527
2016-09-15,13.600643157958984,6.702322483062744,1.260930418968201,1.9955589771270752,7.042774200439453,3.425930976867676,18.072498321533203,8.773780822753906,129.10403442382812,15.561360359191896,4.8269877433776855,4.5904412269592285,9.504233360290527
2016-09-16,13.393843650817873,6.588165760040283,1.2879823446273804,1.9535473585128784,6.974130153656006,3.419983386993408,16.93021583557129,8.636256217956543,128.8002166748047,15.209173202514648,4.703865051269531,4.5904412269592285,9.372865676879885
2016-09-19,13.407630920410156,6.612199306488037,1.2383865118026731,1.9815552234649656,6.987858772277832,3.425930976867676,16.644643783569336,8.704147338867188,127.71534729003906,15.317875862121582,4.700709342956543,4.5904412269592285,9.515658378601074
2016-09-20,13.435205459594728,6.792449474334717,1.224860668182373,2.014230489730835,7.008452892303467,3.419983386993408,16.742557525634766,8.93915843963623,128.7568817138672,15.352651596069336,4.751220703125,4.5904412269592285,9.538506507873535
2016-09-21,13.414525032043455,7.011754989624023,1.277462124824524,2.0539088249206543,7.070230007171631,3.521095991134644,16.261167526245117,9.00879192352295,129.5380096435547,15.50048828125,4.842772006988525,4.5904412269592285,10.08111572265625
2016-09-22,13.559284210205078,7.044801235198975,1.2699476480484009,2.1215944290161133,7.049637794494629,3.568678617477417,16.2366886138916,9.113242149353027,130.36253356933594,15.748312950134276,4.905911445617676,4.5904412269592285,10.023998260498049
2016-09-23,13.600643157958984,6.894593715667725,1.2579243183135986,2.079582691192627,6.871166229248047,3.527043581008911,16.032712936401367,9.104538917541504,129.7115936279297,15.709184646606444,4.725964546203613,4.5904412269592285,10.08111572265625
2016-09-26,13.524818420410156,6.816485404968262,1.23538076877594,2.072580337524414,6.740744590759277,3.408088445663452,15.698185920715332,8.878230094909668,128.19271850585938,15.587445259094238,4.640726089477539,4.5904412269592285,9.961172103881836
2016-09-27,13.57996654510498,6.873562335968018,1.2474040985107422,2.072580337524414,6.740744590759277,3.4497220516204834,15.420774459838867,8.96527099609375,129.66822814941406,15.765708923339844,4.624941825866699,4.5904412269592285,10.052556037902832
2016-09-28,13.683363914489746,7.002744197845459,1.2759592533111572,2.100588321685791,6.980994701385498,3.5032520294189453,16.073509216308594,9.095834732055664,129.75498962402344,15.878756523132324,4.839615345001221,4.5904412269592285,10.389545440673828
2016-09-29,13.593746185302734,6.798458099365234,1.256421446800232,2.0492405891418457,6.946672439575195,3.527043581008911,15.698185920715332,8.895638465881348,128.1493377685547,15.47438907623291,4.757534503936768,4.5904412269592285,10.275311470031738
2016-09-30,13.66268539428711,6.8495283126831055,1.253415584564209,2.002561330795288,7.022181510925293,3.443774700164795,15.714505195617676,8.759854316711426,128.5398406982422,15.443957328796388,4.779633522033691,4.5904412269592285,10.17250156402588
2016-10-03,13.61443042755127,7.011754989624023,1.2879823446273804,2.0539088249206543,7.180058002471924,3.509200096130371,15.910323143005373,8.932196617126465,128.62667846679688,15.811517715454102,4.921696186065674,4.5904412269592285,10.338139533996582
2016-10-04,13.469672203063965,7.029777526855469,1.2714506387710571,2.0188992023468018,7.125144004821777,3.437826871871948,15.51052474975586,8.916526794433594,128.01913452148438,15.950714111328123,4.928009986877441,4.5904412269592285,10.08111572265625
2016-10-05,13.50413990020752,7.18900203704834,1.2894854545593262,2.0842504501342773,7.214381217956543,3.378349542617798,15.477888107299805,8.956567764282227,128.01913452148438,16.263906478881836,5.082699775695801,4.5904412269592285,10.20106029510498
2016-10-06,13.545496940612791,7.41431713104248,1.2894854545593262,2.051574945449829,7.269296646118164,3.3426623344421387,15.959280014038086,8.975715637207031,127.02100372314452,16.398746490478516,5.30368709564209,4.5904412269592285,10.166791915893556
2016-10-07,13.545496940612791,7.594563007354736,1.3450922966003418,2.070246934890747,7.337937831878662,3.390244722366333,16.016393661499023,8.846896171569824,126.1964874267578,16.550983428955078,5.3510422706604,4.5904412269592285,10.281021118164062
2016-10-10,13.566177368164062,7.645637512207031,1.3976938724517822,2.067912578582764,7.447767734527588,3.3842968940734863,16.758872985839844,8.953084945678711,125.24180603027344,16.572731018066406,5.521517753601074,4.5904412269592285,10.88075065612793
2016-10-11,13.407630920410156,7.471394062042236,1.3676356077194214,2.0188992023468018,7.447767734527588,3.360504627227783,17.00364875793457,8.808595657348633,125.50213623046876,16.51618766784668,5.392083168029785,4.5904412269592285,10.623724937438965
2016-10-12,,,,,,,,,125.41535186767578,,,,
2016-10-13,13.25597858428955,7.600574493408203,1.3150343894958496,2.0842504501342773,7.379124164581299,3.2950799465179443,17.28105926513672,9.113242149353027,124.85118103027344,16.703216552734375,5.524674892425537,4.5904412269592285,10.13823127746582
2016-10-14,13.462774276733398,7.798851013183594,1.3511041402816772,2.100588321685791,7.420310020446777,3.271289110183716,17.215784072875977,9.109761238098145,125.37196350097656,17.02075958251953,5.650951385498047,4.5904412269592285,10.29244613647461
2016-10-17,13.4834566116333,8.255484580993652,1.3315662145614624,2.100588321685791,7.283022403717041,3.2474968433380127,17.37080955505371,9.240323066711426,125.19842529296876,17.39483642578125,5.811956882476807,4.5904412269592285,10.41810417175293
2016-10-18,13.545496940612791,8.42672348022461,1.4127225875854492,2.088918924331665,7.434039115905762,3.283184051513672,18.43965530395508,9.193320274353027,125.76253509521484,17.636701583862305,5.931922435760498,4.5904412269592285,10.720821380615234
2016-10-19,13.566177368164062,8.270506858825684,1.4052081108093262,2.0865845680236816,7.413445472717285,3.3069751262664795,17.950109481811523,9.149797439575195,126.1096649169922,17.349609375,5.99506139755249,4.5904412269592285,10.63514804840088
2016-10-20,13.545496940612791,8.441742897033691,1.4412776231765747,2.0655782222747803,7.379124164581299,3.2593929767608643,17.950109481811523,9.330843925476074,126.15309143066406,17.402233123779297,5.985589027404785,4.5904412269592285,10.909310340881348
2016-10-21,13.61443042755127,8.546891212463379,1.5179256200790403,2.0329031944274902,7.3242106437683105,3.301027774810791,18.39886283874512,9.412663459777832,125.76253509521484,17.373523712158203,6.099240303039551,4.5904412269592285,11.371953964233398
2016-10-24,13.57996654510498,8.477794647216797,1.5329545736312866,2.063244342803955,7.591917991638184,3.312922716140747,18.70890617370605,9.417887687683104,125.50213623046876,17.22519874572754,6.118183612823486,4.5904412269592285,11.594709396362305
2016-10-25,13.462774276733398,8.276516914367676,1.5960761308670044,2.1145923137664795,7.530138969421387,3.3069751262664795,18.99448013305664,9.360438346862791,124.33040618896484,17.13428497314453,5.988748073577881,4.5904412269592285,12.194437980651855
2016-10-26,13.469672203063965,8.213423728942871,1.6216251850128174,2.151935815811157,7.447767734527588,3.354557991027832,18.912887573242188,9.496224403381348,125.28514862060548,17.239551544189453,6.064513683319092,4.5904412269592285,12.434327125549316
2016-10-27,13.442094802856444,8.634014129638672,1.6637061834335327,2.212619543075561,7.495816707611084,3.390244722366333,19.141342163085938,9.470110893249512,124.24363708496094,17.607982635498047,6.077142238616943,4.5904412269592285,12.56569480895996
2016-10-28,13.16636085510254,8.498822212219238,1.653186321258545,2.2616331577301025,7.495816707611084,3.3426623344421387,19.508506774902344,9.659862518310549,126.8040542602539,17.756309509277344,6.039258003234863,4.5904412269592285,12.645658493041992
2016-10-31,12.980239868164062,8.79924201965332,1.6020876169204712,2.275637626647949,7.379124164581299,3.283184051513672,19.337162017822266,9.912282943725586,126.28327178955078,18.373554229736328,5.884567737579346,4.5904412269592285,12.611388206481934
2016-11-01,12.743856430053713,8.393675804138184,1.6366543769836426,2.1449339389801025,7.303617000579834,3.21181058883667,18.98631858825684,9.696418762207031,125.32854461669922,17.830263137817383,5.660423755645752,4.5904412269592285,12.737045288085938
2016-11-02,,,,,,,,,123.63609313964844,,,,
2016-11-03,12.444899559020996,7.99412202835083,1.5795440673828125,2.1239285469055176,7.070230007171631,3.0214810371398926,18.58652114868164,9.541485786437988,122.72478485107422,17.447324752807617,5.420494556427002,4.5904412269592285,12.542844772338867
2016-11-04,12.319754600524902,8.075236320495605,1.570526957511902,2.109924554824829,7.090824127197266,3.045272827148437,18.537567138671875,9.656381607055664,123.41913604736328,17.590923309326172,5.414182662963867,4.5904412269592285,12.342939376831056
2016-11-07,12.50747299194336,8.510842323303223,1.6907588243484497,2.214954137802124,7.413445472717285,3.193966865539551,18.847612380981445,9.776497840881348,127.19451904296876,18.222768783569336,5.783545017242432,4.5904412269592285,13.211114883422852
2016-11-08,12.556139945983888,8.495820999145508,1.750874161720276,2.189279794692993,7.502682685852051,3.122593879699707,18.97816276550293,9.809574127197266,127.67198944091795,18.265850067138672,5.70777702331543,4.5904412269592285,13.69089698791504
2016-11-09,12.465758323669434,8.195403099060059,1.8185045719146729,2.112258195877075,7.468360900878906,3.051220655441284,19.1821403503418,9.750385284423828,128.58326721191406,17.681875228881836,5.761445999145508,4.5904412269592285,14.27919578552246
2016-11-10,12.549188613891602,7.669671058654785,1.896655917167664,1.9255393743515008,6.864301681518555,2.9917423725128174,18.105133056640625,9.355217933654783,131.96817016601562,16.801128387451172,5.474162578582764,4.5904412269592285,15.347284317016602
2016-11-11,12.132040023803713,7.137930870056152,1.83353328704834,1.8485174179077148,6.32888650894165,2.7002997398376465,18.03169822692871,9.130650520324709,133.27011108398438,16.585742950439453,5.155309677124023,4.5904412269592285,14.838944435119627
2016-11-14,12.027751922607422,7.336205959320068,1.875614643096924,1.9115357398986816,6.177870273590088,2.682456970214844,18.06433486938477,9.17417049407959,132.40219116210938,16.485218048095703,5.136368751525879,4.5904412269592285,15.113104820251465
2016-11-15,,,,,,,,,133.4436798095703,,,,
2016-11-16,12.396234512329102,7.810868263244629,1.7914527654647827,1.9092013835906985,6.280835151672363,2.67650842666626,18.684431076049805,9.054052352905272,133.40028381347656,17.29894256591797,5.3510422706604,4.5904412269592285,14.364873886108398
2016-11-17,12.250234603881836,7.6666669845581055,1.7794296741485596,1.869523406028748,6.294564723968506,2.688404083251953,18.14592933654785,9.026200294494627,133.61721801757812,16.7819766998291,5.196350574493408,4.5904412269592285,14.130696296691896
2016-11-18,12.041656494140623,7.8919806480407715,1.69977605342865,1.8788596391677856,6.01312780380249,2.58134388923645,18.35806655883789,9.16024398803711,133.0965118408203,16.93995475769043,5.183724403381348,4.5904412269592285,14.033595085144045
2016-11-21,12.132040023803713,8.510842323303223,1.8094878196716309,1.8975313901901243,6.219057559967041,2.640821933746338,19.21477508544922,9.294289588928224,133.9644775390625,17.078754425048828,5.448906898498535,4.5904412269592285,14.753268241882324
2016-11-22,11.937371253967283,8.61937427520752,1.895153284072876,1.904533624649048,6.040585041046143,2.5872912406921387,19.500343322753903,9.17417049407959,135.3096923828125,17.136198043823242,5.584657669067383,4.5904412269592285,15.861335754394531
2016-11-23,12.264137268066406,8.580167770385742,1.896655917167664,1.9255393743515008,5.937621116638184,2.605135202407837,19.418750762939453,9.069721221923828,136.00408935546875,16.978240966796875,5.619383811950684,4.5904412269592285,16.089801788330078
2016-11-24,12.062515258789062,8.350961685180664,1.9237077236175537,1.904533624649048,6.122957229614258,2.646770000457764,20.234668731689453,9.000088691711426,,16.801128387451172,5.543616771697998,4.5904412269592285,15.75852108001709
2016-11-25,11.979085922241213,8.332866668701172,1.944748520851136,1.869523406028748,6.1984639167785645,2.628926515579224,20.38969039916992,9.097572326660156,136.43804931640625,16.686250686645508,5.549929141998291,4.5904412269592285,16.50675392150879
2016-11-28,12.20156478881836,8.715882301330566,2.030413150787353,1.9208714962005613,6.122957229614258,2.67650842666626,20.985307693481445,9.059276580810549,135.61349487304688,17.04047203063965,5.565714359283447,4.5904412269592285,17.7119197845459
2016-11-29,11.860894203186035,8.399214744567871,1.9567716121673584,1.8718582391738887,6.122957229614258,2.67650842666626,21.0179443359375,8.925232887268066,134.74551391601562,16.62881851196289,5.272118091583252,4.5904412269592285,16.66667938232422
2016-11-30,11.92346477508545,8.595248222351074,1.8816264867782595,1.8438501358032229,6.404393196105957,2.759777784347534,20.928199768066406,9.137613296508787,133.48704528808594,16.95431137084961,5.830899238586426,4.5904412269592285,16.026973724365234
2016-12-01,11.561938285827637,8.028264999389648,1.8635913133621216,1.7271509170532229,6.129822254180908,2.563500165939331,20.267303466796875,8.792929649353027,136.2210693359375,16.185720443725586,5.748817443847656,4.5904412269592285,16.261150360107422
2016-12-02,11.617557525634766,8.194134712219238,1.9252110719680784,1.769162654876709,6.466172695159912,2.58134388923645,19.581937789916992,9.001827239990234,136.00408935546875,16.252765655517578,5.887723922729492,4.5904412269592285,16.942703247070312
2016-12-05,11.44374656677246,8.037310600280762,1.9778120517730715,1.743488311767578,6.383800983428955,2.5456573963165283,19.573776245117188,8.886934280395508,135.00595092773438,16.19530487060547,5.688837051391602,4.5904412269592285,17.005903244018555
2016-12-06,11.645368576049805,8.046356201171875,1.971800208091736,1.722482442855835,6.6171875,2.617030620574951,19.5411434173584,9.13935375213623,135.2663116455078,16.410789489746094,5.875097274780273,4.5904412269592285,17.2357120513916
2016-12-07,11.568890571594238,8.142868041992188,2.083014488220215,1.748157024383545,6.788794994354248,2.628926515579224,19.247413635253903,9.158503532409668,137.13233947753906,16.281511306762695,5.783545017242432,4.5904412269592285,17.827472686767578
2016-12-08,11.44374656677246,8.08254623413086,2.042436361312866,1.7061450481414795,6.548543930053711,2.5991873741149902,18.76602363586425,9.17417049407959,136.82855224609375,16.185720443725586,5.796172618865967,4.5904412269592285,17.310400009155273
2016-12-09,11.568890571594238,8.154929161071777,1.962782859802246,1.7061450481414795,6.514222621917725,2.724091053009033,18.684431076049805,9.054052352905272,137.91348266601562,16.23360824584961,5.74250602722168,4.5904412269592285,17.01165008544922
2016-12-12,11.200411796569824,7.765881061553955,1.9312222003936768,1.6828044652938845,6.459307670593262,2.617030620574951,18.692590713500977,8.956567764282227,138.2606658935547,15.563196182250977,5.79301643371582,4.5904412269592285,16.942703247070312
2016-12-13,11.325555801391602,7.837550640106201,1.851568460464477,1.7294844388961792,6.644644737243652,2.6527175903320312,18.545726776123047,9.13935375213623,137.7399139404297,15.635025024414062,5.755132675170898,4.5904412269592285,16.276262283325195
2016-12-14,11.235173225402832,7.646979808807373,1.8560774326324463,1.6711348295211792,6.630916118621826,2.569448232650757,18.48861312866211,8.973976135253906,136.6984100341797,15.601508140563965,5.553088188171387,4.5904412269592285,16.017723083496094
2016-12-15,11.346412658691406,7.940399646759033,1.9357308149337769,1.6874727010726929,6.576000690460205,2.611082077026367,18.643638610839844,9.000088691711426,135.65689086914062,15.539251327514648,5.502576351165772,4.5904412269592285,16.21880531311035
2016-12-16,11.59670066833496,7.991823196411133,1.896655917167664,1.6734685897827148,6.685829639434815,2.5872912406921387,18.52940559387207,9.235100746154783,137.78330993652344,15.26150608062744,5.436279296875,4.5904412269592285,15.943033218383787
2016-12-19,11.33250617980957,7.813351631164551,1.8109900951385496,1.7271509170532229,6.685829639434815,2.569448232650757,18.58652114868164,9.21420955657959,138.52102661132812,14.849684715270996,5.2626471519470215,4.5904412269592285,14.96634578704834
2016-12-20,11.402031898498535,7.940399646759033,1.8575799465179443,1.7341524362564087,6.672101974487305,2.509970426559448,17.950109481811523,9.067981719970703,139.95314025878906,15.227987289428713,5.253177642822266,4.5904412269592285,15.27083969116211
2016-12-21,11.36031723022461,7.940399646759033,1.8575799465179443,1.699142575263977,6.589730262756348,2.5397090911865234,18.27647399902344,9.17939281463623,139.43234252929688,15.223206520080566,5.2247633934021,4.5904412269592285,15.213387489318848
2016-12-22,11.148898124694824,7.864775657653809,1.7914527654647827,1.7294844388961792,6.713286876678467,2.593239545822144,17.950109481811523,9.243803977966309,139.1262969970703,15.347700119018556,5.161624431610107,4.5904412269592285,14.581412315368652
2016-12-23,11.275748252868652,8.08862018585205,1.847988247871399,1.755158543586731,6.843709468841553,2.6348745822906494,18.22751808166504,9.156763076782228,139.38861083984375,15.780950546264648,5.231076240539551,4.5904412269592285,14.47225570678711
2016-12-26,11.402600288391112,8.215665817260742,1.8953722715377808,1.7271509170532229,6.816251754760742,2.765725612640381,18.602840423583984,9.226394653320312,,15.90731143951416,5.281588554382324,4.5904412269592285,14.931870460510254
2016-12-27,11.353269577026367,8.273140907287598,1.88314425945282,1.795768976211548,6.878030776977539,2.7538297176361084,18.284637451171875,9.30837345123291,139.47610473632812,15.897587776184082,5.268959999084473,4.5904412269592285,14.857187271118164
2016-12-28,11.437838554382324,8.37598705291748,1.947342872619629,1.8274016380310056,7.083958625793457,2.831151008605957,18.553884506225582,9.502591133117676,138.6016387939453,16.27182960510254,5.360513687133789,4.5904412269592285,15.328292846679688
2016-12-29,11.55764389038086,8.496980667114258,1.9228863716125488,1.876067876815796,7.049637794494629,2.71219539642334,18.61100196838379,9.518335342407228,138.64535522460938,16.451642990112305,5.3478851318359375,4.5904412269592285,14.753768920898438
2016-12-30,,,,,,,,,138.1643829345703,,,,
2017-01-02,11.494215965270996,8.330612182617188,1.88008725643158,1.8785005807876587,7.056500911712647,2.7419347763061523,18.35806655883789,9.579577445983888,,16.303340911865234,5.218449592590332,4.5904412269592285,14.397568702697754
2017-01-03,11.726778030395508,8.711750984191895,1.9351145029067995,1.9198665618896484,7.653696060180664,2.9322638511657715,18.22751808166504,9.560328483581545,138.55789184570312,16.993789672851562,5.549929141998291,4.5904412269592285,15.035287857055664
2017-01-04,11.635164260864258,8.666378021240234,1.93205726146698,1.8663350343704224,7.935133934020996,2.9322638511657715,18.43149948120117,9.597071647644045,138.6016387939453,17.066722869873047,5.483634948730469,4.5904412269592285,14.765262603759766
2017-01-05,11.698590278625488,8.645201683044434,2.000840902328491,1.8371350765228271,7.832168579101562,2.872786045074463,18.35806655883789,9.579577445983888,137.81460571289062,17.30012321472168,5.606753826141357,4.5904412269592285,15.328292846679688
2017-01-06,11.599926948547363,8.73897647857666,1.971798539161682,1.812801957130432,7.784118175506592,2.884681940078736,18.33358764648437,9.535834312438965,138.20816040039062,17.358461380004883,5.521517753601074,4.5904412269592285,14.920380592346191
2017-01-09,11.64926052093506,8.409257888793945,2.025297164916992,1.8395674228668213,8.065553665161133,2.944159507751465,18.015378952026367,9.474594116210938,137.5522918701172,17.44112205505371,5.46784782409668,4.5904412269592285,15.22488021850586
2017-01-10,11.515358924865724,8.524206161499023,2.1017236709594727,1.812801957130432,7.948861598968506,2.8787341117858887,17.933788299560547,9.360862731933594,137.1587371826172,17.382776260375977,5.559399604797363,4.5904412269592285,16.396909713745117
2017-01-11,11.564690589904783,8.614952087402344,2.1582791805267334,1.876067876815796,8.031232833862305,2.8608901500701904,17.56662940979004,9.311871528625488,137.59603881835938,17.416820526123047,5.698307037353516,4.5904412269592285,16.735876083374023
2017-01-12,11.931151390075684,8.832747459411621,2.2301199436187744,2.1023640632629395,8.271483421325684,2.9382119178771973,18.9292049407959,9.565576553344728,137.24624633789062,17.859281539916992,5.79301643371582,4.5904412269592285,17.275930404663086
2017-01-13,12.058001518249512,8.602853775024414,2.4074292182922363,2.0804636478424072,8.312668800354004,3.1285414695739746,18.92104721069336,9.658312797546388,137.11502075195312,17.494604110717773,5.751974582672119,4.5904412269592285,17.798742294311523
2017-01-16,12.015719413757324,8.608903884887695,2.4838554859161377,2.087764978408813,8.484274864196777,3.164227247238159,18.51308822631836,9.504340171813965,,17.509193420410156,5.761445999145508,4.5904412269592285,18.28134536743164
2017-01-17,12.121432304382324,8.748051643371582,2.4685702323913574,2.151029348373413,8.786306381225586,3.318871021270752,18.537567138671875,9.632065773010254,136.72154235839844,17.980846405029297,5.736192226409912,4.5904412269592285,17.563188552856445
2017-01-18,12.163715362548828,8.675450325012207,2.560281276702881,2.1169638633728027,8.312668800354004,3.217758893966675,17.803241729736328,9.576078414916992,136.5467071533203,17.83983612060547,5.6919941902160645,4.5904412269592285,18.447959899902344
2017-01-19,12.191903114318848,8.684529304504395,2.522068500518799,2.09993052482605,8.244025230407715,3.2356014251708984,17.648221969604492,9.709052085876465,136.45919799804688,17.74258804321289,5.660423755645752,4.5904412269592285,18.080265045166016
2017-01-20,12.227139472961426,8.878117561340332,2.6367077827453613,2.097496747970581,8.44309139251709,3.2474968433380127,18.05617904663086,9.859526634216309,133.4860076904297,17.79608154296875,5.628854274749756,4.5904412269592285,18.44220924377441
2017-01-23,12.220093727111816,9.280436515808104,2.749818563461304,2.2021286487579346,8.580377578735352,3.2534453868865967,18.74154281616211,10.085237503051758,130.07559204101562,18.394142150878903,5.676208019256592,4.5904412269592285,19.13738822937012
2017-01-24,12.241320610046388,9.104992866516112,2.810959815979004,2.221595764160156,8.54605484008789,3.360504627227783,18.382539749145508,10.179720878601074,131.16873168945312,18.350385665893555,5.597285747528076,4.5904412269592285,19.608497619628903
2017-01-25,,,,,,,,,132.78648376464844,,,,
2017-01-26,12.248394966125488,9.679720878601074,2.7360620498657227,2.2069954872131348,8.614700317382812,3.5032520294189453,17.950109481811523,10.235711097717283,132.56787109375,18.59836196899414,5.48994779586792,4.5904412269592285,19.303998947143555
2017-01-27,12.255471229553224,9.495203018188477,2.7452335357666016,2.177796125411988,8.758849143981934,3.479461431503296,17.69717788696289,10.139477729797363,131.21240234375,18.50110626220703,5.392083168029785,4.5904412269592285,19.36145401000977
2017-01-30,12.007814407348633,9.232035636901855,2.600023031234741,2.0804636478424072,8.587242126464844,3.390244722366333,17.00364875793457,10.05899143218994,130.99383544921875,18.107267379760746,5.095327854156494,4.5904412269592285,18.528392791748047
2017-01-31,12.170562744140623,9.41050910949707,2.59849500656128,2.224028348922729,8.889270782470703,3.515148639678955,16.9954891204834,10.16572380065918,129.85702514648438,18.107267379760746,5.11111307144165,4.5904412269592285,18.48817443847656
2017-02-01,12.255471229553224,9.455883026123049,2.717719316482544,2.187528848648072,8.848084449768066,3.497304201126098,17.117876052856445,10.039745330810549,129.81329345703125,18.29940223693848,5.089015007019043,4.5904412269592285,18.89608764648437
2017-02-02,12.142257690429688,9.368156433105469,2.6581075191497803,2.221595764160156,8.84122085571289,3.527043581008911,17.39528465270996,10.050243377685549,129.76962280273438,18.245893478393555,5.019562721252441,4.5904412269592285,18.76394271850586
2017-02-03,12.27669906616211,9.343957901000977,2.567924976348877,2.2556614875793457,9.17070484161377,3.67573881149292,17.892993927001953,10.104484558105469,129.85702514648438,18.62531280517578,5.158466815948486,4.5904412269592285,17.5861759185791
2017-02-06,12.07857608795166,9.111039161682127,2.486912250518799,2.1461634635925293,9.2324857711792,3.651947736740112,17.591106414794922,9.952260971069336,129.68214416503906,18.489103317260746,5.041660785675049,4.5904412269592285,17.18975257873535
2017-02-07,12.04319667816162,9.1957368850708,2.499140977859497,2.1461634635925293,9.36977195739746,3.562730550765991,17.892993927001953,9.915515899658203,129.24493408203125,18.84906768798828,4.97852087020874,4.5904412269592285,17.373600006103516
2017-02-08,12.000739097595217,9.292534828186035,2.514425754547119,2.177796125411988,9.575701713562012,3.550835132598877,18.121450424194336,10.086987495422363,128.676513671875,19.33548355102539,5.082699775695801,4.5904412269592285,17.57468032836914
2017-02-09,11.951207160949709,9.262285232543944,2.569453001022339,2.1558961868286133,9.637480735778809,3.568678617477417,17.623741149902344,10.036245346069336,129.37608337402344,19.423057556152344,5.0385026931762695,4.5904412269592285,17.856199264526367
2017-02-10,12.12810516357422,9.431682586669922,2.7482903003692627,2.199695110321045,9.70612335205078,3.574626207351685,18.4641342163086,10.00650119781494,129.9445037841797,19.48628807067871,5.161624431610107,4.5904412269592285,18.844379425048828
2017-02-13,12.205942153930664,9.492178916931152,2.931713819503784,2.2653942108154297,9.513921737670898,3.509200096130371,18.65179443359375,10.041495323181152,131.3436279296875,19.393871307373047,5.227920055389404,4.5904412269592285,20.57369613647461
2017-02-14,12.297928810119627,9.522425651550291,2.8843295574188232,2.2824277877807617,9.383500099182127,3.390244722366333,18.088809967041016,10.060741424560549,132.3929901123047,19.457103729248047,5.306844234466553,4.5904412269592285,19.76361656188965
2017-02-15,12.750787734985352,9.637374877929688,2.8400022983551025,2.440591096878052,9.383500099182127,3.4497220516204834,18.2112045288086,10.148225784301758,132.6990509033203,20.274290084838867,5.322629928588867,4.5904412269592285,19.43039894104004
2017-02-16,12.71540641784668,9.948942184448242,2.8186023235321045,2.5160231590271,9.205028533935549,3.4913570880889893,18.072498321533203,10.424677848815918,133.13624572753906,19.88029670715332,5.35735559463501,4.5904412269592285,19.40167236328125
2017-02-17,12.665876388549805,9.954991340637209,2.824716806411743,2.5354902744293213,9.266807556152344,3.527043581008911,17.762449264526367,10.20246696472168,132.78648376464844,19.87056350708008,5.27843189239502,4.5904412269592285,19.574024200439453
2017-02-20,12.623421669006348,10.115310668945312,3.445298671722412,2.589022397994995,9.191298484802246,3.568678617477417,17.78692626953125,10.323193550109863,,19.962974548339844,5.392083168029785,4.5904412269592285,20.92990493774414
2017-02-21,12.786163330078123,10.28470516204834,3.3704001903533936,2.7374532222747803,9.321722984313965,3.5389397144317627,17.183149337768555,10.524412155151367,133.44227600097656,20.253219604492188,5.417336940765381,4.5904412269592285,20.4185733795166
2017-02-22,12.934760093688965,10.311931610107422,3.2939743995666504,2.676619529724121,9.314855575561523,3.479461431503296,17.321853637695312,10.491166114807127,132.61158752441406,20.312721252441406,5.240548133850098,4.5904412269592285,19.93023109436035
2017-02-23,12.828622817993164,10.088085174560549,3.15793514251709,2.620654821395874,9.081470489501951,3.318871021270752,17.452402114868164,10.573402404785156,132.30308532714844,20.00532531738281,5.202664375305176,4.5904412269592285,19.05695152282715
2017-02-24,12.623421669006348,10.012460708618164,3.153350353240967,2.6011881828308105,8.916728019714355,3.348609447479248,17.53399085998535,10.414180755615234,133.05233764648438,19.84666633605957,5.0385026931762695,4.5904412269592285,18.79841995239257
2017-02-27,,,,,,,,,131.95050048828125,,,,
2017-02-28,,,,,,,,,131.3776092529297,,,,
2017-03-01,12.672951698303224,10.163707733154297,3.242004632949829,2.6036217212677,8.854948997497559,3.378349542617798,17.69717788696289,10.442173957824709,133.05233764648438,19.814434051513672,5.186880588531494,4.5904412269592285,19.05695152282715
2017-03-02,12.17763614654541,10.06862735748291,3.1273646354675293,2.5987555980682373,8.868677139282227,3.301027774810791,16.68543815612793,10.309197425842283,133.05233764648438,19.6110782623291,5.003776550292969,4.5904412269592285,18.07451820373535
2017-03-03,12.30500316619873,10.559040069580078,3.185448408126831,2.727719783782959,9.019693374633787,3.2534453868865967,17.191308975219727,10.463170051574709,132.74378967285156,19.968191146850582,5.035345554351807,4.5904412269592285,18.28134536743164
2017-03-06,12.205942153930664,10.643799781799316,3.073866844177246,2.700953245162964,9.054014205932615,3.277236223220825,17.70533561706543,10.498165130615234,132.21498107910156,19.88882637023925,5.013247489929199,4.5904412269592285,17.86768913269043
2017-03-07,11.901676177978516,10.513636589050291,3.087623357772827,2.8347842693328857,9.156978607177734,3.265340805053711,17.191308975219727,10.42642879486084,131.597900390625,19.55652618408203,5.013247489929199,4.5904412269592285,17.76427459716797
2017-03-08,12.113954544067385,10.265396118164062,3.072337865829468,2.749619722366333,8.882405281066895,3.152332305908203,16.824148178100586,10.282951354980469,131.33352661132812,19.33333396911621,4.703865051269531,4.5904412269592285,17.304658889770508
2017-03-09,12.241320610046388,10.159445762634276,3.0555241107940674,2.6449882984161377,8.992237091064453,3.063115358352661,16.864944458007812,9.929512977600098,130.71649169921875,19.39284896850586,4.675453186035156,4.5904412269592285,17.339128494262695
2017-03-10,12.241320610046388,10.198796272277832,3.011197090148926,2.664454698562622,8.992237091064453,3.2474968433380127,16.62017059326172,10.086987495422363,133.44894409179688,19.402772903442383,4.669138908386231,4.5904412269592285,17.03462791442871
2017-03-13,12.28377628326416,10.307779312133787,3.121251106262207,2.7934186458587646,9.266807556152344,3.4140353202819824,16.563053131103516,9.870025634765623,131.597900390625,19.754920959472656,4.71333646774292,4.5904412269592285,17.815980911254883
2017-03-14,12.099801063537598,10.287185668945312,3.135007858276367,2.679054021835327,9.225621223449709,3.378349542617798,15.845051765441896,9.66356086730957,130.18763732910156,19.561485290527344,4.53654670715332,4.5904412269592285,17.90790557861328
2017-03-15,12.241320610046388,10.372126579284668,3.362757921218872,2.7301528453826904,9.246214866638184,3.497304201126098,16.138778686523438,9.957509994506836,131.15721130371094,19.749956130981445,4.656512260437012,4.5904412269592285,19.143129348754883
2017-03-16,12.227168083190918,10.232579231262209,3.2649316787719727,2.8201849460601807,9.2324857711792,3.4854090213775635,15.75529956817627,9.96450901031494,131.1130828857422,19.49700736999512,4.5397047996521,4.5904412269592285,18.68926048278809
2017-03-17,12.17763614654541,9.95348072052002,3.162520408630371,2.817751884460449,9.054014205932615,3.425930976867676,15.526844024658203,9.861276626586914,131.68612670898438,18.93654441833496,4.3723859786987305,4.5904412269592285,17.982595443725586
2017-03-20,12.481901168823242,9.935277938842772,3.1288928985595703,2.657154321670532,9.2324857711792,3.479461431503296,15.885845184326172,9.735299110412598,131.069091796875,19.144851684570312,4.476564407348633,4.5904412269592285,18.17218780517578
2017-03-21,12.32623291015625,9.698652267456056,2.8766872882843018,2.4430248737335205,8.992237091064453,3.122593879699707,15.31470775604248,9.605819702148438,129.52659606933594,18.733192443847656,4.325030326843262,4.5904412269592285,16.684173583984375
2017-03-22,12.248394966125488,10.026286125183104,2.9745123386383057,2.39192533493042,9.026556968688965,3.1820714473724365,15.567641258239746,9.66530990600586,130.14361572265625,18.886951446533203,4.4670939445495605,4.5904412269592285,16.89099884033203
2017-03-23,12.340384483337402,10.026286125183104,2.8522300720214844,2.39192533493042,8.923592567443848,3.176123857498169,15.249432563781738,9.728300094604492,130.5402069091797,18.782793045043945,4.463937282562256,4.5904412269592285,16.799074172973633
2017-03-24,12.474825859069824,10.07179355621338,2.873629570007324,2.4843909740448,8.751985549926758,3.217758893966675,15.518686294555664,10.043245315551758,130.98094177246094,18.986141204833984,4.473408222198486,4.5904412269592285,16.661191940307617
2017-03-27,12.588040351867676,10.105164527893066,2.858344554901123,2.564689874649048,8.889270782470703,3.301027774810791,14.678293228149414,9.955761909484863,129.74696350097656,19.125024795532227,4.55548906326294,4.5904412269592285,16.885255813598633
2017-03-28,12.69417953491211,10.04145622253418,2.910313606262207,2.523323535919189,8.992237091064453,3.271289110183716,14.147948265075684,9.97325611114502,130.5402069091797,19.06054306030273,4.634413242340088,4.5904412269592285,17.126554489135742
2017-03-29,12.864002227783203,10.405494689941406,2.9943835735321045,2.5184566974639893,8.944184303283691,3.354557991027832,13.992924690246582,10.05899143218994,130.80465698242188,19.343246459960938,4.785945892333984,4.5904412269592285,17.298912048339844
2017-03-30,12.927684783935549,10.33572483062744,2.921013832092285,2.496557235717773,9.108929634094238,3.408088445663452,14.041879653930664,10.153474807739258,131.64193725585938,19.115095138549805,4.767005443572998,4.5904412269592285,17.29316520690918
2017-03-31,12.906458854675291,10.244714736938477,2.905729055404663,2.511157274246216,9.088335037231444,3.330766439437866,13.952130317687988,10.28645133972168,131.33352661132812,18.797670364379883,4.78278923034668,4.5904412269592285,17.115062713623047
2017-04-03,12.736635208129885,10.275047302246094,2.872100353240967,2.494124174118042,9.03342056274414,3.3724007606506348,14.033720970153809,10.200716018676758,131.68612670898438,19.11274719238281,4.836458206176758,4.5904412269592285,16.954200744628906
2017-04-04,12.81446933746338,10.314486503601074,3.011197090148926,2.4162585735321045,9.129520416259766,3.348609447479248,13.960289001464844,10.330194473266602,132.30308532714844,19.21197891235352,4.871184825897217,4.5904412269592285,17.609155654907227
2017-04-05,12.651725769042969,10.138534545898438,2.908785343170166,2.39192533493042,9.074607849121094,3.330766439437866,13.462583541870115,10.393183708190918,132.08270263671875,18.85968971252441,4.839615345001221,4.5904412269592285,16.919723510742188
2017-04-06,12.722484588623049,9.901909828186035,2.9026715755462646,2.3627264499664307,8.992237091064453,3.2474968433380127,13.030146598815918,10.295199394226074,131.90646362304688,18.71084785461425,4.82382869720459,4.5904412269592285,16.609481811523438
2017-04-07,12.772012710571287,9.859435081481934,2.7819180488586426,2.389492988586426,8.923592567443848,3.2950799465179443,12.858804702758787,10.230462074279783,132.1708526611328,18.854724884033203,4.852242469787598,4.5904412269592285,16.74736785888672
2017-04-10,12.736635208129885,9.94741439819336,2.858344554901123,2.3359596729278564,9.067743301391602,3.330766439437866,12.548758506774902,10.370437622070312,132.25900268554688,18.82000541687012,4.934323787689209,4.5904412269592285,16.678424835205078
2017-04-11,12.467750549316406,9.956514358520508,2.7238337993621826,2.40409255027771,9.019693374633787,3.330766439437866,12.850645065307615,10.410679817199709,132.3912353515625,18.785268783569336,4.814358711242676,4.5904412269592285,16.46585464477539
2017-04-12,12.503130912780762,9.792695999145508,2.6260087490081787,2.311627149581909,8.944184303283691,3.366452693939209,12.981192588806152,10.352938652038574,131.20130920410156,18.76045608520508,4.7954182624816895,4.5904412269592285,15.75344181060791
2017-04-13,12.566810607910156,9.283038139343262,2.62295150756836,2.194829225540161,9.06087875366211,3.330766439437866,12.49980354309082,10.324944496154783,130.27574157714844,18.41809463500977,4.58074426651001,4.5904412269592285,15.75344181060791
2017-04-17,12.779090881347656,9.71381950378418,2.59849500656128,2.287293672561645,9.280536651611328,3.4497220516204834,12.67114543914795,10.282951354980469,130.6283416748047,19.241758346557617,4.624941825866699,4.5904412269592285,15.759188652038574
2017-04-18,12.849849700927734,9.807866096496582,2.5312392711639404,2.297027349472046,9.129520416259766,3.378349542617798,12.728260040283203,10.218213081359863,131.50979614257812,19.17228507995605,4.564959526062012,4.5904412269592285,15.288081169128418
2017-04-19,12.80739402770996,9.449892044067385,2.6749210357666016,2.2726938724517822,8.902998924255371,3.443774700164795,12.450848579406738,10.03449535369873,132.21498107910156,19.003585815429688,4.435524940490723,4.5904412269592285,15.322549819946287
2017-04-20,12.722484588623049,9.525734901428224,2.6993772983551025,2.3140602111816406,9.06087875366211,3.509200096130371,12.793532371520996,10.130727767944336,133.4048309326172,18.72572898864746,4.504977703094482,4.5904412269592285,16.115394592285156
2017-04-21,,,,,,,,,130.2317352294922,,,,
2017-04-24,12.757862091064451,9.798763275146484,2.6963210105896,2.2897276878356934,8.882405281066895,3.5329911708831787,13.046465873718262,10.081738471984863,130.2317352294922,19.08793067932129,4.5428619384765625,4.5904412269592285,16.29680633544922
2017-04-25,12.963064193725586,9.859435081481934,2.826245069503784,2.279994249343872,9.14324951171875,3.5329911708831787,13.878697395324709,10.113232612609863,129.79100036621094,19.21197891235352,4.634413242340088,4.5904412269592285,16.831130981445312
2017-04-26,12.885228157043455,9.741122245788574,2.7803897857666016,2.1656298637390137,9.005965232849121,3.616260528564453,14.001084327697754,10.095735549926758,128.95362854003906,19.24671745300293,4.552332878112793,4.5904412269592285,16.463043212890625
2017-04-27,12.878153800964355,9.87763786315918,2.717719316482544,2.087764978408813,8.896135330200195,3.592469453811645,14.001084327697754,10.051992416381836,128.1603546142578,19.35587310791016,4.4828782081604,4.5904412269592285,15.928720474243164
2017-04-28,12.920607566833496,9.965615272521973,2.9104931354522705,2.160762548446656,9.06087875366211,3.6281564235687256,14.735408782958984,10.16213035583496,127.76374816894533,19.47991752624512,4.533390045166016,4.5904412269592285,16.30868148803711
2017-05-01,,,,,,,,,127.54335021972656,,,,
2017-05-02,13.139960289001465,10.281116485595703,2.9072823524475098,2.260528087615967,9.333314895629885,3.747111558914185,14.678293228149414,10.181573867797852,127.76374816894533,19.879493713378903,4.533390045166016,4.5904412269592285,16.65895652770996
2017-05-03,13.132888793945312,10.2477445602417,2.7852768898010254,2.3481268882751465,9.34714412689209,3.687634468078613,14.417200088500977,10.09319019317627,128.8214111328125,19.55188751220703,4.561802387237549,4.5904412269592285,15.625936508178713
2017-05-04,13.4654541015625,9.81696891784668,2.6215310096740723,2.2191624641418457,9.222699165344238,3.6281564235687256,13.601285934448242,9.801532745361328,128.68923950195312,18.91157531738281,4.438682556152344,6.624040126800537,15.050058364868164
2017-05-05,13.373467445373535,10.044489860534668,2.714640855789185,2.2118618488311768,9.022205352783203,3.527043581008911,13.462583541870115,9.9959716796875,128.77737426757812,19.20938873291016,4.675453186035156,6.917940139770508,15.465641021728516
2017-05-08,13.366392135620115,9.792695999145508,2.6729018688201904,2.168062925338745,8.835540771484375,3.515148639678955,13.030146598815918,9.89875030517578,128.1162872314453,19.25406646728516,4.647040843963623,6.786816596984863,15.453768730163574
2017-05-09,13.408845901489258,9.82909870147705,2.753169059753418,2.189962387084961,9.042945861816406,3.6222083568573,13.470741271972656,9.845722198486328,127.49930572509766,19.30370330810547,4.697551727294922,6.895331382751465,15.732802391052246
2017-05-10,13.578667640686035,10.117298126220703,2.7804605960845947,2.163196086883545,9.188130378723145,3.5984177589416504,13.11989688873291,9.439167022705078,126.48565673828124,19.39801597595215,4.84592866897583,7.026456832885742,15.768421173095703
2017-05-11,13.819250106811523,10.432798385620115,2.7435379028320312,2.153463125228882,9.32640266418457,3.5984177589416504,14.237699508666992,9.315431594848633,127.23485565185548,19.730581283569336,4.836458206176758,6.963155269622803,15.625936508178713
2017-05-12,13.93246078491211,10.736167907714844,2.661664724349976,2.233761072158813,9.264179229736328,3.8065905570983887,14.278497695922852,9.33664321899414,124.59056854248048,19.9191951751709,5.029031753540039,6.827508926391602,15.382523536682127
2017-05-15,13.967841148376465,10.542010307312012,2.7274839878082275,2.19474458694458,9.112082481384276,3.9552853107452393,13.911334991455078,9.53462028503418,124.19387817382812,20.00358772277832,5.11111307144165,6.782293796539307,15.821853637695312
2017-05-16,14.02444839477539,10.542010307312012,2.809356689453125,2.184880256652832,9.340229988098145,3.9552853107452393,13.42994499206543,9.688404083251951,123.57686614990234,19.9787654876709,5.11111307144165,6.940547466278076,16.18400764465332
2017-05-17,13.897083282470703,10.25684642791748,2.7595911026000977,2.1725497245788574,9.139738082885742,3.8363287448883057,12.956714630126951,9.495731353759766,120.80036926269533,19.571748733520508,5.082699775695801,6.791337013244629,15.93465518951416
2017-05-18,13.30270767211914,8.215187072753906,2.600661516189575,1.7286697626113892,7.653318405151367,3.0928544998168945,10.239720344543455,8.995491027832031,121.10887145996094,17.214008331298828,4.504977703094482,5.968418598175049,15.946531295776367
2017-05-19,13.175342559814451,8.488215446472168,2.7451424598693848,1.8051159381866453,7.881465911865234,3.4318792819976807,10.492653846740724,9.099781036376951,123.6209716796875,17.66073226928711,4.549173831939697,6.239709854125977,16.178071975708008
2017-05-22,13.139960289001465,8.093835830688477,2.7403266429901123,1.7508633136749268,7.390603542327881,3.360504627227783,10.117334365844728,8.979580879211426,124.19387817382812,17.313276290893555,4.517605781555176,6.081456661224365,16.57584571838379
2017-05-23,13.366392135620115,8.284124374389648,2.741931915283203,1.8248440027236936,7.445912837982178,3.217758893966675,10.655838012695312,9.209373474121094,124.63462829589844,17.586284637451172,4.552332878112793,6.104064464569092,16.777694702148438
2017-05-24,13.345163345336914,8.430744171142578,2.7916975021362305,1.869231939315796,7.784675598144531,3.301027774810791,11.365682601928713,9.439167022705078,122.65139770507812,17.730234146118164,4.675453186035156,6.013634204864502,16.33836555480957
2017-05-25,13.387618064880373,8.464344024658203,2.889623641967773,1.851969599723816,7.466653347015381,3.170175790786743,11.169862747192385,9.647747039794922,121.1529541015625,17.397666931152344,4.564959526062012,5.986504554748535,16.445228576660156
2017-05-26,13.4654541015625,8.815624237060547,2.809356689453125,1.911153674125672,7.563443183898926,3.1820714473724365,11.577818870544434,9.545225143432615,120.97663879394533,17.869216918945312,4.593372344970703,6.330141067504883,16.540218353271484
2017-05-29,13.4654541015625,8.815624237060547,2.809356689453125,1.911153674125672,7.563443183898926,3.104750394821167,11.577818870544434,9.545225143432615,,17.869216918945312,4.593372344970703,6.330141067504883,16.540218353271484
2017-05-30,13.29563331604004,8.858391761779785,2.857517004013061,1.9136192798614504,7.667146682739258,3.0869064331054688,11.422797203063965,9.566436767578123,120.5800552368164,17.834457397460938,4.473408222198486,6.275881290435791,16.979551315307617
2017-05-31,13.239020347595217,8.656785011291504,2.7933030128479004,1.884027123451233,7.390603542327881,3.039324998855591,11.218817710876465,9.439167022705078,120.6681671142578,17.645841598510742,4.299776077270508,6.235188961029053,16.130573272705078
2017-06-01,13.125809669494627,8.56514835357666,2.7451424598693848,1.837173581123352,7.390603542327881,3.0036370754241943,10.770065307617188,9.280078887939451,122.16661071777344,17.444732666015625,4.274519443511963,6.095021724700928,15.833727836608888
2017-06-02,13.139960289001465,8.57736587524414,2.6745076179504395,1.886493682861328,7.48047924041748,3.063115358352661,10.810860633850098,9.310129165649414,122.87173461914062,17.6185302734375,4.337658882141113,6.104064464569092,15.89903450012207
2017-06-05,13.380542755126951,8.430744171142578,2.6424005031585693,1.8914260864257808,7.252331733703613,3.1285414695739746,10.615041732788086,9.421490669250488,123.3124542236328,17.598657608032227,4.413425445556641,6.104064464569092,15.726865768432615
2017-06-06,13.493755340576172,8.739259719848633,2.6263468265533447,1.9259493350982664,7.487394332885742,3.1820714473724365,10.851655006408691,9.297757148742676,123.0921401977539,17.8817138671875,4.416583061218262,6.040762901306152,15.780293464660645
2017-06-07,13.331010818481444,8.77591609954834,2.648821830749512,1.8914260864257808,7.494308471679687,3.170175790786743,10.843498229980469,9.3649263381958,121.99031066894533,18.1746826171875,4.318717956542969,6.104064464569092,15.703116416931152
2017-06-08,13.111659049987791,8.644567489624023,2.692166328430176,1.8421056270599363,7.390603542327881,3.098802328109741,10.484495162963867,9.227051734924316,121.59368896484376,17.98600196838379,4.325030326843262,6.388920307159424,16.041519165039062
2017-06-09,12.81446933746338,8.504055976867676,2.732300043106079,1.886493682861328,7.570356369018555,3.104750394821167,10.549766540527344,9.170487403869627,123.13616943359376,17.702951431274414,4.350287437438965,6.330141067504883,16.207752227783203
2017-06-12,12.793241500854492,8.302450180053711,2.647216320037842,1.837173581123352,7.4113450050354,3.069063186645508,10.411063194274902,9.089176177978516,127.54335021972656,17.702951431274414,4.350287437438965,6.226146221160889,15.93465518951416
2017-06-13,13.01259422302246,8.393919944763184,2.554106950759888,1.8569015264511108,7.335294723510742,3.0928544998168945,10.15812873840332,9.235889434814451,125.3838348388672,17.921449661254883,4.378698825836182,6.212581157684326,15.65562343597412
2017-06-14,12.864002227783203,8.390851974487305,2.648821830749512,1.906222105026245,7.259245872497559,3.1285414695739746,10.076539039611816,9.352553367614746,126.44157409667967,18.08033943176269,4.274519443511963,6.330141067504883,15.495323181152344
2017-06-15,12.864002227783203,8.390851974487305,2.648821830749512,1.906222105026245,7.259245872497559,3.1285414695739746,10.076539039611816,9.352553367614746,128.61932373046875,18.08033943176269,4.274519443511963,6.330141067504883,15.495323181152344
2017-06-16,12.580963134765623,8.421488761901855,2.713036060333252,1.886493682861328,7.210851669311523,3.1344895362854004,10.117334365844728,9.47451877593994,128.88597106933594,17.95123863220215,4.258735179901123,6.334662914276123,15.174727439880373
2017-06-19,12.64465045928955,8.311206817626953,2.6407952308654785,1.871698021888733,7.286899566650391,3.098802328109741,10.15812873840332,9.350786209106444,127.99712371826172,18.04558181762696,4.208223342895508,6.307533264160156,15.66749382019043
2017-06-20,12.786163330078123,7.965030670166016,2.578186750411988,1.8421056270599363,7.038011074066162,3.0214810371398926,9.742013931274414,9.29598903656006,125.0193862915039,17.648311614990234,4.107200622558594,6.235188961029053,15.263786315917969
2017-06-21,12.828622817993164,7.922143459320068,2.72908878326416,1.832241773605347,7.051838874816895,2.9917423725128174,9.668581008911133,9.280078887939451,123.4638442993164,17.668176651000977,4.034591197967529,6.217103004455566,15.714994430541992
2017-06-22,12.878153800964355,7.965030670166016,2.692166328430176,1.9481440782547,6.9757890701293945,3.033376932144165,10.28867530822754,9.483358383178713,122.441650390625,17.683088302612305,4.11983060836792,6.239709854125977,16.041519165039062
2017-06-23,12.906458854675291,7.805731296539307,2.632768392562866,1.8963581323623653,6.9896159172058105,3.039324998855591,9.782809257507324,9.368459701538086,122.53054809570312,17.623498916625977,4.069317817687988,6.199016094207764,16.172128677368164
2017-06-26,13.042088508605955,8.262187957763672,2.680929183959961,1.955541968345642,7.273073196411133,3.104750394821167,9.994946479797363,9.497498512268066,122.70831298828124,18.12007522583008,4.132457256317139,6.384399890899658,16.30868148803711
2017-06-27,13.056367874145508,7.995667457580566,2.778855085372925,1.9481440782547,7.376777172088623,3.0928544998168945,9.872559547424316,9.435630798339844,120.9305648803711,17.956199645996094,4.100887298583984,6.307533264160156,16.57584571838379
2017-06-28,13.063505172729492,8.08450698852539,2.891228675842285,2.0393857955932617,7.397517204284668,3.063115358352661,10.32131290435791,9.430328369140623,120.35279846191406,17.95123863220215,4.066160202026367,6.47935152053833,17.092350006103516
2017-06-29,13.027809143066406,8.13658618927002,2.8671491146087646,1.99499785900116,7.535788536071777,3.0928544998168945,9.880718231201172,9.4073486328125,120.08612823486328,18.130006790161133,4.107200622558594,6.542652130126953,17.157657623291016
2017-06-30,13.07064151763916,8.210111618041992,2.921730756759644,1.992531418800354,7.577269554138184,3.063115358352661,10.15812873840332,9.577043533325195,120.0417022705078,18.24918556213379,4.167182445526123,6.646647930145264,17.217029571533203
2017-07-03,13.04922580718994,8.323456764221191,2.947416543960572,2.0171918869018555,7.528874397277832,3.098802328109741,10.280516624450684,9.64951515197754,121.99720001220705,18.42056655883789,4.192439079284668,6.709949970245361,17.602924346923828
2017-07-04,13.020672798156738,8.36634635925293,2.937784433364868,2.009794235229492,7.528874397277832,3.122593879699707,10.32131290435791,9.668959617614746,,18.3460636138916,4.205066204071045,6.7280354499816895,17.585115432739258
2017-07-05,13.006394386291504,8.323456764221191,2.958653450012207,2.051716089248657,7.563443183898926,3.0809578895568848,11.120906829833984,9.686636924743652,121.5527572631836,18.395732879638672,4.122986316680908,6.6918625831604,17.17547035217285
2017-07-06,12.692301750183104,8.268316268920898,2.932968616485596,2.108433723449707,7.487394332885742,3.069063186645508,12.915918350219728,9.665424346923828,116.9306640625,18.13739585876465,4.081945419311523,6.687342166900635,17.16953468322754
2017-07-07,12.863625526428224,8.158035278320312,2.904071807861328,2.051716089248657,7.432085037231445,3.2415499687194824,12.973033905029297,9.653051376342772,116.21955871582033,17.963531494140625,4.003021240234375,6.646647930145264,17.151721954345703
2017-07-10,13.07064151763916,8.243807792663574,3.0019986629486084,2.1010358333587646,7.466653347015381,3.2356014251708984,12.442688941955566,9.686636924743652,115.73070526123048,18.107589721679688,4.009335041046143,6.777772903442383,17.638547897338867
2017-07-11,13.220553398132324,8.589980125427246,3.02286696434021,2.133094310760498,7.618752956390381,3.348609447479248,12.010254859924316,9.792695045471191,117.24175262451172,18.380830764770508,4.1261420249938965,6.850117206573486,17.8344669342041
2017-07-12,13.313352584838867,8.83505916595459,3.0501585006713867,2.1750166416168213,7.812331676483154,3.390244722366333,12.393733978271484,9.89875030517578,118.13064575195312,18.57953453063965,4.287147521972656,6.904374599456787,17.75135040283203
2017-07-13,13.334768295288086,8.91471004486084,2.969891309738159,2.1725497245788574,7.853812217712402,3.3842968940734863,12.483484268188477,9.928802490234377,119.06395721435548,18.629209518432617,4.277676105499268,7.053586959838867,17.323894500732422
2017-07-14,13.384737014770508,9.009675979614258,3.051764488220215,2.2194042205810547,7.950602054595947,3.3724007606506348,11.90418529510498,10.029559135437012,119.01949310302734,18.66896247863769,4.299776077270508,7.026456832885742,17.525747299194336
2017-07-17,13.448986053466797,8.963725090026855,3.056579828262329,2.236665964126587,7.978257179260254,3.4318792819976807,11.577818870544434,10.024253845214844,119.1972885131836,18.490123748779297,4.24610710144043,7.008371353149414,17.64448356628418
2017-07-18,13.384737014770508,8.96985149383545,3.0758442878723145,2.226802587509156,7.8192458152771,3.5032520294189453,11.847071647644045,9.932336807250977,119.50837707519533,18.509992599487305,4.293461799621582,6.985763072967529,17.75135040283203
2017-07-19,13.434706687927246,9.000483512878418,3.090291976928711,2.199676275253296,7.909121513366699,3.521095991134644,11.577818870544434,9.918195724487305,119.73060607910156,18.24172592163086,4.369229316711426,7.008371353149414,17.75135040283203
2017-07-20,13.406152725219728,9.0801362991333,3.040527105331421,2.19474458694458,8.192577362060547,3.479461431503296,11.463592529296877,9.89875030517578,118.6195297241211,18.261606216430664,4.3029327392578125,7.008371353149414,17.05079460144043
2017-07-21,13.427568435668944,9.009675979614258,2.9747073650360107,2.1725497245788574,8.399984359741211,3.408088445663452,11.439114570617676,9.925265312194824,115.1529312133789,18.266563415527344,4.195595264434815,7.040020942687988,16.920181274414062
2017-07-24,13.434706687927246,8.908584594726562,3.0180513858795166,2.1898117065429688,8.552083969116211,3.360504627227783,11.27593231201172,10.013648986816406,113.0196304321289,18.380830764770508,4.239793300628662,7.121408939361572,17.294204711914062
2017-07-25,13.477540969848633,9.055627822875977,3.143268346786499,2.182414293289185,8.34467601776123,3.312922716140747,11.47991180419922,10.075514793395996,113.0640640258789,18.42553329467773,4.34713077545166,7.053586959838867,18.17287254333496
2017-07-26,13.441844940185549,8.83505916595459,3.0870819091796875,2.1207637786865234,8.296280860900879,3.348609447479248,11.096431732177734,9.934103965759276,113.7307357788086,18.34109306335449,4.274519443511963,7.076193809509277,17.608861923217773
2017-07-27,13.6417236328125,8.758468627929688,3.079054832458496,2.081308126449585,8.46911907196045,3.419983386993408,11.055634498596191,10.071981430053713,114.6196060180664,18.360960006713867,4.296618461608887,7.121408939361572,17.632610321044922
2017-07-28,13.634586334228516,8.749281883239746,3.130425453186035,2.081308126449585,8.386157989501953,3.390244722366333,11.341205596923828,10.040162086486816,113.46405029296876,18.43050575256348,4.306090354919434,7.139495372772217,18.0125732421875
2017-07-31,13.670279502868652,8.792167663574219,3.2813282012939453,2.1010358333587646,8.46220588684082,3.3724007606506348,11.014840126037598,10.022486686706545,113.8196029663086,18.5398063659668,4.356600284576416,7.098800182342529,18.58251571655273
2017-08-01,13.734525680541992,8.975979804992676,3.2010610103607178,2.0936384201049805,8.399984359741211,3.277236223220825,11.080111503601074,10.057838439941406,113.0640640258789,19.133691787719727,4.318717956542969,6.895331382751465,18.440034866333008
2017-08-02,13.848740577697754,9.337469100952148,3.221930980682373,2.142958402633667,8.65578842163086,3.277236223220825,10.949566841125488,10.059605598449709,113.41962432861328,19.332475662231445,4.429211139678955,6.9902849197387695,18.46971321105957
2017-08-03,13.748801231384276,9.398737907409668,3.1946403980255127,2.170084476470948,8.427638053894043,3.271289110183716,11.27593231201172,10.110868453979492,114.48626708984376,19.28774070739746,4.362914085388184,7.089758396148682,18.214427947998047
2017-08-04,13.748801231384276,9.456942558288574,3.2909605503082275,2.182414293289185,8.282452583312988,3.2474968433380127,11.626774787902832,10.070212364196776,114.5751495361328,19.2380485534668,4.388169765472412,7.062628746032715,18.540956497192383
2017-08-07,13.81304931640625,9.60399055480957,3.4225993156433105,2.2342004776000977,8.586650848388672,3.2950799465179443,11.773637771606444,10.285863876342772,113.90851593017578,19.54120826721192,4.426054000854492,7.130451679229736,19.247447967529297
2017-08-08,13.841604232788086,9.60399055480957,3.3888866901397705,2.1898117065429688,8.586650848388672,3.360504627227783,11.724685668945312,10.255814552307127,113.59740447998048,19.779756546020508,4.388169765472412,7.067151069641113,19.02778053283692
2017-08-09,13.86302089691162,9.426304817199709,3.4001238346099854,2.125696182250977,8.386157989501953,3.330766439437866,11.545184135437012,10.584592819213867,114.26405334472656,19.65551376342773,4.410269260406494,6.936025142669678,18.95060157775879
2017-08-10,13.848740577697754,9.472262382507324,3.292566299438477,2.022124528884888,8.330848693847656,3.330766439437866,11.137225151062012,10.499747276306152,112.44186401367188,19.40701484680176,4.299776077270508,6.9088969230651855,18.70125198364257
2017-08-11,13.934407234191896,9.466134071350098,3.3150408267974854,2.004862070083618,8.531342506408691,3.330766439437866,11.202500343322754,10.492676734924316,111.99744415283205,19.50641250610352,4.265048027038574,6.804902076721191,18.285669326782227
2017-08-14,14.070034980773926,9.524343490600586,3.339120626449585,2.0270559787750244,8.593564987182617,3.2891316413879395,11.153545379638672,10.429040908813477,112.7085418701172,19.85927391052246,4.293461799621582,6.850117206573486,18.58251571655273
2017-08-15,14.12000560760498,9.478389739990234,3.3712284564971924,1.99746322631836,8.531342506408691,3.330766439437866,11.145384788513184,10.490910530090332,111.73077392578124,19.94410896301269,4.299776077270508,6.7370781898498535,18.47565078735352
2017-08-16,14.141422271728516,9.401801109313965,3.3471474647521973,2.022124528884888,8.572824478149414,3.277236223220825,11.341205596923828,10.605805397033691,111.55301666259766,19.984270095825195,4.287147521972656,6.583346843719482,18.837804794311523
2017-08-17,14.127144813537598,9.236373901367188,3.32788348197937,2.0122599601745605,8.441465377807617,3.223706007003784,11.186180114746094,10.55454444885254,109.99748229980467,19.82363510131836,4.293461799621582,6.578825950622559,18.52314758300781
2017-08-18,14.105728149414062,9.319089889526367,3.39530873298645,1.99499785900116,8.413811683654785,3.2474968433380127,11.210658073425291,10.648229598999023,109.10863494873048,20.01439094543457,4.43236780166626,6.56525993347168,18.730937957763672
2017-08-21,14.091452598571776,9.441624641418455,3.3712284564971924,1.955541968345642,8.372329711914062,3.2415499687194824,11.585979461669922,10.63232135772705,108.84195709228516,19.86882209777832,4.356600284576416,6.669255256652832,18.84967613220215
2017-08-22,14.098591804504396,9.865450859069824,3.451495409011841,2.123230218887329,8.572824478149414,3.271289110183716,17.297380447387695,10.890396118164062,109.3308563232422,20.29047966003418,4.517605781555176,6.782293796539307,18.914981842041016
2017-08-23,14.16283893585205,9.871614456176758,3.451495409011841,2.1404922008514404,8.593564987182617,3.199915170669556,15.388138771057127,10.931050300598145,108.39752960205078,20.51137351989746,4.520761966705322,6.64212703704834,19.318693161010746
2017-08-24,14.134282112121582,9.905542373657228,3.5959768295288086,2.1626861095428467,8.807886123657227,3.199915170669556,16.000076293945312,10.909838676452637,107.99752044677734,20.682043075561523,4.546018123626709,6.827508926391602,20.11423683166504
2017-08-25,14.169974327087402,9.868535995483398,3.631294250488281,2.118298053741455,8.724921226501465,3.21181058883667,16.122461318969727,11.07599639892578,108.84195709228516,20.62179946899414,4.571273326873779,6.669255256652832,20.084556579589844
2017-08-28,14.169974327087402,9.776018142700195,3.626478433609009,2.07637619972229,8.669612884521484,3.21181058883667,15.869525909423828,10.844435691833496,108.75304412841795,20.441091537475582,4.546018123626709,6.6918625831604,20.39920997619629
2017-08-29,14.20566749572754,9.711255073547363,3.624872922897339,2.123230218887329,8.88393497467041,3.21181058883667,15.44525146484375,10.840901374816896,108.61974334716795,20.626819610595703,4.514448165893555,6.6918625831604,20.44670295715332
2017-08-30,14.191389083862305,9.612567901611328,3.6874806880950928,2.1109001636505127,9.05677318572998,3.164227247238159,15.102568626403809,10.96640396118164,107.90863800048828,20.51637840270996,4.381857395172119,6.624040126800537,20.3873348236084
2017-08-31,14.177114486694336,9.46762466430664,3.7902231216430655,2.066512107849121,9.112082481384276,3.116645812988281,14.376404762268066,10.80377960205078,109.10863494873048,20.255346298217773,4.410269260406494,6.782293796539307,20.8266658782959
2017-09-01,14.105728149414062,9.834609985351562,3.8143036365509033,2.115832567214966,9.125908851623535,3.104750394821167,14.40088176727295,10.915141105651855,111.73077392578124,20.6796875,4.609158515930176,6.818465709686279,21.176944732666016
2017-09-04,14.08431339263916,9.819190979003906,3.7902231216430655,2.108433723449707,9.222699165344238,3.104750394821167,14.694612503051758,11.053016662597656,,20.574228286743164,4.647040843963623,6.804902076721191,21.432228088378903
2017-09-05,14.1485595703125,9.868535995483398,3.783802032470703,2.1035025119781494,9.450845718383787,3.0928544998168945,15.339184761047363,11.037108421325684,109.99748229980467,20.584278106689453,4.688080787658691,6.741600513458252,21.135387420654297
2017-09-06,14.369854927062988,10.102912902832031,3.7677485942840576,2.088705778121948,9.5614652633667,3.1880197525024414,15.55947971343994,11.180286407470703,110.75302124023438,21.13666343688965,4.893282890319824,6.872725009918213,21.254125595092773
2017-09-07,14.369854927062988,10.102912902832031,3.7677485942840576,2.088705778121948,9.5614652633667,3.1880197525024414,15.55947971343994,11.180286407470703,106.75309753417967,21.13666343688965,4.893282890319824,6.872725009918213,21.254125595092773
2017-09-08,14.348438262939451,10.072072982788086,3.697112798690796,2.0936384201049805,9.644427299499512,3.2356014251708984,16.073509216308594,11.298718452453612,105.86425018310548,21.11156463623047,4.7954182624816895,6.863682270050049,20.47045135498047
2017-09-11,14.462655067443848,10.432888984680176,3.703534364700317,2.1503562927246094,10.031586647033691,3.348609447479248,17.207626342773438,11.312859535217283,105.41979217529295,21.46810531616211,4.89959716796875,6.940547466278076,20.832603454589844
2017-09-12,14.998042106628418,10.317380905151367,3.7244043350219727,2.226802587509156,9.88640308380127,3.301027774810791,17.51767349243164,11.355281829833984,106.26426696777344,21.4078426361084,4.861713409423828,6.940547466278076,20.933528900146484
2017-09-13,15.119400024414062,10.382288932800291,3.708350896835327,2.182414293289185,9.817264556884766,3.330766439437866,17.1505126953125,11.298718452453612,107.1531219482422,21.55849838256836,4.950108528137207,6.877245903015137,20.642621994018555
2017-09-14,15.126534461975098,10.391562461853027,3.597581624984741,2.182414293289185,10.0177583694458,3.3069751262664795,17.46055793762207,11.36235237121582,107.81976318359376,21.508277893066406,4.940637111663818,6.967676162719727,19.95987701416016
2017-09-15,15.319279670715332,10.543015480041504,3.5076818466186523,2.204608678817749,10.052327156066896,3.479461431503296,17.574787139892578,11.247458457946776,107.41576385498048,21.91001319885254,4.918539047241211,7.193754196166992,20.06673812866211
2017-09-18,15.133679389953612,10.688287734985352,3.472364664077759,2.24899697303772,10.232078552246094,3.497304201126098,17.819562911987305,11.32523250579834,109.79483032226562,22.06570053100586,4.965892791748047,7.293227195739746,20.33390235900879
2017-09-19,15.276447296142578,10.675925254821776,3.526946783065796,2.1774821281433105,10.00393295288086,3.5567827224731445,17.582948684692383,11.307557106018066,108.6277313232422,21.98535919189453,4.981677532196045,7.324878215789795,20.13798713684082
2017-09-20,15.333555221557615,10.743925094604492,3.53015685081482,2.2120065689086914,10.225167274475098,3.568678617477417,17.950109481811523,11.18912410736084,109.16641235351562,21.75434684753418,5.1710944175720215,7.324878215789795,19.692716598510746
2017-09-21,15.24789333343506,10.97882843017578,3.409756183624268,2.199676275253296,10.183685302734377,3.6222083568573,17.33817481994629,10.959332466125488,111.0965347290039,21.78447723388672,5.107956409454346,7.365570545196533,19.30088233947754
2017-09-22,15.362110137939451,10.910831451416016,3.3567798137664795,2.138026237487793,10.073067665100098,3.509200096130371,17.13419532775879,10.968170166015623,111.63519287109376,21.859806060791016,5.114270687103272,7.284183979034424,18.944669723510746
2017-09-25,15.347832679748535,10.7562894821167,3.276511907577514,2.03198790550232,9.589118957519531,3.419983386993408,16.70175552368164,10.796710014343262,112.71247100830078,21.64386749267578,5.1521525382995605,7.248011112213135,18.457841873168945
2017-09-26,15.119400024414062,10.818105697631836,3.2973811626434326,1.985133409500122,9.533808708190918,3.46756649017334,16.718076705932617,10.90630340576172,111.90451049804688,21.684051513671875,5.095327854156494,7.320356369018555,18.70125198364257
2017-09-27,15.06229305267334,10.762469291687012,3.273301601409912,1.953075647354126,9.257268905639648,3.39619255065918,16.2366886138916,10.805548667907717,109.39081573486328,21.699092864990234,5.013247489929199,7.46052360534668,18.95654296875
2017-09-28,15.033740043640137,10.672834396362305,3.345541954040528,1.985133409500122,9.243440628051758,3.4140353202819824,15.951122283935549,10.81792163848877,108.80728912353516,21.58360290527344,5.022717952728272,7.361050605773926,18.84967613220215
2017-09-29,15.01946258544922,10.787198066711426,3.3375158309936523,1.967872142791748,9.540722846984863,3.473513603210449,16.122461318969727,10.826760292053224,108.5379638671875,21.7694149017334,4.991148948669434,7.424350738525391,18.92091941833496
2017-10-02,14.776752471923828,10.802647590637209,3.380859851837158,1.962939977645874,9.513069152832031,3.4913570880889893,16.758872985839844,10.809082984924316,110.28856658935548,21.80708694458008,5.019562721252441,7.428873538970947,18.93872833251953
2017-10-03,15.290724754333496,11.241555213928224,3.4225993156433105,2.07637619972229,9.761957168579102,3.586521863937378,17.78692626953125,10.923980712890623,111.32096862792967,22.55558204650879,5.253177642822266,7.573561668395996,19.40181350708008
2017-10-04,15.133679389953612,11.18901252746582,3.4242045879364014,2.024590015411377,9.727389335632324,3.5389397144317627,17.827722549438477,10.950494766235352,109.88459777832033,22.354660034179688,5.148996353149414,7.65494966506958,19.360252380371094
2017-10-05,15.1550931930542,11.371376037597656,3.433836936950684,2.0689773559570312,9.907143592834473,3.562730550765991,17.51767349243164,10.959332466125488,110.15390014648438,22.711320877075195,5.231076240539551,7.596168518066406,19.15839576721192
2017-10-06,15.040878295898438,11.436281204223633,3.363200664520264,2.0369203090667725,9.685908317565918,3.568678617477417,16.979171752929688,10.862112998962402,109.48058319091795,22.4450798034668,5.167938709259033,7.777030944824219,19.081212997436523
2017-10-09,15.040878295898438,11.30955696105957,3.3519632816314697,2.03198790550232,9.540722846984863,3.5567827224731445,16.905738830566406,10.862112998962402,105.17137908935548,22.17883682250977,5.202664375305176,7.763466835021973,18.70125198364257
2017-10-10,15.39066219329834,11.550642013549805,3.292566299438477,2.0591137409210205,9.824179649353027,3.67573881149292,17.37896728515625,10.87095069885254,104.85718536376952,22.66109275817871,5.27843189239502,7.7951154708862305,18.594390869140625
2017-10-11,15.440634727478027,11.559922218322754,3.305408239364624,2.0615804195404053,9.907143592834473,3.759006977081299,17.158674240112305,10.927515983581545,103.55545043945312,22.60582160949707,5.253177642822266,7.99406623840332,18.46377754211425
2017-10-12,15.440634727478027,11.559922218322754,3.305408239364624,2.0615804195404053,9.907143592834473,3.759006977081299,17.158674240112305,10.927515983581545,103.46566772460938,22.60582160949707,5.253177642822266,7.99406623840332,18.46377754211425
2017-10-13,15.797558784484863,11.566100120544434,3.4354422092437744,2.066512107849121,9.858747482299805,3.759006977081299,17.1505126953125,11.037108421325684,103.15145874023438,22.419952392578125,5.234234809875488,8.224663734436035,19.53835868835449
2017-10-16,15.647650718688965,11.59083080291748,3.3423309326171875,2.0270559787750244,9.81035041809082,3.8065905570983887,17.011808395385742,10.888627052307127,104.85718536376952,22.304426193237305,5.253177642822266,8.432653427124023,19.79958152770996
2017-10-17,15.52629566192627,11.609371185302734,3.3519632816314697,2.004862070083618,9.5614652633667,3.759006977081299,16.77519416809082,10.943424224853516,104.09408569335938,22.26925468444824,5.243706226348877,8.224663734436035,19.342443466186523
2017-10-18,15.547711372375488,11.56919002532959,3.324673175811768,2.034454107284546,9.575291633605955,3.8065905570983887,16.98733139038086,11.04771327972412,103.77989959716795,22.3094425201416,5.243706226348877,8.093537330627441,19.15839576721192
2017-10-19,15.583402633666992,11.491917610168455,3.307013988494873,2.0467844009399414,9.284921646118164,3.6638436317443848,16.767032623291016,11.16261100769043,105.84471130371094,22.1486873626709,5.208977699279785,7.890069484710693,19.5917911529541
2017-10-20,15.369248390197754,11.593917846679688,3.2909605503082275,2.0492501258850098,9.34714412689209,3.72926926612854,17.672698974609375,10.874485969543455,106.96688842773438,22.10347557067871,5.2247633934021,8.061887741088867,19.562101364135746
2017-10-23,15.205062866210938,11.18901252746582,3.32788348197937,2.03198790550232,9.19504451751709,3.717373609542847,18.317270278930664,10.605805397033691,100.18888854980467,21.89750862121582,5.208977699279785,8.061887741088867,19.419618606567383
2017-10-24,15.219338417053224,11.291010856628418,3.385676145553589,2.0467844009399414,9.271093368530272,3.6460001468658447,18.43149948120117,10.761357307434082,98.25872039794922,22.05826759338379,5.31947135925293,8.116146087646484,20.084556579589844
2017-10-25,15.126534461975098,11.3930082321167,3.4659433364868164,2.0295217037200928,9.312575340270996,3.6281564235687256,19.06791114807129,10.885091781616213,96.50812530517578,22.208961486816406,5.373141288757324,8.043800354003906,19.91831970214844
2017-10-26,15.01946258544922,11.331191062927246,3.339120626449585,2.08624005317688,9.0775146484375,3.580573320388794,19.14950180053711,10.782570838928224,95.7001495361328,22.07333946228028,5.3983964920043945,8.070930480957031,19.395870208740234
2017-10-27,14.926657676696776,11.28173828125,3.305408239364624,2.03513503074646,9.188130378723145,3.5389397144317627,19.100549697875977,11.083067893981934,93.32108306884766,21.93768882751465,5.493103981018066,8.111623764038086,19.324630737304688
2017-10-30,14.96235179901123,10.883014678955078,3.241194725036621,1.984256267547608,8.911587715148926,3.479461431503296,18.43149948120117,10.93812084197998,91.6153564453125,21.65637969970703,5.477320194244385,7.890069484710693,19.205888748168945
2017-10-31,14.919523239135742,10.645011901855469,3.241194725036621,1.9664490222930908,8.849367141723633,3.479461431503296,17.99090576171875,10.782570838928224,90.49319458007812,21.12388801574707,5.499419689178467,7.731815338134766,19.057462692260746
2017-11-01,14.805306434631348,10.50901699066162,3.2588536739349365,1.8850431442260744,8.842452049255371,3.527043581008911,16.93021583557129,10.90630340576172,89.86473083496094,20.769607543945312,5.537302017211914,8.043800354003906,19.48492431640625
2017-11-02,14.805306434631348,10.50901699066162,3.2588536739349365,1.8850431442260744,8.842452049255371,3.527043581008911,16.93021583557129,10.90630340576172,89.50566101074219,20.769607543945312,5.537302017211914,8.043800354003906,19.48492431640625
2017-11-03,14.705363273620604,10.320472717285156,3.3487532138824463,1.780742645263672,8.78714370727539,3.509200096130371,16.057188034057617,10.826760292053224,90.40340423583984,21.06107521057129,5.590970516204834,7.867462158203125,19.91238021850586
2017-11-06,14.6625337600708,10.237020492553713,3.4145724773406982,1.780742645263672,8.711095809936523,3.4318792819976807,16.905738830566406,10.81792163848877,90.35851287841795,21.06107521057129,5.714093208312988,7.600691318511963,20.3873348236084
2017-11-07,14.419827461242676,9.723931312561035,3.2909605503082275,1.7680233716964722,8.351590156555176,3.46756649017334,17.313697814941406,10.618178367614746,90.71762084960938,20.654022216796875,5.452064514160156,7.532866954803467,19.9005126953125
2017-11-08,14.469793319702148,10.233927726745604,3.387281656265259,1.8316203355789185,8.641958236694336,3.461618423461914,17.542150497436523,10.959332466125488,90.31363677978516,21.40782165527344,5.600442409515381,7.596168518066406,20.14986038208008
2017-11-09,14.434101104736328,9.97120189666748,3.2588536739349365,1.780742645263672,8.282452583312988,3.408088445663452,16.677284240722656,10.740145683288574,89.7300796508789,20.829912185668945,5.524674892425537,7.550953388214111,19.473051071166992
2017-11-10,14.426960945129396,9.674476623535156,3.298987627029419,1.7196882963180542,8.365416526794434,3.324818849563598,16.318279266357422,10.782570838928224,91.97445678710938,20.86005973815918,5.534146308898926,7.686600208282471,19.45524024963379
2017-11-13,14.434101104736328,9.689931869506836,3.2283523082733154,1.7222325801849363,8.365416526794434,3.360504627227783,16.522258758544922,10.97170639038086,85.37600708007812,20.96559715270996,5.518360614776611,7.799637317657471,19.67490577697754
2017-11-14,14.419827461242676,9.458115577697754,3.130425453186035,1.666266679763794,8.220232963562012,3.271289110183716,15.89400577545166,11.079530715942385,80.34862518310547,20.56356239318848,5.066916465759277,7.641383647918701,19.09309196472168
2017-11-15,14.419827461242676,9.458115577697754,3.130425453186035,1.666266679763794,8.220232963562012,3.271289110183716,15.89400577545166,11.079530715942385,81.96454620361328,20.56356239318848,5.066916465759277,7.641383647918701,19.09309196472168
2017-11-16,14.576871871948242,9.906295776367188,3.1866133213043213,1.6738981008529663,8.579737663269043,3.2415499687194824,16.3346004486084,11.311092376708984,81.91967010498047,21.0811710357666,5.161624431610107,8.048320770263672,19.35431289672852
2017-11-17,14.6625337600708,10.073195457458496,3.361595392227173,1.6917054653167725,8.669612884521484,3.46756649017334,16.46514892578125,11.390636444091797,81.7401351928711,21.372652053833008,5.2152934074401855,8.179448127746582,19.54429626464844
2017-11-20,14.6625337600708,10.073195457458496,3.361595392227173,1.6917054653167725,8.669612884521484,3.46756649017334,16.46514892578125,11.390636444091797,80.70773315429688,21.372652053833008,5.2152934074401855,8.179448127746582,19.54429626464844
2017-11-21,14.855274200439451,10.24629020690918,3.41938853263855,1.7400401830673218,8.807886123657227,3.568678617477417,16.68543815612793,11.440129280090332,80.03439331054688,21.79979133605957,5.164782524108887,8.116146087646484,20.215164184570312
2017-11-22,14.869551658630373,10.188173294067385,3.44989013671875,1.7298645973205566,8.641958236694336,3.479461431503296,16.889419555664062,11.441896438598633,81.47080993652344,21.588727951049805,5.208977699279785,7.894590377807617,20.624813079833984
2017-11-23,14.783889770507812,10.200620651245115,3.506077766418457,1.8061823844909668,8.711095809936523,3.509200096130371,17.13419532775879,11.542651176452637,,21.52340507507324,5.253177642822266,7.948849201202393,20.897911071777344
2017-11-24,14.719644546508787,10.144604682922363,3.523735284805298,1.755303144454956,8.9254150390625,3.544888019561768,16.905738830566406,11.560327529907228,81.65037536621094,21.322389602661133,5.2247633934021,8.034757614135742,21.24818992614746
2017-11-27,14.805306434631348,10.00768756866455,3.515708923339844,1.7960063219070437,8.835540771484375,3.4497220516204834,16.807828903198242,11.55679416656494,81.33615112304688,21.45305252075196,5.1521525382995605,8.039280891418457,21.022584915161133
2017-11-28,14.83385944366455,10.157055854797363,3.6072144508361816,1.8443410396575928,8.711095809936523,3.479461431503296,16.522258758544922,11.39240264892578,82.63787841796875,21.48823547363281,5.139525890350342,7.980499267578125,21.521284103393555
2017-11-29,14.676815032958984,9.696500778198242,3.5606589317321777,1.7858303785324097,8.607391357421875,3.408088445663452,16.310121536254883,11.418917655944824,82.95208740234375,21.04599952697754,5.022717952728272,7.731815338134766,21.19475746154785
2017-11-30,14.676815032958984,9.313749313354492,3.443469285964966,1.6789860725402832,8.420726776123047,3.336714029312134,15.282071113586426,11.304021835327148,82.09922790527344,20.73944664001465,5.035345554351807,7.682079315185547,20.86229133605957
2017-12-01,14.598286628723145,9.578251838684082,3.494839668273926,1.7400401830673218,8.448380470275879,3.2950799465179443,15.298386573791504,11.332304000854492,80.25883483886719,20.72689247131348,5.0858588218688965,7.82224702835083,21.064144134521484
2017-12-04,14.691088676452637,9.811639785766602,3.644136667251587,1.7603914737701416,8.53825569152832,3.3426623344421387,15.551321983337402,11.357050895690918,80.5730209350586,21.03354454040528,5.079542636871338,7.840332508087158,21.865623474121094
2017-12-05,14.669669151306152,9.668495178222656,3.576712131500244,1.7298645973205566,8.690354347229004,3.318871021270752,15.437093734741213,11.47017765045166,79.72018432617188,20.907855987548828,5.025875568389893,7.867462158203125,21.384729385375977
2017-12-06,14.783889770507812,9.961007118225098,3.579922676086426,1.7298645973205566,8.766403198242188,3.402139902114868,15.58396053314209,11.542651176452637,79.27131652832031,21.12905502319336,5.051130771636963,7.912676811218262,21.230371475219727
2017-12-07,14.791029930114746,9.575138092041016,3.5076818466186523,1.7044250965118408,8.54516887664795,3.366452693939209,15.420774459838867,11.464874267578123,79.49574279785156,21.05867576599121,5.006933689117432,7.84485387802124,20.981029510498047
2017-12-08,15.005184173583984,9.63115406036377,3.576712131500244,1.7069692611694336,8.607391357421875,3.2891316413879395,15.159683227539062,11.457806587219238,79.49574279785156,21.23965644836425,5.016404628753662,7.849374771118164,21.064144134521484
2017-12-11,15.09798526763916,9.553361892700195,3.6280829906463614,1.7146010398864746,8.69726848602295,3.354557991027832,14.947545051574709,11.547954559326172,79.2264175415039,21.29495620727539,5.041660785675049,7.985021591186523,21.230371475219727
2017-12-12,15.347832679748535,9.766345024108888,3.6280829906463614,1.7171446084976196,8.738747596740723,3.348609447479248,15.17600154876709,11.684062004089355,80.39347076416016,21.46587562561035,5.11111307144165,8.274398803710938,21.47972869873047
2017-12-13,15.026597023010254,9.532323837280272,3.642531394958496,1.663723111152649,8.690354347229004,3.378349542617798,14.800679206848145,11.666386604309082,79.72018432617188,20.98829841613769,5.032188892364502,8.220141410827637,21.438167572021484
2017-12-14,14.969489097595217,9.494884490966797,3.650558471679688,1.6255637407302856,8.683440208435059,3.324818849563598,14.237699508666992,11.454269409179688,79.18154907226562,20.65650749206543,4.991148948669434,8.297006607055664,21.515344619750977
2017-12-15,14.919523239135742,9.547926902770996,3.7244043350219727,1.6484586000442505,8.711095809936523,3.425930976867676,14.368244171142578,11.609822273254396,79.9895248413086,20.729398727416992,4.912224769592285,8.568297386169434,21.901247024536133
2017-12-18,14.926657676696776,9.675858497619627,3.788618326187134,1.6535465717315674,8.773317337036133,3.366452693939209,14.457996368408203,11.401241302490234,79.72018432617188,20.72436141967773,5.000619411468506,8.654207229614258,22.465255737304688
2017-12-19,14.919414520263672,9.619690895080566,3.785407543182373,1.6179320812225342,8.558995246887207,3.271289110183716,14.237699508666992,11.357050895690918,78.95710754394531,20.60833168029785,4.975364208221436,8.464303016662598,22.47119140625
2017-12-20,14.999119758605955,9.625932693481444,3.870490789413452,1.6230199337005615,8.628133773803711,3.223706007003784,13.992924690246582,11.291648864746094,78.32867431640625,20.68399429321289,5.0385026931762695,8.586384773254395,23.242996215820312
2017-12-21,15.194759368896484,9.732022285461426,3.953968048095703,1.6789860725402832,8.918502807617188,3.1880197525024414,14.686453819274902,11.344677925109863,78.41844940185547,21.5567626953125,5.256333351135254,8.75820255279541,23.58732986450196
2017-12-22,15.238236427307127,9.766345024108888,4.013367176055908,1.67644202709198,9.070601463317873,3.199915170669556,15.32286548614502,11.30578899383545,78.5531005859375,21.455869674682617,5.237391948699951,8.87123966217041,23.87529563903809
2017-12-25,15.238236427307127,9.766345024108888,4.013367176055908,1.67644202709198,9.070601463317873,3.199915170669556,15.32286548614502,11.30578899383545,,21.455869674682617,5.237391948699951,8.87123966217041,23.87529563903809
2017-12-26,15.397645950317385,9.872432708740234,4.227283000946045,1.7018811702728271,9.036032676696776,3.2415499687194824,15.0128173828125,11.48608684539795,78.77910614013672,21.541627883911133,5.272118091583252,8.803418159484863,23.911291122436523
2017-12-27,15.506338119506836,9.994122505187988,4.191079616546631,1.727319836616516,9.091341018676758,3.324818849563598,14.996500015258787,11.622196197509766,78.55309295654297,21.425600051879883,5.2910590171813965,8.853155136108398,23.917295455932617
2017-12-28,15.419384956359863,9.928597450256348,4.263486862182617,1.747671604156494,9.139738082885742,3.360504627227783,15.779776573181152,11.60451889038086,78.46273803710938,21.481096267700195,5.338414192199707,9.043058395385742,24.15730857849121
2017-12-29,15.419384956359863,9.928597450256348,4.263486862182617,1.747671604156494,9.139738082885742,3.360504627227783,15.779776573181152,11.60451889038086,78.86949157714844,21.481096267700195,5.338414192199707,9.043058395385742,24.15730857849121
2018-01-02,15.716468811035156,10.274944305419922,4.377272129058838,1.7705672979354858,9.208870887756348,3.473513603210449,15.331024169921877,11.616891860961914,81.26496124267578,22.144731521606445,5.471005916595459,8.97071361541748,25.033355712890625
2018-01-03,15.752700805664062,10.405991554260254,4.446232795715332,1.755303144454956,9.25035285949707,3.3724007606506348,15.13520622253418,11.639872550964355,82.03331756591797,22.29612922668457,5.540460586547852,8.943584442138672,24.883344650268555
2018-01-04,15.66574764251709,10.505840301513672,4.61001443862915,1.734952449798584,9.32640266418457,3.408088445663452,15.037294387817385,11.508719444274902,83.75082397460938,22.76041412353516,5.587812900543213,8.902892112731934,24.98535346984864
2018-01-05,15.72371768951416,10.505840301513672,4.637598514556885,1.737496018409729,9.471587181091309,3.4140353202819824,14.89859104156494,11.62203598022461,83.79600524902344,22.826026916503903,5.6320109367370605,9.133489608764648,25.375368118286133
2018-01-08,15.694730758666992,10.530802726745604,4.689319133758545,1.7425843477249146,9.51998233795166,3.39619255065918,14.996500015258787,11.774307250976562,82.62088012695312,22.75033950805664,5.720406532287598,8.993322372436523,25.93940162658692
2018-01-09,15.651256561279297,10.430956840515137,4.6117377281188965,1.7069692611694336,9.478500366210938,3.419983386993408,14.40088176727295,11.774307250976562,83.88640594482422,22.503034591674805,5.720406532287598,8.902892112731934,25.843393325805664
2018-01-10,15.651256561279297,10.387272834777832,4.561741828918457,1.7324084043502808,9.27800750732422,3.437826871871948,13.821585655212402,11.684006690979004,85.55870819091797,22.42733383178711,5.613069534301758,8.95262622833252,25.483375549316406
2018-01-11,15.832406044006348,10.624411582946776,4.706559658050537,1.7680233716964722,9.644427299499512,3.443774700164795,14.033720970153809,11.753059387207031,85.96549224853516,22.89668655395508,5.751974582672119,9.088274002075195,25.98140335083008
2018-01-12,15.651256561279297,10.649373054504396,4.72207498550415,1.750215768814087,9.71356201171875,3.336714029312134,13.715514183044434,11.846899032592772,84.79036712646484,22.87649154663086,5.796172618865967,9.043058395385742,26.131410598754883
2018-01-15,15.81066608428955,10.702414512634276,4.741039752960205,1.7425843477249146,9.948623657226562,3.425930976867676,13.895017623901367,12.039891242980955,,23.017793655395508,5.827741622924805,9.020450592041016,26.083410263061523
2018-01-16,15.868632316589355,10.796025276184082,4.68587064743042,1.747671604156494,9.872573852539062,3.735216617584229,14.050037384033203,11.905327796936035,82.30450439453125,23.22975730895996,5.931922435760498,9.15609645843506,25.381372451782227
2018-01-17,15.962830543518066,11.051883697509766,4.741039752960205,1.7196882963180542,9.955537796020508,3.705477476119995,14.090834617614746,12.036352157592772,78.41754150390625,23.61329841613769,6.14659595489502,9.336958885192873,25.89139938354492
2018-01-18,15.883123397827148,10.977001190185549,4.72207498550415,1.6891616582870483,9.851834297180176,3.747111558914185,13.992924690246582,11.760143280029297,75.79606628417969,23.55778312683105,6.137125015258789,9.608250617980955,25.71738815307617
2018-01-19,15.941094398498535,10.905229568481444,4.723799228668213,1.6942492723464966,9.851834297180176,3.747111558914185,14.278497695922852,11.825651168823242,73.49099731445312,23.749555587768555,6.096084117889404,9.635377883911133,25.729393005371094
2018-01-22,15.868632316589355,10.94267463684082,4.775519371032715,1.668810486793518,9.782697677612305,3.72926926612854,15.31470775604248,11.78138828277588,73.08423614501953,24.34002494812012,6.1592230796813965,9.608250617980955,25.591384887695312
2018-01-23,15.81066608428955,10.989477157592772,4.582430362701416,1.663723111152649,9.651341438293455,3.6935818195343018,14.89859104156494,11.630889892578123,76.33847045898438,24.24918556213379,6.105554580688477,9.540427207946776,24.559329986572266
2018-01-24,15.861387252807615,11.853782653808594,4.647942066192627,1.7171446084976196,10.024672508239746,3.8065905570983887,15.951122283935549,12.00270938873291,74.30455017089844,25.42000770568848,6.512803554534912,9.86597728729248,25.06935691833496
2018-01-25,15.861387252807615,11.853782653808594,4.647942066192627,1.7171446084976196,10.024672508239746,3.8065905570983887,15.951122283935549,12.00270938873291,73.12939453125,25.42000770568848,6.512803554534912,9.86597728729248,25.06935691833496
2018-01-26,15.85414218902588,12.221970558166504,4.620358467102051,1.8901313543319704,10.439486503601074,3.866067886352539,16.522258758544922,12.073532104492188,72.90345001220703,26.696823120117188,6.853753089904785,10.17344093322754,24.859346389770508
2018-01-29,15.825157165527344,12.153327941894531,4.644495010375977,1.9104822874069207,10.37035083770752,3.8958077430725098,16.49778175354004,12.128421783447266,73.5813980102539,26.08617401123047,6.853753089904785,10.04683780670166,25.13536262512207
2018-01-30,15.846895217895508,12.106522560119627,4.616910934448242,1.918114423751831,10.29430103302002,3.866067886352539,16.318279266357422,12.216948509216309,72.08985900878906,25.985227584838867,6.686433792114258,9.969971656799316,24.883344650268555
2018-01-31,15.904866218566896,12.381108283996582,4.634150981903076,1.907939076423645,10.356523513793944,3.8958077430725098,16.587535858154297,12.39400577545166,73.08423614501953,26.37383079528809,6.724319934844971,10.10561752319336,24.87134552001953
2018-02-01,16.159284591674805,12.415428161621094,4.689319133758545,1.948642015457153,10.736769676208496,3.8958077430725098,16.644643783569336,12.516176223754885,72.40625,26.507606506347656,6.9863457679748535,10.467340469360352,25.07535552978516
2018-02-02,15.999361038208008,12.246933937072754,4.604842185974121,1.8952189683914185,10.646894454956056,3.8958077430725098,16.14693832397461,12.27183723449707,70.68876647949219,26.17442321777344,6.800085067749023,10.340737342834473,24.481321334838867
2018-02-05,15.759481430053713,11.881866455078123,4.566913604736328,1.8316203355789185,10.342697143554688,3.76495623588562,16.14693832397461,12.128421783447266,67.38933563232422,25.25566673278809,6.49385929107666,9.861455917358398,24.2113094329834
2018-02-06,15.715866088867188,12.402949333190918,4.732419967651367,1.9206582307815552,10.321956634521484,3.640052080154419,17.044445037841797,12.293084144592283,69.0164566040039,26.164337158203125,6.819026470184326,10.051358222961426,25.483375549316406
2018-02-07,15.715866088867188,12.415428161621094,4.632426738739014,1.9155704975128167,10.21134090423584,3.6281564235687256,17.183149337768555,12.409939765930176,68.92606353759766,25.543413162231445,6.623294830322266,9.87502098083496,25.027353286743164
2018-02-08,15.744943618774414,12.025395393371582,4.591050624847412,1.8570610284805296,10.17677116394043,3.592469453811645,17.656375885009766,12.287772178649902,65.31028747558594,25.41720390319824,6.424407958984375,9.81171989440918,24.95535087585449
2018-02-09,15.621368408203123,11.800736427307127,4.573809623718262,1.8494282960891724,10.05924129486084,3.5389397144317627,17.232105255126953,12.176226615905762,67.52494049072266,25.48283195495605,6.342326641082764,9.761982917785645,25.201366424560547
2018-02-12,,,,,,,,,66.98258972167969,,,,
2018-02-13,,,,,,,,,66.30461883544922,,,,
2018-02-14,16.166553497314453,12.34365940093994,4.894476413726807,1.9130269289016724,10.280475616455078,3.5984177589416504,17.56662940979004,12.386922836303713,67.34414672851562,26.583324432373047,6.433877944946289,10.137269020080566,26.707443237304688
2018-02-15,16.210166931152344,12.449750900268556,5.116874694824219,2.0147836208343506,10.34961223602295,3.580573320388794,17.49319839477539,12.367448806762695,67.1181640625,26.5883731842041,6.544369697570801,10.150834083557127,27.57148551940918
2018-02-16,16.30466651916504,12.574559211730955,5.092738151550293,2.058030128479004,10.37035083770752,3.6460001468658447,17.50135612487793,12.418794631958008,68.0220947265625,25.72321128845215,6.541214466094971,10.309086799621582,27.61949348449707
2018-02-19,16.239242553710938,12.365504264831545,5.2134199142456055,2.0682053565979004,10.39109230041504,3.67573881149292,17.476879119873047,12.413482666015623,,25.520782470703125,6.724319934844971,10.263871192932127,27.87150955200196
2018-02-20,16.50819969177246,12.73056697845459,5.0444655418396,2.0224151611328125,10.46022891998291,3.651947736740112,18.66811180114746,12.659591674804688,66.62100982666016,26.148292541503903,6.844281196594238,10.309086799621582,27.30747604370117
2018-02-21,16.28285789489746,12.83042049407959,5.066877841949463,1.9868000745773315,10.660720825195312,3.616260528564453,19.05159568786621,12.579916954040527,65.49107360839844,26.49242401123047,6.768516540527344,10.340737342834473,26.88145637512207
2018-02-22,16.29739761352539,13.229809761047363,5.068602561950684,2.0478549003601074,10.63306713104248,3.586521863937378,19.4921875,12.712709426879885,66.07862091064453,26.6391658782959,6.970561027526856,10.36786651611328,27.40348052978516
2018-02-23,15.970287322998049,13.229809761047363,5.103082656860352,2.0987329483032227,10.812819480895996,3.640052080154419,20.31625747680664,12.514405250549316,66.0330581665039,26.821361541748047,7.150506973266602,10.25482940673828,27.64949417114257
2018-02-26,16.10112953186035,13.42326545715332,5.209971904754639,2.149611234664917,10.944177627563477,3.669791221618652,19.957256317138672,12.452435493469238,66.7621841430664,26.791000366210938,7.317826271057129,10.309086799621582,28.441539764404297
2018-02-27,16.152013778686523,13.292216300964355,5.20652437210083,2.134347677230835,10.881954193115234,3.723321199417114,20.31625747680664,12.606474876403809,66.07862091064453,26.391212463378903,7.298885345458984,10.263871192932127,28.39952850341797
2018-02-28,15.992094039916992,13.042595863342283,4.999641418457031,2.0885567665100098,10.605413436889648,3.5389397144317627,20.210189819335938,12.677297592163086,64.30133819580078,25.4954776763916,7.30835485458374,10.27291488647461,27.03145980834961
2018-03-01,16.239242553710938,13.136202812194824,4.954817295074463,2.0453102588653564,10.508623123168944,3.6281564235687256,19.72064208984375,12.615327835083008,63.89120101928711,25.87261009216309,7.1883931159973145,10.268394470214844,26.671445846557617
2018-03-02,16.4137020111084,13.244690895080566,4.827239990234375,2.0987329483032227,10.584672927856444,3.5389397144317627,20.16123390197754,12.78353214263916,64.34691619873047,26.00929832458496,7.317826271057129,10.263871192932127,26.251415252685547
2018-03-05,16.37009048461914,13.354541778564451,4.878960609436035,2.093644618988037,10.74368381500244,3.592469453811645,20.128597259521484,12.90216064453125,65.71403503417969,26.37881660461425,7.526184558868408,10.761240005493164,26.221420288085938
2018-03-06,16.55181884765625,13.649566650390623,4.775519371032715,2.0631179809570312,10.716029167175291,3.6638436317443848,19.908302307128903,12.82425594329834,66.71662902832031,26.28263092041016,7.475673675537109,10.612030029296877,26.09541320800781
2018-03-07,16.76988983154297,13.55540943145752,4.770348072052002,2.101276397705078,10.653807640075684,3.604365348815918,19.296367645263672,12.872061729431152,66.12417602539062,26.247201919555664,7.37465238571167,10.580378532409668,26.00347900390625
2018-03-08,16.93707847595215,13.627593040466309,4.632426738739014,2.1597867012023926,10.411832809448242,3.6281564235687256,18.95368003845215,12.925179481506348,66.16975402832031,26.064960479736328,7.384119510650635,10.580378532409668,25.159957885742188
2018-03-09,17.038846969604492,13.718613624572754,4.737591743469238,2.129259824752808,10.557018280029297,3.6281564235687256,19.500343322753903,12.695005416870115,68.08379364013672,26.424379348754883,7.576695442199707,10.851670265197754,25.548343658447266
2018-03-12,17.43138313293457,13.646427154541016,4.801380157470703,2.149611234664917,10.716029167175291,3.723321199417114,20.29994201660156,12.836650848388672,68.81291198730469,26.723045349121094,7.545126438140869,10.851670265197754,25.76680564880371
2018-03-13,17.416845321655273,13.474018096923828,4.737591743469238,2.0834693908691406,10.626152992248535,3.747111558914185,19.973575592041016,12.59231185913086,65.75962829589844,26.505374908447266,7.4725165367126465,11.204351425170898,25.56654930114746
2018-03-14,17.642189025878906,13.357670783996582,4.827239990234375,2.03513503074646,10.54318904876709,3.747111558914185,18.602840423583984,12.39400577545166,65.03046417236328,25.913105010986328,7.453575611114502,11.50729274749756,25.85176467895508
2018-03-15,17.358688354492188,13.329376220703123,4.708282470703125,2.086013078689575,10.474053382873535,3.747111558914185,18.5212459564209,12.243508338928224,65.4406509399414,26.034591674804688,7.298885345458984,11.394254684448242,25.73040199279785
2018-03-16,17.162424087524414,13.332520484924316,4.725522994995117,2.108907699584961,10.418746948242188,3.669791221618652,18.203044891357425,12.195701599121094,65.21276092529297,25.92828941345215,7.377808570861816,11.3716459274292,25.66971015930176
2018-03-19,17.293270111083984,13.018070220947266,4.61001443862915,2.1623306274414062,10.335783004760742,3.65789532661438,18.14592933654785,12.146125793457031,64.11909484863281,25.371448516845703,7.131565093994141,11.349039077758787,24.94149398803711
2018-03-20,17.220577239990234,13.068385124206545,4.808276653289795,2.1623306274414062,10.30121612548828,3.634103775024414,18.072498321533203,12.1124849319458,62.15947341918945,25.45244789123535,7.226273059844971,11.385211944580078,25.24491500854492
2018-03-21,17.365955352783203,13.285348892211914,4.827239990234375,2.187769651412964,10.37035083770752,3.592469453811645,17.50135612487793,12.30724811553955,63.25318908691406,25.351205825805664,7.500929832458496,11.30382251739502,25.79108238220215
2018-03-22,17.45318603515625,13.04637336730957,4.758279323577881,2.1852262020111084,10.46714210510254,3.67573881149292,17.42792320251465,12.606474876403809,60.83790588378906,25.27020835876465,7.459888458251953,11.43946933746338,25.445180892944336
2018-03-23,17.387767791748047,12.955178260803224,4.842757225036621,2.1750500202178955,10.218252182006836,3.580573320388794,17.28105926513672,12.624180793762209,59.56190490722656,25.39170455932617,7.485145568847656,11.30382251739502,25.24491500854492
2018-03-26,17.445919036865234,13.04322624206543,4.81172513961792,2.2208411693573,10.584672927856444,3.65789532661438,18.56204605102539,12.818943977355955,58.74161911010742,25.70555305480957,7.548284530639648,11.543464660644531,25.487661361694336
2018-03-27,17.329614639282227,12.719345092773438,4.720351696014404,2.17759370803833,10.639982223510742,3.604365348815918,18.088809967041016,12.748122215270996,61.24803924560547,25.39677047729492,7.362024307250977,11.62485408782959,24.79585266113281
2018-03-28,17.31507682800293,12.678472518920898,4.777244091033936,2.108907699584961,10.570845603942873,3.5389397144317627,17.22394561767578,12.721561431884766,62.341758728027344,25.62962532043457,7.270472049713135,11.575115203857422,25.208511352539062
2018-03-29,17.496803283691406,12.901728630065918,4.827239990234375,2.17759370803833,10.570845603942873,3.616260528564453,17.13419532775879,12.659591674804688,61.43033981323242,25.97384452819824,7.37465238571167,11.914230346679688,25.61509132385254
2018-04-02,17.336883544921875,12.656460762023926,4.878960609436035,2.1139960289001465,10.591585159301758,3.544888019561768,17.07708168029785,12.636574745178224,59.78976821899414,25.84977912902832,7.178919792175293,11.75597858428955,26.0945053100586
2018-04-03,17.591304779052734,12.4898042678833,4.923785209655762,2.134347677230835,10.342697143554688,3.497304201126098,17.37896728515625,12.567522048950195,59.8353385925293,25.60672950744629,7.197861671447754,11.683632850646973,26.01561737060547
2018-04-04,17.584033966064453,12.593570709228516,4.861721038818359,2.108907699584961,10.135290145874023,3.479461431503296,17.640064239501953,12.703855514526367,60.51890182495117,25.77383613586425,7.172604560852051,11.30382251739502,25.82142448425293
2018-04-05,17.467727661132812,12.961472511291504,4.970332622528076,2.1139960289001465,10.508623123168944,3.479461431503296,18.23568153381348,12.836650848388672,61.20248794555664,25.82447052001953,7.368337154388428,11.43946933746338,26.24621963500977
2018-04-06,16.900733947753906,12.79167652130127,4.997917652130127,2.093644618988037,10.639982223510742,3.461618423461914,16.563053131103516,12.645428657531738,59.51634979248047,25.951061248779297,7.444104194641113,11.8192777633667,25.936729431152344
2018-04-09,16.929813385009766,12.326289176940918,4.989297866821289,2.0427663326263428,10.204425811767578,3.461618423461914,14.980183601379396,12.571064949035645,58.46818542480469,25.37380790710449,7.22943115234375,11.665547370910645,26.064165115356445
2018-04-10,17.300537109375,12.178499221801758,5.166871070861816,2.0478549003601074,10.21134090423584,3.527043581008911,15.518686294555664,12.748122215270996,59.47076797485352,25.50040435791016,7.513558864593506,11.75597858428955,27.211111068725582
2018-04-11,17.336883544921875,12.279118537902832,5.073774814605713,2.0885567665100098,10.066154479980469,3.550835132598877,15.249432563781738,12.659591674804688,59.10619735717773,25.92068290710449,7.687190055847168,11.606768608093262,27.08973693847656
2018-04-12,16.929813385009766,12.247675895690918,5.172043323516846,2.136891365051269,10.15603256225586,3.580573320388794,15.73082160949707,12.641886711120604,60.06319427490234,26.14853858947754,7.699817180633545,11.719805717468262,27.19290351867676
2018-04-13,16.908004760742188,11.83575439453125,5.20652437210083,2.0809249877929688,9.817264556884766,3.592469453811645,15.681867599487305,12.588769912719728,61.47591400146485,25.540918350219727,7.491457462310791,11.62485408782959,27.29606819152832
2018-04-16,16.7044677734375,11.414398193359377,5.182386875152588,2.017326831817627,9.678994178771973,3.6103129386901855,15.118887901306152,12.35682487487793,60.74675750732422,25.166194915771484,7.226273059844971,11.394254684448242,27.02906036376953
2018-04-17,16.798969268798828,11.687966346740724,5.359961032867432,2.0605733394622803,9.768871307373049,3.562730550765991,15.078092575073242,12.470141410827637,62.843055725097656,25.58141326904297,7.358864784240723,11.403297424316406,27.87257957458496
2018-04-18,16.973426818847656,11.955245018005373,5.468573570251465,2.096188545227051,9.761957168579102,3.5984177589416504,15.298386573791504,12.608246803283691,62.2506217956543,26.06751823425293,7.598795413970947,11.498250007629396,28.81319046020508
2018-04-19,17.082460403442383,11.96153736114502,5.515122413635254,2.147067308425904,9.526896476745604,3.6460001468658447,15.37997817993164,12.34974193572998,63.75445556640625,25.82447052001953,7.693503856658935,11.629375457763672,29.02558898925781
2018-04-20,17.03158187866211,11.82946491241455,5.515122413635254,2.1419789791107178,9.402451515197754,3.723321199417114,14.743566513061523,12.218721389770508,66.26090240478516,25.76877784729004,7.712445735931396,11.642939567565918,28.90422248840332
2018-04-23,17.046119689941406,11.615639686584473,5.453057289123535,2.136891365051269,9.264179229736328,3.6638436317443848,14.678293228149414,12.216948509216309,66.16975402832031,25.81434440612793,7.687190055847168,11.63389492034912,28.82533073425293
2018-04-24,16.94434928894043,11.502442359924316,5.489261627197266,2.0911009311676025,9.374797821044922,3.616260528564453,14.482474327087402,12.11071491241455,66.89892578125,25.687759399414062,7.661935806274414,11.602245330810549,29.31687355041504
2018-04-25,16.84258270263672,11.6533784866333,5.422025203704834,2.078381061553955,9.319490432739258,3.568678617477417,14.727246284484863,12.202784538269045,64.02793884277344,25.535844802856445,7.418848991394043,11.557028770446776,29.098413467407227
2018-04-26,16.94434928894043,11.744561195373535,5.530638217926025,2.119084358215332,9.333314895629885,3.586521863937378,15.069933891296388,12.46128749847412,65.5317611694336,26.12827682495117,7.7187581062316895,11.493729591369627,29.553544998168945
2018-04-27,16.849851608276367,11.744561195373535,5.570291519165039,2.149611234664917,9.506155014038086,3.604365348815918,15.706343650817873,12.588769912719728,65.5317611694336,26.07764434814453,7.740859508514404,11.50729274749756,29.341142654418945
2018-04-30,16.958887100219727,11.540175437927246,5.756688117980957,2.1521546840667725,9.609858512878418,3.6222083568573,15.55947971343994,12.794440269470217,64.11909484863281,25.829530715942383,7.775584697723389,11.534423828125,29.535341262817383
2018-05-01,,,,,,,,,64.02793884277344,,,,
2018-05-02,16.4791259765625,11.3263521194458,5.7752556800842285,2.09004545211792,9.298748016357422,3.521095991134644,16.253009796142578,12.76746654510498,64.62033081054688,24.66708755493164,7.756643295288086,11.312867164611816,29.55961036682129
2018-05-03,16.428241729736328,11.005617141723633,5.879247665405273,2.068414688110352,9.19504451751709,3.497304201126098,15.991915702819824,12.506723403930664,63.48103332519531,24.18084526062012,7.674561023712158,11.204351425170898,29.79022216796875
2018-05-04,16.355548858642578,10.983604431152344,5.884818077087402,2.13330602645874,9.188130378723145,3.479461431503296,16.40803337097168,12.355670928955078,64.25575256347656,23.89719009399414,7.54196834564209,10.96470832824707,30.160398483276367
2018-05-07,16.239242553710938,10.971024513244627,5.498565196990967,2.127899169921875,9.291834831237791,3.687634468078613,14.906750679016112,12.294530868530272,64.11909484863281,23.932653427124023,7.810311317443848,10.96470832824707,29.88124656677246
2018-05-08,16.311935424804688,11.269750595092772,5.309150218963623,2.117083787918091,9.292506217956545,3.67573881149292,14.939382553100586,12.26755714416504,65.03046417236328,24.008623123168945,7.810311317443848,11.046096801757812,29.850902557373047
2018-05-09,15.926671028137209,11.744561195373535,5.389001846313477,2.1062681674957275,9.342850685119627,3.735216617584229,15.216796875,12.210013389587402,66.62548828125,24.08460235595703,8.593236923217773,10.978273391723633,30.4941635131836
2018-05-10,15.846712112426758,11.3137788772583,5.442854404449463,2.1441211700439453,9.551429748535156,3.65789532661438,15.714505195617676,12.227994918823242,66.94446563720703,24.743070602416992,9.104665756225586,11.186264038085938,31.192045211791992
2018-05-11,15.883056640625,11.260316848754885,5.565415859222412,2.138713836669922,9.033580780029297,3.72926926612854,15.420774459838867,11.706507682800291,66.53435516357422,24.347999572753903,9.13939094543457,11.629375457763672,31.93846321105957
2018-05-14,15.78128719329834,10.980462074279783,5.520847797393799,2.13330602645874,9.069543838500977,3.6638436317443848,14.996500015258787,11.454755783081056,67.03562927246094,23.983306884765625,9.51822280883789,11.547987937927246,32.933692932128906
2018-05-15,15.59956169128418,10.681740760803224,5.524561882019043,2.111675262451172,9.026390075683594,3.616260528564453,15.347341537475586,11.386420249938965,67.03562927246094,23.892120361328125,9.75815486907959,11.317389488220217,33.16429901123047
2018-05-16,15.635906219482422,10.83896255493164,5.756688117980957,2.173863410949707,9.141467094421388,3.800642967224121,15.298386573791504,11.50870132446289,68.493896484375,24.307472229003903,9.985453605651855,11.43946933746338,33.92285919189453
2018-05-17,15.330601692199709,10.335845947265623,5.682406902313232,2.111675262451172,8.896927833557129,3.7411649227142334,15.49420928955078,11.23896598815918,68.493896484375,23.03612518310547,9.537166595458984,11.168177604675291,33.607303619384766
2018-05-18,14.996221542358398,10.279242515563965,5.453995704650879,2.0711185932159424,9.206199645996094,3.67573881149292,15.053614616394045,11.104098320007324,68.2204818725586,22.874048233032227,9.51822280883789,11.258607864379885,33.23712158203125
2018-05-21,14.756340026855469,10.033978462219238,5.422427654266357,2.0954530239105225,9.07673454284668,3.723321199417114,14.449835777282717,10.933266639709473,69.54206085205078,22.560009002685547,9.19937229156494,11.208870887756348,32.162994384765625
2018-05-22,14.647300720214844,10.256829261779783,5.36671781539917,2.2036049365997314,9.623353958129885,3.8363287448883057,14.719090461730955,11.150854110717772,69.67876434326172,23.107038497924805,8.987493515014648,11.638418197631836,31.76247978210449
2018-05-23,14.574612617492676,10.03523063659668,5.203301906585693,2.200901746749878,9.342850685119627,3.747111558914185,13.030146598815918,10.978221893310549,64.62033081054688,22.67143440246582,8.585870742797852,11.878057479858398,31.519737243652344
2018-05-24,14.77814769744873,9.72815990447998,5.348147392272949,2.20630955696106,9.127081871032717,3.8363287448883057,12.442688941955566,11.09870433807373,66.53435516357422,22.97028160095215,7.336728096008301,11.846406936645508,31.835294723510746
2018-05-25,14.654570579528809,9.525553703308104,5.236728191375732,2.100860595703125,8.947273254394531,3.76495623588562,12.287665367126465,10.915285110473633,66.67103576660156,22.767677307128903,7.282968997955322,11.846406936645508,31.240589141845703
2018-05-28,14.363805770874023,8.825937271118164,5.119736671447754,1.9710776805877688,8.292771339416504,3.544888019561768,11.422797203063965,10.694101333618164,,21.80530548095703,6.258354663848877,11.263129234313965,30.991777420043945
2018-05-29,14.240230560302734,9.025376319885254,4.976747989654541,2.017042398452759,8.63081169128418,3.651947736740112,11.66757106781006,10.852344512939451,64.62033081054688,21.729324340820312,7.033140182495117,11.077747344970703,30.43955039978028
2018-05-30,14.312923431396484,9.6141939163208,4.995317935943604,2.0738227367401123,8.407848358154297,3.759006977081299,11.936822891235352,10.93146800994873,64.57477569580078,21.76984977722168,7.017329216003418,11.263129234313965,30.724767684936523
2018-05-31,,,,,,,,,64.16460418701172,,,,
2018-06-01,14.494650840759276,9.706002235412598,5.099309921264648,2.054895401000977,8.6380033493042,3.735216617584229,12.361098289489746,11.149055480957031,64.25575256347656,22.203060150146484,5.970578193664551,11.620330810546877,32.01735305786133
2018-06-04,14.567340850830078,9.845288276672363,5.253439426422119,2.0738227367401123,8.666772842407227,3.705477476119995,13.266762733459473,11.16883373260498,62.47846603393555,22.68442916870117,6.318442344665527,11.864493370056152,31.871713638305664
2018-06-05,14.363805770874023,9.218481063842772,5.309150218963623,1.9791885614395144,8.199271202087402,3.65789532661438,12.230551719665527,10.989011764526367,62.88861846923828,21.980127334594727,6.128698825836182,11.7017183303833,32.60599136352539
2018-06-06,14.19661808013916,8.762621879577637,5.515277862548828,1.8980745077133176,8.055421829223633,3.604365348815918,11.683889389038086,10.76423168182373,62.15947341918945,21.422771453857425,6.093911647796631,11.317389488220217,34.026023864746094
2018-06-07,13.869507789611816,8.41123104095459,5.186589241027832,1.841294527053833,7.444073677062988,3.4140353202819824,10.94140625,10.49269962310791,62.79747009277344,20.799541473388672,5.98322868347168,10.829063415527344,32.994380950927734
2018-06-08,13.782273292541504,8.531527519226074,4.8504719734191895,1.841294527053833,7.580729007720947,3.3724007606506348,10.525290489196776,10.510680198669434,63.48103332519531,20.85021209716797,5.692288875579834,10.526121139526367,30.882543563842773
2018-06-11,13.804084777832031,8.249784469604492,4.921038627624512,1.822368621826172,7.64546012878418,3.408088445663452,10.998519897460938,10.327261924743652,63.70891952514648,20.247249603271484,5.815621852874756,10.512556076049805,30.85826873779297
2018-06-12,13.72412395477295,8.56957721710205,4.90061092376709,1.7926265001296997,7.580729007720947,3.46756649017334,11.259613037109377,10.456732749938965,63.70891952514648,20.20671844482422,5.768186569213867,10.43116855621338,31.37409782409668
2018-06-13,13.60054874420166,8.413999557495117,4.902467727661133,1.8142564296722408,7.551959991455078,3.461618423461914,11.634933471679688,10.699496269226074,63.29876708984375,20.00911331176757,5.689126968383789,10.444731712341309,31.28306579589844
2018-06-14,13.760468482971191,8.032990455627441,4.824474334716797,1.8088493347167969,7.429690361022949,3.419983386993408,11.577818870544434,10.539453506469728,62.15947341918945,19.29974174499512,5.685964107513428,10.2503080368042,31.380163192749023
2018-06-15,13.607818603515623,7.937735080718994,4.536640644073486,1.8385910987854004,7.2283034324646,3.336714029312134,10.606882095336914,10.63835620880127,61.14800643920898,19.487224578857425,5.629042625427246,10.304566383361816,29.81449317932129
2018-06-18,13.593154907226562,7.785329341888428,4.609062671661377,1.773699402809143,7.206727504730225,3.2534453868865967,10.598724365234377,10.609582901000977,60.68824768066406,19.092004776000977,5.442459583282471,10.318130493164062,29.86304473876953
2018-06-19,13.783781051635742,8.331445693969727,4.583065509796143,1.8304795026779173,7.458459854125977,3.336714029312134,10.933247566223145,10.789408683776855,59.538848876953125,19.9533748626709,5.644852638244629,10.300044059753418,29.31081199645996
2018-06-20,13.593154907226562,8.57275390625,4.687057018280029,1.8602216243743896,7.767730712890625,3.39619255065918,11.014840126037598,10.677916526794434,59.21701431274414,20.323251724243164,5.875706672668457,10.625593185424805,29.620302200317383
2018-06-21,13.292551040649414,8.258421897888184,4.447504043579102,1.787218451499939,7.623884201049805,3.301027774810791,10.101015090942385,10.312874794006348,58.66530990600586,19.781095504760746,5.581606388092041,10.399517059326172,28.649343490600582
2018-06-22,13.314545631408691,8.286995887756348,4.5514960289001465,1.7818108797073364,7.501614093780518,3.366452693939209,10.500815391540527,10.24634075164795,59.99860763549805,19.93310737609864,5.616391181945801,10.489948272705078,29.13481712341309
2018-06-25,13.358534812927246,8.528304100036621,4.512498378753662,1.854813814163208,7.695805549621582,3.408088445663452,10.476336479187012,10.611382484436035,58.61933517456055,19.97363471984864,5.720752239227295,10.404037475585938,28.61899948120117
2018-06-26,13.263223648071287,8.62990665435791,4.629489898681641,1.984596967697144,7.688612937927246,3.366452693939209,10.19892406463623,10.352436065673828,63.17094039916992,19.90778541564941,5.856734752655029,10.462818145751951,29.335081100463867
2018-06-27,13.1605806350708,8.45210075378418,4.618347644805908,1.9034823179244995,7.494420528411865,3.408088445663452,9.782809257507324,10.116867065429688,64.18241882324219,19.54802703857422,6.014853000640869,10.489948272705078,29.21977806091309
2018-06-28,13.20456886291504,8.93789291381836,4.770621299743652,1.9467432498931885,7.695805549621582,3.497304201126098,10.060219764709473,10.393796920776367,63.584739685058594,20.09017944335937,5.98006534576416,10.535162925720217,29.778079986572266
2018-06-29,13.182575225830078,9.096644401550291,4.707483768463135,1.973782300949097,7.911574840545654,3.544888019561768,9.945992469787598,10.210375785827637,62.57325744628906,20.439790725708008,6.141346454620361,10.756718635559082,30.09363555908203
2018-07-02,13.299880981445312,9.331602096557615,4.724196434020996,2.011634588241577,7.796499729156494,3.5389397144317627,10.655838012695312,10.519673347473145,61.469844818115234,20.452465057373047,6.223569869995117,10.734110832214355,29.58995246887207
2018-07-03,13.263223648071287,9.414155006408691,4.61091947555542,2.014338731765747,8.00507640838623,3.6281564235687256,10.933247566223145,10.447742462158203,61.469844818115234,20.934005737304688,6.245706558227539,10.905929565429688,29.10447883605957
2018-07-04,13.27055549621582,9.684037208557127,4.69819974899292,2.054895401000977,8.242424964904785,3.681685924530029,12.899600982666016,10.769627571105955,,21.27360725402832,6.549294471740723,11.308345794677734,29.146957397460938
2018-07-05,13.49050998687744,9.45860767364502,4.709341526031494,2.0738227367401123,8.213655471801758,3.687634468078613,11.789958000183104,10.677916526794434,61.74570083618164,21.13675308227539,6.353227615356445,11.349039077758787,30.160398483276367
2018-07-06,13.263223648071287,9.35382843017578,4.846757888793945,2.09004545211792,8.33592414855957,3.71142578125,11.855230331420898,10.65633773803711,63.67667770385742,21.3293571472168,6.394338607788086,11.914230346679688,30.548784255981445
2018-07-09,,,,,,,,,64.13643646240234,,,,
2018-07-10,13.336539268493652,9.27444839477539,4.737196445465088,2.108972311019897,8.271193504333496,3.735216617584229,11.528864860534668,10.613181114196776,65.14794158935547,21.38511085510254,6.384850025177002,12.27595329284668,30.05723190307617
2018-07-11,13.131251335144045,9.45860767364502,4.6257758140563965,2.0575995445251465,8.235233306884766,3.818485736846924,11.781798362731934,10.609582901000977,64.32032012939453,21.471284866333008,6.331090927124023,12.140307426452637,29.650644302368164
2018-07-12,13.373199462890623,9.639583587646484,4.792904853820801,2.079230070114136,8.587656021118164,3.943389177322388,11.912346839904783,10.424365997314451,64.32032012939453,21.876785278320312,6.514509677886963,12.443249702453612,30.615528106689453
2018-07-13,13.519835472106934,9.884069442749023,4.791048049926758,2.1306018829345703,8.544502258300781,4.002867221832275,11.94498062133789,10.249938011169434,63.86058807373047,22.4343490600586,6.508184909820557,12.646718978881836,30.530574798583984
2018-07-16,13.893757820129396,9.776115417480469,4.753908634185791,2.122490644454956,8.357501983642578,4.04450273513794,12.124482154846191,10.276911735534668,63.906551361083984,22.35324478149414,6.444936752319336,12.741670608520508,30.34245109558105
2018-07-17,14.055058479309082,10.103151321411133,4.902467727661133,2.127899169921875,8.400654792785645,4.038554191589356,12.401893615722656,10.517874717712402,62.94107818603516,22.77396011352539,6.659980297088623,12.660283088684082,30.767248153686523
2018-07-18,13.754450798034668,10.039644241333008,4.919180870056152,2.087341785430908,8.321540832519531,4.03260612487793,13.070942878723145,10.395593643188477,63.21693801879883,22.485042572021484,6.530319213867188,12.592458724975586,31.222383499145508
2018-07-19,13.842434883117676,9.950743675231934,4.692628383636475,2.138713836669922,8.645196914672852,4.127771854400635,13.34019374847412,10.519673347473145,63.124961853027344,22.809431076049805,6.606217861175537,12.596980094909668,29.996553421020508
2018-07-20,13.776450157165527,10.477808952331545,4.718625545501709,2.1792712211608887,8.86096477508545,4.16345739364624,14.090834617614746,10.534059524536133,60.32044219970703,23.45824813842773,6.773825168609619,12.746190071105955,29.5656852722168
2018-07-23,13.673803329467772,10.407959938049316,4.828187942504883,2.1657516956329346,8.681157112121582,4.216989040374756,13.788947105407717,10.339848518371582,59.72274398803711,23.00712203979492,6.805449962615967,12.615066528320312,30.09971046447754
2018-07-24,13.90842056274414,10.49050998687744,5.034314632415772,2.211716413497925,8.832196235656738,4.205093383789063,13.992924690246582,10.631163597106934,60.32044219970703,22.991918563842773,6.925618648529053,12.565330505371094,31.137428283691406
2018-07-25,13.857100486755373,10.65878963470459,4.995317935943604,2.268496513366699,8.997620582580566,4.211040496826172,14.62118148803711,10.645547866821287,60.27446365356445,23.71674156188965,7.01416540145874,12.443249702453612,31.404438018798828
2018-07-26,14.582945823669434,10.312705039978027,5.125307559967041,2.211716413497925,8.702733993530273,4.193196773529053,13.74815273284912,10.996204376220703,60.45837020874024,23.34165573120117,6.837073802947998,12.388991355895996,32.02948760986328
2018-07-27,14.524293899536133,10.439709663391112,5.214443683624268,2.2036049365997314,8.63081169128418,4.205093383789063,13.69919776916504,11.05914306640625,60.04459381103516,23.4683780670166,6.988867282867432,12.343775749206545,32.43608093261719
2018-07-30,14.443643569946287,10.442885398864746,5.216300964355469,2.214420795440674,8.436616897583008,4.17535400390625,13.617605209350586,11.006994247436523,60.50434494018555,23.807981491088867,6.976217746734619,12.280473709106444,32.9701042175293
2018-07-31,14.2310209274292,10.31905460357666,5.286866188049316,2.225235939025879,8.33592414855957,4.115875720977783,14.090834617614746,11.01418685913086,62.66522216796875,22.809431076049805,6.93826961517334,12.022747039794922,33.27959442138672
2018-08-01,14.26034927368164,10.46828269958496,5.168018817901611,2.200901746749878,8.717120170593262,4.193196773529053,14.237699508666992,11.177825927734377,60.87215423583984,23.095922470092773,6.979380130767822,12.28951644897461,32.19940948486328
2018-08-02,14.14303970336914,10.550836563110352,5.19773006439209,2.19819712638855,8.594849586486816,4.252675533294678,14.074515342712402,10.895503044128418,60.55031967163086,23.177047729492188,7.096388339996338,12.411598205566406,32.06589889526367
2018-08-03,14.150368690490724,10.868348121643066,5.221872806549072,2.257681369781494,8.85377311706543,4.27646541595459,14.56406593322754,11.050152778625488,60.41239547729492,23.729724884033203,7.34305477142334,12.461336135864258,32.8090934753418
2018-08-06,14.150368690490724,10.89057445526123,5.156876564025879,2.260385751724243,8.738696098327637,4.347839832305908,13.952130317687988,10.789408683776855,60.22850036621094,23.557329177856445,7.368354320526123,12.655759811401367,32.71543884277344
2018-08-07,14.055058479309082,10.65878963470459,4.939607620239258,2.273904323577881,8.623619079589844,4.2348313331604,13.315716743469238,10.59160041809082,60.50434494018555,23.41535758972168,7.339890480041504,12.43420696258545,32.933956146240234
2018-08-08,14.047727584838867,10.360332489013672,4.915466785430908,2.246866226196289,8.681157112121582,4.115875720977783,13.234126091003418,10.54664707183838,59.99860763549805,22.867748260498047,7.19126033782959,12.506550788879396,32.71543884277344
2018-08-09,14.128376960754396,10.668312072753906,4.81890344619751,2.190086603164673,8.774658203125,4.115875720977783,13.054625511169434,10.357830047607422,59.49287033081055,22.74606132507324,7.197585105895996,12.63767433166504,32.36581039428711
2018-08-10,13.86443328857422,10.080924987792969,4.742766857147217,2.100860595703125,8.364693641662598,4.098031997680664,12.418212890625,10.375813484191896,58.71128463745117,21.91957092285156,7.00784158706665,12.48846435546875,32.28464126586914
2018-08-13,14.03306007385254,10.12855052947998,4.653630256652832,2.127899169921875,8.292771339416504,4.216989040374756,12.336620330810549,10.45853328704834,57.24004364013672,22.09196853637696,7.083737373352051,12.47942066192627,32.64051818847656
2018-08-14,14.2310209274292,10.477808952331545,5.064026832580566,2.163048505783081,8.566079139709473,4.169405460357666,12.303982734680176,10.703092575073242,56.7802963256836,22.548316955566406,7.05521297454834,12.750714302062988,32.9401969909668
2018-08-15,14.238353729248049,10.255553245544434,4.720483303070068,2.136009693145752,8.436616897583008,4.145614147186279,12.467164993286133,10.670724868774414,56.1826057434082,22.396209716796875,6.776298999786377,12.940617561340332,31.473005294799805
2018-08-16,13.937746047973633,10.287303924560549,4.828187942504883,2.230643510818481,8.299962043762207,4.074240684509277,13.42994499206543,10.645547866821287,56.5504150390625,22.365768432617188,6.747774600982666,12.89540195465088,31.042207717895508
2018-08-17,14.06238842010498,9.92534351348877,4.986033916473389,2.2171242237091064,8.163309097290039,4.014763355255127,13.201488494873049,10.548443794250488,56.5504150390625,21.79281616210937,6.640014171600342,12.863752365112305,31.71650123596192
2018-08-20,14.040392875671388,9.661808967590332,4.980462551116943,2.1954939365386963,8.019461631774902,4.115875720977783,12.907758712768556,10.555638313293455,56.5504150390625,21.62764358520508,6.655863285064697,13.139565467834473,32.11607360839844
2018-08-21,13.915752410888672,9.27762508392334,4.974891185760498,2.0711185932159424,7.782113075256348,4.026658535003662,12.059209823608398,10.303884506225586,58.0676155090332,21.34795379638672,6.544930458068848,13.112435340881348,32.29713439941406
2018-08-22,13.857100486755373,9.614006996154783,5.013888359069824,2.111675262451172,7.911574840545654,4.074240684509277,12.614030838012695,10.357830047607422,57.332008361816406,21.856483459472656,6.738266944885254,13.07174015045166,33.277347564697266
2018-08-23,13.88642692565918,9.370452880859377,4.941464424133301,2.008930206298828,7.753344535827637,4.008815765380859,12.206073760986328,10.160025596618652,57.65383529663086,21.00724983215332,6.646352291107178,12.651240348815918,33.308563232421875
2018-08-24,13.981739044189451,9.498637199401855,5.181017875671387,1.998115420341492,7.695805549621582,3.979076385498047,11.953140258789062,10.29669189453125,57.46993255615234,21.164894104003903,6.684386253356934,12.705498695373535,33.80803680419922
2018-08-27,14.025728225708008,9.79025936126709,5.1345930099487305,2.049488306045532,7.839651584625244,4.098031997680664,12.736417770385742,10.393796920776367,58.71128463745117,21.86664772033692,6.798486232757568,13.080785751342772,34.75703430175781
2018-08-28,14.003734588623049,9.742194175720217,5.173588752746582,2.0224497318267822,7.818075656890869,4.092084884643555,12.703780174255373,10.534059524536133,58.66530990600586,21.714094161987305,6.731929779052734,13.24808120727539,34.74454879760742
2018-08-29,14.113712310791016,9.940881729125977,5.199587345123291,2.041376829147339,7.839651584625244,4.080188274383545,13.829741477966309,10.42796230316162,59.63080978393555,22.075145721435547,7.026688098907471,13.333992004394531,34.47608184814453
2018-08-30,13.930416107177734,9.59157657623291,5.136449813842773,1.990004301071167,7.782113075256348,3.9731287956237793,12.924078941345217,10.147439002990724,58.71128463745117,21.20557403564453,6.871385097503662,13.333992004394531,34.07025909423828
2018-08-31,13.820440292358398,9.6460542678833,5.093738079071045,2.017042398452759,7.861231327056885,4.014763355255127,12.907758712768556,10.249938011169434,59.49287033081055,21.49542808532715,6.998162746429443,13.33851146697998,33.47713088989258
2018-09-03,13.659140586853027,9.418522834777832,5.132735252380371,1.9927079677581787,7.695805549621582,3.967181205749512,12.52428150177002,10.244542121887209,,21.19783592224121,6.893570899963379,13.14860725402832,33.74559783935547
2018-09-04,13.20456886291504,9.17817211151123,4.987890243530273,1.908890008926392,7.652653694152832,3.9850244522094727,12.189754486083984,10.374015808105469,58.25152587890625,21.01470375061035,6.82067346572876,12.818536758422852,32.46570587158203
2018-09-05,13.299880981445312,9.194195747375488,5.021316051483154,1.957558274269104,7.587921619415283,3.9493372440338135,12.49980354309082,10.418970108032228,57.74578857421875,21.13678741455078,6.887231349945068,12.750714302062988,32.55936050415039
2018-09-06,13.431855201721191,9.399293899536133,5.00645923614502,1.960262417793274,7.695805549621582,3.996919870376587,13.095419883728027,10.614977836608888,57.51591110229492,21.670934677124023,6.947450637817383,13.035569190979004,33.389732360839844
2018-09-07,,,,,,,,,57.01017379760742,,,,
2018-09-10,13.409859657287598,9.271105766296388,5.093738079071045,1.957558274269104,7.710190773010254,4.026658535003662,12.964872360229492,10.501689910888672,57.51591110229492,21.86932373046875,7.036196708679199,12.999397277832031,33.22739028930664
2018-09-11,13.336539268493652,8.851297378540039,4.984176158905029,1.8980745077133176,7.422496795654297,3.91959810256958,12.083684921264648,10.384804725646973,56.68834686279297,21.11644554138184,6.839691162109375,12.393513679504396,32.834068298339844
2018-09-12,13.527170181274414,8.891637802124023,5.104880809783936,1.9034823179244995,7.422496795654297,3.883911848068237,12.654828071594238,10.267919540405272,57.97568130493164,21.177488327026367,7.023519515991211,12.366381645202637,33.37099838256836
2018-09-13,13.439186096191406,8.77269458770752,5.153162956237793,1.841294527053833,7.264266490936279,3.842277050018311,12.434529304504396,10.228357315063477,58.43543243408203,21.06049156188965,6.925265312194824,12.16291332244873,33.5770263671875
2018-09-14,13.36586856842041,8.84341812133789,5.21815824508667,1.8385910987854004,7.4153056144714355,3.8065905570983887,12.00209617614746,10.15822696685791,58.853153228759766,21.43184280395508,6.972805500030518,12.298562049865724,34.46359634399414
2018-09-17,13.461182594299316,9.145590782165527,5.260869026184082,1.8818517923355105,7.515997886657715,3.8363287448883057,12.491643905639648,10.490900993347168,58.945987701416016,21.94054412841797,7.12177038192749,12.343775749206545,34.36369705200195
2018-09-18,13.776450157165527,9.55384635925293,5.418712139129639,1.9710776805877688,7.60230541229248,3.925546169281006,13.030146598815918,10.794801712036133,58.76031875610352,21.92020034790039,7.378497123718262,12.366381645202637,35.79967498779297
2018-09-19,13.776450157165527,9.457409858703612,5.593270778656006,1.933224081993103,7.60230541229248,3.877963781356812,12.418212890625,10.600591659545898,59.6885986328125,22.072816848754883,7.337294101715088,12.000139236450195,36.5738639831543
2018-09-20,13.747119903564451,9.483126640319824,5.663836479187012,1.9386320114135744,7.609498977661133,3.9136500358581534,12.548758506774902,10.782214164733888,57.83203125,21.93036651611328,7.286583423614502,11.629375457763672,37.03587341308594
2018-09-21,13.820440292358398,9.830307006835938,5.905245304107666,2.000819444656372,7.638267993927002,3.90175461769104,12.93223762512207,10.825372695922852,56.486026763916016,22.30173110961914,7.375326633453369,11.620330810546877,38.09101104736328
2018-09-24,13.483176231384276,9.55706024169922,5.769684314727783,1.941335678100586,7.609498977661133,3.883911848068237,12.556917190551758,10.758837699890137,54.4902229309082,21.74724006652832,7.337294101715088,11.349039077758787,37.58530044555664
2018-09-25,13.49050998687744,9.49919891357422,6.350924015045166,1.933224081993103,7.4153056144714355,3.889859199523926,12.426369667053224,10.503488540649414,52.30874633789063,21.7981071472168,7.375326633453369,11.525378227233888,38.83397674560547
2018-09-26,13.710464477539062,9.467052459716797,6.256217956542969,1.935928463935852,7.63107442855835,3.907702684402466,12.361098289489746,10.402786254882812,52.8657341003418,22.03721046447754,7.403852939605713,11.389732360839844,37.46667098999024
2018-09-27,13.549163818359377,9.737082481384276,5.975811958312988,1.9386320114135744,8.019461631774902,4.038554191589356,12.858804702758787,10.501689910888672,53.51551818847656,22.642559051513672,7.765171527862549,11.642939567565918,37.13576889038086
2018-09-28,13.44651985168457,9.467052459716797,5.999953746795654,1.935928463935852,7.724575042724609,4.0623459815979,12.654828071594238,10.332655906677246,52.40158081054688,22.44926071166992,7.679596424102783,11.98205280303955,37.34804534912109
2018-10-01,13.51250457763672,9.068440437316896,5.999953746795654,1.8953707218170168,7.5735368728637695,4.050450801849365,12.116325378417969,10.248138427734377,56.11471557617188,22.19735145568848,7.663749694824219,12.284993171691896,37.71017074584961
2018-10-02,13.380531311035156,10.10354709625244,6.072376251220703,2.033265352249145,7.9187703132629395,4.104228973388672,13.503377914428713,10.663532257080078,57.1822395324707,23.052270889282227,8.180367469787598,12.750714302062988,38.20964050292969
2018-10-03,13.292551040649414,11.019712448120115,5.907103061676025,2.13330602645874,8.558887481689453,4.20226001739502,14.384565353393556,10.632962226867676,57.92487716674805,24.095483779907227,8.392722129821777,13.306862831115724,37.42921447753906
2018-10-04,13.10192584991455,11.28974151611328,5.938671588897705,2.176567316055298,8.65958023071289,4.300291061401367,15.094409942626951,10.609582901000977,58.76031875610352,24.12092971801757,8.481468200683594,13.392769813537598,36.71121597290039
2018-10-05,12.940622329711914,11.489049911499023,5.82725191116333,2.338796138763428,8.623619079589844,4.313361644744873,15.298386573791504,10.580812454223633,61.17385482788086,24.039506912231445,8.449774742126465,13.45154857635498,35.89334487915039
2018-10-08,13.197237968444824,12.60130214691162,5.697261810302734,2.7551825046539307,9.630547523498535,4.470211029052734,17.950109481811523,10.8181791305542,63.16965866088867,25.46945571899414,9.251646041870115,14.107173919677734,35.618621826171875
2018-10-09,12.815983772277832,12.537013053894045,5.663836479187012,2.814666509628296,9.709661483764648,4.5355658531188965,18.61100196838379,10.9188814163208,62.89118576049805,25.337139129638672,9.422796249389648,13.456071853637695,36.024444580078125
2018-10-10,12.61069393157959,12.006601333618164,5.489278793334961,2.6713643074035645,9.278120994567873,4.385251045227051,16.897581100463867,10.676119804382324,61.63800048828125,24.461875915527344,9.07415771484375,13.022005081176758,34.89439392089844
2018-10-11,12.456725120544434,11.95838737487793,5.481851577758789,2.744367837905884,9.06235122680664,4.267613410949707,16.089824676513672,10.575416564941406,59.03880310058594,24.17181205749512,8.90617561340332,12.569852828979492,35.26274871826172
2018-10-12,,,,,,,,,57.1822395324707,,,,
2018-10-15,12.41273307800293,12.125544548034668,5.478137016296387,2.7849247455596924,8.997620582580566,4.234936714172363,17.093399047851562,10.555638313293455,56.393211364746094,24.45170021057129,9.112190246582031,12.569852828979492,36.00571060180664
2018-10-16,12.76466178894043,12.655957221984863,5.491135597229004,2.8903732299804688,9.378814697265623,4.306826114654541,17.966426849365234,10.81638240814209,56.16112518310547,25.42875862121582,9.44498348236084,12.795928001403809,36.024444580078125
2018-10-17,12.500717163085938,12.76524829864502,5.639695644378662,2.866039037704468,9.24216079711914,4.385251045227051,17.297380447387695,11.229975700378418,56.5788688659668,25.16413116455078,9.38159465789795,12.750714302062988,36.71121597290039
2018-10-18,12.207443237304688,12.61737823486328,5.565415859222412,2.801147937774658,9.083928108215332,4.261077880859375,16.84862518310547,11.147255897521973,57.46073532104492,24.41608428955078,9.08049774169922,12.411598205566406,35.27523422241211
2018-10-19,12.361412048339844,12.72346305847168,5.524561882019043,2.8525195121765137,9.040773391723633,4.346038341522217,17.77060890197754,11.292914390563965,58.29619216918945,24.39062118530273,9.17241096496582,11.98205280303955,35.29396438598633
2018-10-22,12.332083702087402,12.810256004333496,5.626696586608887,2.8525195121765137,9.457930564880373,4.3721795082092285,18.545726776123047,11.364842414855955,57.46073532104492,24.74684715270996,9.419629096984863,12.27595329284668,36.44275665283203
2018-10-23,12.19278049468994,12.85526180267334,5.515277862548828,2.89307713508606,9.781585693359377,4.489817142486572,18.129613876342773,11.621991157531738,58.89957046508789,24.83335876464844,9.242137908935549,12.334733963012695,35.43132400512695
2018-10-24,11.650227546691896,12.5691556930542,5.36671781539917,2.84981632232666,9.781585693359377,4.489817142486572,17.313697814941406,11.532078742980955,56.486026763916016,24.18707847595215,8.975902557373047,12.257867813110352,33.98285675048828
2018-10-25,10.997698783874512,12.890625,5.4651384353637695,3.0526013374328613,9.961395263671877,4.50942325592041,17.982744216918945,11.586026191711426,54.76870346069336,24.46695899963379,9.16290283203125,12.16291332244873,34.09523010253906
2018-10-26,11.137001037597656,13.636412620544434,5.4669952392578125,3.258092164993286,9.83193016052246,4.522493362426758,19.02711677551269,11.742472648620604,52.447998046875,24.924957275390625,9.508374214172363,12.2669095993042,34.71332931518555
2018-10-29,11.31296443939209,13.459607124328612,5.294294834136963,3.079639434814453,9.824740409851074,4.476746082305908,17.974584579467773,11.621991157531738,51.79819869995117,24.46695899963379,9.166072845458984,12.294038772583008,33.15248107910156
2018-10-30,11.767535209655762,13.855010986328123,5.387144088745117,3.044489860534668,10.349780082702637,4.620525360107422,19.01079750061035,11.958260536193848,47.24961853027344,25.184490203857425,9.673185348510742,12.705498695373535,33.63322830200195
2018-10-31,11.980158805847168,13.742494583129885,5.738117218017578,2.9823029041290283,10.500821113586426,4.666272640228272,19.173980712890625,12.226198196411133,46.87830352783203,25.06235694885254,9.609795570373535,12.899922370910645,35.406349182128906
2018-11-01,12.002154350280762,13.94502067565918,5.719546794891357,2.971487522125244,10.249088287353516,4.685879230499268,19.581937789916992,12.355670928955078,44.46476364135742,25.421218872070312,9.435474395751951,12.841142654418944,35.89957427978516
2018-11-02,,,,,,,,,43.11875534057617,,,,
2018-11-05,12.068140029907228,13.95466423034668,5.726974487304688,3.109382152557373,10.198740005493164,4.64013147354126,20.169397354125977,12.587641716003418,43.07233810424805,25.696107864379883,9.714387893676758,12.660283088684082,35.918304443359375
2018-11-06,12.200112342834473,13.652488708496094,5.7919697761535645,3.122901201248169,9.990164756774902,4.705484867095947,19.622732162475582,12.607423782348633,43.72213363647461,25.85898208618164,9.464001655578612,12.524636268615724,35.73100662231445
2018-11-07,11.987491607666016,13.324597358703612,5.764113903045654,3.0985665321350098,9.84631633758545,4.600919246673584,18.78234100341797,12.605624198913574,42.701019287109375,25.88444328308105,9.254817008972168,12.569852828979492,35.95576477050781
2018-11-08,11.518254280090332,13.051355361938477,5.821681022644043,3.014749050140381,9.630547523498535,4.378715515136719,18.341747283935547,12.49773120880127,42.23688507080078,25.528120040893555,8.950546264648438,12.438727378845217,35.599891662597656
2018-11-09,11.789533615112305,13.34067153930664,5.535704612731934,3.0526013374328613,9.637738227844238,4.470211029052734,19.2882080078125,12.45277500152588,39.82334518432617,25.84881591796875,8.91568374633789,12.673847198486328,34.120208740234375
2018-11-12,11.694217681884766,13.559261322021484,5.515277862548828,3.087751865386963,9.393199920654297,4.6270599365234375,19.2882080078125,12.265758514404297,37.08491897583008,25.92008209228516,8.871312141418457,13.650498390197754,34.24507141113281
2018-11-13,11.55491542816162,13.40496063232422,5.598840713500977,3.0661215782165527,9.38600730895996,4.594383716583252,18.888410568237305,12.326897621154783,39.962589263916016,25.8233642578125,8.462451934814453,13.492244720458984,35.13164138793945
2018-11-14,11.752873420715332,13.427460670471191,5.565415859222412,3.087751865386963,9.882278442382812,4.581312656402588,18.7741813659668,12.584046363830566,38.61658477783203,26.047340393066406,8.617755889892578,13.406333923339844,34.43861770629883
2018-11-15,,,,,,,,,37.92036819458008,,,,
2018-11-16,12.097467422485352,13.851791381835938,5.715832710266113,3.182384967803955,10.321011543273926,4.757768630981445,20.397850036621094,12.866368293762209,37.22416305541992,26.85160255432129,8.890328407287598,13.582674026489258,35.05672073364258
2018-11-19,12.068140029907228,14.176470756530762,5.7176899909973145,3.1499385833740234,10.213125228881836,4.783910274505615,19.989892959594727,12.76746654510498,36.388702392578125,26.836349487304688,8.883990287780762,13.180258750915527,34.56973648071289
2018-11-20,,,,,,,,,35.5068359375,,,,
2018-11-21,12.00948715209961,14.144323348999023,5.556130409240723,3.1337153911590576,10.292241096496582,4.973435878753662,20.120439529418945,12.859176635742188,36.24946212768555,26.48765182495117,8.67797565460205,13.33851146697998,34.045284271240234
2018-11-22,12.097467422485352,14.425663948059082,5.563559055328369,3.304056167602539,10.31381893157959,4.777375221252441,20.13676071166992,12.93110466003418,,26.426570892333984,8.693879127502441,13.46963596343994,33.739356994628906
2018-11-23,11.877513885498049,14.539250373840332,5.169875621795654,3.3256869316101074,10.083664894104004,4.705484867095947,20.047008514404297,13.033605575561523,35.13552474975586,26.396032333374023,8.490290641784668,13.098871231079102,31.43554306030273
2018-11-26,11.840853691101074,14.282869338989258,5.043601036071777,3.2716095447540283,9.961395263671877,4.666272640228272,20.169397354125977,12.983254432678224,35.18193817138672,25.96079444885254,8.620716094970703,13.05817699432373,31.29194641113281
2018-11-27,12.126795768737791,14.620383262634276,4.991604328155518,3.355428457260132,10.213125228881836,4.757768630981445,21.050582885742188,13.33930492401123,34.53212356567383,26.838882446289062,8.913373947143555,13.813271522521973,31.167076110839844
2018-11-28,12.236772537231444,14.850807189941406,5.16244649887085,3.371650457382202,10.19154930114746,4.868870258331299,20.993467330932617,13.387857437133787,35.924560546875,27.51081657409668,8.802035331726074,13.844923973083496,32.65300750732422
2018-11-29,12.200112342834473,14.682045936584473,5.181017875671387,3.41491174697876,9.939817428588867,4.881941318511963,21.026103973388672,13.306936264038086,36.85284423828125,27.7551498413086,8.859296798706055,13.551025390625,32.46570587158203
2018-11-30,12.405402183532717,14.484079360961914,5.26458215713501,3.4365427494049072,10.241894721984863,5.006113529205322,19.93277931213379,13.0623779296875,34.810630798339844,27.50316429138184,8.948366165161133,13.903703689575195,32.96517562866211
2018-12-03,12.273429870605469,14.312070846557615,5.327719688415527,3.4203200340271,10.256280899047852,4.953830718994141,20.071483612060547,13.21702480316162,36.24946212768555,27.15560913085937,9.202852249145508,13.573633193969728,33.78306198120117
2018-12-04,12.207443237304688,14.169281959533691,5.227442264556885,3.3878750801086426,10.09085750579834,4.947294235229492,19.875667572021484,12.97426414489746,33.78950881958008,27.125072479248047,9.040618896484377,13.220952033996582,33.0151252746582
2018-12-05,12.126795768737791,14.312070846557615,5.21815824508667,3.3581326007843018,10.356972694396973,5.064931869506836,20.112279891967773,13.073165893554688,,27.14033889770508,9.094696044921877,13.202866554260254,32.96517562866211
2018-12-06,12.016817092895508,14.399700164794922,5.2088727951049805,3.3337981700897217,10.57274341583252,5.0780029296875,20.17755126953125,12.812421798706056,34.114402770996094,27.384769439697266,8.716147422790527,13.65501880645752,32.65300750732422
2018-12-07,11.811527252197266,14.28935432434082,5.156876564025879,3.298649311065674,10.608704566955566,5.156427383422852,20.63446617126465,12.65417766571045,32.53632354736328,27.16326141357422,8.859296798706055,13.6098051071167,32.02242660522461
2018-12-10,11.650227546691896,13.870705604553224,5.004602909088135,3.2959444522857666,10.78851318359375,5.038791179656982,20.234668731689453,12.535492897033691,32.165016174316406,26.437578201293945,8.420308113098145,13.415377616882324,31.34189224243164
2018-12-11,11.694217681884766,13.951841354370115,5.03803014755249,3.339205503463745,10.968320846557615,4.986507892608643,21.026103973388672,12.749484062194824,31.3759765625,26.67438697814941,8.366228103637695,13.541980743408203,31.591625213623047
2018-12-12,11.694217681884766,13.98949146270752,5.01017427444458,3.404097318649292,10.695013999938965,4.927688121795654,20.618146896362305,12.803430557250977,31.14390182495117,26.85771369934082,8.394859313964844,13.121479034423828,31.44802665710449
2018-12-13,11.965495109558104,14.347532272338867,5.015745639801025,3.4554691314697266,10.939553260803224,5.019184112548828,20.38969039916992,12.93110466003418,33.41819763183594,27.33130645751953,8.439395904541016,13.835880279541016,31.591625213623047
2018-12-14,11.77486801147461,14.354034423828123,4.995317935943604,3.479804039001465,11.11936092376709,4.868870258331299,19.91646194458008,12.932904243469238,32.95404815673828,27.13271141052246,8.37576961517334,13.853965759277344,31.76644897460937
2018-12-17,11.804195404052734,14.223837852478027,5.0584564208984375,3.3878750801086426,10.917975425720217,4.823122024536133,19.55745887756348,12.736896514892578,33.18611145019531,26.407032012939453,8.286703109741211,13.65501880645752,31.997447967529297
2018-12-18,11.642895698547363,14.256391525268556,5.149448394775391,3.4203200340271,11.148130416870115,4.966901302337647,20.25098419189453,12.699131965637209,33.78950881958008,26.83539390563965,8.006767272949219,14.142807960510254,32.11607360839844
2018-12-19,11.523175239562988,14.256391525268556,5.099309921264648,3.520360946655273,11.192056655883787,4.934225082397461,19.418750762939453,12.63439655303955,35.60215377807617,26.476253509521484,7.876345157623291,14.197999954223633,31.2232666015625
2018-12-20,11.381006240844728,14.347532272338867,5.049171447753906,3.658256053924561,11.15464973449707,4.927688121795654,18.847612380981445,12.6775541305542,34.579627990722656,26.46861457824707,7.6854777336120605,14.027823448181152,31.098398208618164
2018-12-21,11.351076126098633,14.350780487060549,5.093738079071045,3.6176986694335938,11.15464973449707,4.934225082397461,18.5212459564209,12.68474578857422,33.23175811767578,26.346355438232425,7.691842079162598,13.903644561767578,31.753955841064453
2018-12-24,,,,,,,,,32.16277313232422,,,,
2018-12-26,11.32862663269043,14.445178031921388,5.168018817901611,3.610595941543579,11.094799041748049,4.790444374084473,18.29279136657715,12.80522918701172,34.34723663330078,25.77327919006348,7.835670948028564,13.981831550598145,31.491737365722656
2018-12-27,11.298697471618652,14.686025619506836,5.186589241027832,3.6707262992858887,11.251906394958496,4.914617538452148,19.52482032775879,12.857376098632812,33.78950500488281,26.208816528320312,7.791040897369385,14.142807960510254,30.904857635498047
2018-12-28,11.50821018218994,15.131949424743652,5.440997123718262,3.78825616836548,11.57360553741455,4.901547908782959,19.76959800720215,13.407637596130373,34.90497589111328,27.134126663208008,8.09707260131836,14.759112358093262,31.84136962890625
2018-12-31,,,,,,,,,35.18385314941406,,,,
2019-01-02,12.084367752075195,15.818732261657717,5.5298752784729,3.908517360687256,11.87285614013672,5.345953941345215,19.81855010986328,13.470576286315918,37.414798736572266,28.2925968170166,8.495550155639648,14.887890815734863,31.89755821228028
2019-01-03,12.219053268432615,15.883832931518556,5.309453964233398,3.8265209197998047,12.067368507385254,5.339418411254883,25.2933349609375,13.846405982971191,37.46126556396485,28.7590389251709,8.670880317687988,14.897089958190918,30.59268569946289
2019-01-04,12.383670806884766,15.883832931518556,5.597548484802246,3.78825616836548,11.962632179260254,5.319811820983887,24.90985679626465,14.026230812072754,38.25139617919922,28.27729225158692,8.769702911376953,15.25123691558838,32.584327697753906
2019-01-07,12.331293106079102,15.779675483703612,5.64588737487793,3.6761934757232666,11.895299911499023,5.359025478363037,23.661508560180664,14.11614227294922,40.62176132202149,28.330829620361328,9.053418159484863,15.757158279418944,32.40951919555664
2019-01-08,12.084367752075195,15.600653648376465,5.661355972290039,3.657060146331787,11.813005447387695,5.319811820983887,24.869060516357425,14.152106285095217,39.78516006469727,28.69021987915039,9.005602836608887,15.996319770812988,32.72168731689453
2019-01-09,12.25646686553955,15.558343887329102,5.74062967300415,3.7144577503204346,11.85789394378662,5.372095108032227,24.96696853637696,14.37688446044922,39.50629425048828,29.12607192993164,9.187308311462402,15.844542503356934,33.52083969116211
2019-01-10,12.608149528503418,15.786184310913086,5.794768810272217,3.7800559997558594,12.044926643371582,5.424378871917725,25.2933349609375,14.563901901245115,41.55133819580078,28.92727279663086,9.142677307128906,15.522594451904297,33.15248107910156
2019-01-11,12.937382698059082,15.851284980773926,5.777367115020752,3.78825616836548,12.381586074829102,5.515873908996582,25.26070022583008,14.625043869018556,41.55133819580078,28.75139236450196,9.085296630859377,15.56858730316162,32.70295715332031
2019-01-14,13.124446868896484,16.21908950805664,5.771565914154053,3.810121297836304,12.606023788452148,5.555087089538574,25.24438095092773,14.963109970092772,41.36542510986328,28.965517044067383,9.053418159484863,15.816946029663086,32.84031295776367
2019-01-15,13.244170188903809,16.03030014038086,5.661355972290039,3.7800559997558594,12.3441801071167,5.555087089538574,24.54269218444824,15.026049613952637,40.57529067993164,28.51435089111328,9.024728775024414,15.63757610321045,32.68422317504883
2019-01-16,13.318994522094728,15.877321243286133,5.738697052001953,3.733590602874756,12.23196029663086,5.542015552520752,25.007762908935547,15.026049613952637,41.73723602294922,28.43023681640625,9.098048210144045,15.63757610321045,32.87152862548828
2019-01-17,13.356406211853027,15.93591022491455,5.968785285949707,3.842921018600464,12.755650520324709,5.640048027038574,25.25253868103028,15.018853187561035,42.48089599609375,28.43023681640625,9.174556732177734,16.000919342041016,33.85797882080078
2019-01-18,13.468645095825195,15.802459716796877,6.046125888824463,3.793722152709961,12.763134002685549,5.620440483093262,26.402976989746094,14.88938045501709,42.10906600952149,28.797260284423828,9.292505264282228,16.25847816467285,34.18888473510742
2019-01-21,13.468645095825195,15.717827796936035,5.993922233581543,3.8538529872894287,12.860390663146973,5.620440483093262,26.50904655456543,15.132144927978516,,28.56022453308105,9.337135314941406,16.143497467041016,34.513545989990234
2019-01-22,13.124446868896484,15.688541412353516,5.918513774871826,3.8456530570983887,12.748172760009766,5.450520515441895,26.25611114501953,14.745523452758787,40.249942779541016,28.51435089111328,9.196870803833008,16.16649627685547,34.388671875
2019-01-23,12.855074882507324,16.014026641845703,6.129268169403076,3.889385461807251,12.837947845458984,5.659653663635254,26.93332290649414,14.925348281860352,40.57529067993164,28.70549774169922,9.292505264282228,16.35966682434082,34.74454879760742
2019-01-24,12.84010887145996,15.932652473449709,6.2259440422058105,3.960448741912842,12.980093002319336,5.842644691467285,27.72475814819336,15.103371620178224,40.80768203735352,28.66727828979492,9.391328811645508,16.63102149963379,35.05672073364258
2019-01-25,,,,,,,,,42.5738410949707,,,,
2019-01-28,13.431234359741213,15.7275972366333,5.102567672729492,3.8456530570983887,12.860390663146973,6.025636196136475,28.002172470092773,15.123153686523438,41.50486373901367,29.17960357666016,9.059794425964355,16.94837188720703,26.44706153869629
2019-01-29,13.371374130249023,16.25163459777832,4.688793659210205,3.848386526107788,12.770614624023438,5.881857395172119,29.98483657836914,15.572712898254396,41.36542510986328,28.965517044067383,9.257440567016602,16.916175842285156,26.684314727783203
2019-01-30,13.446199417114258,16.463199615478516,5.007824897766113,3.8265209197998047,12.808022499084473,5.934139728546143,30.43359375,15.824464797973633,42.29498672485352,29.14901351928711,9.384952545166016,17.178335189819336,29.094263076782227
2019-01-31,13.10199737548828,16.879823684692383,4.930484294891357,3.785521984100342,12.725726127624512,6.012564659118652,30.515186309814453,15.851438522338867,47.22164916992188,29.653696060180664,9.420018196105955,17.01276206970215,28.407489776611328
2019-02-01,13.55095386505127,16.961200714111328,4.988489151000977,3.747257709503174,12.516247749328612,5.907998085021973,30.678369522094727,15.862227439880373,47.36108016967773,29.68812561035156,9.56984806060791,16.589628219604492,28.8757438659668
2019-02-04,13.8053617477417,17.283430099487305,4.837675094604492,3.717191696166992,12.83046531677246,5.855714321136475,30.03379249572754,15.815473556518556,47.454044342041016,30.36129570007324,9.67823314666748,16.741403579711914,27.8955307006836
2019-02-05,13.947528839111328,17.787935256958008,4.804804801940918,3.733590602874756,12.83046531677246,5.77729082107544,30.08275413513184,15.619466781616213,49.40610885620117,29.06850814819336,9.738800048828123,17.19673728942871,27.795637130737305
2019-02-06,13.535988807678224,16.704057693481445,4.536045074462891,3.5887300968170166,12.620989799499512,5.783825874328613,29.013900756835938,15.547536849975586,48.66245651245117,27.84457397460937,9.566658020019531,16.75520133972168,26.509496688842773
2019-02-07,14.029837608337402,16.814729690551758,4.42970085144043,3.629728555679321,12.224477767944336,5.437449932098389,28.720176696777344,15.351530075073242,46.7568588256836,27.94401931762696,9.39770221710205,16.033117294311523,25.96632194519043
2019-02-08,13.633261680603027,16.837512969970703,4.619186401367188,3.662527561187744,12.44143772125244,5.62697696685791,29.201560974121094,15.267012596130373,45.59490966796875,28.54068183898925,9.330759048461914,16.327470779418945,26.9465389251709
2019-02-11,13.999908447265623,16.339515686035156,4.437435150146484,3.5777974128723145,12.48632526397705,5.685795307159424,29.21788215637207,15.015259742736816,46.617435455322266,28.219396591186523,9.212809562683104,15.904333114624023,26.234786987304688
2019-02-12,13.969979286193848,17.345273971557617,4.601785659790039,3.629728555679321,12.29929256439209,5.659653663635254,29.1607666015625,14.963109970092772,46.385032653808594,28.89255142211914,9.544343948364258,16.327470779418945,27.658281326293945
2019-02-13,13.760464668273926,16.951431274414062,4.6636576652526855,3.689859390258789,12.216998100280762,5.718471050262451,30.03379249572754,15.175302505493164,48.19767379760742,28.234695434570312,9.77067756652832,16.240081787109375,28.4012508392334
2019-02-14,13.910118103027344,17.817232131958008,4.698461055755615,3.7499899864196777,12.501286506652832,5.62697696685791,30.29488754272461,15.159117698669434,46.66391372680664,28.98434066772461,9.974700927734377,16.55743408203125,28.507383346557617
2019-02-15,13.83529281616211,17.84002113342285,4.737132549285889,3.7718560695648193,12.3441801071167,5.738076686859131,29.625837326049805,15.105172157287598,46.89630126953125,28.68603134155273,9.898192405700684,16.511442184448242,28.644744873046875
2019-02-18,13.610815048217772,17.66425323486328,4.717796325683594,3.812855005264282,12.568620681762695,5.692330837249756,28.9078369140625,15.103371620178224,,28.22705078125,9.783429145812988,16.304471969604492,28.25140380859375
2019-02-19,13.708088874816896,17.739116668701172,4.713929176330566,3.829254627227783,12.44143772125244,5.62697696685791,29.12813186645508,15.25262451171875,47.08220672607422,28.87726211547852,9.965136528015137,16.368860244750977,28.4012508392334
2019-02-20,13.580883979797363,17.23785972595215,4.694593906402588,3.812855005264282,12.44143772125244,5.692330837249756,28.57331085205078,15.168107986450195,46.94278717041016,28.51009178161621,9.965136528015137,16.102102279663086,28.59479331970215
2019-02-21,13.708088874816896,17.31597900390625,4.694593906402588,3.799187421798706,12.314254760742188,5.548551559448242,29.86245346069336,15.069207191467283,46.617435455322266,29.030235290527344,10.019330024719238,16.15729522705078,28.33257102966309
2019-02-22,13.708088874816896,17.474597930908203,4.795137405395508,3.840185642242432,12.68083953857422,5.646581649780273,30.91498374938965,15.168107986450195,47.26812362670898,28.84197235107422,9.961949348449709,15.444406509399414,29.337757110595703
2019-02-25,13.760464668273926,17.188232421875,4.777734756469727,3.8975846767425537,12.763134002685549,5.653117656707764,30.4743881225586,15.103371620178224,50.28919982910156,28.40141487121582,9.722861289978027,15.775552749633787,29.418920516967773
2019-02-26,13.83529281616211,17.280391693115234,4.8918137550354,3.922184228897095,12.725726127624512,5.725007057189941,30.36016273498535,15.035039901733398,51.52737045288086,28.503686904907227,9.726048469543455,15.462803840637209,29.468873977661133
2019-02-27,13.738018989562988,17.082902908325195,4.8628106117248535,4.015113830566406,13.062386512756348,5.836109161376953,32.79974365234375,14.921749114990234,52.590782165527344,28.251930236816406,9.777054786682127,15.407612800598145,29.237871170043945
2019-02-28,12.89248752593994,16.655012130737305,4.849275588989258,3.935850381851196,12.79305934906006,5.692330837249756,30.172504425048828,14.768901824951172,50.22227478027344,27.716938018798828,9.518842697143556,15.407612800598145,29.40643310546875
2019-03-01,12.540803909301758,16.888702392578125,4.812538623809815,3.842921018600464,12.68083953857422,5.823038578033447,29.07917213439941,14.830039978027344,49.64221954345703,27.42180061340332,9.308445930480955,15.591582298278809,29.18167495727539
2019-03-04,,,,,,,,,50.17393112182617,,,,
2019-03-05,,,,,,,,,47.80541229248047,,,,
2019-03-06,12.24898624420166,16.66488265991211,4.8628106117248535,3.785521984100342,12.50876808166504,5.685795307159424,28.752809524536133,14.538726806640623,44.03510665893555,27.429651260375977,9.39770221710205,15.283429145812988,29.99955940246582
2019-03-07,12.48842716217041,16.98987579345703,4.969153881072998,3.7636559009552,12.68832015991211,5.640048027038574,27.080188751220703,14.448816299438477,45.67858123779297,27.807472229003903,9.314820289611816,15.384614944458008,30.50527572631836
2019-03-08,12.413599967956545,17.586183547973633,4.969153881072998,3.8538529872894287,12.897797584533691,5.751148700714111,28.07560539245605,14.83543586730957,46.35600662231445,28.13803482055664,9.24468994140625,15.89053440093994,30.4990291595459
2019-03-11,12.802695274353027,18.12523078918457,5.079364776611328,3.922184228897095,12.980093002319336,5.816504001617432,28.85887908935547,14.637629508972168,47.90443801879883,29.058910369873047,9.767491340637209,16.189491271972656,31.142108917236328
2019-03-12,12.720386505126951,18.02254867553711,5.119969844818115,3.9932475090026855,12.606023788452148,5.907998085021973,28.46723937988281,14.833637237548828,47.22700881958008,29.12188148498535,9.604913711547852,16.543636322021484,31.19829559326172
2019-03-13,12.64556121826172,18.29961395263672,5.216645240783691,4.017847061157227,12.927724838256836,6.339334011077881,28.8017635345459,14.826443672180176,48.48510360717773,29.43669891357422,9.863126754760742,16.276878356933594,31.654062271118164
2019-03-14,12.46597957611084,18.16108703613281,5.2205119132995605,3.995981454849243,12.905278205871582,6.234767436981201,28.63042449951172,14.745523452758787,49.839969635009766,28.97234535217285,9.974700927734377,16.198688507080078,31.660306930541992
2019-03-15,12.540803909301758,18.31650733947754,5.268849849700928,4.023313522338867,12.83046531677246,6.173509120941162,29.74007034301757,14.80846118927002,48.194766998291016,28.96445655822754,10.079896926879885,16.69541358947754,31.560413360595703
2019-03-18,12.952346801757812,18.177982330322266,5.239847660064697,4.067044734954834,12.927724838256836,6.15308952331543,29.797182083129883,14.914557456970217,49.35609436035156,29.011695861816406,10.283920288085938,16.736806869506836,31.50421714782715
2019-03-19,12.862556457519531,17.789417266845703,5.375193119049072,4.053378582000732,13.466376304626465,6.25518798828125,30.06643486022949,14.714953422546388,49.307708740234375,28.334794998168945,10.446499824523926,16.594228744506836,32.40327072143555
2019-03-20,12.720386505126951,17.39072036743164,5.32685661315918,3.944050550460816,13.369121551513672,6.227961540222168,29.332109451293945,14.610655784606934,49.45286560058594,27.697250366210938,10.510254859924316,16.327470779418945,31.56665229797364
2019-03-21,12.705421447753906,17.025800704956055,5.346190929412842,3.8675191402435294,12.86787223815918,6.010152339935303,28.84256362915039,14.520743370056152,49.69480514526367,27.20928192138672,10.29985809326172,16.051511764526367,31.77269172668457
2019-03-22,12.51087474822998,16.100017547607422,5.152839183807373,3.766390085220337,12.149664878845217,5.901248931884766,27.52077865600586,14.340920448303224,48.29155349731445,26.406457901000977,9.80893325805664,15.329424858093262,31.24823570251465
2019-03-25,12.361224174499512,16.21489143371582,5.04649543762207,3.8647866249084473,11.910263061523438,5.846796989440918,28.230627059936523,14.385876655578612,47.80766677856445,26.44581794738769,9.77067756652832,15.389214515686035,30.936073303222656
2019-03-26,12.712904930114746,16.596698760986328,5.174107551574707,3.8975846767425537,12.157147407531738,5.982927322387695,29.462656021118164,14.517148971557615,48.87220764160156,26.721290588378903,10.178720474243164,15.8307466506958,31.3918399810791
2019-03-27,12.37618923187256,15.677661895751951,5.123835563659668,3.626994609832764,11.588565826416016,5.8263773918151855,27.33312225341797,14.017239570617676,48.194766998291016,25.81615829467773,9.706924438476562,15.26963233947754,30.96728515625
2019-03-28,12.53332233428955,16.22502326965332,5.096766948699951,3.722658157348633,12.000039100646973,5.853603363037109,29.28315544128418,14.206053733825684,47.856056213378906,26.839344024658203,9.869500160217283,15.701964378356934,30.77998733520508
2019-03-29,12.593184471130373,16.461545944213867,5.247581958770752,3.799187421798706,12.172109603881836,5.901248931884766,29.93588829040528,14.385876655578612,48.33993911743164,27.099084854125977,9.930070877075195,15.527192115783691,31.797657012939453
2019-04-01,12.585700035095217,16.623729705810547,5.481538772583008,3.79645586013794,12.059890747070312,5.894442558288574,30.392797470092773,14.385876655578612,48.87220764160156,26.89829444885254,9.840812683105469,15.738758087158203,32.84031295776367
2019-04-02,12.548288345336914,16.478439331054688,5.471869945526123,3.689859390258789,12.007519721984863,5.948894500732422,29.193405151367188,14.44342041015625,49.54964065551758,26.47308158874512,9.88225555419922,15.554789543151855,32.23469543457031
2019-04-03,12.600666046142578,16.302736282348633,5.464137077331543,3.741790771484375,11.768118858337402,5.948894500732422,28.93231201171875,14.299562454223633,48.87220764160156,26.236860275268555,9.675046920776367,15.039668083190918,32.32835006713867
2019-04-04,12.95982837677002,16.498714447021484,5.520208835601807,3.821053981781006,12.097295761108398,5.921668529510498,29.50345039367676,14.5836820602417,48.533485412597656,26.63056945800781,9.993826866149902,15.63757610321045,32.56559753417969
2019-04-05,13.04962158203125,16.593318939208984,5.415798187255859,3.840185642242432,12.254403114318848,6.037378787994385,29.16892433166504,14.88938045501709,48.43670272827149,27.205394744873047,10.216975212097168,15.72956085205078,32.45322036743164
2019-04-08,12.982277870178224,16.620346069335938,5.587881565093994,3.922184228897095,12.119739532470703,5.955700874328613,28.27142143249512,14.830039978027344,45.92051315307617,27.0400333404541,10.436935424804688,15.361618041992188,33.33354568481445
2019-04-09,13.236684799194336,16.370319366455078,5.473803997039795,3.8456530570983887,12.07485008239746,6.003345966339111,27.14546012878418,14.493770599365234,44.61403274536133,26.890430450439453,10.344489097595217,15.131653785705566,32.68422317504883
2019-04-10,13.131928443908691,16.491952896118164,5.498940467834473,4.009646415710449,12.306774139404297,5.921668529510498,27.692123413085938,14.385876655578612,44.32369613647461,26.843170166015625,10.287108421325684,15.63757610321045,32.315860748291016
2019-04-11,12.907452583312988,16.336528778076172,5.473803997039795,3.952249050140381,11.910263061523438,5.819571018218994,26.957799911499023,14.295965194702148,44.130149841308594,26.221120834350582,10.153221130371094,15.232837677001951,32.3345947265625
2019-04-12,12.76528263092041,15.78916072845459,5.485405445098877,3.829254627227783,11.790562629699709,5.656214237213135,25.54626846313477,14.153905868530272,43.54949188232422,25.94551086425781,9.28612995147705,15.26963233947754,32.141048431396484
2019-04-15,13.034655570983888,15.833088874816896,5.442868709564209,3.848386526107788,11.813005447387695,5.601762294769287,25.9460678100586,14.35890293121338,43.45271682739258,25.929765701293945,9.279754638671877,15.591582298278809,32.047401428222656
2019-04-16,13.11696434020996,16.16083335876465,5.58981466293335,3.840185642242432,11.70826816558838,5.601762294769287,26.043975830078125,14.26899242401123,44.226932525634766,25.906147003173828,9.611289024353027,15.600783348083496,33.15248107910156
2019-04-17,12.757800102233888,15.947968482971191,5.5434112548828125,3.766390085220337,11.67086124420166,5.547309875488281,25.627859115600582,14.044212341308594,44.130149841308594,25.504562377929688,9.62085247039795,15.63757610321045,32.62179183959961
2019-04-18,12.780248641967772,16.505468368530273,5.568547248840332,3.851120233535767,11.902782440185549,5.615374565124512,26.394821166992188,14.367894172668455,45.24309158325195,25.85101890563965,9.805747032165527,15.876739501953123,32.82781982421875
2019-04-22,13.09451675415039,16.33315086364746,5.498940467834473,3.9112510681152335,11.98507595062256,5.567729473114014,26.598796844482425,14.384079933166504,45.0979118347168,25.780162811279297,9.840812683105469,15.94112777709961,32.02867126464844
2019-04-23,13.221720695495604,16.6608943939209,5.549211025238037,3.963181257247925,12.426474571228027,5.751504898071289,27.49630546569824,14.389474868774414,45.14631271362305,26.11087417602539,9.92050838470459,16.382659912109375,32.41575241088867
2019-04-24,13.259133338928224,16.323015213012695,5.41193151473999,3.905785083770752,12.216998100280762,5.628988265991211,26.394821166992188,14.33193016052246,45.0979118347168,26.150245666503903,9.748367309570312,16.235483169555664,31.441791534423828
2019-04-25,13.700606346130373,16.589942932128906,5.392596244812012,3.971381664276123,12.591063499450684,5.649408340454102,27.112823486328125,14.520743370056152,44.130149841308594,26.55182838439941,9.773868560791016,16.373458862304688,31.42306327819824
2019-04-26,13.685641288757324,16.674406051635742,5.392596244812012,3.963181257247925,12.673357963562012,5.710666656494141,27.12914085388184,14.540525436401367,46.30763626098633,26.614824295043945,9.687796592712402,16.336666107177734,31.479246139526367
2019-04-29,13.730535507202148,16.681167602539062,5.423532962799072,3.949516773223877,12.875353813171388,5.635794639587402,26.965959548950195,14.529736518859863,47.08184051513672,26.40222549438477,9.643165588378906,16.355064392089844,31.37310791015625
2019-04-30,13.820326805114746,16.785905838012695,5.437066555023193,4.028779029846191,13.30178928375244,5.608569145202637,27.39219284057617,14.763505935668944,49.210933685302734,26.63844490051269,9.550718307495115,16.659605026245117,31.27945137023925
2019-05-01,,,,,,,,,48.87220764160156,,,,
2019-05-02,13.431234359741213,16.823081970214844,5.374996185302734,4.031512260437012,12.778096199035645,5.628988265991211,27.031991958618164,14.753265380859377,49.5980339050293,26.815698623657227,9.407267570495604,16.64106559753418,30.55522727966309
2019-05-03,13.408787727355955,16.921066284179688,5.529773712158203,3.9549829959869385,12.553655624389648,5.560923099517822,26.973350524902344,14.57862663269043,50.807743072509766,26.55572891235352,9.423205375671388,16.650339126586914,31.466758728027344
2019-05-06,13.513541221618652,16.681167602539062,5.385047435760498,3.95238733291626,12.576099395751951,5.520084381103516,27.325178146362305,14.445829391479492,50.469024658203125,25.9727725982666,9.416831970214844,16.548357009887695,31.004751205444336
2019-05-07,13.206754684448242,16.721717834472656,5.44534969329834,3.9241747856140137,12.703282356262209,5.54050350189209,27.233034133911133,14.480392456054688,48.92058181762695,25.681297302246094,9.314820289611816,17.262205123901367,31.02972221374512
2019-05-08,13.408787727355955,17.093381881713867,5.501632690429688,3.941101312637329,12.800540924072266,5.669826984405518,27.559728622436523,14.518594741821287,49.16252899169922,25.9727725982666,9.633602142333984,17.521787643432617,30.59268569946289
2019-05-09,13.08703327178955,17.242050170898438,5.336804389953613,3.918533325195313,12.905278205871582,5.628988265991211,27.266542434692383,14.662306785583496,48.58187484741211,25.64979362487793,9.359452247619627,17.521787643432617,30.30548858642578
2019-05-10,12.944864273071287,16.948097229003906,5.467460632324219,3.8875014781951904,12.83046531677246,5.649408340454102,26.55451011657715,14.740530967712402,49.017372131347656,25.53163146972656,9.35626220703125,17.892620086669922,30.87987899780273
2019-05-13,12.72786808013916,16.343286514282227,5.270471096038818,3.73233962059021,12.493806838989258,5.887636184692383,25.214221954345703,14.427638053894045,47.759273529052734,25.129867553710938,9.088486671447754,17.614498138427734,29.612468719482425
2019-05-14,12.675491333007812,16.184480667114258,5.254389762878418,3.774656295776367,12.418992042541504,6.071411609649658,26.939844131469727,14.556797981262209,49.93674850463867,25.01169776916504,9.091673851013184,17.892620086669922,29.71236801147461
2019-05-15,12.428566932678224,15.917559623718262,5.274491310119629,3.6900227069854736,11.932705879211426,6.091830730438232,26.797441482543945,14.933359146118164,49.64642333984375,25.090476989746094,9.027915954589844,17.614498138427734,29.937124252319336
2019-05-16,12.451013565063477,15.42087173461914,5.226248741149902,3.582819938659668,11.625971794128418,6.091830730438232,25.99326515197754,14.735074043273926,49.017372131347656,24.767498016357425,8.85577392578125,17.123146057128906,28.96939849853516
2019-05-17,12.338775634765623,15.153947830200195,5.220218658447266,3.523576259613037,11.416496276855469,6.037378787994385,25.641435623168945,14.48221206665039,48.38831329345703,24.814756393432617,8.785642623901367,17.01189613342285,29.79352569580078
2019-05-20,12.338775634765623,15.735098838806152,5.182026386260986,3.723876476287842,12.202033996582031,6.125864505767822,26.814191818237305,14.971563339233398,47.80766677856445,25.46073341369629,8.948221206665039,17.484704971313477,29.18791961669922
2019-05-21,12.78773307800293,16.63386344909668,5.196097373962402,3.918533325195313,12.523730278015137,6.418543815612793,28.146106719970703,15.244434356689451,48.194766998291016,26.44544219970703,9.18093204498291,17.660850524902344,29.599987030029297
2019-05-22,12.877520561218262,16.63551139831543,5.280521392822266,3.898785352706909,12.553655624389648,6.452576637268066,27.64349937438965,15.16075325012207,47.90443801879883,26.46907615661621,9.203325271606444,17.985326766967773,29.63119506835937
2019-05-23,12.877520561218262,16.66277313232422,5.246349334716797,3.8733959197998047,12.3441801071167,6.561481475830078,27.4340763092041,15.007944107055664,46.25924301147461,26.41393280029297,9.043376922607422,17.707204818725586,29.8559627532959
2019-05-24,12.76528263092041,16.908119201660156,5.364945411682129,3.808510065078736,12.254403114318848,6.357285499572754,27.66862869262696,14.782373428344728,45.72697067260742,26.02004051208496,9.062570571899414,17.799911499023438,30.16188240051269
2019-05-27,12.885004043579102,17.238643646240234,5.463440418243408,3.867753028869629,12.553655624389648,6.5750932693481445,27.97019386291504,14.915168762207031,,26.11458778381348,9.193727493286133,18.485952377319336,31.33564567565918
2019-05-28,12.952346801757812,17.46354103088379,5.497612953186035,3.949564933776856,12.501286506652832,6.711223602294922,28.02045440673828,15.057061195373535,45.29147720336914,26.847206115722656,9.318485260009766,18.884593963623047,31.37310791015625
2019-05-29,12.914934158325195,17.446502685546875,5.4533891677856445,4.034199237823486,12.650912284851074,6.6908040046691895,28.179611206054688,15.186220169067385,45.3398551940918,27.351377487182617,9.244911193847656,18.75480079650879,31.02972221374512
2019-05-30,13.042140007019045,17.70206642150879,5.449370384216309,4.118833541870117,12.845428466796877,6.6908040046691895,28.422542572021484,15.535496711730955,45.8237419128418,27.63498306274414,9.228918075561523,18.819700241088867,31.2232666015625
2019-05-31,13.131928443908691,17.667991638183594,5.437309265136719,4.163970947265625,13.04742431640625,6.772482395172119,28.82463264465332,15.671931266784668,45.6785774230957,27.571950912475582,9.030583381652832,18.94021987915039,30.59268569946289
2019-06-03,13.034655570983888,17.749774932861328,5.427258014678955,4.147044658660889,13.09231185913086,6.833742141723633,29.126190185546875,15.808368682861328,46.11407470703125,27.64683151245117,9.228918075561523,19.32959175109864,30.486549377441406
2019-06-04,12.982277870178224,18.03940963745117,5.425249099731445,4.203466892242432,13.33919620513916,6.738450050354004,29.486400604248047,15.651922225952148,48.38831329345703,27.599538803100582,9.28329849243164,19.32959175109864,30.661361694335938
2019-06-05,13.02717399597168,17.541913986206055,5.366955757141113,4.161149501800537,13.369121551513672,6.935839653015137,29.117816925048828,15.642826080322266,47.856056213378906,27.06363105773925,9.152141571044922,19.36667823791504,30.211833953857425
2019-06-06,13.199273109436035,17.988296508789062,5.407157897949219,4.302204608917236,13.503783226013184,7.078775405883789,30.19842338562012,15.717411994934082,48.001220703125,27.347341537475582,9.29609203338623,20.08052635192871,30.46781539916992
2019-06-07,13.17682647705078,17.84177589416504,5.457410335540772,4.273995399475098,14.049920082092283,7.378262042999268,30.13141441345215,16.030302047729492,48.29155349731445,27.638954162597656,9.548809051513672,20.43281936645508,30.38041114807129
2019-06-10,13.206754684448242,17.674806594848633,5.483541011810303,4.147044658660889,13.877848625183104,7.276164531707764,29.670684814453125,15.82656192779541,48.63027572631836,27.292186737060547,9.38886260986328,20.33083724975586,30.180620193481445
2019-06-11,13.259133338928224,18.025781631469727,5.74083423614502,4.23167610168457,14.177102088928224,7.24893856048584,30.55862617492676,16.064868927001953,48.96897888183594,27.426145553588867,9.580799102783203,20.312299728393555,32.10982894897461
2019-06-12,13.229203224182127,17.86547088623047,5.658420085906982,4.121653079986572,13.997551918029783,7.214905738830566,30.206806182861328,15.89932346343994,49.74319839477539,27.268535614013672,9.440045356750488,20.303024291992188,32.14728927612305
2019-06-13,13.356406211853027,17.581724166870117,5.72877311706543,4.169611930847168,14.20702838897705,7.3510355949401855,29.57854652404785,16.14491081237793,49.88836669921875,26.779905319213867,9.568001747131348,20.2307186126709,32.37205505371094
2019-06-14,13.199273109436035,17.27063751220703,5.74083423614502,4.099084377288818,14.214509963989258,7.180874347686768,29.57016372680664,16.26315689086914,49.50127029418945,26.787792205810547,9.65757179260254,20.2307186126709,32.091102600097656
2019-06-17,13.318994522094728,17.2535457611084,5.608167171478272,4.149864673614502,14.177102088928224,7.12642240524292,28.841381072998047,16.195846557617188,48.63027572631836,26.75625801086425,9.644776344299316,20.333267211914062,31.34189224243164
2019-06-18,13.506057739257812,17.65694236755371,5.779025077819824,4.116011619567871,14.551170349121094,7.446327209472656,28.858137130737305,16.30135726928711,50.42063903808594,27.44980239868164,9.791926383972168,20.79009246826172,32.46570587158203
2019-06-19,13.618297576904297,17.947513580322266,5.829278469085693,4.118833541870117,14.738201141357422,7.385069847106934,29.57854652404785,16.463260650634766,50.03352355957031,27.88325500488281,9.865504264831545,20.79009246826172,32.65300750732422
2019-06-20,,,,,,,,,51.436790466308594,,,,
2019-06-21,13.8053617477417,18.08767890930176,5.835307598114014,4.158327579498291,14.850425720214844,7.446327209472656,29.092687606811523,16.588781356811523,50.710968017578125,28.51373863220215,10.16940212249756,21.2282657623291,32.740413665771484
2019-06-24,13.693121910095217,18.13211250305176,5.829278469085693,4.166791915893555,14.962640762329102,7.6913604736328125,28.75761604309082,16.50691795349121,49.74319839477539,28.4506950378418,10.127815246582031,21.44269371032715,32.71543884277344
2019-06-25,13.595850944519045,17.964609146118164,5.748873233795166,4.05958890914917,14.513760566711426,7.602878570556641,27.66862869262696,16.219493865966797,49.45286560058594,28.09603881835937,9.820718765258787,20.957902908325195,32.07861328125
2019-06-26,13.54347038269043,18.35432243347168,5.754904270172119,4.042662143707275,14.730721473693848,7.616489887237549,28.3890323638916,16.19038963317871,49.69480514526367,28.76594924926757,9.772733688354492,21.489307403564453,32.2034797668457
2019-06-27,13.506057739257812,18.39192771911621,5.770985126495361,4.135758399963379,15.000048637390137,7.664135456085205,28.56494903564453,16.475994110107422,50.3238525390625,28.56890106201172,9.561605453491213,21.34946823120117,32.27840042114258
2019-06-28,13.38633632659912,18.439790725708008,5.789076328277588,4.189360618591309,15.561147689819336,7.623297214508057,29.528282165527344,16.699748992919922,50.85663986206055,28.57679557800293,9.603191375732422,22.2817611694336,32.35332489013672
2019-07-01,13.32647705078125,18.41927719116211,5.923751831054688,4.220392227172852,15.658405303955078,7.643715381622314,29.704195022583008,16.425058364868164,51.48629379272461,28.44668960571289,9.571202278137209,22.319047927856445,33.49586868286133
2019-07-02,13.565919876098633,18.18339729309082,5.789076328277588,4.147044658660889,15.785588264465332,7.813879489898682,28.95866203308105,16.395952224731445,51.43786239624024,28.344194412231445,9.42724895477295,22.2817611694336,32.0848503112793
2019-07-03,14.09718132019043,18.562856674194336,5.77500581741333,4.186539649963379,16.45890235900879,7.977234840393066,29.318862915039062,16.91622543334961,51.38941955566406,28.83303642272949,9.523215293884276,22.24446678161621,32.02242660522461
2019-07-04,14.216904640197754,18.863698959350582,5.799126148223877,4.228857040405273,16.832971572875977,8.072526931762695,30.332454681396484,17.116331100463867,,29.16416931152344,9.647974014282228,22.188526153564453,32.25967025756836
2019-07-05,14.216904640197754,18.80216217041016,5.634299278259277,4.24296236038208,17.102298736572266,8.283530235290527,30.28219413757324,17.1545352935791,50.85663986206055,29.487415313720703,9.606390953063965,22.63602828979492,31.441791534423828
2019-07-08,14.172006607055664,18.785070419311523,5.666460037231445,4.262709140777588,17.281850814819336,8.562597274780273,29.963876724243164,17.51836395263672,49.40359878540039,29.4085750579834,9.791926383972168,23.046236038208008,31.810148239135746
2019-07-09,,,,,,,,,49.64577102661133,,,,
2019-07-10,14.2318696975708,18.549182891845703,6.088579654693604,4.344521999359131,17.850431442260742,8.678305625915527,30.407848358154297,17.67116928100586,49.40359878540039,29.329753875732425,9.827115058898926,23.58696556091309,32.546871185302734
2019-07-11,13.984941482543944,18.18680953979492,5.869478702545166,4.31348991394043,17.66510581970215,8.57620906829834,32.64445495605469,17.96769142150879,48.96767425537109,29.290327072143555,10.012653350830078,23.43779563903809,32.49692153930664
2019-07-12,13.618297576904297,17.776588439941406,5.881540298461914,4.265531063079834,17.17011070251465,8.406046867370605,33.00466537475586,17.5274600982666,50.22699737548828,28.74630546569824,10.076632499694824,23.018266677856445,32.34708023071289
2019-07-15,13.65570831298828,17.670616149902344,5.974005222320557,4.195002555847168,16.984487533569336,8.44688606262207,31.413068771362305,17.445598602294922,49.742637634277344,28.66747093200684,9.907087326049805,22.99029922485352,32.89649963378906
2019-07-16,13.54347038269043,17.697959899902344,6.064458847045898,4.203466892242432,17.131441116333008,8.433272361755371,32.502052307128906,17.272781372070312,50.275428771972656,28.77785301208496,9.788728713989258,23.120820999145508,33.12126159667969
2019-07-17,13.46116542816162,17.701374053955078,6.026267051696777,4.228857040405273,17.03862953186035,8.29714298248291,33.80045700073242,17.243675231933594,48.33802795410156,28.69900321960449,9.724749565124512,22.78519630432129,32.89649963378906
2019-07-18,13.65570831298828,18.00221061706543,6.030288219451904,4.192181587219238,17.44080924987793,8.317562103271484,34.00150680541992,17.34736442565918,48.72550582885742,29.46379280090332,9.619185447692873,23.447120666503903,32.834068298339844
2019-07-19,13.535988807678224,17.776588439941406,6.030288219451904,4.090621471405029,16.96902084350586,8.215465545654297,33.01303482055664,17.147258758544922,48.62863540649414,28.69900321960449,9.61598777770996,22.95300674438477,32.91522979736328
2019-07-22,13.46116542816162,17.780000686645508,6.014206886291504,4.070873260498047,16.883941650390625,8.167818069458008,32.359642028808594,17.25640869140625,49.4520263671875,29.18782615661621,9.628782272338867,22.757225036621094,32.74665832519531
2019-07-23,13.491093635559082,17.571468353271484,6.006165981292725,4.076516151428223,17.27838897705078,8.256303787231445,32.11671447753906,17.432865142822266,51.58316802978516,29.471662521362305,9.676765441894531,23.214046478271484,32.315860748291016
2019-07-24,13.438714027404783,17.889404296875,5.829278469085693,4.014450073242188,17.518152236938477,8.208657264709473,32.23399353027344,16.8561954498291,51.72846221923828,29.448013305664062,9.596790313720703,22.65467071533203,31.62284278869629
2019-07-25,14.583548545837402,17.133895874023438,5.821236610412598,3.969312906265259,17.409873962402344,7.963622570037842,31.597352981567383,16.64517593383789,50.5176010131836,28.54131126403809,9.424052238464355,22.496183395385746,31.52294921875
2019-07-26,14.815511703491213,17.09286880493164,5.80716609954834,3.980597734451294,18.136898040771484,8.222270965576172,32.25074768066406,16.694292068481445,50.90507507324219,29.053794860839844,9.129749298095703,22.878421783447266,31.36062431335449
2019-07-29,15.339290618896484,17.246707916259766,5.770985126495361,3.963670253753662,18.36892509460449,8.487723350524902,32.141845703125,17.096324920654297,50.275428771972656,29.172060012817383,9.241713523864746,23.214046478271484,31.379356384277344
2019-07-30,15.21957015991211,17.072359085083008,5.80113697052002,4.000345230102539,18.771106719970703,8.5149507522583,32.62770080566406,17.14362144470215,50.95351028442383,28.202281951904297,9.18093204498291,23.447120666503903,31.2232666015625
2019-07-31,15.0624361038208,16.826221466064453,5.746864318847656,3.98906135559082,18.87165260314941,8.569402694702148,32.99628448486328,17.19091796875,50.61447143554688,27.453266143798828,9.209722518920898,23.62425994873047,31.098398208618164
2019-08-01,15.279430389404297,16.665546417236328,5.602136611938477,4.053946971893311,19.730159759521484,8.787212371826172,35.2747802734375,17.23639678955078,48.822383880615234,27.512434005737305,9.0689697265625,24.33279800415039,30.218076705932617
2019-08-02,15.33181095123291,16.668968200683594,5.547863960266113,4.051125526428223,19.60641098022461,8.651082038879395,35.97843551635742,17.247310638427734,48.43489456176758,27.551876068115234,9.34407901763916,24.00649642944336,29.868446350097656
2019-08-05,15.084884643554688,16.357873916625977,5.30866289138794,3.9664928913116455,19.026338577270508,8.426466941833496,35.55121612548828,16.91622543334961,46.78810501098633,27.173248291015625,8.957006454467773,23.680194854736328,28.71965980529785
2019-08-06,15.32432460784912,16.5800838470459,5.32474422454834,4.090621471405029,19.69148635864257,8.705533027648926,35.71037673950195,17.28187370300293,46.35221099853516,27.99357986450196,9.1073579788208,24.7989444732666,29.106746673583984
2019-08-07,15.436564445495604,16.562992095947266,5.292582035064697,3.949564933776856,19.62961196899414,8.855276107788086,34.97322082519531,17.28187370300293,45.81940841674805,29.0268783569336,9.020984649658203,24.5006103515625,29.019346237182617
2019-08-08,15.092367172241213,16.682641983032227,5.366955757141113,4.090621471405029,20.1710147857666,9.05266571044922,36.313507080078125,17.40739631652832,45.96471786499024,29.18462562561035,9.235315322875977,25.35832023620605,29.45638656616211
2019-08-09,15.017539024353027,16.631359100341797,5.244339466094971,4.118833541870117,19.7224235534668,8.814438819885254,37.09254455566406,17.73302459716797,44.31793975830078,28.963754653930664,9.15534210205078,24.481964111328125,28.4012508392334
2019-08-12,14.576066970825195,16.067302703857422,5.268460750579834,4.099084377288818,19.103683471679688,8.759987831115723,35.97843551635742,17.391023635864258,43.83358001708984,27.76484489440918,8.909024238586426,24.323474884033203,28.19521141052246
2019-08-13,14.50124168395996,16.255321502685547,5.393086910247803,4.186539649963379,19.32024002075196,8.535370826721191,36.49779510498047,17.69118309020996,45.2866325378418,28.309101104736328,9.008906364440918,24.127695083618164,29.031831741333008
2019-08-14,14.224385261535645,15.687837600708008,5.276501655578613,4.090621471405029,18.639625549316406,8.474113464355469,34.420345306396484,17.229124069213867,43.73670959472656,27.685958862304688,8.731810569763184,23.642900466918945,28.02039909362793
2019-08-15,14.052286148071287,15.67416000366211,5.202128410339356,3.980597734451294,18.06728744506836,8.263111114501953,33.80045700073242,17.136343002319336,38.79634475708008,27.60708236694336,8.538485527038574,23.120820999145508,27.40230369567871
2019-08-16,14.142077445983888,15.63314151763916,5.196097373962402,4.101906776428223,18.56228256225586,8.249497413635254,34.680023193359375,17.64570426940918,42.57426834106445,27.52503776550293,8.499821662902832,23.288633346557617,27.27743530273437
2019-08-19,14.299211502075195,15.325469017028809,5.17599630355835,4.161149501800537,18.322519302368164,8.59662914276123,34.051761627197266,17.567480087280273,41.99305725097656,27.404834747314453,8.615815162658691,22.962326049804688,27.2524642944336
2019-08-20,14.172006607055664,15.311798095703123,5.165945529937744,4.163970947265625,18.0208797454834,8.5149507522583,33.54077911376953,17.41285514831543,40.58845138549805,27.100330352783203,8.535262107849121,22.72925567626953,27.37108612060547
2019-08-21,14.067251205444336,16.186946868896484,5.163936614990234,4.338879585266113,19.49039649963379,8.834856986999512,37.6956787109375,17.69300079345703,39.52286911010742,27.308671951293945,8.98957347869873,23.820037841796875,27.564632415771484
2019-08-22,13.820326805114746,16.099349975585938,5.236299991607666,4.240139961242676,18.93352699279785,8.86208438873291,39.228633880615234,17.64570426940918,39.66818237304688,26.875980377197266,8.902578353881836,23.77342414855957,27.40230369567871
2019-08-23,13.715572357177734,15.512660026550291,5.125744342803955,4.110368728637695,18.43853187561035,8.337980270385742,37.86321640014648,17.249130249023438,38.60262298583984,26.563457489013672,8.622260093688965,22.91776657104492,27.021453857421875
2019-08-26,13.535988807678224,15.440183639526367,4.989057540893555,4.053946971893311,17.897132873535156,8.079334259033203,36.69046401977539,17.027193069458008,38.99009323120117,26.555438995361328,8.509485244750977,22.420166015625,26.72177124023437
2019-08-27,13.595850944519045,15.315947532653809,4.99910831451416,4.079337120056152,18.399864196777344,8.317562103271484,35.7606315612793,16.807079315185547,38.40887069702149,26.86796188354492,8.6705904006958,23.18065071105957,27.04642868041992
2019-08-28,13.580883979797363,15.18825912475586,5.04734992980957,3.955207586288452,18.345718383789062,8.372014045715332,37.02553176879883,16.845279693603516,38.45730972290039,27.17245483398437,8.731810569763184,22.983491897583008,27.14632034301757
2019-08-29,13.880187034606934,15.557527542114258,5.224238395690918,4.079337120056152,18.86391830444336,8.644275665283203,38.08938980102539,17.081769943237305,39.28070068359375,27.316688537597656,9.06045913696289,23.74397087097168,28.157758712768555
2019-08-30,14.007391929626465,15.95784854888916,5.226248741149902,4.163970947265625,19.48266220092773,8.841663360595703,38.48310089111328,17.421951293945312,39.95878982543945,27.196489334106445,9.10879135131836,23.790916442871094,28.451190948486328
2019-09-02,13.75298309326172,15.754237174987791,5.326754093170166,4.203466892242432,19.96992301940918,9.039052963256836,38.62550735473633,17.864002227783203,,26.855789184570312,9.012128829956056,24.76733589172364,28.725902557373047
2019-09-03,13.857741355895996,15.46090030670166,5.226248741149902,4.121653079986572,19.3975830078125,8.896116256713867,37.3606071472168,17.736658096313477,40.34626388549805,26.34271049499512,9.05723762512207,24.119516372680664,28.419981002807617
2019-09-04,14.067251205444336,15.826708793640137,5.322734355926514,4.144223213195801,18.40759658813477,8.562597274780273,38.28206253051758,18.06410789489746,42.62271499633789,26.527099609375,9.286005973815918,23.00226783752441,29.044322967529297
2019-09-05,13.984941482543944,16.378883361816406,5.387057304382324,4.18089771270752,18.484939575195312,8.644275665283203,38.53335952758789,17.822160720825195,42.67113494873047,27.28066635131836,9.344002723693848,23.12431526184082,29.044322967529297
2019-09-06,14.007391929626465,17.044944763183594,5.330773830413818,4.149864673614502,18.09822463989257,8.589822769165039,37.6956787109375,17.736658096313477,42.186790466308594,28.19455909729004,9.40522003173828,23.47169685363769,29.0006160736084
2019-09-09,14.119629859924316,17.25545883178711,5.441329956054688,4.082157135009766,16.938081741333008,8.269915580749512,37.67892837524414,17.200016021728516,43.39766311645508,28.884004592895508,9.592101097106934,22.75815773010254,29.899662017822266
2019-09-10,14.082215309143066,16.965566635131836,5.497612953186035,4.062410831451416,17.27838897705078,8.106561660766602,37.35223007202149,17.440143585205078,44.269493103027344,28.32284164428711,9.66620922088623,22.90837860107422,30.11818504333496
2019-09-11,14.14956283569336,16.561796188354492,5.501632690429688,4.15550708770752,17.67283821105957,8.644275665283203,38.29880905151367,18.013172149658203,45.335060119628906,28.19455909729004,9.495439529418944,24.59834289550781,29.937124252319336
2019-09-12,14.493759155273438,16.64604949951172,5.698621273040772,4.161149501800537,17.47948455810547,8.57620906829834,37.54489517211914,18.282405853271484,44.85072708129883,28.370927810668945,9.61143684387207,24.30729103088379,31.02347183227539
2019-09-13,14.291730880737305,16.347803115844727,5.702641487121582,4.070873260498047,17.03862953186035,8.44688606262207,36.39727020263672,18.215097427368164,45.287105560302734,28.755725860595703,9.556659698486328,23.95990943908692,31.08591079711914
2019-09-16,14.329141616821287,16.17788314819336,5.66042947769165,3.980597734451294,16.86073875427246,8.392433166503906,36.75747299194336,18.282405853271484,45.48104476928711,28.24266815185547,9.988415718078612,23.668859481811523,30.336700439453125
2019-09-17,14.538655281066896,16.40328598022461,5.708672523498535,4.068052768707275,17.657371520996094,8.501338005065918,37.251708984375,18.29513931274414,45.384071350097656,28.34687805175781,9.833757400512695,24.57956314086914,30.53025245666504
2019-09-18,14.41144847869873,16.65298080444336,5.706661701202393,4.034199237823486,17.64963722229004,8.617047309875488,36.52292251586914,18.53344917297364,45.48104476928711,28.258708953857425,9.672654151916504,24.23217964172364,30.218076705932617
2019-09-19,14.478793144226074,16.219493865966797,5.724752426147461,4.048304557800293,18.059555053710938,8.780404090881348,35.64335250854492,18.593481063842773,45.674991607666016,27.785717010498047,9.74354076385498,24.49506378173828,30.16812896728516
2019-09-20,14.508722305297852,16.476118087768555,5.678522109985352,4.031377792358398,18.18330192565918,8.7395658493042,33.582664489746094,18.57892417907715,45.43256378173828,27.857852935791016,9.769315719604492,24.504453659057617,30.23056411743164
2019-09-23,14.523689270019531,16.3963565826416,5.760934352874756,4.005988121032715,18.191036224365234,8.685113906860352,34.08526992797852,18.44794654846192,45.287105560302734,27.769672393798828,9.811202049255373,24.53261947631836,30.03077888488769
2019-09-24,14.478793144226074,15.896970748901367,5.652389049530029,3.963670253753662,18.0208797454834,8.521758079528809,33.12193298339844,18.395193099975582,43.49307632446289,27.48108673095703,9.685539245605469,24.17585182189941,29.30029487609864
2019-09-25,14.665858268737791,15.792939186096191,5.658420085906982,3.921353578567505,17.726980209350586,8.392433166503906,33.28947067260742,18.10049057006836,44.41432571411133,27.8017520904541,9.698431015014648,24.03502082824707,29.880935668945312
2019-09-26,14.613479614257812,15.85189437866211,5.726763725280762,3.977776050567627,18.191036224365234,8.440078735351562,33.42350387573242,18.116863250732425,43.73550415039063,28.60342025756836,9.778980255126951,24.222795486450195,29.880935668945312
2019-09-27,14.55362033843994,15.723577499389648,5.72877311706543,3.977776050567627,18.22197151184082,8.440078735351562,33.66643142700195,18.13869285583496,43.83248901367188,28.48316192626953,9.801536560058594,23.61252784729004,29.75606918334961
2019-09-30,14.40396785736084,15.775601387023926,5.799126148223877,4.042662143707275,18.6009521484375,8.406046867370605,33.63291931152344,18.244203567504883,43.34760665893555,28.08234024047852,9.714539527893066,23.13370513916016,29.81225776672364
2019-10-01,14.448862075805664,15.588333129882812,5.732792854309082,4.090621471405029,18.74790573120117,8.303949356079102,32.9208984375,18.06410789489746,41.747520446777344,27.44474029541016,9.659764289855955,22.50466537475586,29.78728485107422
2019-10-02,14.11214828491211,15.0577392578125,5.525753974914551,3.974955081939697,18.059555053710938,8.13378620147705,31.454954147338867,17.780323028564453,41.262657165527344,26.690837860107425,9.311781883239746,22.5328311920166,28.157758712768555
2019-10-03,13.902633666992188,15.70623779296875,5.547863960266113,3.932639122009277,18.8793888092041,8.406046867370605,31.99945068359375,17.918577194213867,42.23239517211914,26.69886589050293,9.382668495178224,22.382614135742188,28.37003326416016
2019-10-04,14.374037742614746,15.813739776611328,5.748873233795166,3.938282012939453,19.41305351257324,8.508145332336426,32.54393768310547,18.25693702697754,41.55358123779297,26.827192306518555,9.295674324035645,22.25116920471192,29.08802604675293
2019-10-07,14.119629859924316,15.189517974853516,5.706661701202393,3.8875014781951904,18.948993682861328,8.351595878601074,29.972251892089844,17.771224975585938,41.50509262084961,26.329946517944336,9.150677680969238,21.63151931762696,28.7446403503418
2019-10-08,13.91759967803955,14.915553092956545,5.614198684692383,3.895965099334717,18.87165260314941,8.351595878601074,30.139789581298828,17.543832778930664,40.1474494934082,26.217668533325195,9.092679977416992,21.29352569580078,28.29511260986328
2019-10-09,13.969979286193848,15.328231811523438,5.662439346313477,3.89314341545105,18.76337432861328,8.351595878601074,29.77121353149414,17.753034591674805,40.48686218261719,26.63470458984375,9.321447372436523,21.5564079284668,28.513633728027344
2019-10-10,13.782915115356444,15.397591590881348,5.72073221206665,3.85646915435791,19.003135681152344,8.460497856140137,29.57016372680664,17.9913387298584,40.97172546386719,26.827192306518555,9.366557121276855,21.69723892211914,29.49384307861328
2019-10-11,13.902633666992188,15.685430526733398,5.885560512542725,3.912891149520874,19.266101837158203,8.644275665283203,29.151330947875977,18.41338348388672,42.66879653930664,27.172061920166016,9.505107879638672,22.51405334472656,30.367923736572266
2019-10-14,14.007391929626465,15.605671882629396,5.783045291900635,3.912891149520874,19.52906608581543,8.841663360595703,28.765993118286133,18.72809600830078,42.2808837890625,27.629199981689453,9.559880256652832,22.185447692871094,29.96209526062012
2019-10-15,14.13459300994873,15.390658378601074,5.917723178863525,3.921353578567505,19.73789405822754,8.693004608154297,29.201589584350582,17.80033302307129,43.10517883300781,27.56503295898437,9.688764572143556,21.415576934814453,29.912155151367188
2019-10-16,14.13459300994873,15.605671882629396,5.909682273864746,3.904427528381348,20.24835586547852,8.44523811340332,30.466487884521484,18.19144821166992,43.153656005859375,27.9580307006836,9.824090003967283,21.68784713745117,29.219139099121094
2019-10-17,14.044804573059082,15.574460983276367,5.781035423278809,3.9269964694976807,20.372106552124023,8.67176628112793,30.458106994628903,18.04955673217773,43.83248901367188,27.789600372314453,9.730650901794434,21.950733184814453,29.16294288635254
2019-10-18,13.969979286193848,15.973274230957031,5.756913661956787,3.8508267402648926,20.109140396118164,8.75671672821045,31.991065979003903,18.26603507995605,43.444580078125,27.46076774597168,9.650099754333496,22.298114776611328,28.738391876220703
2019-10-21,14.209421157836914,16.091176986694336,5.789076328277588,3.864932060241699,20.024059295654297,8.785032272338867,31.95755958557129,18.53890609741211,42.62030029296875,27.909900665283203,9.778980255126951,22.5328311920166,29.475112915039062
2019-10-22,14.044804573059082,16.437973022460938,5.768974304199219,3.864932060241699,20.34116744995117,8.806268692016602,31.454954147338867,18.15870475769043,43.92945861816406,28.77606010437012,10.07863712310791,22.74877166748047,29.53130340576172
2019-10-23,13.977461814880373,16.5073299407959,5.736813545227051,3.8282582759857178,19.87710952758789,8.770873069763184,31.421449661254883,17.9003849029541,44.31735229492188,29.185102462768555,10.12696361541748,22.420166015625,29.41268539428711
2019-10-24,14.359070777893066,16.40328598022461,5.686562061309815,3.8056890964508057,19.87710952758789,8.650530815124512,31.279035568237305,18.05501365661621,43.396087646484375,29.321434020996094,9.927196502685549,22.401391983032227,29.18791961669922
2019-10-25,13.169343948364258,16.552412033081055,5.887571811676025,3.712590932846069,20.09366798400879,8.339056015014648,31.3628044128418,17.754854202270508,43.6385383605957,29.51392364501953,10.217183113098145,22.36383438110352,30.31797790527344
2019-10-28,13.124446868896484,16.920007705688477,5.969984531402588,3.740802526473999,20.27155876159668,8.544346809387207,32.08320617675781,17.95677947998047,43.97794723510742,29.91492080688477,10.294514656066896,22.551607131958008,30.405385971069336
2019-10-29,13.154376983642578,16.87493324279785,5.9719953536987305,3.740802526473999,20.178747177124023,8.424001693725586,31.597352981567383,18.147789001464844,43.97794723510742,29.38560104370117,10.387951850891112,22.861433029174805,30.374170303344727
2019-10-30,13.139411926269531,17.138490676879883,5.967973709106445,3.8226158618927,20.48038482666016,8.424001693725586,32.59419631958008,18.602575302124023,49.0206184387207,29.57005882263184,10.513614654541016,22.87082290649414,30.336700439453125
2019-10-31,13.00472640991211,16.69805908203125,5.799126148223877,3.8508267402648926,20.828426361083984,8.45939826965332,33.13868713378906,18.53344917297364,48.39028930664063,29.056774139404297,10.53616714477539,22.16667366027832,29.468873977661133
2019-11-01,12.967312812805176,16.63217544555664,5.967973709106445,3.791582345962525,21.826148986816406,8.813348770141602,33.281097412109375,18.431575775146484,50.329776763916016,29.16509246826172,10.54905605316162,23.53742027282715,30.24304962158203
2019-11-04,13.146894454956056,16.538541793823242,6.030288219451904,3.788761138916016,22.01177215576172,8.92661190032959,33.75019454956055,18.669883728027344,52.99657440185547,29.261371612548828,10.623165130615234,24.31667900085449,31.10464096069336
2019-11-05,13.251648902893066,16.6425838470459,6.000136852264404,3.740802526473999,21.46263694763184,8.565583229064941,33.49889373779297,18.65351295471192,53.190528869628906,29.766860961914062,10.487836837768556,24.19462776184082,31.13585662841797
2019-11-06,13.10948085784912,16.531606674194336,6.026267051696777,3.704127788543701,21.39303207397461,8.714241027832031,33.92611312866211,18.41338348388672,53.43296432495117,29.365673065185547,10.442727088928224,24.29790306091309,31.02347183227539
2019-11-07,13.139411926269531,16.531606674194336,6.054408073425293,3.737982034683228,21.586387634277344,8.763794898986816,33.674808502197266,18.6062126159668,54.74211502075195,29.54220199584961,10.777822494506836,24.20401763916016,31.285701751708984
2019-11-08,12.944864273071287,16.299257278442383,5.883549213409424,3.6928439140319824,21.300216674804688,8.501871109008789,32.01619338989258,18.236927032470703,55.85731887817383,29.100902557373047,10.603833198547363,23.95990943908692,30.705062866210938
2019-11-11,13.124446868896484,16.38248634338379,5.873499870300293,3.70694899559021,21.38529396057129,8.501871109008789,32.54393768310547,18.700807571411133,55.03304290771485,29.22928810119629,10.677936553955078,24.59834289550781,30.049510955810547
2019-11-12,12.997241973876951,16.20215606689453,5.859429359436035,3.644884824752808,20.658275604248047,8.353212356567383,31.00260162353516,18.54436111450196,55.37245178222656,28.731830596923828,10.54208755493164,24.08196449279785,29.905908584594727
2019-11-13,12.997241973876951,15.9351224899292,5.768974304199219,3.625136613845825,20.57319641113281,8.296581268310547,30.449731826782227,18.59893798828125,54.74211502075195,28.44297409057617,10.50318717956543,23.38719940185547,29.418920516967773
2019-11-14,13.057106018066406,16.12932586669922,5.825256824493408,3.633599281311035,21.168737411499023,8.424001693725586,29.98900413513184,18.993688583374023,54.74211502075195,28.62752914428711,10.279507637023926,24.08196449279785,29.34400749206543
2019-11-15,,,,,,,,,55.85731887817383,,,,
2019-11-18,13.139411926269531,16.13626480102539,5.805156707763672,3.5546083450317383,21.04498863220215,8.636373519897461,29.91660499572754,18.857254028320312,55.46942901611328,28.499147415161133,10.276264190673828,24.23217964172364,29.72485542297364
2019-11-19,13.221720695495604,15.879634857177734,5.827268123626709,3.540503740310669,20.72788047790528,8.44523811340332,29.24620246887207,18.669883728027344,55.76034164428711,28.186229705810547,10.130386352539062,24.570173263549805,30.07448387145996
2019-11-20,,,,,,,,,55.22698211669922,,,,
2019-11-21,13.52102279663086,16.084247589111328,5.899630546569824,3.5546083450317383,21.29248237609864,8.424001693725586,29.665206909179688,18.99005508422852,55.90580749511719,28.475078582763672,10.399453163146973,24.354236602783203,30.23056411743164
2019-11-22,13.610815048217772,16.341171264648438,6.050388336181641,3.6392431259155273,21.07592391967773,8.494792938232422,29.71548080444336,18.764480590820312,56.00278854370117,28.667638778686523,10.444836616516112,24.31667900085449,31.23575210571289
2019-11-25,13.618297576904297,16.288742065429688,6.090590476989746,3.6110312938690186,21.091392517089844,8.282422065734863,29.237823486328125,18.753564834594727,56.148250579833984,28.258451461791992,10.38000202178955,24.513107299804688,31.753955841064453
2019-11-26,13.491093635559082,16.079011917114258,6.185064792633057,3.579998731613159,20.69694328308105,8.402766227722168,29.06184196472168,18.282405853271484,55.03304290771485,27.680757522583008,10.175772666931152,23.474018096923828,31.97871971130371
2019-11-27,13.438714027404783,16.547405242919922,6.191094875335693,3.571536064147949,20.372106552124023,8.282422065734863,29.01994132995605,18.518892288208008,54.74211502075195,27.84123420715332,10.195222854614258,22.671083450317383,31.57913589477539
2019-11-28,13.476128578186035,16.63828468322754,6.156922817230225,3.616673707962036,20.88256454467773,8.303659439086914,28.98641967773437,18.63713836669922,,27.76098823547364,10.240606307983398,22.93558120727539,31.44802665710449
2019-11-29,13.506057739257812,16.711688995361328,6.130792617797852,3.681560039520264,20.75881576538086,8.600977897644043,29.18754196166992,18.77357482910156,54.6451416015625,27.921459197998047,10.114179611206056,22.510496139526367,31.20453643798828
2019-12-02,13.446199417114258,16.578861236572266,6.287579536437988,3.661811351776123,20.588666915893555,8.67176628112793,29.47246360778809,18.737192153930664,54.11178207397461,28.31877899169922,10.10121250152588,22.009841918945312,32.05363845825195
2019-12-03,13.371374130249023,16.91442108154297,6.150893688201904,3.616673707962036,21.068191528320312,9.025716781616213,29.707103729248047,18.982776641845703,53.287506103515625,28.326824188232425,10.072035789489746,23.23785781860352,31.479246139526367
2019-12-04,13.693121910095217,17.159109115600586,6.173004627227783,3.633599281311035,21.35435676574707,8.997401237487793,29.87470817565918,19.39208221435547,52.851104736328125,29.34624671936035,10.195222854614258,22.78443717956543,31.79141616821289
2019-12-05,13.580883979797363,17.012292861938477,6.3619537353515625,3.6900227069854736,21.431699752807617,8.962006568908691,29.87470817565918,19.8013916015625,52.317752838134766,29.30608940124512,10.328133583068848,23.615707397460938,31.810148239135746
2019-12-06,13.8053617477417,16.942384719848633,6.400144577026367,3.673094987869263,22.251541137695312,9.34427261352539,30.017162322998047,19.810489654541016,53.82086563110352,28.77631187438965,10.396207809448242,24.26750373840332,32.05988693237305
2019-12-09,13.797877311706545,16.99481964111328,6.514720916748047,3.633599281311035,22.41395568847656,9.386746406555176,29.97526359558105,19.93782615661621,53.287506103515625,29.33819580078125,10.448077201843262,24.1824893951416,32.11607360839844
2019-12-10,13.745502471923828,16.750141143798828,6.516730308532715,3.594104290008545,22.421689987182617,9.301798820495604,29.99202346801757,20.17431640625,53.38447189331055,28.912776947021484,10.512910842895508,23.814083099365234,31.966228485107425
2019-12-11,13.8053617477417,16.72566795349121,6.599143505096436,3.6674537658691406,22.46220970153809,9.58495807647705,30.22666549682617,20.51085662841797,53.190528869628906,28.575666427612305,10.516152381896973,23.92743682861328,32.35956573486328
2019-12-12,13.99242877960205,17.159364700317383,6.683568477630615,3.673094987869263,22.99970054626465,9.78316879272461,30.31884384155273,20.17431640625,55.46942901611328,28.567625045776367,10.655547142028809,25.14600944519043,33.05883026123047
2019-12-13,14.224385261535645,17.026039123535156,6.794123649597168,3.675916433334351,23.6093864440918,10.22206687927246,30.134483337402344,20.620004653930664,54.98455810546875,29.17635154724121,10.156320571899414,26.043407440185547,33.564544677734375
2019-12-16,14.276763916015623,16.794496536254883,6.850407123565674,3.7831199169158936,24.1549015045166,10.038013458251951,30.377504348754883,20.065168380737305,54.1602783203125,28.50942611694336,10.078521728515623,26.581844329833984,33.30232238769531
2019-12-17,14.14956283569336,17.173398971557617,6.826285362243652,3.808510065078736,23.79389762878418,9.938908576965332,30.109338760375977,20.08336067199707,53.82086563110352,28.94332504272461,10.217914581298828,26.364580154418945,33.35226821899414
2019-12-18,14.284247398376465,17.766305923461914,6.784073352813721,3.8282582759857178,23.82598876953125,10.25746250152588,29.656822204589844,20.356231689453125,53.14204406738281,29.312938690185547,10.48697566986084,26.30790138244629,33.38349151611328
2019-12-19,14.344107627868652,17.948745727539062,6.834326267242432,3.862110137939453,23.49707794189453,10.172513008117676,30.05906105041504,20.51085662841797,53.52993774414063,29.457578659057617,10.470770835876465,27.091943740844727,33.71438980102539
2019-12-20,14.521188735961914,17.91366195678711,6.966991424560547,3.8508267402648926,23.408832550048828,10.038013458251951,30.151241302490234,20.301658630371094,53.52993392944336,29.32902717590332,10.350826263427734,27.04471015930176,34.20761489868164
2019-12-23,14.559584617614746,18.45394515991211,7.1338300704956055,3.864932060241699,23.464988708496094,10.22206687927246,32.26300048828125,20.37442207336425,54.16083526611328,29.602218627929688,10.50318717956543,27.205297470092773,34.07650375366211
2019-12-24,,,,,,,,,54.306427001953125,,,,
2019-12-26,14.75924015045166,18.66444969177246,7.163982391357422,3.94102144241333,24.0666561126709,10.703439712524414,31.760204315185547,20.66548538208008,54.50055313110352,30.05220603942871,10.597196578979492,27.630380630493164,34.20761489868164
2019-12-27,14.713165283203123,18.583759307861328,7.260464668273926,3.94102144241333,24.08270072937012,10.349489212036133,31.62612533569336,20.674579620361328,54.257904052734375,29.971832275390625,10.428627014160156,28.896183013916016,34.351409912109375
2019-12-30,14.33689022064209,18.53113555908203,7.404745101928711,3.9698081016540527,23.81796646118164,10.618490219116213,31.67640686035156,20.729154586791992,53.77259826660156,29.8111572265625,10.373517036437988,28.5183334350586,34.159141540527344
2019-12-31,,,,,,,,,54.16083526611328,,,,
2020-01-02,14.743881225585938,18.874956130981445,7.454989433288574,3.995717287063599,24.95712280273437,10.979520797729492,31.99484062194824,21.420429229736328,57.89774703979492,30.570772171020508,10.632853507995604,29.73690414428711,34.81925582885742
2020-01-03,14.53654670715332,18.843374252319336,7.484296798706055,3.952534675598145,26.312875747680664,10.972439765930176,31.508804321289062,21.16575050354004,58.09186553955078,30.249244689941406,10.370275497436523,29.77468681335449,34.562896728515625
2020-01-06,14.60565948486328,18.59428024291992,7.4319586753845215,4.007232666015625,26.07221221923828,10.83086109161377,31.659643173217773,21.193038940429688,58.91690826416016,29.79908943176269,10.70741367340088,29.812475204467773,34.35781478881836
2020-01-07,14.636375427246094,18.45394515991211,7.515701770782471,4.154049873352051,26.152427673339844,10.894572257995604,32.472503662109375,21.083890914916992,58.480125427246094,29.10776138305664,10.561535835266112,30.74765396118164,34.607765197753906
2020-01-08,14.567261695861816,18.285545349121094,7.452895641326904,4.269200325012207,25.342187881469727,10.958282470703123,32.9417839050293,21.229421615600582,57.94627380371094,28.63347244262696,10.389726638793944,30.5114974975586,34.614166259765625
2020-01-09,14.452075004577637,17.91366195678711,7.423585891723633,4.234654426574707,25.213830947875977,10.972439765930176,32.975303649902344,21.484102249145508,57.80068206787109,28.0627384185791,10.448077201843262,30.65319061279297,34.159141540527344
2020-01-10,14.50582790374756,17.492658615112305,7.369155406951904,4.297987461090088,25.39031982421875,11.206048011779783,33.60380554199219,21.73878288269043,56.63594055175781,27.813549041748047,10.405935287475586,31.314434051513672,34.197593688964844
2020-01-13,14.75156021118164,17.689125061035156,7.641310214996338,4.418894767761231,25.871654510498047,11.375943183898926,33.68760681152344,21.72968482971192,58.81983947753906,28.183338165283203,10.402691841125488,31.58837890625,35.44091033935547
2020-01-14,14.667091369628906,17.594398498535156,7.783669471740723,4.46495532989502,26.07221221923828,11.652023315429688,33.10100555419922,22.239044189453125,58.383060455322266,28.183338165283203,10.318405151367188,32.95808792114258,35.658809661865234
2020-01-15,14.406000137329102,17.271629333496094,7.810884952545166,4.4361677169799805,25.67109680175781,12.013052940368652,32.95016098022461,22.05712890625,57.60655975341797,27.83765983581543,10.08824634552002,33.298152923583984,35.543453216552734
2020-01-16,14.359926223754885,17.348817825317383,7.8339152336120605,4.462076663970947,25.76736259460449,12.161712646484377,33.68760681152344,22.193567276000977,57.46096420288086,27.893930435180664,10.1206636428833,33.34538650512695,35.35759353637695
2020-01-17,14.359926223754885,17.583871841430664,8.183531761169434,4.502378940582275,26.57761001586914,11.864394187927246,33.72950744628906,22.29361915588379,57.31536865234375,28.086875915527344,10.324892044067385,34.47893142700195,36.53041076660156
2020-01-20,14.436717987060549,17.471607208251953,8.300765991210938,4.4361677169799805,27.155208587646484,12.239582061767578,33.81330108642578,22.32090759277344,,27.5161247253418,10.367032051086426,35.14017868041992,36.76113128662109
2020-01-21,14.390644073486328,16.966407775878906,8.097696304321289,4.381471633911133,26.89047813415528,12.614766120910645,33.159664154052734,22.193567276000977,56.58740997314453,26.92930603027344,10.055829048156738,35.89588165283203,35.90875625610352
2020-01-22,14.628694534301758,17.09972381591797,8.179344177246094,4.332531929016113,27.299606323242188,12.3316068649292,35.01164627075195,22.18446922302246,55.17999649047852,27.09007453918457,10.055829048156738,36.36819839477539,36.08179473876953
2020-01-23,14.321531295776367,18.061010360717773,8.116537094116211,4.398745059967041,27.58038711547852,13.018270492553713,34.78538131713867,22.20266342163086,57.12125015258789,27.73316192626953,10.12390422821045,36.264286041259766,35.569087982177734
2020-01-24,14.582619667053224,17.82244110107422,7.888344764709473,4.444804191589356,26.746076583862305,12.579374313354492,34.14850234985352,22.220855712890625,56.83006286621094,27.524158477783203,10.085001945495604,35.70695495605469,34.479583740234375
2020-01-27,14.24474048614502,17.647022247314453,7.524074077606201,4.381471633911133,25.83154296875,12.10508155822754,32.304901123046875,21.884315490722656,55.51971435546875,26.92930603027344,9.660337448120115,35.206295013427734,32.371070861816406
2020-01-28,14.436717987060549,17.790868759155273,7.519887924194336,4.462076663970947,26.537498474121094,12.090922355651855,33.77140045166016,22.411863327026367,56.9271125793457,26.9212646484375,9.887259483337402,34.54506301879883,32.81328201293945
2020-01-29,14.052762031555176,17.352319717407227,7.387997150421143,4.4361677169799805,26.26474571228028,12.303290367126465,33.95576095581055,22.0753231048584,62.79940414428711,26.503263473510746,9.841874122619627,35.187408447265625,32.52488327026367
2020-01-30,14.083477973937988,17.471607208251953,7.398463726043701,4.3728346824646,26.048145294189453,11.892708778381348,33.24345779418945,22.17537498474121,61.78024291992188,26.88910675048828,10.046101570129396,34.44115447998047,33.00555419921875
2020-01-31,13.70720386505127,17.02955436706543,7.327285289764404,4.303744792938232,25.51065254211425,11.552918434143066,32.866363525390625,21.684206008911133,60.42137908935547,26.3826847076416,9.838632583618164,33.798805236816406,32.217262268066406
2020-02-03,13.507546424865724,17.113758087158203,7.383809566497803,4.369956970214844,26.0320987701416,12.04136848449707,32.57306671142578,22.648351669311523,59.4992790222168,26.45907974243164,9.728411674499512,34.743431091308594,32.62742233276367
2020-02-04,13.55362033843994,16.92780876159668,7.559664249420166,4.424652576446533,26.35298538208008,11.97765827178955,32.36356735229492,23.521541595458984,61.05227279663086,26.66817283630371,9.968301773071287,35.82975006103516,33.499027252197266
2020-02-05,13.246458053588867,17.682111740112305,7.683180809020996,4.597378253936768,26.47332000732422,12.034290313720703,31.84400177001953,23.530641555786133,62.41116714477539,26.82903480529785,9.880776405334473,36.037574768066406,33.96046829223633
2020-02-06,12.95465087890625,17.383899688720703,7.614095687866211,4.513894557952881,26.47332000732422,12.027210235595703,30.411027908325195,23.157712936401367,62.84794235229492,26.76469039916992,10.146596908569336,34.52616882324219,34.146324157714844
2020-02-07,12.993043899536133,17.401443481445312,7.526167869567871,4.369956970214844,26.2567195892334,11.418416976928713,29.89146041870117,22.893938064575195,62.26555633544922,27.110509872436523,10.198466300964355,34.072750091552734,33.390079498291016
2020-02-10,12.84714412689209,17.229528427124023,7.222609996795654,4.211625099182129,24.700410842895508,10.845019340515137,28.760162353515625,22.721120834350582,62.65381240844727,27.56890869140625,10.237364768981934,33.32648849487305,32.16599655151367
2020-02-11,12.900896072387695,18.0048770904541,7.536635398864746,4.3354105949401855,25.79945373535156,11.036151885986328,29.170785903930664,23.28505516052246,62.36262893676758,28.20425796508789,10.376758575439451,34.375030517578125,33.358036041259766
2020-02-12,12.785710334777832,18.110132217407227,7.7250518798828125,4.341168880462647,26.328920364379883,11.383024215698242,29.681961059570312,23.912660598754883,63.86709213256836,28.09166145324707,10.551813125610352,34.20500183105469,34.01173782348633
2020-02-13,12.493905067443848,17.829463958740234,7.565944671630859,4.254806518554688,26.28880882263184,11.298073768615724,29.547882080078125,23.976327896118164,62.79940414428711,27.65738105773925,10.350826263427734,34.47893142700195,33.415714263916016
2020-02-14,12.601411819458008,17.489154815673828,7.413118839263916,4.266321182250977,26.07221221923828,11.198967933654783,30.159624099731445,23.603403091430664,62.26555633544922,27.19093513488769,10.250329971313477,33.72323226928711,32.68511199951172
2020-02-17,12.747313499450684,17.22602081298828,7.766922950744629,4.338289737701416,26.328920364379883,11.439653396606444,30.2937068939209,23.985424041748047,,26.941614151000977,10.276264190673828,34.19554901123047,34.22964096069336
2020-02-18,12.424792289733888,17.39090919494629,7.762734889984131,4.3354105949401855,26.064189910888672,11.411338806152344,32.09539794921875,23.46696853637696,61.87731552124024,27.05420112609864,10.354065895080566,34.724544525146484,33.83869934082031
2020-02-19,12.386394500732422,17.433015823364258,7.722959041595459,4.312380790710449,26.954652786254883,11.680338859558104,32.849605560302734,24.067285537719727,61.197872161865234,27.440223693847656,10.558295249938965,35.61249542236328,33.84510803222656
2020-02-20,12.417112350463867,17.254091262817383,7.7145843505859375,4.202987194061279,27.074989318847656,11.892708778381348,32.01160430908203,23.612499237060547,60.80961990356445,27.343721389770508,10.292473793029783,36.84051132202149,33.45416259765625
2020-02-21,12.478546142578123,17.26811981201172,7.496860504150391,4.306623458862305,27.155208587646484,12.097999572753906,31.55908203125,23.96723365783692,59.45075225830078,26.69314765930176,10.000720024108888,37.38839340209961,32.12754440307617
2020-02-24,,,,,,,,,57.55803298950195,,,,
2020-02-25,,,,,,,,,54.93733596801758,,,,
2020-02-26,12.148343086242676,16.011056900024414,6.768317699432373,3.9899609088897705,25.06140899658203,11.510443687438965,28.61770248413086,22.67564010620117,53.14168548583984,25.361757278442383,9.005509376525879,35.376338958740234,29.064109802246094
2020-02-27,11.134702682495115,16.20928955078125,6.5526862144470215,3.9438998699188232,23.665542602539062,10.703439712524414,28.07299995422364,22.04803466796875,50.42393493652344,25.37808990478516,8.697546005249023,33.317047119140625,28.5001277923584
2020-02-28,11.165420532226562,16.588062286376953,6.533844947814941,4.018747329711914,23.93027687072754,10.625570297241213,28.93614196777344,22.430055618286133,52.80197525024414,26.13772392272949,8.801280975341797,33.12811279296875,28.397594451904297
2020-03-02,11.30364227294922,16.690725326538086,7.0132575035095215,4.142533302307129,24.572052001953125,11.149415969848633,29.69034194946289,23.548828125,54.40349578857422,26.05191421508789,9.109244346618652,35.01737976074219,29.71139907836914
2020-03-03,11.31900119781494,16.20221519470215,6.967201232910156,4.1511712074279785,24.5239200592041,11.241442680358888,29.355144500732425,23.43058586120605,52.80197525024414,25.57794761657715,8.914740562438965,34.45059585571289,29.70499610900879
2020-03-04,11.75671100616455,16.219911575317383,6.983949184417725,4.341168880462647,25.81549644470215,11.482128143310549,30.31884384155273,24.467498779296875,53.14168548583984,25.82309913635254,9.148144721984863,36.17926788330078,31.12775421142578
2020-03-05,11.695276260375977,15.260594367980955,6.80390739440918,4.133897304534912,23.60136604309082,10.83793830871582,29.40542221069336,23.44877815246582,48.91947937011719,24.940542221069336,8.691061973571777,32.825836181640625,30.02543830871582
2020-03-06,11.764389038085938,14.973864555358888,6.462665557861328,3.94102144241333,22.26165580749512,10.3707275390625,27.10930252075196,22.648351669311523,45.66465377807617,24.409374237060547,7.799588203430176,32.296844482421875,28.58985710144043
2020-03-09,11.26524829864502,13.320714950561523,5.445218563079834,3.540874481201172,18.5473690032959,9.301798820495604,23.08690071105957,20.23798561096192,39.88370132446289,22.717792510986328,5.484996795654297,28.2443904876709,24.24465751647949
2020-03-10,11.07326889038086,14.021621704101562,6.27006196975708,3.638751745223999,20.19192314147949,10.101725578308104,26.54784202575684,20.465377807617188,42.99277877807617,23.28165435791016,5.951805114746094,30.067523956298828,28.71803855895996
2020-03-11,10.558770179748535,12.810967445373535,5.817864418029785,3.27890682220459,19.493989944458008,9.953064918518066,24.31038284301757,19.4648494720459,39.88370132446289,21.38577461242676,5.306702613830566,28.792272567749023,26.109634399414062
2020-03-12,8.892404556274414,11.117984771728516,4.982553005218506,2.6455793380737305,14.688681602478027,8.140843391418457,19.877361297607425,17.354644775390625,35.12291717529297,19.28561019897461,4.188307285308838,24.1635971069336,22.65526390075684
2020-03-13,9.752463340759276,12.98224639892578,5.830423831939697,3.0226969718933105,16.886770248413086,8.565583229064941,23.522661209106445,18.464319229125977,38.13483047485352,21.4184627532959,5.141373157501221,25.03265190124512,27.49394989013672
2020-03-16,8.470051765441895,10.815571784973145,5.307047367095947,2.6830034255981445,13.685903549194336,7.765655517578125,19.70138359069824,16.88166618347168,32.35389709472656,19.449047088623047,4.256383419036865,19.59159469604492,25.020132064819336
2020-03-17,8.976874351501465,11.33856201171875,5.621074676513672,2.855729103088379,13.517437934875488,7.652392864227295,20.321502685546875,18.000438690185547,34.39422607421875,20.593107223510746,4.240175247192383,20.27172470092773,26.60311317443848
2020-03-18,8.592918395996094,9.467185020446776,5.231680870056152,2.6427009105682373,10.725706100463867,6.371094703674316,16.357763290405273,16.372303009033203,32.06241226196289,19.16303443908692,3.582104682922364,16.871063232421875,24.770183563232425
2020-03-19,8.984553337097168,9.09718132019043,5.0851359367370605,2.717548370361328,11.7926607131958,6.371094703674316,14.581201553344728,16.19038963317871,31.479463577270508,18.672719955444336,4.035946369171143,18.136865615844727,23.32819366455078
2020-03-20,9.253321647644045,8.75207805633545,4.921842575073242,2.562095165252685,11.367483139038086,5.620721340179443,14.086782455444336,15.7083158493042,31.67377281188965,18.01897048950196,3.9613873958587646,19.648269653320312,22.55272102355957
2020-03-23,8.838648796081543,7.873310089111328,4.710397243499756,2.3461880683898926,10.396795272827148,5.847249031066895,12.771120071411133,14.816935539245604,29.68202209472656,16.7686767578125,3.766883611679077,18.65641021728516,21.854156494140625
2020-03-24,8.669710159301758,9.22170066833496,5.133286476135254,2.418156862258911,12.27399444580078,6.349857330322266,14.539302825927734,15.317200660705566,34.054168701171875,18.386707305908203,4.366602420806885,19.978893280029297,24.122896194458008
2020-03-25,8.946157455444336,10.328160285949709,5.497557163238525,2.611034154891968,13.292814254760742,6.2649102210998535,16.651063919067383,15.46273136138916,36.726036071777344,19.28561019897461,4.716708660125732,21.490297317504883,26.180131912231445
2020-03-26,9.829254150390623,10.847593307495115,5.5687360763549805,2.878758668899536,14.624504089355469,6.604701995849609,17.89130210876465,16.463260650634766,39.44647979736328,19.816781997680664,4.732917308807373,22.78443717956543,26.91714859008789
2020-03-27,9.591201782226562,10.047101020812988,5.330075740814209,2.654215335845948,12.891704559326172,6.441884994506836,17.665040969848633,15.053422927856444,37.01751327514648,18.770776748657227,4.223966121673584,21.79257774353028,25.69946479797364
2020-03-30,9.637277603149414,10.31392765045166,5.516398906707764,2.622549057006836,12.594882011413574,6.604701995849609,19.533781051635746,15.999380111694336,38.32915878295898,19.702377319335938,4.35687780380249,21.490297317504883,26.76974296569824
2020-03-31,9.15349292755127,9.922574996948242,5.6524763107299805,2.564974069595337,11.335393905639648,5.932197093963623,19.99468231201172,16.00847625732422,38.57204818725586,18.868846893310547,4.583797931671143,19.47823715209961,27.699024200439453
2020-04-01,8.976874351501465,9.50275993347168,5.6524763107299805,2.4267938137054443,10.396795272827148,5.521615505218506,18.570083618164062,14.926082611083984,34.19990921020508,17.499162673950195,4.606489181518555,18.250221252441406,27.79516220092773
2020-04-02,9.207246780395508,9.61305046081543,5.63991641998291,2.3634605407714844,9.987661361694336,5.0827178955078125,18.846622467041016,14.77145767211914,33.5197868347168,17.580949783325195,5.001980304718018,18.89256858825684,27.417037963867188
2020-04-03,8.746501922607422,9.072275161743164,5.198184490203857,2.2886130809783936,10.244373321533203,5.245534896850586,18.159461975097656,14.444009780883787,32.693946838378906,16.894052505493164,4.966320991516113,18.306900024414062,25.955820083618164
2020-04-06,9.107417106628418,9.911904335021973,5.411722660064697,2.4469451904296875,10.589327812194824,5.429587841033936,18.09242057800293,15.289911270141602,35.12291717529297,18.13698959350586,5.235385417938232,19.506576538085938,27.64134407043457
2020-04-07,9.529769897460938,10.377969741821287,5.595952033996582,2.49588394165039,11.070661544799805,5.840169429779053,18.67902374267578,14.989752769470217,34.15132141113281,18.80750274658203,5.368295669555664,20.51733016967773,28.05791664123535
2020-04-08,9.45297908782959,10.577204704284668,5.623167514801025,2.553459405899048,11.511883735656738,6.2436723709106445,20.10362243652344,15.935708999633787,35.46298599243164,19.77242088317871,5.673017978668213,21.35804748535156,27.88488006591797
2020-04-09,9.291717529296877,10.548741340637209,5.512211322784424,2.639821529388428,11.712438583374023,6.4631218910217285,21.16788482666016,16.672462463378906,34.685699462890625,19.21637535095215,5.465547561645508,21.63199043273925,27.737478256225582
2020-04-13,9.291717529296877,10.758648872375488,5.759245872497559,2.7290639877319336,11.455728530883787,6.2649102210998535,22.12320137023925,16.8179931640625,34.10275650024414,19.625232696533203,5.608182430267334,20.989643096923828,28.5642204284668
2020-04-14,9.284037590026855,10.74797534942627,5.740403175354004,2.8614861965179443,11.576061248779297,6.328620910644531,23.04500198364257,16.77251625061035,33.665531158447266,19.870555877685547,5.56928300857544,21.79257774353028,28.53858184814453
2020-04-15,9.145814895629885,10.548741340637209,5.646196842193604,2.8931527137756348,11.407594680786133,6.179961204528809,22.25728225708008,16.690654754638672,31.57662010192871,19.134599685668945,5.387745380401611,20.942413330078125,27.67979621887207
2020-04-16,8.792574882507324,10.246333122253418,5.6524763107299805,2.9104249477386475,11.271217346191406,6.095014572143555,21.67068290710449,16.73613166809082,30.313552856445312,18.65215492248535,5.2289018630981445,21.055768966674805,27.404220581054688
2020-04-17,8.907761573791504,10.523838996887209,5.734124183654785,2.9190609455108643,11.511883735656738,6.017144680023193,21.746103286743164,17.28187370300293,33.22832489013672,18.987409591674805,5.413680553436279,20.403972625732425,28.19891929626465
2020-04-20,8.915440559387207,10.31392765045166,5.493370056152344,2.896031856536865,12.530704498291016,5.939276218414307,21.536602020263672,17.545652389526367,31.62519645690918,18.51313209533692,5.365053653717041,20.498437881469727,27.211952209472656
2020-04-21,,,,,,,,,31.479463577270508,,,,
2020-04-22,8.923120498657227,10.267680168151855,5.5268659591674805,2.9190609455108643,12.875658988952637,6.625938415527344,22.34946250915528,17.71847152709961,31.236570358276367,18.2923583984375,5.55955696105957,22.359355926513672,27.49394989013672
2020-04-23,8.869366645812988,9.979500770568848,5.443125247955322,2.835577249526977,12.835548400878906,6.5834641456604,20.99190139770508,17.018098831176758,31.67377281188965,18.030675888061523,5.621150016784668,22.03818130493164,27.88488006591797
2020-04-24,8.531486511230469,8.645345687866211,5.443125247955322,2.518914222717285,11.239128112792969,5.73398494720459,18.25164604187012,16.317729949951172,30.41071128845215,17.073955535888672,5.209449768066406,19.506576538085938,28.04509925842285
2020-04-27,8.915440559387207,9.13987159729004,5.572924137115479,2.5390655994415283,11.43166160583496,5.960512638092041,18.67902374267578,16.999908447265625,31.236570358276367,17.638172149658203,5.446094989776611,20.39452743530273,28.551401138305664
2020-04-28,8.984553337097168,10.367298126220703,5.497557163238525,2.706033706665039,12.883681297302246,6.470200538635254,20.028200149536133,17.363739013671875,33.033992767333984,19.09370994567871,5.841588020324707,21.63199043273925,28.58985710144043
2020-04-29,8.961516380310059,10.51672077178955,5.8199567794799805,2.809668779373169,13.701949119567873,6.696728706359863,20.85782241821289,17.1545352935791,31.96525764465332,19.34720993041992,6.159276008605957,22.90723991394043,29.948532104492188
2020-04-30,8.708106994628906,10.139599800109863,5.551988124847412,2.740578413009644,12.763349533081056,6.229514598846436,20.321502685546875,16.672462463378906,33.033992767333984,18.61943817138672,6.0458149909973145,21.95316505432129,28.750078201293945
2020-05-01,,,,,,,,,31.57662010192871,,,,
2020-05-04,9.030627250671388,9.876325607299805,5.344729900360107,2.659972906112671,11.89694881439209,6.024223804473877,19.2153434753418,16.372303009033203,30.167818069458008,17.911640167236328,5.851311206817627,21.11244773864746,28.1540584564209
2020-05-05,9.168850898742676,9.890559196472168,5.265177249908447,2.6628520488739014,11.912994384765623,6.130408763885498,19.148303985595703,16.52692985534668,30.119234085083008,18.574438095092773,6.052298545837402,20.99908828735352,28.006650924682617
2020-05-06,9.08438205718994,9.602378845214844,5.382413864135742,2.5390655994415283,11.511883735656738,6.1658034324646,18.854999542236328,16.026668548583984,29.05049133300781,18.198034286499023,5.815653324127197,20.35674476623535,28.41040802001953
2020-05-07,8.861687660217285,9.34266185760498,5.600139141082764,2.383612632751465,10.70163917541504,6.095014572143555,17.933202743530273,15.189860343933104,29.68202209472656,17.54343032836914,5.932353973388672,19.17595672607422,29.51272964477539
2020-05-08,9.245643615722656,9.641514778137209,6.018840789794922,2.4843690395355225,10.91021728515625,6.017144680023193,18.620361328125,16.00847625732422,30.55645179748535,18.263500213623047,6.337571144104004,19.364885330200195,31.307201385498047
2020-05-11,9.168850898742676,9.70199489593506,6.006279468536377,2.3893697261810303,10.581306457519531,5.840169429779053,18.234882354736328,16.272249221801758,30.07065773010254,18.312593460083008,6.16900110244751,19.00592422485352,30.58941650390625
2020-05-12,8.999911308288574,9.36045265197754,6.16748046875,2.320279598236084,10.477018356323242,5.69858980178833,17.304702758789062,15.735603332519531,29.147647857666016,17.682533264160156,6.117133617401123,18.22188186645508,30.4163761138916
2020-05-13,8.646672248840332,9.090060234069824,6.276342391967773,2.2799770832061768,10.099973678588867,5.66319465637207,17.338224411010742,15.280816078186035,28.12748146057129,17.674346923828125,5.8772454261779785,17.853477478027344,31.108530044555664
2020-05-14,9.015270233154297,9.481415748596191,6.150733470916748,2.4728543758392334,10.934285163879396,5.73398494720459,19.03936195373535,16.04485511779785,27.690263748168945,18.45170021057129,5.734611034393311,18.24077415466309,30.82013511657715
2020-05-15,8.938480377197266,9.303526878356934,6.259594917297363,2.3634605407714844,10.148106575012209,5.613642692565918,18.98069953918457,16.00847625732422,26.67009735107422,17.69890594482422,5.737851619720459,18.32579231262207,30.79449844360352
2020-05-18,9.291717529296877,9.748246192932127,6.782973289489746,2.52755069732666,10.854060173034668,6.144566535949707,20.438819885253903,16.64517593383789,30.45929336547852,18.54988479614257,6.2954277992248535,19.941104888916016,32.85173416137695
2020-05-19,9.168850898742676,9.484973907470703,6.866712093353272,2.4555814266204834,10.74174976348877,5.946354389190674,19.85222244262696,16.163103103637695,30.167818069458008,17.747989654541016,6.256527423858643,19.90332221984864,33.51825714111328
2020-05-20,9.322433471679688,9.723342895507812,6.931612014770508,2.5246713161468506,11.231104850769045,5.953433513641357,19.67624282836914,15.917518615722656,31.18798065185547,17.674346923828125,6.444547176361084,20.11113929748535,33.64643478393555
2020-05-21,9.12277603149414,10.409988403320312,6.69504451751709,2.6628520488739014,12.466526985168455,6.477279186248779,19.77680397033692,15.953898429870604,31.479463577270508,18.68899154663086,6.467240810394287,21.07466125488281,32.76842498779297
2020-05-22,9.015270233154297,10.143158912658691,6.632239818572998,2.6945178508758545,11.937061309814451,6.271988868713379,21.29358291625977,16.39959144592285,31.13940620422364,18.78718376159668,6.327845096588135,20.68736267089844,32.217262268066406
2020-05-25,9.422263145446776,11.206927299499512,6.6468939781188965,2.887394666671753,13.421170234680176,6.880781650543213,22.290802001953125,17.736658096313477,,19.605443954467773,6.593667507171631,22.27433967590332,32.10831069946289
2020-05-26,9.621918678283691,10.954325675964355,6.383112907409668,3.014060735702514,12.955883026123049,6.880781650543213,22.827123641967773,17.63661003112793,33.033992767333984,18.828096389770508,6.6617431640625,22.671083450317383,31.53151130676269
2020-05-27,10.274642944335938,10.993462562561035,6.481505870819092,3.146483898162842,14.038884162902832,7.0789947509765625,24.01708221435547,18.282405853271484,35.414390563964844,19.4172420501709,6.694159984588623,23.9179916381836,32.45439529418945
2020-05-28,9.844612121582031,10.954325675964355,6.427074432373047,3.054362773895264,14.038884162902832,6.9232563972473145,23.815963745117188,18.10049057006836,32.93684005737305,19.07357215881348,6.664985656738281,23.74795913696289,32.101898193359375
2020-05-29,9.583523750305176,10.97211456298828,6.628053188323975,3.109059810638428,13.597661018371582,6.774595737457275,23.438861846923828,18.236927032470703,31.91667556762696,18.85264015197754,6.755753040313721,23.700729370117188,33.96687316894531
2020-06-01,9.67567253112793,11.313657760620115,6.826935291290283,3.137847900390625,13.701949119567873,7.043598651885986,24.57854080200196,18.05501365661621,32.83968734741211,19.37257575988769,6.791412830352783,24.276948928833008,34.23604965209961
2020-06-02,9.959799766540527,11.676552772521973,6.797626972198486,3.2040586471557617,14.600438117980955,7.588682174682617,24.964019775390625,18.282405853271484,34.24847412109375,20.674461364746094,7.086407661437988,24.88151359558105,34.23604965209961
2020-06-03,10.174813270568848,12.363195419311523,6.747384071350098,3.2414815425872803,16.758413314819336,8.239949226379395,24.762903213500977,18.91910552978516,35.75444412231445,21.22304344177246,7.151241779327393,26.34568977355957,34.389854431152344
2020-06-04,10.274642944335938,12.430792808532717,7.0132575035095215,3.218452453613281,16.806547164916992,8.381529808044434,24.570161819458008,18.737192153930664,37.6004638671875,21.83713722229004,7.183661460876465,25.63721466064453,35.671630859375
2020-06-05,10.789141654968262,12.523297309875488,6.981855392456055,3.2817840576171875,16.589948654174805,8.409845352172852,24.813182830810547,18.700807571411133,38.28057098388672,22.320220947265625,7.407340049743652,26.808555603027344,34.99870300292969
2020-06-08,11.211493492126465,12.946667671203612,6.921143531799316,3.457388639450073,17.769210815429688,8.74963665008545,26.56460189819336,19.60128593444824,41.09817886352539,23.22089385986328,7.5694260597229,27.63982963562012,35.107643127441406
2020-06-09,10.996478080749512,12.733201026916504,6.921143531799316,3.468904495239258,17.191614151000977,8.777952194213867,26.707061767578125,19.8013916015625,38.960693359375,22.76236343383789,7.355473041534424,27.49813461303711,35.24223709106445
2020-06-10,10.720029830932615,12.171077728271484,6.80390739440918,3.3134512901306152,16.758413314819336,8.353212356567383,25.21542358398437,19.58309364318848,36.96893310546875,21.77163314819336,7.138277530670166,26.35513496398925,34.73594284057617
2020-06-11,,,,,,,,,33.7626838684082,,,,
2020-06-12,10.420544624328612,11.865111351013184,6.6887640953063965,3.1752705574035645,16.317190170288086,8.247028350830078,25.089723587036133,19.64676284790039,35.22007369995117,21.33767509460449,6.885421752929688,26.22288703918457,34.22323226928711
2020-06-15,10.313037872314451,11.765494346618652,6.724353790283203,3.094666004180908,16.646102905273438,8.225790023803711,24.184682846069336,19.53761482238769,35.17148971557617,20.83822250366211,6.911355972290039,25.854480743408203,34.53085708618164
2020-06-16,10.182494163513184,11.918478965759276,6.864619731903076,3.201179981231689,16.798526763916016,8.424001693725586,24.15116310119629,19.428466796875,36.288822174072266,21.435922622680664,7.196627616882324,26.260671615600582,35.49858856201172
2020-06-17,10.574127197265623,12.274250984191896,6.971388339996338,3.373906373977661,17.929658889770508,9.025716781616213,26.56460189819336,20.09245681762696,35.17148971557617,21.706130981445312,7.212835788726807,27.394222259521484,36.01770782470703
2020-06-18,10.505016326904297,12.238676071166992,6.986043453216553,3.270270347595215,17.929658889770508,9.47877311706543,25.88582229614257,19.7650089263916,35.36581802368164,22.557666778564453,7.326295852661133,26.969141006469727,35.99847412109375
2020-06-19,10.627882957458496,12.075018882751465,6.726447105407715,3.2760281562805176,18.266590118408203,10.023855209350586,25.8020248413086,20.14702796936035,34.73427200317383,22.99981689453125,7.222561359405518,27.03526496887207,35.35759353637695
2020-06-22,10.835217475891112,11.825974464416504,6.747384071350098,3.333602905273437,18.338790893554688,9.931828498840332,25.72660446166992,20.17431640625,34.19990921020508,22.287471771240234,7.089651584625244,28.64113426208496,35.24864196777344
2020-06-23,10.696993827819824,11.929150581359863,6.887646198272705,3.2817840576171875,18.828144073486328,10.28577709197998,25.315980911254883,20.14702796936035,34.005584716796875,21.992706298828125,7.297119140625,29.18901824951172,35.62677001953125
2020-06-24,10.505016326904297,11.463085174560549,6.826935291290283,3.178150653839112,18.162303924560547,10.15835666656494,24.662342071533203,20.17431640625,31.72235107421875,21.15754508972168,7.102618217468262,28.688365936279297,35.49858856201172
2020-06-25,10.888972282409668,11.744147300720217,6.864619731903076,3.221331834793091,18.571434020996094,10.597253799438477,25.617664337158203,20.5472412109375,32.451053619384766,21.41136360168457,7.25173807144165,29.32126808166504,35.8895263671875
2020-06-26,10.71235179901123,11.320775985717772,6.831121921539307,3.0514848232269287,17.584701538085938,10.512307167053224,25.374643325805664,20.456283569335938,31.526657104492188,21.05109596252441,7.092891216278076,27.88543128967285,35.645992279052734
2020-06-29,10.95040512084961,11.89713191986084,6.801814079284668,3.12921142578125,18.42703437805176,10.767149925231934,25.978002548217773,20.774635314941406,33.083518981933594,21.68155670166016,7.313329696655273,28.84895133972168,35.65240478515625
2020-06-30,10.858254432678224,11.43817901611328,6.979761600494385,3.1723928451538086,18.330766677856445,11.128179550170898,25.978002548217773,21.12027168273925,33.229488372802734,20.83822250366211,7.242011547088623,29.29292869567871,35.8382568359375
2020-07-01,11.02719497680664,11.765494346618652,6.908583164215088,3.215573310852051,19.710590362548828,11.114020347595217,27.335561752319336,21.78425979614257,32.7916145324707,21.383026123046875,7.248495101928711,29.96361541748047,34.95384216308594
2020-07-02,10.881292343139648,11.797514915466309,6.908583164215088,3.201179981231689,19.70256805419922,11.432575225830078,26.86628532409668,21.47500228881836,33.18082809448242,21.751697540283203,7.33926248550415,29.566869735717773,35.562679290771484
2020-07-03,10.858254432678224,11.918478965759276,6.8688063621521,3.2040586471557617,20.312255859375,11.581233978271484,27.310422897338867,22.04803466796875,,21.71073341369629,7.293880462646484,31.14440155029297,35.4152717590332
2020-07-06,11.02719497680664,12.334733963012695,6.95045280456543,3.270270347595215,20.536880493164062,11.75113010406494,27.49478340148925,21.966175079345703,34.05656814575195,22.71843719482422,7.504591941833496,31.078275680541992,36.25482940673828
2020-07-07,11.096306800842283,11.840206146240234,6.95045280456543,3.2414815425872803,20.54490089416504,11.75113010406494,28.07299995422364,22.16628074645996,32.888919830322266,21.604228973388672,7.378165245056152,31.13495445251465,36.12665939331055
2020-07-08,11.295963287353516,12.128382682800291,7.06978178024292,3.310572385787964,21.45141220092773,12.232500076293944,28.366304397583008,22.311811447143555,33.37544631958008,22.07121086120605,7.559698581695557,32.32518768310547,36.73550033569336
2020-07-09,11.24221134185791,12.082133293151855,7.01116418838501,3.3307251930236816,21.57976531982422,12.487345695495604,30.80488014221192,21.84792900085449,32.013179779052734,22.07941055297852,7.342504501342773,32.07013320922852,36.1587028503418
2020-07-10,11.403471946716309,12.1461763381958,7.1744585037231445,3.3163304328918457,22.486278533935547,12.359922409057615,30.394264221191406,22.229951858520508,32.5483512878418,22.28423500061035,7.455965042114258,33.13756561279297,36.51118850708008
2020-07-13,10.750747680664062,12.025209426879885,7.222609996795654,3.359511613845825,21.29096794128418,12.253739356994627,29.42218589782715,21.73878288269043,32.59699630737305,21.95652198791504,7.407340049743652,32.46721649169922,36.94698715209961
2020-07-14,10.681634902954102,12.220884323120115,7.639217376708984,3.284662961959839,21.563720703125,12.36700439453125,29.162403106689453,21.556867599487305,33.472747802734375,22.32518577575684,7.663435935974121,33.217411041259766,39.542572021484375
2020-07-15,10.973441123962402,12.34185028076172,7.739706516265869,3.2961792945861816,21.411300659179688,12.444872856140137,30.12610244750977,22.193567276000977,34.73771286010742,22.48084831237793,7.844971656799316,32.22981262207031,39.60025405883789
2020-07-16,10.789141654968262,12.238676071166992,7.588974475860596,3.2386038303375244,20.978099822998047,12.175868034362791,29.606544494628903,22.17537498474121,34.29982376098633,22.103986740112305,7.66019344329834,32.41973876953125,38.52996826171875
2020-07-17,10.873614311218262,12.615796089172363,7.699929714202881,3.261634349822998,22.14934539794922,12.593528747558594,33.85520553588867,22.56649208068848,34.39714050292969,22.30061149597168,7.666676998138428,32.39125061035156,39.11958694458008
2020-07-20,10.842896461486816,12.565991401672363,7.727144718170166,3.35087513923645,22.486278533935547,12.742189407348633,33.52000427246094,22.37940216064453,33.424102783203125,22.36614990234375,7.61805248260498,32.32477569580078,38.96577835083008
2020-07-21,11.272926330566406,12.626472473144531,7.685274124145508,3.3134512901306152,22.01296806335449,12.777584075927734,32.48088073730469,22.139951705932617,34.251190185546875,22.759408950805664,7.776896953582764,32.134857177734375,38.26079940795898
2020-07-22,11.295963287353516,12.523297309875488,7.850661754608154,3.569660186767578,21.9327449798584,12.73511028289795,32.7741813659668,22.37940216064453,34.34848403930664,22.17772674560547,7.695852279663086,32.087371826171875,37.96599578857422
2020-07-23,11.05791187286377,12.220884323120115,7.712491035461426,3.4948134422302246,21.14656639099121,12.232500076293944,32.2294807434082,22.29651641845703,34.251190185546875,21.71073341369629,7.607398986816406,30.94783973693848,37.7160530090332
2020-07-24,11.464902877807615,12.07857608795166,7.7878570556640625,3.457388639450073,20.933433532714844,11.906868934631348,31.92779922485352,22.692529678344727,33.37544631958008,21.6861572265625,7.640148162841797,30.74842071533203,37.55582427978516
2020-07-27,11.733672142028809,12.420119285583496,8.166781425476074,3.555267333984375,21.046850204467773,11.46796989440918,32.93339920043945,23.033287048339844,32.64566421508789,22.77579116821289,7.784238338470459,31.147254943847656,39.3310775756836
2020-07-28,11.5877685546875,12.462808609008787,8.07885456085205,3.5667824745178223,20.7876091003418,10.597253799438477,32.59820556640625,22.88593101501465,33.52140045166016,22.64470291137696,7.659793853759766,30.57749366760254,38.67097091674805
2020-07-29,11.633845329284668,12.790125846862791,8.227494239807129,3.509207010269165,21.79215431213379,11.021994590759276,33.31050491333008,22.88593101501465,32.061824798583984,23.17723274230957,7.80388879776001,32.704620361328125,40.34367752075195
2020-07-30,11.17309856414795,12.380985260009766,8.034891128540039,3.523600816726685,22.37544059753418,11.390101432800291,33.33267974853516,23.43851089477539,30.45630073547364,22.78397560119629,7.636870861053467,32.38175582885742,39.26699447631836
2020-07-31,10.673956871032717,11.946940422058104,8.06629467010498,3.4545106887817383,22.21341896057129,11.446732521057127,32.27547073364258,23.51218605041504,29.53191375732422,22.030248641967773,7.433833599090576,31.726524353027344,38.90809631347656
2020-08-03,10.528053283691406,12.220884323120115,8.053733825683594,3.464872360229492,21.670637130737305,10.972439765930176,32.808448791503906,23.346416473388672,29.72652244567871,22.362247467041016,7.315939426422119,30.985824584960938,38.61968994140625
2020-08-04,10.289999008178713,11.847322463989258,8.022330284118652,3.3882839679718018,20.973939895629883,10.7388334274292,32.32789611816406,22.83988380432129,29.872478485107425,21.05887031555176,7.306115627288818,31.004817962646484,38.90168762207031
2020-08-05,10.121061325073242,11.857994079589844,8.265177726745605,3.360710859298706,21.24937629699707,10.98659896850586,32.06578063964844,23.180641174316406,31.137432098388672,21.0424747467041,7.777688980102539,31.24221992492676,39.85660552978516
2020-08-06,10.182494163513184,12.220884323120115,8.200278282165527,3.495506763458252,21.225074768066406,11.099861145019531,33.236576080322266,23.042495727539062,30.796873092651367,21.33759117126465,7.80388879776001,31.764503479003903,39.62588882446289
2020-08-07,10.2208890914917,12.13550090789795,8.032797813415527,3.425045728683472,20.933433532714844,10.972439765930176,32.90454864501953,22.701738357543945,31.137432098388672,20.88672637939453,7.6335954666137695,30.397066116333008,38.74146270751953
2020-08-10,10.16713523864746,12.249349594116213,8.269365310668945,3.428110122680664,20.75520706176757,10.887493133544922,32.546329498291016,22.655691146850582,32.451053619384766,21.15723991394043,7.892307758331299,30.017223358154297,39.86301040649414
2020-08-11,10.29767894744873,12.071463584899902,8.076761245727539,3.372965812683105,20.32584381103516,10.823782920837402,32.0220947265625,22.02022933959961,32.74296188354492,20.91131401062012,7.758040428161621,29.798812866210938,38.63251495361328
2020-08-12,10.351433753967283,12.00742244720459,8.173062324523926,3.299440860748291,19.766864776611328,10.51938533782959,31.3405818939209,22.112323760986328,32.694305419921875,20.67359733581543,7.875933647155762,29.248035430908203,39.41439437866211
2020-08-13,10.144099235534668,11.765494346618652,8.166781425476074,3.192216634750366,19.36990737915039,10.335330963134766,29.16500663757324,21.69788932800293,32.1104850769043,20.08338737487793,7.643421649932861,29.798812866210938,38.6773796081543
2020-08-14,10.182494163513184,11.8046293258667,8.217026710510254,3.1860880851745605,19.73446083068848,10.639727592468262,29.77661323547364,22.112323760986328,32.402400970458984,20.27192687988281,7.613947868347168,30.273616790771484,39.31826019287109
2020-08-17,9.867650032043455,11.50222110748291,8.336355209350586,3.121753692626953,19.03775787353516,10.108802795410156,27.793251037597656,21.559743881225582,31.47800636291504,19.78828239440918,7.617223262786865,28.431371688842773,39.88224029541016
2020-08-18,10.044268608093262,11.658759117126465,8.583390235900879,3.204470634460449,19.71015167236328,10.391963005065918,28.46602249145508,22.06627655029297,31.3320426940918,19.91390609741211,7.73184061050415,30.017223358154297,40.4141731262207
2020-08-19,9.867650032043455,11.60539436340332,8.551987648010254,3.222852230072021,19.07826232910156,10.342409133911133,27.67093086242676,21.47685813903809,31.04013442993164,19.815317153930664,7.699093818664551,29.91276359558105,39.98478317260742
2020-08-20,9.89068603515625,11.61606788635254,8.711094856262207,3.201406955718994,19.791166305541992,10.583096504211426,27.80199241638184,21.72551727294922,30.504959106445312,19.815317153930664,7.617223262786865,31.07129096984864,40.34367752075195
2020-08-21,9.959799766540527,11.722801208496094,8.478716850280762,3.311694860458374,19.97749328613281,10.469833374023438,29.76787376403809,21.587373733520508,30.69956398010254,19.782451629638672,7.558278083801269,31.451133728027344,39.86301040649414
2020-08-24,9.875329971313477,12.062494277954102,8.48918342590332,3.308631420135498,19.60483932495117,10.44859504699707,32.66864776611328,22.22283744812012,32.256439208984375,20.111061096191406,7.708919525146484,30.69144630432129,40.3500862121582
2020-08-25,9.790860176086426,11.990368843078612,8.353103637695312,3.4066648483276367,19.523828506469727,10.25038242340088,33.376365661621094,22.22283744812012,32.061824798583984,19.963191986083984,7.672894477844238,30.463537216186523,39.491302490234375
2020-08-26,9.752463340759276,11.701879501342772,8.376133918762207,3.2626779079437256,19.159273147583008,10.200830459594728,31.803661346435547,21.900503158569336,31.526657104492188,19.544214248657227,7.453481674194336,29.59939193725586,39.57461166381836
2020-08-27,9.737105369567873,11.810065269470217,8.097696304321289,3.302504539489746,19.08636474609375,10.37780475616455,31.5065975189209,21.82682609558105,31.526657104492188,19.86461067199707,7.417459487915039,29.40947151184082,38.95936584472656
2020-08-28,9.790860176086426,12.040857315063477,8.29658031463623,3.360710859298706,20.495969772338867,11.036151885986328,32.75602340698242,22.17679023742676,32.159141540527344,20.06999969482422,7.568100452423096,30.093191146850582,39.15804672241211
2020-08-31,9.45297908782959,11.774003028869627,8.309141159057617,3.2259154319763184,19.53193092346192,10.554779052734377,31.026042938232425,21.366342544555664,30.845521926879883,19.347043991088867,7.309389591217041,29.143579483032227,38.247989654541016
2020-09-01,9.714068412780762,11.975947380065918,8.384507179260254,3.320885419845581,19.87217903137207,10.944125175476074,31.89103126525879,22.075483322143555,30.115741729736328,20.0087947845459,7.649973392486572,29.542415618896484,39.58102416992188
2020-09-02,9.798538208007812,11.990368843078612,8.248430252075195,3.330075740814209,19.693952560424805,11.114020347595217,32.974456787109375,22.001808166503903,31.3320426940918,19.96769523620605,7.630321502685547,29.257532119750977,39.29903411865234
2020-09-03,9.67567253112793,12.177892684936523,8.028610229492188,3.345393419265747,19.68585205078125,10.632649421691896,31.98714065551757,21.69788932800293,30.748220443725582,20.45270538330078,7.630321502685547,29.08660316467285,38.01726913452149
2020-09-04,9.67567253112793,12.242801666259766,8.095603942871094,3.3055672645568848,19.321298599243164,10.7388334274292,31.847347259521484,21.900503158569336,31.234737396240234,20.51846694946289,7.640148162841797,29.01063537597656,38.76710510253906
2020-09-08,9.48369598388672,11.993978500366213,8.0160493850708,3.2841227054595947,19.40231132507324,11.05030918121338,31.77744674682617,21.81761360168457,29.872478485107425,20.05811882019043,7.374886989593506,29.21005249023437,37.9852294921875
2020-09-09,9.48369598388672,11.979551315307615,8.028610229492188,3.428110122680664,19.8316707611084,11.206048011779783,31.786182403564453,22.2136287689209,29.96978187561035,20.08279228210449,7.538627624511719,29.53291893005371,38.453067779541016
2020-09-10,9.45297908782959,11.730730056762695,7.886250495910644,3.3790926933288574,19.475221633911133,10.845019340515137,30.66781044006348,21.559743881225582,29.19134521484375,19.65531349182129,7.253718376159668,28.85869407653809,37.51096725463867
2020-09-11,9.245643615722656,11.539605140686035,8.240055084228516,3.296377182006836,19.167377471923828,10.7388334274292,30.05620574951172,21.0532169342041,28.94808578491211,19.425138473510746,7.217695236206055,28.801719665527344,39.70279312133789
2020-09-14,9.65263557434082,11.707056999206545,8.269365310668945,3.314757823944092,19.936988830566406,10.944125175476074,30.02999496459961,21.40318298339844,29.921127319335938,19.770404815673828,7.145648956298828,29.41896629333496,39.67715835571289
2020-09-15,9.898366928100586,11.573201179504396,8.445219039916992,3.2534873485565186,19.815465927124023,10.512307167053224,28.920360565185547,20.979537963867188,29.67786979675293,19.507339477539062,7.162022590637207,29.067609786987305,40.11936569213867
2020-09-16,9.644957542419434,11.609378814697266,8.330076217651367,3.311694860458374,19.45091819763184,10.43443775177002,29.16500663757324,21.311084747314453,32.840267181396484,19.44980239868164,7.188222408294678,28.383888244628903,39.07472610473633
2020-09-17,10.10570240020752,11.631085395812988,8.487090110778809,3.345393419265747,19.1430721282959,10.349489212036133,29.09510803222656,21.486068725585938,34.29982376098633,19.474458694458008,7.34868860244751,28.013540267944336,39.78610610961914
2020-09-18,9.821576118469238,11.338046073913574,8.426376342773438,3.2565510272979736,18.64889907836914,10.052170753479004,28.300012588500977,20.979537963867188,33.472747802734375,18.98945426940918,7.184946060180664,27.15888977050781,39.51693344116211
2020-09-21,9.775500297546388,11.171628952026367,8.091416358947754,3.1983439922332764,18.478775024414062,9.769012451171877,28.570873260498047,21.044008255004883,30.894174575805664,18.825035095214844,6.968808650970459,26.389705657958984,38.453067779541016
2020-09-22,9.829254150390623,11.149924278259276,8.114444732666016,3.2565510272979736,19.062061309814453,9.846879959106444,28.352439880371094,20.804555892944336,30.40764808654785,18.98945426940918,6.96553373336792,26.7790470123291,38.59829711914063
2020-09-23,9.55280590057373,10.91838836669922,8.116537094116211,3.189152479171753,18.535484313964844,9.627431869506836,27.767040252685547,20.3717041015625,29.72652244567871,18.47977828979492,6.795244693756104,26.43718719482422,39.4595947265625
2020-09-24,9.729426383972168,11.005213737487791,8.173062324523926,3.302504539489746,18.972949981689453,9.776090621948242,27.96799659729004,20.675621032714844,29.483259201049805,18.93190574645996,6.844367027282715,27.0069522857666,39.16582489013672
2020-09-25,9.85997200012207,10.961798667907717,8.2672700881958,3.228979110717773,19.11876678466797,9.726536750793455,27.985471725463867,20.813766479492188,29.7756576538086,18.8332576751709,6.77232027053833,26.96896743774414,39.55974578857422
2020-09-28,9.583523750305176,11.037769317626951,8.164688110351562,3.1484289169311523,18.29244804382324,9.436299324035645,26.6661434173584,20.07699584960937,30.21424674987793,18.825035095214844,6.608580589294434,26.104820251464844,39.245941162109375
2020-09-29,9.48369598388672,10.766440391540527,8.202372550964355,3.1268224716186523,18.14662742614746,9.337193489074709,26.36034202575684,19.90201187133789,29.82438850402832,18.414012908935547,6.421915531158447,26.066837310791016,38.95883941650391
2020-09-30,9.629597663879396,10.715790748596191,8.36357307434082,3.117561817169189,18.827125549316406,9.58495807647705,26.49139976501465,19.50599670410156,30.36044883728028,18.4962215423584,6.474311828613281,27.08765411376953,39.466270446777344
2020-10-01,9.752463340759276,10.777295112609863,8.332168579101562,3.1700358390808105,19.68585205078125,10.186674118041992,26.438974380493164,19.754657745361328,30.4091796875,18.52500915527344,6.533257961273193,28.32845687866211,39.299354553222656
2020-10-02,9.621918678283691,10.748350143432615,8.227494239807129,3.1329946517944336,18.98914909362793,10.15127658843994,25.923479080200195,19.36785316467285,31.14016914367676,18.58259010314941,6.281097888946533,27.91803741455078,38.93880844116211
2020-10-05,9.836934089660645,10.936474800109863,8.413816452026367,3.241029977798462,19.08636474609375,10.15835666656494,27.338916778564453,19.920429229736328,31.23763465881348,18.780012130737305,6.588930606842041,27.66033363342285,39.7867546081543
2020-10-06,10.243926048278809,10.86411952972412,8.332168579101562,3.216337203979492,19.68585205078125,10.342409133911133,27.312705993652344,19.671772003173828,30.068050384521484,18.812917709350582,6.54635763168335,27.746234893798828,39.13911056518555
2020-10-07,10.389829635620115,10.784526824951172,8.487090110778809,3.21016263961792,19.84787368774414,10.356568336486816,27.36512565612793,19.413902282714844,30.75030517578125,18.673078536987305,6.520157814025879,27.45035171508789,40.17400360107422
2020-10-08,10.505016326904297,11.30548858642578,8.61479377746582,3.2749838829040527,20.31774139404297,10.660965919494627,26.97195053100586,19.57046699523925,32.4072265625,19.800048828125,6.742846488952637,27.593521118164062,40.92180252075195
2020-10-09,10.420544624328612,11.22951316833496,8.61479377746582,3.296590566635132,21.24937629699707,10.441516876220703,27.006898880004883,19.22049903869629,33.33314514160156,19.74246597290039,6.520157814025879,29.12066078186035,41.12878036499024
2020-10-12,,,,,,,,,33.2844123840332,,,,
2020-10-13,10.558770179748535,11.233131408691406,8.91207218170166,3.3058507442474365,21.403301239013672,10.111942291259766,27.3039665222168,18.97183990478516,32.74834442138672,19.55326461791992,6.592205047607422,28.41435813903809,41.48932647705078
2020-10-14,10.59716510772705,11.160774230957031,8.951848983764648,3.361410856246948,21.07115173339844,10.261749267578123,27.53113555908203,19.22970962524414,33.235679626464844,19.495681762695312,6.552907466888428,28.624340057373047,42.06352996826172
2020-10-15,10.320718765258787,11.236748695373535,8.956034660339355,3.370670795440674,21.297985076904297,10.284219741821287,27.880624771118164,19.21128845214844,33.47934341430664,19.32293510437012,6.480861186981201,28.73887634277344,41.70966339111328
2020-10-16,10.190174102783203,10.950949668884276,9.002091407775879,3.367584466934204,20.80381393432617,10.284219741821287,28.02042388916016,19.12840461730957,35.5261116027832,19.01034545898437,6.320395469665527,29.11111831665039,41.55609893798828
2020-10-19,10.098023414611816,11.07033348083496,8.935100555419922,3.339804172515869,20.91722869873047,9.962135314941406,27.985471725463867,19.26654815673828,35.5261116027832,19.215999603271484,6.389166831970215,29.092025756835938,41.36246871948242
2020-10-20,10.274642944335938,11.58043384552002,8.962316513061523,3.383017539978028,21.654436111450195,10.186845779418944,28.25632667541504,19.48758125305176,35.76976776123047,19.981014251708984,6.608580589294434,29.90332221984864,41.28902053833008
2020-10-21,10.266963958740234,11.66726303100586,9.056524276733398,3.373757839202881,21.840763092041016,10.456497192382812,28.57960700988769,19.24812889099121,35.672298431396484,20.1619873046875,6.605304718017578,29.43563461303711,41.96337127685547
2020-10-22,10.420544624328612,12.173750877380373,8.935100555419922,3.395364761352539,21.492412567138672,10.441518783569336,29.02521133422852,19.20207977294922,37.621620178222656,21.198471069335938,6.814892768859863,28.92976760864257,42.13029098510742
2020-10-23,10.666277885437012,12.13033390045166,8.928821563720703,3.367584466934204,21.17646598815918,10.119433403015137,29.16500663757324,19.091567993164062,37.18301773071289,20.9270076751709,6.710097789764404,28.70069694519043,42.36397933959961
2020-10-26,10.904329299926758,12.11948013305664,8.897417068481445,3.373757839202881,20.593181610107425,9.939664840698242,29.462072372436523,19.146821975708008,35.96470260620117,21.0750789642334,6.615128993988037,28.12802124023437,41.72969055175781
2020-10-27,10.535733222961426,11.859001159667969,8.897417068481445,3.312023401260376,20.00179672241211,9.797348022460938,28.65824508666992,18.85211563110352,34.60019302368164,20.474578857421875,6.503785610198975,27.622154235839844,41.74972534179688
2020-10-28,10.266963958740234,11.265691757202148,8.646193504333496,3.2255964279174805,18.819026947021484,9.040825843811035,27.810726165771484,18.207439422607425,36.159629821777344,19.56148910522461,6.104257583618164,26.877674102783203,40.23409271240234
2020-10-29,9.898366928100586,11.200573921203612,8.71946907043457,3.20707631111145,19.24838829040528,9.03333568572998,27.758304595947266,18.621875762939453,35.91597366333008,19.660194396972656,6.3302202224731445,26.925397872924805,41.409210205078125
2020-10-30,9.353150367736816,10.780911445617676,8.706910133361816,3.16386342048645,18.46257400512696,8.441597938537598,27.13795661926269,18.354793548583984,36.159629821777344,19.3147087097168,6.222151279449463,25.636871337890625,40.4277229309082
2020-11-02,,,,,,,,,36.64696502685547,,,,
2020-11-03,9.81389617919922,10.889444351196287,9.106769561767578,3.188556432723999,18.50307846069336,8.404147148132324,27.74082946777344,18.299535751342773,38.255130767822266,19.78801727294922,6.467762470245361,26.639057159423828,42.29053497314453
2020-11-04,9.844612121582031,10.969034194946287,8.974876403808594,3.290417432785034,19.84787368774414,8.613877296447754,28.431076049804688,19.34022521972656,38.255130767822266,20.578208923339844,6.497236728668213,28.404815673828125,41.11542892456055
2020-11-05,10.236246109008787,11.102890014648438,9.119329452514648,3.410799264907837,20.990140914916992,8.980903625488281,29.514493942260746,20.270395278930664,38.93739700317383,21.063854217529297,6.529983043670654,28.729331970214844,41.76307678222656
2020-11-06,10.174813270568848,11.030537605285645,9.282623291015623,3.457098960876465,21.297985076904297,9.22059440612793,29.453332901000977,20.43617248535156,39.42472457885742,21.03916931152344,6.507060527801514,29.387910842895508,42.190391540527344
2020-11-09,10.91968822479248,11.830060005187988,9.337054252624512,3.5311801433563232,20.973939895629883,9.347928047180176,29.55818557739257,20.215137481689453,42.494873046875,22.743038177490234,7.171847820281982,28.967947006225582,42.190391540527344
2020-11-10,11.679919242858888,12.434226989746094,9.276342391967772,3.608346462249756,21.30608558654785,9.400361061096191,30.34453392028809,20.25197982788086,43.76192855834961,23.771947860717773,7.741665840148926,29.072938919067383,42.17035675048828
2020-11-11,11.441864967346191,12.35825538635254,9.316119194030762,3.4848787784576416,21.16026306152344,9.302986145019531,30.003780364990234,19.62572479248047,43.32332992553711,23.574403762817383,7.735116958618164,28.621789932250977,42.464134216308594
2020-11-12,11.226851463317873,11.840912818908691,9.668620109558104,3.4046247005462646,20.07470893859864,9.003373146057129,28.44855117797852,19.11919403076172,42.6898193359375,22.998205184936523,7.417459487915039,27.940319061279297,41.84319305419922
2020-11-13,11.603127479553224,11.956683158874512,9.68228816986084,3.4941394329071045,20.892927169799805,9.370399475097656,28.300012588500977,19.46916007995605,45.07771301269531,23.43446350097656,7.591024398803711,28.91933250427246,42.230445861816406
2020-11-16,11.795105934143066,12.26419162750244,9.873656272888184,3.626867294311523,21.281782150268555,9.475264549255373,28.352439880371094,19.644142150878903,46.63716125488281,24.25760078430176,7.836635112762451,29.552812576293945,43.345462799072266
2020-11-17,11.871895790100098,12.44422435760498,10.108309745788574,3.670080423355103,21.90557289123535,9.265535354614258,28.42233657836914,19.92964172363281,47.1732177734375,24.27405166625977,7.925055027008057,28.60259056091309,44.714202880859375
2020-11-18,11.395792961120604,12.4733304977417,10.044519424438477,3.7194671630859375,20.990140914916992,9.130708694458008,27.714618682861328,19.34943580627441,47.41688919067383,23.681396484375,7.934881210327148,28.01710319519043,44.36700439453125
2020-11-19,11.311322212219238,12.597046852111816,10.238163948059082,3.688600778579712,21.53291893005371,9.340438842773438,27.426288604736328,19.45073890686035,47.07575225830078,23.714330673217773,8.006926536560059,27.604381561279297,45.21495056152344
2020-11-20,,,,,,,,,47.56308364868164,,,,
2020-11-23,11.257568359375,12.560660362243652,10.930733680725098,3.6577343940734863,21.135961532592773,9.130708694458008,27.06806182861328,19.01788711547852,49.07379531860352,23.78840065002441,8.344229698181152,27.27804374694824,47.59856033325195
2020-11-24,11.326682090759276,12.895419120788574,11.338529586791992,3.790461778640747,21.289884567260746,9.422833442687988,28.03789710998535,19.063934326171875,50.92563247680664,24.455141067504883,8.789606094360352,26.865318298339844,49.94210433959961
2020-11-25,11.127023696899414,12.85902976989746,11.498001098632812,3.833675622940064,21.743547439575195,9.62507152557373,27.6971435546875,19.92964172363281,51.16928863525391,24.16705703735352,8.730661392211914,28.026700973510746,50.40945816040039
2020-11-26,11.07326889038086,12.65526294708252,11.709871292114258,3.799721956253052,21.387096405029297,9.587617874145508,28.273801803588867,20.021738052368164,,23.656709671020508,8.596391677856445,28.439422607421875,51.12387847900391
2020-11-27,10.996478080749512,12.593409538269045,12.008316040039062,3.842935800552368,22.1405086517334,9.774876594543455,28.1077938079834,20.39012336730957,50.68196868896485,23.837799072265625,8.48177433013916,28.52580642700196,52.37242889404297
2020-11-30,10.735387802124023,12.320508003234863,11.867069244384766,3.8984954357147217,21.921775817871094,9.377891540527344,27.13795661926269,20.067785263061523,49.60985565185547,23.50854110717773,8.367156028747559,27.4508113861084,52.078651428222656
2020-12-01,11.272926330566406,12.658905029296877,12.268026351928713,3.997270345687866,23.323280334472656,9.49024486541748,27.793251037597656,20.224349975585938,49.46364974975586,24.500940322875977,8.61276626586914,27.64277458190918,54.24859619140625
2020-12-02,11.426507949829102,12.713482856750488,11.9718656539917,4.015790939331055,24.068586349487305,9.684992790222168,29.007732391357425,20.325654983520508,50.828163146972656,24.69036102294922,8.730661392211914,29.063304901123047,53.307167053222656
2020-12-03,11.288283348083496,12.822643280029297,11.73265552520752,3.9849233627319336,24.72478485107422,9.992097854614258,28.929096221923828,20.77692604064941,51.65662384033203,24.67387962341309,8.907502174377441,29.514419555664062,52.71961975097656
2020-12-04,11.31900119781494,13.091907501220703,12.359155654907228,3.907756567001343,23.83365249633789,9.81233024597168,29.92514610290528,20.36249351501465,53.02113723754883,24.92096900939941,9.202235221862791,29.1304931640625,54.73599624633789
2020-12-07,11.495619773864746,13.153759956359863,12.477622032165527,4.08369779586792,24.036182403564453,9.767386436462402,29.38343620300293,20.270395278930664,52.92366409301758,25.069196701049805,8.995922088623047,28.51620864868164,55.38364410400391
2020-12-08,11.557053565979004,13.266561508178713,12.552802085876465,4.028137683868408,24.335926055908203,9.81233024597168,31.12215042114257,19.920429229736328,53.41099166870117,25.003314971923828,8.917325019836426,28.81375312805176,55.35026931762695
2020-12-09,11.71831512451172,13.08462619781494,12.52546215057373,4.018877506256104,23.874156951904297,9.587617874145508,31.42795753479004,19.57046699523925,55.50650024414063,25.151554107666016,8.92715072631836,28.27625274658203,55.21672058105469
2020-12-10,12.04851531982422,13.765058517456056,12.871750831604004,4.0867838859558105,24.50605010986328,9.520206451416016,31.995880126953125,19.9572696685791,55.16536712646485,25.98334693908692,9.251357078552246,28.67937660217285,56.75238800048828
2020-12-11,11.902612686157228,14.00521183013916,13.167912483215332,4.225686550140381,24.951610565185547,9.572639465332031,33.80448913574219,20.721668243408203,54.38564300537109,25.829833984375,9.172760009765623,28.37223625183105,56.65890502929688
2020-12-14,11.764389038085938,14.051557540893556,12.780620574951172,4.194819927215576,25.154142379760746,9.7374267578125,33.31520462036133,20.38091087341309,52.777469635009766,25.48322296142578,9.133462905883787,29.303258895874023,55.78424835205078
2020-12-15,11.948687553405762,14.230392456054688,12.937813758850098,4.160865783691406,25.688819885253903,9.962135314941406,33.813232421875,20.850605010986328,54.14197540283203,25.71428680419922,9.251357078552246,29.16888427734375,56.41854476928711
2020-12-16,12.148343086242676,14.36178207397461,13.008440017700195,4.160865783691406,25.416549682617188,9.962135314941406,32.67738723754883,20.887439727783203,53.264793395996094,26.2011775970459,9.352877616882324,29.600801467895508,57.56694793701172
2020-12-17,12.332643508911133,14.376380920410156,13.156521797180176,4.262725830078125,24.92236518859864,9.804839134216309,32.18809509277344,21.200571060180664,53.02113723754883,26.16816711425781,9.470767974853516,28.967323303222656,58.22126388549805
2020-12-18,12.501084327697754,14.270541191101074,13.31143856048584,4.309027671813965,24.60710525512696,9.729935646057127,32.20557403564453,21.09005546569824,52.72846984863281,26.12690734863281,9.37252712249756,28.76576042175293,58.62186813354492
2020-12-21,12.15427017211914,13.7924222946167,13.202085494995115,4.167038917541504,24.462257385253903,9.482755661010742,31.43669319152832,20.43617248535156,52.53336715698242,25.664777755737305,9.02539348602295,28.218664169311523,57.994258880615234
2020-12-22,12.225210189819336,13.974910736083984,13.019826889038086,4.275073051452637,24.453737258911133,9.347928047180176,30.929935455322266,20.859813690185547,51.75291061401367,25.788551330566406,9.11708927154541,28.01710319519043,58.04767608642578
2020-12-23,12.217327117919922,14.204842567443848,13.252206802368164,4.376934051513672,24.538942337036133,9.19812297821045,31.489118576049805,20.878231048583984,52.972354888916016,26.35797882080078,9.31357765197754,27.825138092041016,58.328102111816406
2020-12-24,,,,,,,,,51.94802474975586,,,,
2020-12-28,12.430145263671877,14.36178207397461,13.122347831726074,4.481882095336914,24.734912872314453,9.273024559020996,31.995880126953125,21.2189884185791,51.89925003051758,26.54777336120605,9.382349014282228,27.73875617980957,58.294708251953125
2020-12-29,12.572022438049316,14.277840614318848,13.04261302947998,4.466448783874512,24.854198455810547,9.58012866973877,31.96092796325684,21.16373062133789,51.509033203125,26.4900131225586,9.388898849487305,28.871341705322266,58.13446807861328
2020-12-30,12.335559844970703,14.16104793548584,13.04033374786377,4.494228363037109,25.118331909179688,9.804839134216309,32.03956604003906,21.329504013061523,52.240699768066406,26.10215377807617,9.447847366333008,28.97692108154297,58.38817596435547
2020-12-31,,,,,,,,,52.67969131469727,,,,
2021-01-04,12.20156192779541,13.719428062438965,13.31143856048584,4.451891899108887,24.283327102661133,9.954645156860352,31.13089179992676,20.95191192626953,51.07003021240234,25.51182556152344,9.6607084274292,28.026700973510746,61.06555938720703
2021-01-05,12.461674690246582,13.5770902633667,13.495970726013184,4.451891899108887,23.8147029876709,9.917195320129396,30.32706069946289,20.99795913696289,52.53336715698242,25.3467025756836,9.95544147491455,27.21085357666016,62.09376907348633
2021-01-06,12.713902473449709,13.887316703796388,14.38673973083496,4.543195724487305,23.201229095458984,9.655033111572266,29.83777618408203,20.54668617248535,55.41122817993164,26.08975601196289,10.070061683654783,26.1838493347168,64.13018798828125
2021-01-07,12.650845527648926,14.438429832458496,15.432428359985352,4.492822170257568,23.34607696533203,9.437813758850098,29.62807846069336,20.104625701904297,54.97223663330078,27.105287551879883,10.36479377746582,25.88630485534668,68.31651306152344
2021-01-08,13.029189109802246,14.522375106811523,15.601015090942385,4.801368713378906,24.462257385253903,9.894722938537598,30.562969207763672,20.73087882995605,55.31367111206055,27.09703063964844,10.34514617919922,27.853933334350582,68.10286712646484
2021-01-11,12.690256118774414,14.285139083862305,15.138543128967283,4.634501457214356,23.51648712158203,10.149394035339355,29.453332901000977,20.31644630432129,55.850223541259766,26.486061096191406,10.24690055847168,27.441211700439453,68.0895004272461
2021-01-12,13.24200439453125,14.416532516479492,15.44609832763672,4.615609645843506,24.675270080566406,10.71865940093994,30.064945220947266,20.31644630432129,57.45989227294922,26.568628311157227,10.210878372192385,27.997907638549805,66.2266845703125
2021-01-13,12.745430946350098,13.704829216003418,15.102093696594238,4.656539916992188,24.521902084350582,10.8684663772583,29.907670974731445,20.62036323547364,56.43556213378906,26.131046295166016,9.73930549621582,27.89232635498047,64.2436752319336
2021-01-14,12.87745189666748,13.671981811523438,15.184106826782228,4.725805759429932,25.373947143554688,10.95085906982422,31.00857353210449,21.375551223754883,56.87456512451172,26.907133102416992,9.77860164642334,29.22647285461425,65.29862213134766
2021-01-15,12.631939888000488,13.248608589172363,14.3707914352417,4.618760108947754,24.35149002075196,10.860976219177246,29.78535270690918,21.51369857788086,55.264896392822266,25.89161491394043,9.434744834899902,29.44723129272461,62.46100997924805
2021-01-18,12.845773696899414,13.113565444946287,14.648733139038086,4.543195724487305,24.325931549072266,10.606304168701172,29.584396362304688,21.0532169342041,,25.759519577026367,9.41837215423584,28.6409854888916,62.96842575073242
2021-01-19,12.88537311553955,12.890934944152832,14.42091464996338,4.464484691619873,24.078838348388672,10.501440048217772,29.09510803222656,20.97032928466797,55.75267028808594,25.45403480529785,9.536266326904297,28.66018295288086,62.80150604248047
2021-01-20,12.687379837036133,12.6026029586792,14.147530555725098,4.357439041137695,24.215164184570312,10.381593704223633,28.832988739013672,20.51905632019043,55.557559967041016,25.032958984375,9.375800132751465,28.6409854888916,61.6397590637207
2021-01-21,12.3626708984375,12.474862098693848,14.08374309539795,4.354290008544922,22.920053482055664,9.902213096618652,27.3476505279541,20.261186599731445,53.99668502807617,24.69446182250977,9.198959350585938,27.422016143798828,62.33413696289063
2021-01-22,11.99836254119873,12.296024322509766,14.211320877075195,4.344844818115234,22.15321159362793,10.126923561096191,26.421499252319336,20.261186599731445,54.19178771972656,24.16605758666992,9.08106517791748,27.143667221069336,62.20729064941406
2021-01-25,,,,,,,,,53.6064682006836,,,,
2021-01-26,12.196356773376465,11.967549324035645,13.97666835784912,4.244095325469971,21.76127243041992,10.022058486938477,23.86148262023925,20.141462326049805,55.06978225708008,23.36395263671875,9.038492202758787,27.66196823120117,61.259185791015625
2021-01-27,12.196356773376465,12.31792449951172,13.623549461364746,4.234649658203125,21.89759826660156,10.014568328857422,24.56920051574707,20.42696189880371,55.50879287719727,23.36395263671875,9.162935256958008,27.31643486022949,59.55661392211914
2021-01-28,12.307231903076172,12.60625457763672,13.090456008911133,4.455039978027344,22.707040786743164,10.55387020111084,25.53903579711914,20.95191192626953,54.09423828125,24.30678939819336,9.365975379943848,28.20906639099121,60.825191497802734
2021-01-29,11.966684341430664,12.358071327209473,12.495847702026367,4.313360214233398,21.83795547485352,10.419045448303224,25.06722640991211,20.74008750915528,52.0943489074707,23.43839263916016,8.9500732421875,27.90192604064941,58.72202682495117
2021-02-01,12.354750633239746,12.515008926391602,12.869470596313477,4.451891899108887,22.51107406616211,10.5988130569458,26.937000274658203,20.813766479492188,52.38702774047852,24.063138961791992,9.205510139465332,27.49880027770996,60.93870544433594
2021-02-02,12.3626708984375,12.431065559387209,12.11994457244873,4.495969772338867,23.090463638305664,10.771090507507324,27.373863220214844,21.01637840270996,54.82590103149414,23.550098419189453,9.52316665649414,27.940319061279297,58.52840042114258
2021-02-03,12.418108940124512,12.529607772827148,12.530019760131836,4.540048122406006,23.97659111022949,11.055724143981934,27.714618682861328,21.40318298339844,54.63079071044922,23.43424415588379,9.59521198272705,28.11308479309082,60.37784576416016
2021-02-04,12.354750633239746,12.478508949279783,12.409276008605955,4.499118328094482,23.738018035888672,10.883445739746094,27.3166561126709,21.47685813903809,55.850223541259766,23.3349609375,9.585387229919434,28.074691772460938,59.61669158935547
2021-02-05,12.291393280029297,12.394563674926758,12.653040885925291,4.451891899108887,23.38016128540039,10.801053047180176,27.270898818969727,21.6334228515625,55.60633850097656,23.23566055297852,9.719655990600586,28.026700973510746,61.88680267333984
2021-02-08,11.832050323486328,12.361717224121094,12.700883865356444,4.458189487457275,24.49633979797364,11.010781288146973,27.17023086547852,21.49527931213379,56.63066482543945,22.80537796020508,9.316852569580078,27.94991683959961,62.76813125610352
2021-02-09,11.84788990020752,12.51135540008545,12.459396362304688,4.382627010345459,23.92546844482422,10.995800971984863,27.29835319519043,21.65184211730957,56.28921890258789,23.07843589782715,9.07451629638672,27.17246055603028,62.92838287353516
2021-02-10,11.88748836517334,12.339820861816406,12.473063468933104,4.322804927825928,23.55908966064453,10.681206703186035,26.785877227783203,21.467647552490234,55.60633850097656,22.91294288635254,9.18585968017578,26.1838493347168,63.22882461547852
2021-02-11,11.839971542358398,12.387267112731934,12.406999588012695,4.325953960418701,23.88286781311035,10.816033363342283,27.16108131408692,21.54132843017578,55.89901351928711,22.91294288635254,9.271004676818848,26.452598571777344,62.16054534912109
2021-02-12,11.713254928588867,12.31792449951172,12.375103950500488,4.2598371505737305,24.1555233001709,10.673717498779297,27.49053001403809,21.69788932800293,57.21599197387695,22.97086524963379,9.333226203918455,26.01108360290528,62.68801498413086
2021-02-16,,,,,,,,,58.38665771484375,,,,
2021-02-17,12.093401908874512,12.175582885742188,12.657599449157717,4.168532371520996,24.03623390197754,10.643755912780762,27.499679565429688,21.13610076904297,57.8501091003418,23.26048469543457,9.719655990600586,25.252826690673828,64.33048248291016
2021-02-18,11.713254928588867,12.139082908630373,12.867191314697266,4.06148624420166,23.75505828857422,10.449007987976074,26.99635887145996,21.172941207885746,56.728214263916016,23.09498786926269,9.637784957885742,24.84010505676269,65.03156280517578
2021-02-19,11.792451858520508,11.90915298461914,12.98565673828125,4.011110782623291,23.49944305419922,10.748620986938477,26.63945770263672,20.850605010986328,58.63054275512695,22.855016708374023,8.874751091003418,25.67514610290528,65.27857971191406
2021-02-22,11.546940803527832,10.52224349975586,12.580141067504885,3.872578620910645,22.102088928222656,10.08198070526123,26.456430435180664,20.141462326049805,60.97185897827149,21.191783905029297,7.057228088378906,25.42559242248535,63.66281127929688
2021-02-23,11.634056091308594,11.276689529418944,12.66671085357666,3.910360813140869,22.12765121459961,10.276729583740234,29.897321701049805,20.104625701904297,61.41086196899414,22.548852920532227,7.689269065856934,25.51197624206543,64.73109436035156
2021-02-24,11.626137733459473,11.232218742370604,13.01755142211914,3.8977673053741455,21.906118392944336,10.32916259765625,30.93141746520996,19.911222457885746,63.99607467651367,22.21785354614257,7.787514209747314,25.73273277282715,65.38542175292969
2021-02-25,11.245991706848145,10.917229652404783,12.75556182861328,3.7781267166137695,21.42897224426269,9.977116584777832,30.67518424987793,19.01788711547852,62.24008560180664,21.522768020629883,7.512429714202881,25.627153396606445,63.90317535400391
2021-02-26,11.103437423706056,10.39471435546875,12.598365783691406,3.7655320167541504,21.130754470825195,9.61009120941162,29.659385681152344,18.5113582611084,61.1669807434082,21.26228904724121,7.253718376159668,24.52336311340332,63.108642578125
2021-03-01,10.905444145202637,10.324304580688477,12.871750831604004,3.630148649215698,20.866622924804688,9.49773406982422,28.86322593688965,18.299535751342773,63.947296142578125,20.62529563903809,7.207871437072754,24.859298706054688,65.81272888183594
2021-03-02,11.079678535461426,10.720821380615234,13.124625205993652,3.737196683883667,21.0540714263916,9.62507152557373,29.210975646972656,18.520566940307617,63.31318283081055,21.457971572875977,7.1751227378845215,24.6577377319336,67.8357925415039
2021-03-03,11.222232818603516,10.74305820465088,12.757838249206545,3.705711603164673,20.193504333496094,9.332947731018066,29.0279483795166,18.64029121398925,65.55693054199219,21.507923126220703,6.867290019989014,24.475372314453125,67.00119018554688
2021-03-04,11.705333709716797,11.132164001464844,12.3705472946167,3.825352907180786,20.329832077026367,9.250555038452148,29.256732940673828,19.275758743286133,66.1910629272461,22.182392120361328,7.162022590637207,24.1202392578125,66.00635528564453
2021-03-05,11.942926406860352,11.33969020843506,13.101844787597656,3.7529385089874254,21.19891929626465,9.467775344848633,29.073705673217773,19.46916007995605,66.38629913330078,23.00672912597656,7.224244594573975,25.243227005004883,69.9218978881836
2021-03-08,11.634056091308594,10.820878982543944,13.167912483215332,3.6144073009490967,19.58003044128418,8.688780784606934,29.128612518310547,18.95342063903809,69.1686782836914,22.27397918701172,6.877114295959473,23.41957092285156,69.54512023925781
2021-03-09,12.006284713745115,10.74305820465088,12.814794540405272,3.576625347137451,18.87282943725586,8.38167667388916,28.625293731689453,18.962629318237305,68.33883666992188,22.582077026367188,7.004832744598389,23.17001914978028,68.84735870361328
2021-03-10,12.093401908874512,11.080283164978027,12.586973190307615,3.749789237976074,19.39258003234864,8.658819198608398,29.00049591064453,19.294178009033203,64.6778335571289,22.748611450195312,7.29956579208374,23.41957092285156,67.78678131103516
2021-03-11,11.950845718383787,11.135869979858398,12.958318710327148,3.790719509124756,20.397994995117188,9.273024559020996,29.04625129699707,19.45995140075684,59.89411926269531,22.78192138671875,7.515703678131103,24.57135581970215,69.56604766845703
2021-03-12,11.903326988220217,11.171509742736816,13.063116073608398,3.806462049484253,20.77289390563965,9.31047821044922,29.10116004943848,19.51520729064941,61.40733337402344,22.63203430175781,7.433833599090576,24.54256057739257,67.96121978759766
2021-03-15,12.117158889770508,11.093313217163086,13.060836791992188,3.85054087638855,21.130754470825195,9.7898588180542,30.12610244750977,19.708608627319336,65.16596984863281,22.89849090576172,7.617223262786865,25.33920860290528,67.5565185546875
2021-03-16,11.919166564941406,11.123102188110352,13.00388240814209,3.8096108436584473,20.363914489746094,9.35541820526123,30.217618942260746,19.56125259399414,64.18968963623047,22.432201385498047,7.5026044845581055,24.89769172668457,67.34021759033203
2021-03-17,12.212196350097656,11.43218231201172,13.167912483215332,3.828500986099243,21.59938240051269,9.924684524536133,30.849056243896484,20.205930709838867,66.43511962890625,23.30649757385254,7.741665840148926,25.780725479125977,68.31008911132812
2021-03-18,12.117158889770508,11.335362434387209,12.95604133605957,3.859986305236816,20.704730987548828,9.437813758850098,30.93141746520996,20.012527465820312,64.6778335571289,23.439733505249023,7.522253036499023,24.94568252563477,67.09599304199219
2021-03-19,12.354750633239746,11.43218231201172,12.662154197692873,3.935548067092896,21.23300170898437,9.595110893249512,30.4006462097168,20.50063705444336,64.53140258789062,23.48968315124512,7.702368259429932,25.48318099975586,66.13309478759766
2021-03-22,12.307231903076172,11.46569538116455,12.436614990234377,3.875727891921997,21.343765258789062,9.512715339660645,29.723447799682617,20.086206436157227,64.09207153320312,23.62291717529297,7.558278083801269,26.06867027282715,65.03762817382812
2021-03-23,11.942926406860352,11.052349090576172,12.1677885055542,3.875727891921997,20.99442481994629,9.280517578125,30.199317932128903,19.86517333984375,61.7978515625,23.02339553833008,7.384710788726807,25.60795783996582,63.53746795654297
2021-03-24,11.72117519378662,10.8512601852417,12.24752426147461,3.797016143798828,20.006053924560547,9.010865211486816,29.549575805664062,19.358642578125,61.01681900024414,22.623714447021484,7.378160953521728,24.87849807739257,64.99576568603516
2021-03-25,11.871647834777832,11.00766372680664,12.213353157043455,3.916656970977783,20.611007690429688,9.370399475097656,31.013782501220703,20.70325088500977,62.72530364990234,23.02339553833008,7.518979072570801,25.857511520385746,64.5003662109375
2021-03-26,11.99836254119873,11.044901847839355,12.871750831604004,3.913509130477905,20.176464080810547,9.288006782531738,30.90396499633789,21.025585174560547,63.40869522094727,23.415998458862305,7.630321502685547,25.195236206054688,66.6563949584961
2021-03-29,12.117158889770508,11.097033500671388,13.329663276672363,4.030000686645508,19.656715393066406,8.928470611572266,30.327430725097656,20.84139442443848,63.21343231201172,23.407657623291016,7.744939804077148,24.52336311340332,68.36592102050781
2021-03-30,12.346832275390623,11.439629554748535,13.238533973693848,4.077227592468262,20.900707244873047,9.362909317016602,30.33658599853516,21.07163429260254,64.92192840576172,23.791393280029297,7.72201681137085,25.27202033996582,67.73095703125
2021-03-31,12.10923957824707,11.339086532592772,13.24992561340332,4.102415084838867,21.002948760986328,9.302986145019531,31.361534118652344,22.83988380432129,64.09207153320312,23.332576751708984,7.839909553527832,24.94568252563477,68.35891723632812
2021-04-01,11.879568099975586,11.15289306640625,13.488675117492676,4.020556449890137,20.55988311767578,9.13819980621338,30.75754737854004,23.014867782592773,64.82427978515625,22.618953704833984,7.735116958618164,24.66733741760254,67.9542236328125
2021-04-05,12.093401908874512,11.1379976272583,14.264718055725098,3.938696622848511,21.18188095092773,9.325458526611328,31.70928382873535,23.208271026611328,65.70294189453125,22.91108703613281,7.816986083984375,25.012868881225582,72.14076232910156
2021-04-06,12.188437461853027,11.003939628601074,14.294562339782717,3.989070653915405,21.386371612548828,9.437813758850098,32.029579162597656,23.300365447998047,65.41004180908203,22.64399528503418,7.758040428161621,25.905502319335938,71.20578002929688
2021-04-07,12.05380153656006,10.933186531066896,14.50847053527832,3.995367765426636,21.11371803283692,9.280517578125,32.6518669128418,22.858304977416992,65.36124420166016,22.44368362426757,7.794062614440918,26.16465377807617,72.95712280273438
2021-04-08,12.235954284667969,10.84009075164795,14.762178421020508,3.998516321182251,21.46305656433105,9.23557472229004,32.9355583190918,22.75699806213379,65.65412139892578,22.26840591430664,7.663070201873779,25.799922943115234,72.91526794433594
2021-04-09,12.164676666259766,10.869880676269531,14.74974250793457,3.960736036300659,21.820913314819336,9.66252326965332,32.44138717651367,22.563594818115234,66.38629913330078,22.23502349853516,7.69581937789917,26.60616874694824,71.86864471435547
2021-04-12,12.283474922180176,11.003939628601074,14.712432861328123,3.976478099822998,21.83795547485352,9.864761352539062,31.791645050048828,22.563594818115234,66.3375015258789,22.78587913513184,7.774414539337158,26.538982391357425,72.1477279663086
2021-04-13,12.378509521484377,11.003939628601074,14.814411163330078,4.0362982749938965,21.73571014404297,9.7374267578125,31.8099422454834,22.4438705444336,65.60527801513672,22.77754020690918,7.774414539337158,26.548582077026367,72.2733383178711
2021-04-14,12.521065711975098,11.022557258605955,15.202431678771973,4.074079036712647,21.80387306213379,9.782367706298828,31.46220016479492,22.27809715270996,66.77682495117188,23.069669723510746,7.898857116699219,26.38541030883789,74.6596450805664
2021-04-15,12.568583488464355,11.037455558776855,15.284513473510742,4.039445877075195,21.52269554138184,9.729935646057127,31.297473907470703,22.609643936157227,66.14224243164062,23.069669723510746,7.760986328125,26.52938270568848,75.50393676757812
2021-04-16,12.51314640045166,11.085864067077637,15.52578353881836,4.06148624420166,21.829435348510746,9.969627380371094,32.532901763916016,22.96882057189941,65.36124420166016,23.328414916992188,7.66956090927124,26.43340301513672,75.82489776611328
2021-04-19,12.457707405090332,11.030007362365724,15.64517307281494,4.092970371246338,21.386371612548828,9.842290878295898,32.06618881225586,22.701738357543945,65.70294189453125,22.97785758972168,8.055578231811523,25.963090896606445,75.16902160644531
2021-04-20,12.370591163635254,11.20875072479248,15.471059799194336,4.250391960144043,21.548259735107425,9.62507152557373,32.24921417236328,22.931978225708008,63.7503776550293,22.861007690429688,7.855799198150635,25.463985443115234,74.07353973388672
2021-04-21,,,,,,,,,65.16596984863281,,,,
2021-04-22,12.5923433303833,11.108205795288086,15.54567813873291,4.234649658203125,21.46305656433105,9.677502632141112,32.688472747802734,23.06091690063477,65.45886993408203,22.869348526000977,7.859182834625244,25.29121971130371,74.12238311767578
2021-04-23,12.552743911743164,11.19757843017578,15.595423698425291,4.250391960144043,21.71866607666016,9.744916915893556,33.60360336303711,23.281944274902344,66.14224243164062,22.97785758972168,7.879500389099121,25.68474197387696,75.35041809082031
2021-04-26,12.346832275390623,11.20875072479248,15.655123710632324,4.234649658203125,21.849740982055664,9.894722938537598,34.0703239440918,23.05170440673828,66.23988342285156,22.961162567138672,7.889657497406006,25.550369262695312,75.755126953125
2021-04-27,12.10923957824707,11.085864067077637,15.670044898986816,4.196867942810059,21.662839889526367,9.924684524536133,33.100276947021484,22.931978225708008,65.84935760498047,22.61060905456543,7.70003604888916,25.156843185424805,76.8366470336914
2021-04-28,12.045880317687988,11.283227920532228,15.86903190612793,4.442446708679199,21.778541564941406,9.7374267578125,34.56047821044922,23.44771957397461,64.43376922607422,23.594602584838867,7.974311828613281,25.252826690673828,78.09259796142578
2021-04-29,12.08548069000244,11.037455558776855,15.64517307281494,4.417259693145752,21.43143653869629,9.707465171813965,34.062191009521484,23.843732833862305,64.48260498046875,22.850217819213867,7.815163612365723,25.14724540710449,78.113525390625
2021-04-30,11.832050323486328,11.037455558776855,15.29694652557373,4.357439041137695,20.941932678222656,9.587617874145508,34.58868789672852,23.06091690063477,64.04326629638672,23.02585792541504,7.821936130523682,24.859298706054688,76.06910705566406
2021-05-03,11.72117519378662,11.07841682434082,15.29694652557373,4.444012641906738,20.924131393432617,9.729935646057127,34.59808349609375,22.464719772338867,65.65412139892578,23.348039627075195,7.791462421417236,25.08906936645508,75.6783676147461
2021-05-04,11.594460487365724,10.936911582946776,15.279539108276367,4.38892126083374,20.73723030090332,9.67001247406006,33.13143539428711,22.294246673583984,64.04326629638672,22.35220527648925,7.611995697021484,24.721818923950195,76.82268524169922
2021-05-05,11.76869297027588,10.89594841003418,15.334260940551758,4.444012641906738,20.746129989624023,9.55016803741455,33.23484802246094,22.483661651611328,64.48260498046875,22.988204956054688,7.923518657684326,24.90544509887696,77.2483139038086
2021-05-06,12.814094543457031,10.877327919006348,15.79440975189209,4.403613090515137,21.013134002685547,9.64005184173584,34.52287673950195,22.44577980041504,64.48260498046875,22.84593391418457,7.811777114868164,24.7701416015625,80.27655792236328
2021-05-07,12.837852478027344,11.149169921875,15.81928539276123,4.410957336425781,21.45813751220703,9.81233024597168,35.53824996948242,23.21291160583496,64.92192840576172,23.12209701538086,8.102983474731445,25.040746688842773,80.55565643310547
2021-05-10,13.06752586364746,11.29439926147461,16.13019561767578,4.352194309234619,21.06653594970703,10.209315299987791,34.91774368286133,22.56889915466309,65.16596984863281,23.465198516845703,8.204568862915039,24.71215438842773,80.02537536621094
2021-05-11,13.360554695129396,11.376322746276855,16.465986251831055,4.410957336425781,20.746129989624023,9.924684524536133,37.20234680175781,22.77725601196289,63.89682769775391,23.414995193481445,8.312922477722168,24.354568481445312,82.83732604980469
2021-05-12,13.360554695129396,11.301850318908691,16.053091049194336,4.23466682434082,20.229923248291016,9.849781036376951,35.27500534057617,21.97223854064941,62.578857421875,23.071889877319336,8.207954406738281,23.639392852783203,79.77418518066406
2021-05-13,13.368474960327148,11.603475570678713,15.57055377960205,4.326484680175781,20.755029678344727,9.947154998779297,37.71003341674805,23.01402473449707,63.311065673828125,23.74135971069336,8.295992851257324,23.881006240844727,78.49031066894531
2021-05-14,13.606067657470703,11.603475570678713,15.346694946289062,4.47339391708374,21.11103248596192,9.999587059020996,37.45619201660156,23.961105346679688,64.7266616821289,24.268585205078125,8.682011604309082,24.625173568725582,77.14366149902344
2021-05-17,13.780299186706545,11.80828857421875,15.81928539276123,4.554195404052734,21.71623992919922,10.816033363342283,37.23054885864258,23.904279708862305,64.18968963623047,24.25183868408203,8.783595085144043,24.68316078186035,79.1671371459961
2021-05-18,13.796136856079102,11.972137451171877,15.893902778625488,4.638667583465576,21.422536849975582,10.860976219177246,38.35874938964844,23.70539283752441,63.311065673828125,24.201637268066406,8.668466567993164,24.161277770996094,79.96257781982422
2021-05-19,13.90701389312744,12.17694854736328,15.49344539642334,4.873722076416016,20.559226989746094,10.673717498779297,39.863014221191406,24.292585372924805,63.89682769775391,24.37736701965332,8.641378402709961,23.832683563232425,78.32286071777344
2021-05-20,13.891178131103516,12.214186668395996,15.441213607788086,4.796595096588135,20.648229598999023,10.516287803649902,39.20489883422852,24.368349075317383,63.7503776550293,24.511268615722656,8.522862434387207,23.8230209350586,77.52742004394531
2021-05-21,13.946614265441896,12.318453788757324,15.247203826904297,4.818630695343018,19.535717010498047,10.138457298278809,39.25190734863281,24.463058471679688,64.58021545410156,24.62842559814453,8.607515335083008,23.04986000061035,76.3342514038086
2021-05-24,13.96245288848877,12.399321556091309,15.160148620605469,4.932486534118652,19.731517791748047,9.91805648803711,39.74079132080078,24.406232833862305,64.33614349365234,24.56147575378418,8.69555377960205,23.06918716430664,76.59941101074219
2021-05-25,13.946614265441896,12.233394622802734,14.849233627319336,4.939831733703613,20.14982414245605,9.839340209960938,40.568138122558594,24.0368709564209,64.04326629638672,24.308950424194336,8.539795875549316,23.35912322998047,74.69453430175781
2021-05-26,13.835736274719238,12.437033653259276,14.986035346984863,4.943504333496094,20.71943092346192,10.138457298278809,40.624549865722656,24.150522232055664,65.41004180908203,24.64424514770508,8.617673873901367,23.29147148132324,76.8924560546875
2021-05-27,14.009973526000977,12.606734275817873,15.028322219848633,5.050014495849609,20.70162773132324,10.358857154846191,40.43651580810547,24.13157844543457,70.04730987548828,24.4346923828125,8.549952507019043,23.43643951416016,77.44368743896484
2021-05-28,14.136685371398926,12.648215293884276,15.055681228637695,5.031650066375732,21.09323501586914,10.421830177307127,40.54933547973633,24.07475471496582,68.63172149658203,24.8370418548584,9.044325828552246,23.29147148132324,77.86233520507812
2021-05-31,14.215883255004885,12.629361152648926,15.29694652557373,4.987577438354492,21.2712345123291,10.736688613891602,41.21685028076172,23.42126846313477,,24.7615966796875,9.024008750915527,23.2528133392334,80.08817291259766
2021-06-01,14.865299224853516,12.814141273498535,15.533245086669922,5.027977466583252,22.668550491333008,11.114519119262695,42.14762115478516,23.724334716796875,69.07103729248047,25.66316604614257,9.220402717590332,24.47054100036621,78.9857177734375
2021-06-02,15.340482711791992,13.274214744567873,15.677508354187012,5.105106353759766,23.051254272460938,11.1696195602417,42.30744552612305,23.525449752807617,68.77816009521484,26.51859664916992,9.677530288696287,24.54785919189453,80.10213470458984
2021-06-03,,,,,,,,,68.77816009521484,,,,
2021-06-04,15.34840202331543,13.481624603271484,15.2994384765625,5.06837797164917,23.31825828552246,11.161747932434082,42.88094711303711,23.572803497314453,68.14360046386719,27.072120666503903,9.796043395996094,24.71215438842773,78.77640533447266
2021-06-07,15.52263641357422,13.77199935913086,15.267102241516112,5.127141952514648,23.13135528564453,11.350663185119627,43.60487747192383,23.610685348510746,67.8995361328125,27.709510803222656,9.724935531616213,24.934438705444336,78.00886535644531
2021-06-08,15.514715194702148,13.689032554626465,14.849233627319336,5.112451553344727,23.300457000732425,11.492349624633787,42.523685455322266,23.3549747467041,67.85070037841797,27.5166130065918,9.958577156066896,25.25336647033692,76.69708251953125
2021-06-09,15.292964935302734,13.42505931854248,14.963650703430176,5.053686618804932,22.757553100585938,11.327049255371094,42.5142822265625,23.203441619873047,67.02088165283203,27.89401054382324,9.992439270019531,25.079404830932617,78.28797149658203
2021-06-10,15.300884246826172,13.387346267700195,15.17258358001709,5.038996696472168,22.205745697021484,11.41363525390625,42.60829925537109,23.828514099121094,66.53275299072266,27.79336738586425,10.01275634765625,24.818464279174805,78.02980041503906
2021-06-11,14.999934196472168,13.349639892578123,15.374056816101074,4.936158657073975,21.83194351196289,11.248333930969238,42.68350982666016,23.402328491210938,66.82563018798828,27.46630096435547,9.921329498291016,24.39322662353516,79.78114318847656
2021-06-14,15.427599906921388,13.496850967407228,15.247203826904297,5.024304866790772,22.018844604492188,11.508092880249023,42.60829925537109,24.046342849731445,65.75173950195312,27.3740348815918,9.90778636932373,24.402891159057617,79.34854888916016
2021-06-15,15.150408744812012,13.451380729675291,15.085528373718262,4.961868762969971,21.95654296875,11.405763626098633,41.9595832824707,24.20734596252441,66.09342956542969,27.3740348815918,9.97889518737793,24.91510963439941,77.79955291748047
2021-06-16,15.118730545043944,13.546112060546877,14.433853149414062,4.950850486755371,21.671741485595703,11.405763626098633,42.28864288330078,23.411800384521484,65.60527801513672,27.919170379638672,10.01275634765625,25.214710235595703,75.46206665039062
2021-06-17,15.055373191833496,13.22403335571289,14.065731048583984,4.881068706512451,21.49373817443848,11.271947860717772,41.000614166259766,23.449682235717773,63.45750045776367,27.592100143432617,9.704617500305176,25.10840034484864,73.89212036132812
2021-06-18,14.857381820678713,13.20508861541748,14.24979305267334,4.873722076416016,21.511537551879883,11.689136505126951,43.45444869995117,23.50650787353516,62.383602142333984,27.08888816833496,9.731707572937012,25.22437286376953,76.11795043945312
2021-06-21,14.833621978759766,13.102781295776367,14.371671676635742,4.800268173217773,21.440338134765625,11.799338340759276,44.723670959472656,23.989517211914062,64.38495635986328,27.21469497680664,9.934874534606934,24.886117935180664,76.82966613769531
2021-06-22,14.485156059265137,12.826172828674316,14.612940788269045,4.704776763916016,21.11993408203125,11.41363525390625,44.26298904418945,23.487564086914062,63.60394287109375,26.862457275390625,9.945033073425291,24.75081253051757,77.72976684570312
2021-06-23,14.247564315795898,12.826172828674316,14.74974250793457,4.664376735687256,20.755029678344727,11.571064949035645,43.71768951416016,23.10873413085937,63.21343231201172,26.66955947875977,9.968734741210938,24.306245803833008,78.89501953125
2021-06-24,14.215883255004885,12.852700233459473,14.72486972808838,4.682740211486816,20.941932678222656,11.82295036315918,43.14419174194336,24.0842227935791,64.18968963623047,26.67794418334961,10.121110916137695,25.185714721679688,79.00151062011719
2021-06-25,13.423913955688477,12.46621036529541,15.473548889160156,4.601940155029297,20.35452651977539,11.578935623168944,41.66812896728516,24.09369659423828,64.28741455078125,25.83089637756348,9.958577156066896,25.156723022460938,79.97631072998047
2021-06-28,13.859495162963867,12.371482849121094,15.374056816101074,4.601940155029297,20.203224182128903,11.397891998291016,41.85616302490234,24.05581283569336,62.96842956542969,25.53736686706543,9.914558410644531,24.402891159057617,78.69554901123047
2021-06-29,13.69318389892578,12.288121223449709,15.749640464782717,4.506449222564697,20.443527221679688,11.350663185119627,41.19804763793945,23.67698097229004,63.945457458496094,25.285762786865234,10.050003051757812,24.3738956451416,80.05457305908203
2021-06-30,13.51894760131836,12.17444896697998,15.844158172607422,4.45503044128418,20.7728328704834,11.020060539245604,40.5869369506836,23.487564086914062,65.75293731689453,24.99222946166992,10.25655746459961,24.2096004486084,80.58111572265625
2021-07-01,13.621904373168944,12.04561710357666,15.811823844909668,4.366885185241699,20.25662612915039,10.823274612426758,40.82197952270508,22.966670989990234,65.85061645507812,24.91251945495605,10.077093124389648,23.95832252502441,79.17938995361328
2021-07-02,13.804057121276855,12.17823600769043,16.095375061035156,4.4476847648620605,20.844032287597656,10.90199089050293,40.95360565185547,23.16555976867676,65.26441955566406,25.181026458740234,10.168516159057615,24.074295043945312,80.81592559814453
2021-07-05,14.207963943481444,12.10245418548584,16.127710342407227,4.4403395652771,20.70162773132324,10.752431869506836,40.36130142211914,23.146617889404297,,24.837007522583008,10.053388595581056,23.92932891845703,80.52418518066406
2021-07-06,13.899094581604004,11.920577049255373,16.055578231811523,4.392593860626221,20.416826248168945,10.343116760253906,40.088653564453125,23.01402473449707,63.11498260498047,24.79505157470703,9.677530288696287,23.43643951416016,80.95110321044922
2021-07-07,14.073330879211426,12.079721450805664,16.13019561767578,4.436667442321777,20.674928665161133,10.413958549499512,40.43651580810547,23.175029754638672,63.40808868408203,24.90413284301757,9.728321075439451,23.881006240844727,81.1859130859375
2021-07-08,13.748621940612791,12.04561710357666,16.165019989013672,4.308121681213379,20.194324493408203,10.358857154846191,40.14506149291992,23.01402473449707,62.870731353759766,24.57688331604004,9.53530979156494,23.38811683654785,80.87284088134766
2021-07-09,,,,,,,,,64.28741455078125,,,,
2021-07-12,13.986211776733398,12.352535247802734,16.41623878479004,4.458702564239502,20.87963104248047,10.587129592895508,41.01001739501953,23.29814910888672,64.04315948486328,24.91251945495605,9.633509635925291,23.90999984741211,81.8760986328125
2021-07-13,14.097086906433104,12.29948902130127,16.85649299621582,4.366885185241699,20.80842971801757,10.760303497314451,40.75617218017578,22.87196350097656,62.96842956542969,25.063560485839844,9.670757293701172,23.94865798950196,82.35995483398438
2021-07-14,14.1842041015625,12.38284969329834,16.655019760131836,4.458702564239502,20.986433029174805,11.098776817321776,41.55531311035156,23.16555976867676,62.5776252746582,25.09712219238281,9.60642147064209,24.219263076782227,81.91167449951172
2021-07-15,13.954535484313965,12.193394660949709,16.901262283325195,4.41463041305542,20.63932991027832,10.933476448059082,41.33907318115234,22.862491607666016,62.3333854675293,24.79505157470703,9.379549980163574,24.22892951965332,82.16783142089844
2021-07-16,13.804057121276855,12.04561710357666,16.772428512573242,4.381575584411621,20.29222297668457,10.862631797790527,41.55531311035156,22.93826103210449,61.30751419067383,24.39227294921875,9.20008659362793,24.7701416015625,80.6878433227539
2021-07-19,13.471429824829102,11.954678535461426,16.52443504333496,4.359539031982422,20.14982414245605,10.81540298461914,40.89719772338867,22.729904174804688,58.620731353759766,24.249629974365234,9.091730117797852,24.54785919189453,79.8055419921875
2021-07-20,13.487271308898926,12.1668701171875,16.707162857055664,4.458702564239502,19.971820831298828,10.728816032409668,40.82197952270508,22.8530216217041,62.0402717590332,24.56848907470703,9.24072265625,24.499536514282227,80.4743881225586
2021-07-21,13.621904373168944,12.288121223449709,16.91600799560547,4.469721794128418,19.86501884460449,10.650102615356444,40.59634017944336,23.193971633911133,63.89659881591797,24.66918563842773,9.389708518981934,24.296581268310547,81.39938354492188
2021-07-22,13.487271308898926,12.106243133544922,17.122236251831055,4.510121822357178,19.927322387695312,10.870503425598145,40.67155456542969,23.724334716796875,62.0402717590332,24.41745376586914,9.403252601623535,24.26758575439453,81.61282348632812
2021-07-23,13.265518188476562,12.041829109191896,16.775041580200195,4.4660491943359375,19.491214752197266,10.579258918762209,39.78779983520508,23.15608596801757,62.08912658691406,24.35033226013184,9.277968406677246,23.73603820800781,81.20014953613281
2021-07-26,13.534789085388184,12.227497100830078,17.33368492126465,4.4403395652771,19.18861198425293,10.303757667541504,39.76900100708008,23.23185539245605,63.11498260498047,24.778263092041016,9.464203834533691,22.97254180908203,82.96473693847656
2021-07-27,13.400153160095217,12.284330368041992,17.268423080444336,4.45503044128418,19.04621124267578,10.08335781097412,39.9476318359375,23.33603286743164,63.89659881591797,25.0216064453125,9.423571586608888,22.518310546875,81.24282836914062
2021-07-28,13.724862098693848,12.46621036529541,17.659997940063477,4.543176651000977,19.34881401062012,10.154199600219728,40.14506149291992,23.67698097229004,64.1408462524414,25.83551597595215,9.59626293182373,22.17038917541504,83.46282958984375
2021-07-29,13.566466331481934,12.269177436828612,17.461599349975586,4.444012641906738,18.97500991821289,10.130585670471191,39.75959777832031,23.7148666381836,64.92247009277344,25.70125961303711,9.559015274047852,22.257368087768555,82.23187255859375
2021-07-30,13.178400993347168,11.984991073608398,16.610578536987305,4.385249137878418,18.55670738220215,10.004640579223633,37.84165954589844,22.9193172454834,63.26153945922852,25.424354553222656,9.311827659606934,21.67749786376953,77.3863296508789
2021-08-02,13.35263442993164,12.14792823791504,16.623632431030273,4.359539031982422,18.60120391845703,10.193556785583496,37.8980712890625,23.099262237548828,61.42964553833008,25.579666137695312,9.223791122436523,21.841794967651367,77.50729370117188
2021-08-03,13.51894760131836,12.079721450805664,16.95255470275879,4.38892126083374,18.27190399169922,10.067612648010254,38.10490798950195,23.15608596801757,62.93180084228516,25.831518173217773,9.379549980163574,21.290916442871094,80.14707946777344
2021-08-04,13.170480728149414,11.901628494262695,17.02303695678711,4.333830833435059,17.995996475219727,10.193556785583496,38.039093017578125,22.947729110717773,62.8401985168457,25.109548568725582,9.040938377380373,21.21360206604004,80.06169128417969
2021-08-05,13.162561416625977,11.689438819885254,16.27643585205078,4.264049053192139,17.470895767211914,9.925926208496094,37.258750915527344,22.49313163757324,62.907371520996094,25.185096740722656,9.911171913146973,20.343795776367188,77.61402130126953
2021-08-06,13.54270839691162,12.04561710357666,16.237276077270508,4.30444860458374,17.87139892578125,10.626487731933594,38.78182220458984,22.82461166381836,63.82333755493164,25.89029312133789,9.856995582580566,20.69171714782715,78.05516052246094
2021-08-09,13.590227127075195,11.935734748840332,16.15635108947754,4.322812557220459,18.1117000579834,10.799660682678224,38.04849243164063,22.900375366210938,63.32870101928711,26.19251251220703,9.765567779541016,21.068634033203125,77.56421661376953
2021-08-10,13.233838081359863,11.63260269165039,15.937070846557615,4.245684146881104,17.844697952270508,10.350987434387209,37.5219955444336,22.805667877197266,64.77591705322266,25.697200775146484,9.768956184387209,20.527420043945312,78.31131744384766
2021-08-11,13.122962951660156,11.518929481506348,15.866586685180664,4.264049053192139,17.53319549560547,10.280143737792969,37.45619201660156,22.97614288330078,64.75147247314453,25.982635498046875,9.921329498291016,20.15050506591797,77.74920654296875
2021-08-12,13.13088321685791,11.26884937286377,15.634252548217772,4.212630748748779,17.203889846801758,10.036126136779783,36.863887786865234,22.9193172454834,65.04458618164062,25.495723724365234,9.975509643554688,20.00553703308105,77.69940185546875
2021-08-13,13.186320304870604,11.177911758422852,16.125024795532227,4.249356746673584,16.945789337158203,9.996768951416016,36.68525695800781,22.909847259521484,64.06756591796875,25.83991813659668,10.131270408630373,20.295473098754883,77.05902862548828
2021-08-16,12.988327026367188,11.158965110778809,16.185068130493164,4.179574966430664,16.972488403320312,9.437895774841309,35.50064468383789,22.7109603881836,63.10887908935547,25.556751251220703,9.938261032104492,19.9958724975586,77.414794921875
2021-08-17,12.924970626831056,11.113492965698242,15.715177536010742,4.297102928161621,16.30497932434082,9.26472282409668,35.594661712646484,22.24689102172852,62.052490234375,25.46409797668457,9.941811561584473,19.60929298400879,76.134033203125
2021-08-18,13.0437650680542,11.166543006896973,15.23223876953125,4.381575584411621,16.296079635620117,9.697653770446776,34.98355484008789,22.04800605773925,61.92426300048828,25.51464462280273,9.82358455657959,19.387008666992188,73.57962799072266
2021-08-19,13.613984107971191,11.242323875427246,14.603109359741213,4.47339391708374,16.37618064880371,9.697653770446776,35.64167022705078,23.042436599731445,60.7090950012207,25.18612098693848,9.730436325073242,19.29036331176757,69.381591796875
2021-08-20,13.891178131103516,11.257478713989258,14.618769645690918,4.587249279022217,16.500783920288086,9.839340209960938,35.8485107421875,23.9421615600586,61.09379959106445,25.09346580505371,9.72685432434082,19.657615661621094,69.41004943847656
2021-08-23,13.748621940612791,11.359786033630373,14.668370246887209,4.590922355651856,16.171478271484375,9.595324516296388,35.3408203125,23.5349178314209,61.65558242797852,25.36301612854004,10.052873611450195,19.106739044189453,68.44947052001953
2021-08-24,13.93077564239502,11.730997085571287,15.140869140625,4.789250373840332,18.165102005004883,10.28801441192627,36.72286224365234,24.11263656616211,63.06004333496094,26.070587158203125,10.167519569396973,20.11184883117676,70.94694519042969
2021-08-25,13.922853469848633,11.692660331726074,15.18002700805664,4.825976848602295,18.868209838867188,10.319499969482422,36.71345520019531,24.339937210083008,63.93324279785156,26.10427665710449,10.19259548187256,20.39211845397949,70.79753875732422
2021-08-26,13.550628662109377,11.527812004089355,15.05211353302002,4.785576820373535,17.746797561645508,10.225042343139648,36.4878158569336,24.05581283569336,63.1272087097168,25.47252082824707,10.11019515991211,19.763925552368164,69.8938980102539
2021-08-27,13.49518871307373,11.704160690307615,15.135647773742676,4.862705230712891,18.966110229492188,10.500544548034668,36.50662612915039,23.961105346679688,64.78201293945312,25.910539627075195,10.418302536010742,20.17949867248535,71.64424896240234
2021-08-30,13.606067657470703,11.59298324584961,15.046892166137695,4.840668201446533,18.200702667236328,10.28801441192627,35.67927551269531,23.989517211914062,64.2324447631836,25.7252254486084,10.289328575134276,19.95721435546875,71.18887329101562
2021-08-31,13.54270839691162,11.665823936462402,14.864157676696776,4.961868762969971,17.995996475219727,9.996768951416016,35.37842559814453,23.998987197875977,64.36680603027344,26.062162399291992,10.002716064453123,19.52231216430664,70.21408081054688
2021-09-01,13.66942310333252,11.677324295043944,14.74929904937744,5.130814075469971,17.75569725036621,9.91805648803711,36.36559677124024,24.91765594482422,63.29816436767578,26.17593574523925,9.94897747039795,19.377344131469727,70.33503723144531
2021-09-02,13.083367347717283,11.19428253173828,14.921586990356444,5.027977466583252,17.159391403198242,9.87082576751709,34.55107879638672,24.64300346374512,64.88583374023438,25.2320499420166,9.777010917663574,19.048751831054688,70.11445617675781
2021-09-03,13.115042686462402,11.167447090148926,14.861547470092772,4.99859619140625,16.812286376953125,9.445767402648926,34.97415542602539,24.292585372924805,63.96376419067383,25.08877754211425,9.78059196472168,18.72982215881348,70.16426849365234
2021-09-06,13.613984107971191,11.366796493530272,14.736241340637209,4.95452356338501,17.275089263916016,9.382795333862305,35.53824996948242,24.05581283569336,,25.409029006958008,9.805671691894531,18.88445472717285,69.0614013671875
2021-09-07,,,,,,,,,63.07223510742188,,,,
2021-09-08,12.837852478027344,10.887591361999512,14.464752197265623,4.866377830505371,16.189279556274414,8.95773696899414,32.23827362060547,23.345502853393555,62.63869094848633,24.203887939453125,9.261110305786133,18.140287399291992,67.62409973144531
2021-09-09,12.917049407958984,11.079273223876951,14.287238121032717,4.9104509353637695,16.491880416870117,9.020708084106444,34.19381332397461,23.65804100036621,63.07223510742188,24.524145126342773,9.347095489501951,18.304582595825195,67.38217163085938
2021-09-10,12.750736236572266,11.113777160644531,14.292458534240724,4.943504333496094,16.838987350463867,9.146651268005373,34.20322036743164,23.5349178314209,62.28453063964844,24.279741287231445,9.339930534362791,18.671836853027344,67.46044158935547
2021-09-13,12.948729515075684,11.359131813049316,14.302902221679688,5.020631790161133,17.666696548461914,9.579582214355469,35.2938117980957,23.951635360717773,63.78668594360352,24.5831356048584,9.630119323730469,19.184053421020508,67.42485809326172
2021-09-14,13.020008087158203,11.27608871459961,14.436036109924316,5.053686618804932,17.60439682006836,9.981026649475098,35.91432189941406,23.9421615600586,61.2952995300293,24.43143081665039,9.558470726013184,19.358015060424805,66.94813537597656
2021-09-15,12.687379837036133,11.187362670898438,15.271394729614258,5.050014495849609,17.488691329956055,9.90231227874756,35.735687255859375,24.00846099853516,62.38224029541016,24.035341262817383,9.662365913391112,19.15506172180176,65.27603149414062
2021-09-16,12.774496078491213,11.368672370910645,14.74929904937744,5.061032772064209,17.524295806884766,9.563838958740234,35.43483352661133,24.292585372924805,61.88151168823242,24.01848220825196,9.572803497314451,18.46887969970703,62.565086364746094
2021-09-17,12.46562671661377,11.164215087890623,14.005304336547852,5.053686618804932,17.506494522094727,9.548095703125,35.58525848388672,24.406232833862305,61.35026168823242,23.445411682128903,9.135717391967772,18.96177101135254,61.298561096191406
2021-09-20,12.3626708984375,10.801591873168944,13.339627265930176,5.046341419219971,17.257291793823242,9.524481773376465,34.814327239990234,24.13157844543457,60.94723892211914,22.91447830200196,9.03898811340332,18.594518661499023,58.87935256958008
2021-09-21,12.40226936340332,11.075489044189451,13.351052284240724,5.123469352722168,17.75569725036621,9.650425910949709,35.64167022705078,24.35887908935547,59.1214485168457,22.85548591613769,9.182292938232422,19.43533134460449,59.85415649414063
2021-09-22,12.449789047241213,11.333954811096191,13.763848304748535,5.1601972579956055,18.07609748840332,9.792112350463867,35.67927551269531,24.32099342346192,60.17174530029297,23.38641357421875,9.47965145111084,19.54164123535156,61.98163604736328
2021-09-23,12.576502799987791,11.3609619140625,14.444965362548828,5.171214580535889,17.292892456054688,9.563838958740234,36.66645050048828,24.510412216186523,62.870731353759766,24.195459365844727,9.873743057250977,18.44955062866211,61.97947311401367
2021-09-24,12.54482364654541,11.272231101989746,14.294588088989258,5.196924209594727,17.292892456054688,9.68191146850586,36.95790100097656,24.339937210083008,63.43295669555664,23.85835838317871,9.873743057250977,18.31424903869629,61.02122116088867
2021-09-27,12.536904335021973,11.52298355102539,14.153059005737305,5.318124294281006,17.06148910522461,9.587453842163086,37.01430892944336,24.25469970703125,64.38018035888672,24.482006072998047,10.027795791625977,17.782699584960938,61.89307403564453
2021-09-28,12.228034973144531,11.287662506103516,13.466045379638672,5.215286731719971,16.05577850341797,9.34343719482422,36.525428771972656,24.046342849731445,64.61239624023438,23.9257755279541,9.941811561584473,17.231822967529297,58.790565490722656
2021-09-29,12.267634391784668,11.34938621520996,13.707826614379885,5.226307392120361,15.842174530029297,9.044321060180664,36.12115478515625,24.339937210083008,64.94851684570312,24.355587005615234,10.092281341552734,16.883899688720703,59.5367431640625
2021-09-30,12.117158889770508,11.148786544799805,13.987939834594728,5.152851581573486,16.020177841186523,8.989222526550293,36.20576858520508,24.00846099853516,62.96240234375,24.380868911743164,10.085118293762209,17.019203186035156,59.8823356628418
2021-10-01,12.093401908874512,11.3995361328125,14.244461059570312,5.207942962646484,16.60758399963379,9.799983978271484,36.647647857666016,24.27363967895508,64.66739654541016,25.01747131347656,10.274996757507324,17.318803787231445,59.85091018676758
2021-10-04,11.911248207092283,11.264516830444336,14.049859046936035,5.171214580535889,15.975678443908691,9.430024147033691,34.75791931152344,23.5349178314209,64.10517120361328,20.52326393127441,10.525781631469728,16.41033935546875,59.293243408203125
2021-10-05,12.022123336791992,11.800737380981444,13.834614753723145,5.171214580535889,15.58407211303711,9.256851196289062,34.410057067871094,23.146617889404297,64.10517120361328,21.0207576751709,10.701330184936523,16.487655639648438,58.869102478027344
2021-10-06,11.958765983581545,11.820027351379396,13.923072814941406,5.06837797164917,15.566271781921388,9.3276948928833,34.21261978149414,22.87196350097656,63.7568359375,21.08820533752441,10.43979835510254,16.139732360839844,60.52639389038086
2021-10-07,11.942926406860352,11.696579933166504,14.212028503417969,5.046341419219971,15.28147029876709,9.288337707519531,34.7955207824707,22.99508476257324,64.47795104980469,20.64131736755371,10.461294174194336,16.27503776550293,62.33292007446289
2021-10-08,12.164676666259766,11.943472862243652,14.32997226715088,5.189578533172607,15.940078735351562,9.721268653869627,35.8015022277832,23.31709098815918,63.99516677856445,20.793087005615234,10.6726713180542,16.893566131591797,62.71778869628906
2021-10-11,12.06964111328125,11.850890159606934,14.742770195007324,5.354851245880127,15.770974159240724,9.548095703125,36.75106430053711,23.203441619873047,63.60406494140625,20.43051147460937,10.665504455566406,16.719602584838867,64.1080322265625
2021-10-12,,,,,,,,,62.77295684814453,,,,
2021-10-13,12.283474922180176,11.866317749023438,14.695592880249023,5.509106636047363,16.189279556274414,9.949542045593262,36.81687927246094,23.525449752807617,62.55295944213867,20.4558219909668,10.855382919311523,17.396120071411133,62.20724487304688
2021-10-14,12.267634391784668,11.808452606201172,14.784048080444336,5.542162418365479,15.824377059936523,9.75275421142578,37.540802001953125,23.62015724182129,62.7851791381836,20.354625701904297,10.837470054626465,17.019203186035156,62.20724487304688
2021-10-15,12.299312591552734,12.182653427124023,15.17030906677246,5.509106636047363,16.18037986755371,10.036126136779783,36.91089630126953,23.364444732666016,63.80571746826172,20.877412796020508,10.805225372314451,17.47343635559082,63.36970138549805
2021-10-18,12.370591163635254,12.425687789916992,15.043522834777832,5.549507141113281,16.20707893371582,9.965283393859863,38.180118560791016,23.45915412902832,63.62850189208984,21.0207576751709,10.81955909729004,17.434776306152344,62.77276992797852
2021-10-19,11.99044418334961,11.816166877746582,14.875452995300291,5.424633502960205,15.041166305541992,9.288337707519531,36.80747985839844,22.95720100402832,64.00126647949219,20.52326393127441,10.346651077270508,16.333023071289062,62.0501708984375
2021-10-20,12.20427703857422,12.036059379577637,14.442015647888184,5.450342655181885,14.818663597106934,9.19387912750244,35.707481384277344,22.673078536987305,64.77738952636719,21.071348190307617,10.568771362304688,16.555307388305664,60.22006607055664
2021-10-21,11.99044418334961,11.503694534301758,14.017425537109377,5.061032772064209,13.87525463104248,8.48544692993164,34.07159423828125,22.578369140625,63.035736083984375,20.64131736755371,10.19617748260498,15.994765281677246,59.0340461730957
2021-10-22,11.879568099975586,11.152643203735352,14.241515159606934,4.9104509353637695,13.510350227355955,8.013158798217773,33.3476676940918,21.91541290283203,63.585731506347656,19.848716735839844,9.995551109313965,16.08174705505371,59.75665664672852
2021-10-25,12.093401908874512,11.384105682373049,14.471503257751465,4.947178363800049,13.697251319885254,8.312273979187012,34.447662353515625,22.7393741607666,64.349609375,20.236587524414062,10.608183860778809,16.8355770111084,60.47927474975586
2021-10-26,12.006284713745115,11.264516830444336,14.353558540344238,4.9104509353637695,13.003044128417969,7.832114696502685,34.01518249511719,22.64466667175293,65.65739440917969,20.01734733581543,10.486371040344238,16.333023071289062,59.835205078125
2021-10-27,12.05380153656006,11.25294303894043,14.182544708251951,4.936158657073975,13.528149604797363,8.05251407623291,34.19381332397461,23.099262237548828,63.4635124206543,20.16912841796875,10.500701904296877,17.019203186035156,58.47637939453125
2021-10-28,13.22592067718506,11.152643203735352,13.855254173278809,4.759868144989014,12.816142082214355,7.588100433349609,33.78954315185547,22.19953727722168,64.32516479492188,20.12697029113769,10.6010160446167,16.16872787475586,57.887298583984375
2021-10-29,13.45559024810791,10.994476318359377,13.492582321166992,4.730485916137695,12.540240287780762,7.509384632110596,31.805797576904297,21.669172286987305,64.08684539794922,19.654783248901367,9.913150787353516,16.487655639648438,56.24571990966797
2021-11-01,13.748621940612791,11.24522876739502,13.82577133178711,4.785576820373535,12.931842803955078,7.934443473815918,32.95280075073242,21.763879776000977,64.91795349121094,20.43756103515625,10.2821626663208,17.879344940185547,56.80339813232422
2021-11-02,,,,,,,,,65.19905090332031,,,,
2021-11-03,14.120847702026367,11.318525314331056,12.973636627197266,4.892086029052734,13.448047637939451,8.107616424560547,33.11262893676758,21.75441169738769,64.75906372070312,20.631641387939453,9.84507942199707,18.19827461242676,52.49129104614258
2021-11-04,14.160443305969238,11.052340507507324,12.796722412109377,4.789250373840332,13.15434455871582,7.863601207733154,31.185285568237305,21.40399169921875,64.29462432861328,19.54310417175293,9.554887771606444,17.676389694213867,51.89435195922852
2021-11-05,14.176284790039062,11.299234390258787,12.498921394348145,4.851686954498291,13.893054008483888,8.178460121154785,32.125450134277344,21.697586059570312,66.45182800292969,19.306819915771484,9.562051773071287,17.66672706604004,50.35488128662109
2021-11-08,14.049570083618164,11.37253189086914,13.006070137023926,4.855359554290772,13.287847518920898,8.02103042602539,32.03143310546875,21.57446479797364,66.25627136230469,19.20556831359864,9.71968936920166,18.12095832824707,53.09608459472656
2021-11-09,14.168363571166992,11.357101440429688,12.793776512145996,4.947178363800049,13.893054008483888,8.19420337677002,32.84938049316406,22.03853416442871,68.0101547241211,19.01148796081543,9.870157241821287,18.45921516418457,51.79225158691406
2021-11-10,14.057489395141602,11.877891540527344,12.790827751159668,5.053686618804932,14.400360107421877,8.50905990600586,33.46988677978516,22.81513786315918,66.5862808227539,19.49247169494629,9.78775691986084,19.367679595947266,51.59588241577149
2021-11-11,13.946614265441896,11.650286674499512,13.277338027954102,5.123469352722168,14.747462272644045,8.76094913482666,33.7707405090332,23.449682235717773,65.38850402832031,19.450279235839844,9.78775691986084,18.89411735534668,53.41812515258789
2021-11-12,13.867417335510254,11.630996704101562,13.445405960083008,5.112451553344727,14.160056114196776,8.422476768493652,33.48868942260742,22.97614288330078,65.74905395507812,19.408082962036133,9.966891288757324,18.17894554138184,53.64589691162109
2021-11-15,,,,,,,,,65.18684387207031,,,,
2021-11-16,13.867417335510254,11.468976974487305,13.109268188476562,5.031650066375732,13.332347869873049,7.958057880401611,32.48271560668945,22.7393741607666,63.15795135498047,19.20556831359864,10.11736011505127,17.2801456451416,52.098575592041016
2021-11-17,13.891178131103516,11.306950569152832,12.926458358764648,4.928813934326172,12.985244750976562,7.769142627716064,30.329736709594727,22.332130432128903,62.32685470581055,19.281509399414062,9.88449001312256,17.434776306152344,51.05392837524414
2021-11-18,13.938694953918455,11.222081184387209,12.5254545211792,4.943504333496094,12.931842803955078,8.068259239196777,30.58358192443848,22.28477478027344,61.52018356323242,18.960857391357425,9.877324104309082,17.686054229736328,48.956787109375
2021-11-19,13.772381782531738,11.206649780273438,12.894027709960938,4.99859619140625,13.456949234008787,8.501190185546875,31.063066482543945,22.21847915649414,61.08629608154297,18.80052947998047,9.741183280944824,18.32391166687012,50.29204559326172
2021-11-22,13.716941833496094,11.144926071166992,13.619369506835938,4.932486534118652,12.816142082214355,8.202073097229004,30.151105880737305,21.75441169738769,61.74629592895508,18.84711265563965,9.830751419067385,17.347797393798828,53.08823394775391
2021-11-23,13.621904373168944,11.610904693603516,13.923072814941406,5.013288021087647,12.833942413330078,7.98954439163208,30.931442260742188,22.209009170532227,62.3818588256836,19.1630859375,10.2929105758667,17.37679100036621,54.4863166809082
2021-11-24,13.54270839691162,11.8259916305542,14.156005859375,4.950850486755371,12.905142784118652,8.170588493347168,30.8374252319336,21.991180419921875,62.47351837158203,19.675460815429688,10.493538856506348,17.106184005737305,55.75088882446289
2021-11-25,13.64566421508789,12.439973831176758,14.05870532989502,5.013288021087647,13.537050247192385,8.48544692993164,31.598960876464844,21.92488479614257,,19.85480117797852,10.927034378051758,18.604183197021484,55.37387847900391
2021-11-26,13.217999458312988,12.02934741973877,13.687188148498535,4.917795658111572,12.976344108581545,8.19420337677002,30.67759895324707,21.56499481201172,59.79075241088867,19.47905540466309,10.450546264648438,17.27048110961914,53.91294860839844
2021-11-29,12.94080924987793,12.048901557922363,13.769746780395508,4.939831733703613,12.495737075805664,8.15484619140625,30.95024299621582,21.57446479797364,60.13297271728516,19.3509578704834,10.805225372314451,16.46832847595215,54.58843231201172
2021-11-30,12.719057083129885,12.451704978942873,13.946657180786133,4.825976848602295,12.104134559631348,8.013158798217773,30.67759895324707,21.37557983398437,58.049102783203125,19.111841201782227,10.798060417175291,16.4973201751709,54.94187927246094
2021-12-01,12.560663223266602,12.240527153015137,13.902429580688477,4.759868144989014,11.721430778503418,8.09974479675293,30.79041862487793,21.451345443725582,56.83298873901367,18.99018859863281,10.873295783996582,16.555307388305664,55.16181182861328
2021-12-02,12.67945957183838,12.5768461227417,14.704438209533691,4.921468734741211,12.371136665344238,8.343759536743164,32.43570709228516,22.000652313232425,58.19577026367188,19.708086013793945,11.844484329223633,16.9418888092041,57.72236251831055
2021-12-03,12.671539306640623,12.59249210357666,14.533421516418455,5.06837797164917,13.287847518920898,8.934120178222656,33.27245330810547,22.31318664550781,56.69244384765625,19.63971328735352,12.065163612365724,17.48309898376465,56.44994735717773
2021-12-06,12.73489761352539,12.93272304534912,15.241076469421388,5.020631790161133,13.706151008605955,9.359180450439451,33.545101165771484,22.085887908935547,58.67242431640625,19.87047004699707,12.177508354187012,18.15961456298828,59.51316833496094
2021-12-07,12.750736236572266,12.748918533325195,15.185050964355469,5.050014495849609,13.519248962402344,9.34343719482422,33.037410736083984,22.11429977416992,59.61353302001953,19.622621536254883,12.514548301696776,17.35746192932129,59.95301818847656
2021-12-08,12.73489761352539,12.807580947875977,15.111337661743164,5.134487628936768,14.231257438659668,9.839340209960938,33.3194580078125,22.35107040405273,60.05964660644531,19.434606552124023,12.470412254333496,18.410892486572266,59.50532150268555
2021-12-09,12.521065711975098,12.522099494934082,14.893145561218262,5.0793962478637695,13.804052352905272,9.437895774841309,32.24767303466797,22.635194778442383,59.784645080566406,18.91326713562012,12.470412254333496,17.144840240478516,59.049766540527344
2021-12-10,12.631939888000488,12.709813117980955,15.067109107971191,5.130814075469971,14.613962173461914,10.225042343139648,33.281856536865234,22.64466667175293,59.246864318847656,18.93891716003418,12.634916305541992,17.850351333618164,59.41891860961914
2021-12-13,12.67945957183838,12.604223251342772,15.53297996520996,5.13815975189209,14.088855743408203,9.933797836303713,33.84595489501953,22.663604736328125,56.91244125366211,18.43466758728028,12.622879981994627,16.777591705322266,61.154762268066406
2021-12-14,12.806174278259276,12.606185913085938,15.494651794433594,5.171214580535889,13.670550346374512,9.603195190429688,32.45450973510742,22.720430374145508,56.28910827636719,18.61414909362793,12.446335792541504,16.08174705505371,61.14688491821289
2021-12-15,12.73489761352539,12.389922142028809,15.335429191589355,5.1859049797058105,13.848553657531738,9.587453842163086,32.32289123535156,22.512073516845703,56.27077865600586,18.554319381713867,12.406214714050291,16.574634552001953,60.801307678222656
2021-12-16,12.750736236572266,12.350601196289062,15.92219066619873,5.123469352722168,13.79515266418457,9.548095703125,31.166484832763672,22.12377166748047,56.54578399658203,18.74234199523925,12.663004875183104,16.284700393676758,63.18119812011719
2021-12-17,12.72697639465332,11.92593765258789,16.302879333496094,5.1859049797058105,13.804052352905272,9.78424072265625,31.796396255493164,22.294246673583984,55.88578414916992,18.33211326599121,12.354053497314451,17.096519470214844,62.18368148803711
2021-12-20,12.688796043395996,11.568121910095217,15.659249305725098,5.108778476715088,13.643850326538086,9.83146858215332,30.81862068176269,21.896472930908203,55.03559112548828,18.05008125305176,12.11732578277588,16.661617279052734,61.484642028808594
2021-12-21,12.672338485717772,11.59957790374756,15.95180892944336,5.072050094604492,13.50144863128662,9.78424072265625,30.96904754638672,21.6881160736084,56.91945266723633,18.07571601867676,12.173497200012209,16.420005798339844,63.1026496887207
2021-12-22,12.664111137390137,11.532732009887695,15.959123611450195,5.03925371170044,13.474749565124512,9.878698348999023,31.664772033691406,21.659704208374023,56.925575256347656,18.14409446716309,12.125346183776855,15.888455390930176,62.77276992797852
2021-12-23,12.795771598815918,11.489481925964355,15.966437339782717,5.00861930847168,13.448047637939451,9.90231227874756,31.26049995422364,21.451345443725582,57.49440002441406,18.238100051879883,12.213619232177734,15.849797248840332,62.16798782348633
2021-12-27,12.779312133789062,11.513073921203612,15.725075721740724,5.03925371170044,13.679451942443848,9.996768951416016,31.24169540405273,21.60287857055664,57.87361526489258,18.42612266540528,12.45436191558838,15.878791809082031,62.01088333129883
2021-12-28,12.77108383178711,11.446227073669434,15.498342514038086,5.0584001541137695,13.688352584838867,9.981026649475098,31.40152740478516,21.612350463867188,58.289546966552734,18.35775375366211,12.46238613128662,16.20738410949707,60.51853561401367
2021-12-29,12.713481903076172,11.387246131896973,15.483713150024414,4.993303298950195,13.715052604675291,9.78424072265625,31.02546119689941,21.271398544311523,57.97759246826172,18.20390892028809,12.418251037597656,16.16872787475586,60.67562484741211
2021-12-30,12.688796043395996,11.343993186950684,15.929864883422852,5.020107746124268,14.044355392456056,10.004640579223633,31.410924911499023,21.413461685180664,57.922550201416016,17.904796600341797,12.317943572998049,16.149396896362305,61.233306884765625
2021-12-31,,,,,,,,,57.7818603515625,,,,
2022-01-03,12.61473560333252,11.332196235656738,15.871355056762695,4.932034969329834,12.922944068908691,9.563838958740234,30.67759895324707,20.90203857421875,58.864479064941406,18.39889144897461,12.64695644378662,15.28925609588623,61.26470565795898
2022-01-04,12.598280906677246,11.343993186950684,15.90792465209961,4.928205966949463,12.691540718078612,9.225364685058594,30.019481658935547,20.712623596191406,60.77892303466797,18.9206657409668,12.807450294494627,14.999320030212402,60.542091369628906
2022-01-05,12.351415634155272,11.155256271362305,16.061519622802734,4.771207809448242,12.362236976623535,8.603517532348633,29.897260665893555,20.437969207763672,60.77892303466797,18.56140899658203,12.281829833984377,14.467772483825684,61.115478515625
2022-01-06,12.153924942016602,11.24569034576416,16.50035858154297,4.667818546295166,12.255435943603516,8.414603233337402,29.85025215148925,20.26749420166016,61.13367462158203,18.937763214111328,12.269792556762695,14.177837371826172,62.3486213684082
2022-01-07,11.956435203552246,11.257486343383787,17.37803840637207,4.6946234703063965,12.424537658691406,8.375244140625,28.54342269897461,20.22014236450196,62.02055740356445,19.35690116882324,12.37010383605957,14.42911434173584,65.97738647460938
2022-01-10,12.05517864227295,11.316471099853516,17.37803840637207,4.652503490447998,12.175335884094238,8.186331748962402,27.7160758972168,20.570560455322266,60.80949783325195,19.53652000427246,12.325967788696287,13.868573188781738,65.19194030761719
2022-01-11,12.079866409301758,11.363651275634766,17.74373435974121,4.786525249481201,12.273235321044922,8.225688934326172,28.054536819458008,21.034629821777344,62.25910186767578,19.97275733947754,12.835535049438477,14.129514694213867,66.43294525146484
2022-01-12,12.244441032409668,11.473752975463867,17.846132278442383,4.855451583862305,12.638140678405762,8.328018188476562,29.53059768676757,21.54605484008789,62.53432846069336,19.88722038269043,13.260845184326172,14.342134475708008,67.15556335449219
2022-01-13,12.334957122802734,11.658557891845703,17.5389404296875,4.863109111785889,12.629239082336426,8.359503746032715,29.53999710083008,21.394519805908203,62.66889953613281,20.255029678344727,13.581833839416504,14.380791664123535,66.13447570800781
2022-01-14,12.425475120544434,11.957395553588867,17.443862915039062,4.874598026275635,12.629239082336426,8.564162254333496,29.718629837036133,21.42293167114257,63.0970458984375,20.101058959960938,13.866711616516112,14.487102508544922,66.51934814453125
2022-01-17,12.178611755371094,11.980987548828123,17.363407135009766,4.878426551818848,12.584739685058594,8.540546417236328,29.793842315673828,21.110397338867188,,20.101058959960938,13.822575569152832,14.293811798095703,66.17374420166016
2022-01-18,11.997578620910645,12.087154388427734,17.685224533081055,4.8822550773620605,12.202034950256348,8.265046119689941,29.80324363708496,20.68421173095703,62.931907653808594,20.22081184387207,13.870725631713867,13.984546661376951,67.79176330566406
2022-01-19,11.9646635055542,12.193317413330078,18.03629302978516,4.962669372558594,13.127645492553713,8.784563064575195,31.063066482543945,21.0251579284668,61.54348373413086,20.08395767211914,13.74232578277588,14.322805404663086,69.28411102294922
2022-01-20,11.923518180847168,12.268027305603027,17.787620544433594,4.981814384460449,13.554849624633787,9.500866889953612,31.44853401184082,21.08198356628418,60.0938720703125,19.92144012451172,13.830602645874023,15.376237869262695,68.1059341430664
2022-01-21,12.088094711303713,12.268027305603027,17.73642349243164,4.974157333374023,13.99095630645752,9.50873851776123,31.95622444152832,20.96833610534668,58.90117645263672,19.929990768432617,13.87874698638916,15.269927024841309,66.69214630126953
2022-01-24,12.09632396697998,12.327008247375488,17.40729331970215,4.909059524536133,13.786252975463867,9.430024147033691,31.316913604736328,20.608444213867188,59.27428436279297,19.90432929992676,13.902825355529783,15.414895057678224,65.87527465820312
2022-01-25,12.40078830718994,12.645505905151367,17.421920776367188,4.966497898101807,14.53386116027832,9.87082576751709,31.99382781982422,21.00621795654297,55.72675323486328,20.622840881347656,14.364243507385254,15.733824729919434,66.02450561523438
2022-01-26,12.343186378479004,12.52361297607422,17.714481353759766,4.939693927764893,15.139067649841309,10.162070274353027,32.99980545043945,20.987276077270508,54.63191986083984,20.845230102539062,14.785541534423828,16.00442886352539,66.21302795410156
2022-01-27,12.672338485717772,12.696622848510742,17.831504821777344,5.0162787437438965,15.441672325134276,10.53203010559082,32.811771392822266,21.214574813842773,54.98666763305664,20.94787979125977,14.841713905334473,15.801474571228027,66.36225128173828
2022-01-28,12.2855863571167,12.775261878967283,18.11675071716309,4.989473342895508,15.27256965637207,10.61861515045166,33.310062408447266,21.451345443725582,56.332275390625,21.204490661621094,14.400354385375977,14.979991912841797,65.71033477783203
2022-01-31,12.318500518798828,12.842108726501465,17.787620544433594,5.027765274047852,15.557371139526367,10.823274612426758,33.17844009399414,21.74493980407715,57.78797912597656,21.66638565063477,14.15159034729004,15.472882270812988,63.51893997192383
2022-02-01,12.219755172729492,12.82244873046875,18.6726131439209,5.077544689178467,15.33487033843994,10.783917427062988,32.54852294921875,21.7354679107666,59.91038513183594,21.81845092773437,14.568872451782228,15.221604347229004,67.00630950927734
2022-02-02,11.948205947875977,12.61011791229248,18.57752799987793,4.989473342895508,14.969965934753418,10.776045799255373,31.85280418395996,21.71652603149414,59.965431213378906,21.476058959960938,14.30807113647461,14.786701202392578,67.38333129882812
2022-02-03,11.898833274841309,12.696622848510742,18.57752799987793,5.023935317993164,14.969965934753418,10.941347122192385,32.2852783203125,22.14271354675293,60.136695861816406,21.72428321838379,14.155603408813477,14.545088768005373,67.35191345214844
2022-02-04,11.857688903808594,12.6730318069458,18.84814643859864,4.905230522155762,14.222356796264648,10.500544548034668,31.67416954040528,22.69202041625977,60.55873107910156,21.792760848999023,14.4083833694458,13.655953407287598,69.1191635131836
2022-02-07,11.75894260406494,12.527543067932127,19.389381408691406,4.805671215057373,14.133357048034668,10.500544548034668,31.457931518554688,22.729904174804688,61.10309219360352,21.672929763793945,14.235849380493164,13.46266269683838,70.79216003417969
2022-02-08,11.651968955993652,12.661236763000488,19.221162796020508,4.836304664611816,14.124456405639648,10.39034366607666,31.166484832763672,22.50260353088379,60.742218017578125,21.912601470947266,14.031219482421877,13.472328186035156,71.78182220458984
2022-02-09,11.9646635055542,12.551135063171388,19.56491470336914,4.893743515014648,14.106656074523926,10.28801441192627,31.95622444152832,22.729904174804688,60.70552062988281,21.039514541625977,14.043255805969238,13.424005508422852,71.79753875732422
2022-02-10,12.13746738433838,12.688758850097656,20.47916603088379,4.928205966949463,14.035455703735352,10.319499969482422,31.95622444152832,22.701488494873047,60.424163818359375,21.44182205200196,14.28399658203125,12.950444221496582,73.72972869873047
2022-02-11,12.227985382080078,13.133081436157228,20.406024932861328,4.88608455657959,14.115555763244627,10.272272109985352,31.33571434020996,22.52154541015625,59.2253532409668,22.708646774291992,14.925973892211914,13.018096923828123,72.23738098144531
2022-02-14,12.392560958862305,13.188129425048828,19.95987701416016,4.836304664611816,14.168956756591797,10.29588508605957,31.42032623291016,22.606779098510746,59.08467483520508,22.657289505004883,14.540791511535645,12.979437828063965,71.92321014404297
2022-02-15,12.655881881713867,13.81332778930664,19.54297637939453,4.932034969329834,14.774163246154783,10.642231941223145,33.37587356567383,23.27920913696289,61.72696304321289,22.871273040771484,14.239862442016602,13.337024688720703,69.78679656982422
2022-02-16,12.409018516540527,13.891969680786133,19.80627822875977,5.031594753265381,14.809762954711914,10.53203010559082,33.06561279296875,23.430742263793945,62.02667236328125,22.6316032409668,14.55282497406006,13.192057609558104,70.29732513427734
2022-02-17,12.219755172729492,13.891969680786133,19.060253143310547,4.966497898101807,14.435958862304688,10.169941902160645,33.07501983642578,23.430742263793945,60.22232055664063,22.31489562988281,14.484613418579102,12.911786079406738,67.27336120605469
2022-02-18,12.153924942016602,14.175076484680176,19.03099822998047,4.985644340515137,14.45375919342041,10.28801441192627,32.57673263549805,23.648569107055664,56.69314193725586,22.40049362182617,14.392328262329102,13.443334579467772,67.41473388671875
2022-02-21,11.890602111816406,13.872306823730469,18.870088577270508,4.889914035797119,13.99985408782959,9.799983978271484,31.83400535583496,23.10873413085937,,21.852678298950195,14.781529426574709,13.018096923828123,67.46973419189453
2022-02-22,12.104552268981934,14.002069473266602,18.88471794128418,4.878426551818848,14.00875473022461,9.847211837768556,32.06904220581055,23.79063034057617,57.58613967895508,22.05279541015625,14.55282497406006,13.984546661376951,68.64004516601562
2022-02-23,12.186840057373049,14.072847366333008,18.650671005249023,4.989473342895508,13.74175262451172,9.760625839233398,32.7553596496582,24.05581283569336,56.66867446899414,21.74448776245117,14.556838035583496,13.20172119140625,67.91743469238281
2022-02-24,12.21152687072754,13.624588966369627,18.55558967590332,4.893743515014648,13.706151008605955,9.7684965133667,31.77758979797364,24.2641716003418,56.60139465332031,21.376218795776367,14.328134536743164,12.902121543884276,68.75785827636719
2022-02-25,12.507762908935549,13.844781875610352,19.286985397338867,4.901401519775391,13.510350227355955,9.579582214355469,32.689552307128906,24.21681785583496,58.94398880004883,21.8129997253418,14.59294891357422,12.16761875152588,72.48088073730469
2022-02-28,,,,,,,,,58.4179801940918,,,,
2022-03-01,,,,,,,,,56.47296142578125,,,,
2022-03-02,11.948205947875977,13.99813461303711,20.20854759216309,5.0430827140808105,13.225545883178713,9.492996215820312,32.43570709228516,24.21681785583496,57.592262268066406,21.451038360595703,15.054368019104004,11.858354568481444,78.26960754394531
2022-03-03,11.668426513671877,13.999688148498535,20.698585510253903,5.077544689178467,13.261146545410156,9.437895774841309,32.99040603637695,24.2641716003418,56.54635238647461,21.468175888061523,14.934000015258787,11.587748527526855,78.30887603759766
2022-03-04,11.462705612182615,13.649394989013672,21.547006607055664,4.974157333374023,12.82504177093506,9.052193641662598,32.61433792114258,24.00846099853516,54.52181625366211,21.14251708984375,14.833690643310549,11.307477951049805,80.0918197631836
2022-03-07,11.051267623901367,13.065570831298828,22.2491512298584,4.706110954284668,12.05073356628418,8.556291580200195,30.91263961791992,23.667510986328125,52.26895523071289,20.68829345703125,13.69819450378418,10.83391571044922,82.52670288085938
2022-03-08,11.05949592590332,13.166230201721191,21.4738712310791,4.794183731079102,12.273235321044922,8.627134323120117,31.316913604736328,23.572803497314453,53.96471786499024,20.491186141967773,13.918869972229004,11.08519458770752,78.90580749511719
2022-03-09,11.462705612182615,13.911107063293455,21.093542098999023,4.97798490524292,12.985244750976562,9.500866889953612,32.84938049316406,24.406232833862305,55.86251831054688,21.51103401184082,13.914860725402832,12.090303421020508,76.8253173828125
2022-03-10,11.010122299194336,13.729921340942385,21.67134475708008,4.924376964569092,13.011943817138672,9.26472282409668,32.604942321777344,24.339937210083008,55.91149139404297,21.528165817260746,14.304059028625488,11.839025497436523,79.36196899414062
2022-03-11,10.84554672241211,13.456130981445312,21.4738712310791,4.843963146209717,12.460138320922852,8.635004043579102,31.99382781982422,23.998987197875977,56.49308013916016,21.2882080078125,13.967022895812988,8.86235523223877,78.94598388671875
2022-03-14,10.960750579833984,13.54068374633789,20.74978446960449,4.870767116546631,12.495737075805664,8.753077507019043,31.67416954040528,24.27363967895508,56.597145080566406,21.58816337585449,13.790477752685549,7.828253746032715,74.71280670166016
2022-03-15,11.084182739257812,13.386970520019531,20.3328857421875,4.878426551818848,12.922944068908691,8.729463577270508,31.730581283569336,24.32099342346192,56.53592300415039,21.51103401184082,13.533685684204102,8.311478614807129,72.56768035888672
2022-03-16,11.339274406433104,13.565245628356934,21.05697250366211,4.874598026275635,13.323448181152344,8.390989303588867,31.457931518554688,24.48199844360352,57.974586486816406,21.93096923828125,13.545722007751465,8.42745304107666,74.32945251464844
2022-03-17,11.462705612182615,13.690851211547852,21.729856491088867,5.184763431549072,13.083145141601562,7.981673240661621,32.05964279174805,24.85136032104492,58.482704162597656,22.410888671875,13.188621520996094,7.828253746032715,76.91503143310547
2022-03-18,11.726027488708496,13.66248893737793,22.47588539123535,5.357078552246094,14.311358451843262,8.233559608459473,32.96220397949219,25.32489776611328,58.51942825317383,22.57372283935547,13.304981231689451,8.504768371582031,78.37503814697266
2022-03-21,11.668426513671877,13.942057609558104,23.09025955200196,5.464295864105225,14.311358451843262,8.312273979187012,32.57673263549805,25.400665283203125,58.048038482666016,23.130783081054688,13.750354766845703,8.15684700012207,80.59356689453125
2022-03-22,11.833002090454102,14.221627235412598,22.790388107299805,5.479613780975342,14.729662895202637,8.564162254333496,33.704925537109375,25.798439025878903,58.097015380859375,23.4478702545166,13.662079811096191,8.408123970031738,78.791015625
2022-03-23,11.676654815673828,14.148696899414062,22.717247009277344,5.521734714508057,15.156868934631348,8.642876625061035,33.676727294921875,25.66584587097168,57.36239242553711,23.34503936767578,13.794490814208984,8.543428421020508,78.66866302490234
2022-03-24,11.684885025024414,14.31076717376709,22.27109718322754,5.674903392791748,15.68197536468506,9.154521942138672,34.01518249511719,26.044677734375,57.6195068359375,23.499303817749023,14.031219482421877,8.475775718688965,79.04386901855469
2022-03-25,11.783629417419434,14.30265998840332,21.83225440979004,5.655757427215576,16.749984741210938,9.713396072387695,34.344242095947266,25.855262756347656,57.558292388916016,23.54214859008789,14.043255805969238,9.326252937316896,77.67359161376953
2022-03-28,12.129239082336426,14.164907455444336,21.4738712310791,5.628952503204346,16.500783920288086,9.555967330932615,34.39125442504883,26.044677734375,56.321659088134766,23.52500534057617,13.674120903015137,8.707724571228027,77.76329803466797
2022-03-29,12.548907279968262,14.22568130493164,21.481184005737305,5.904054164886475,16.020177841186523,9.855084419250488,34.823726654052734,26.11097526550293,57.943973541259766,23.799251556396484,13.842638969421388,8.959000587463379,77.094482421875
2022-03-30,12.483077049255373,14.14059352874756,21.64940643310547,5.95648193359375,15.726472854614258,9.78424072265625,34.73911666870117,25.87420463562012,57.90111541748047,23.85066795349121,14.087393760681152,8.814032554626465,78.19559478759766
2022-03-31,12.672338485717772,14.059560775756836,21.664033889770508,6.133927822113037,15.566271781921388,9.571710586547852,35.707481384277344,25.77002716064453,56.015567779541016,23.55072021484375,14.139554023742676,8.292149543762207,77.97535705566406
2022-04-01,12.664111137390137,14.051457405090332,22.066301345825195,6.158123016357422,15.966778755187988,9.925926208496094,36.94850158691406,26.054149627685547,56.62162780761719,23.617311477661133,14.135540008544922,8.485440254211426,79.08464813232422
2022-04-04,12.499534606933594,13.921801567077637,22.08824348449707,6.121827602386475,15.68197536468506,9.760625839233398,37.23054885864258,25.9310302734375,56.33390426635742,23.402915954589844,13.991094589233398,8.108525276184082,79.88397216796875
2022-04-05,12.40078830718994,13.553091049194336,21.810312271118164,6.08553409576416,15.156868934631348,9.280466079711914,35.79209899902344,25.61849403381348,55.15850067138672,22.93126106262207,13.975049018859863,7.789595603942871,77.57569885253906
2022-04-06,12.302043914794922,13.62196922302246,21.773744583129883,6.129893779754639,14.613962173461914,9.26472282409668,37.136531829833984,25.182836532592773,55.04218292236328,22.92268180847168,14.019182205200195,7.422344207763672,78.7502212524414
2022-04-07,12.392560958862305,13.873180389404297,21.525066375732425,6.097631931304932,14.382558822631836,9.335565567016602,38.302337646484375,24.64300346374512,54.766693115234375,22.905521392822266,14.721341133117676,7.29670524597168,79.22329711914062
2022-04-08,12.2855863571167,14.120333671569824,21.144739151000977,6.125860691070557,14.0799560546875,9.170265197753906,40.333099365234375,24.47252655029297,54.938106536865234,22.86264991760254,14.881841659545898,7.151737213134766,77.60832977294922
2022-04-11,12.507762908935549,14.209470748901367,21.276391983032227,6.089565753936768,13.786252975463867,8.94199275970459,39.23310470581055,24.150522232055664,54.8952522277832,22.77689743041992,14.68523406982422,7.122744560241699,76.67034912109375
2022-04-12,12.384332656860352,14.181111335754396,20.859493255615234,6.000843048095703,13.706151008605955,9.12303638458252,39.72199249267578,24.13157844543457,55.09727478027344,22.373838424682617,14.701278686523438,6.9584479331970215,76.15648651123047
2022-04-13,12.20329761505127,14.249993324279783,20.75709724426269,6.206517219543457,13.750651359558104,9.225364685058594,40.803184509277344,24.05581283569336,55.55642318725586,22.43387222290039,15.062393188476562,6.9294538497924805,76.18096160888672
2022-04-14,12.09632396697998,14.262146949768066,21.108169555664062,6.234746932983398,13.61715030670166,9.170265197753906,40.803184509277344,24.519880294799805,55.60539245605469,22.579662322998047,15.14093017578125,6.64918327331543,75.11247253417969
2022-04-18,12.104552268981934,14.788874626159668,20.91069221496582,6.283140659332275,13.652750968933104,9.18600845336914,39.928829193115234,24.245229721069336,55.3421516418457,22.70829200744629,14.86643409729004,6.4365644454956055,73.87268829345703
2022-04-19,12.05517864227295,14.266199111938477,20.21586227416992,5.916154384613037,13.66165256500244,9.430024147033691,38.170711517333984,23.91375160217285,56.260440826416016,22.30523109436035,15.123501777648926,6.600860595703125,71.51548767089844
2022-04-20,12.121009826660156,14.24594020843506,19.930620193481445,5.940350532531738,13.6349515914917,9.540224075317385,39.67498397827149,24.103168487548828,55.95433807373047,22.45102310180664,15.302144050598145,6.397906303405762,69.65582275390625
2022-04-21,,,,,,,,,56.15024948120117,,,,
2022-04-22,12.13746738433838,13.950162887573242,19.18459129333496,5.900021076202393,13.287847518920898,9.154521942138672,37.71003341674805,23.84745407104492,54.52793502807617,22.01366806030273,14.53965187072754,5.943674087524414,65.61839294433594
2022-04-25,12.441932678222656,14.059560775756836,19.199222564697266,6.06940221786499,13.81026840209961,9.154521942138672,38.45155715942383,24.39676094055176,55.02381134033203,21.92790603637696,14.439437866210938,6.330254077911377,64.50096893310547
2022-04-26,12.13746738433838,13.743521690368652,18.665298461914062,6.089565753936768,13.098015785217283,8.973479270935059,37.90512466430664,24.8134765625,49.336551666259766,21.18183135986328,14.417654037475586,6.098305702209473,63.62006759643555
2022-04-27,12.079866409301758,13.80430030822754,19.25773048400879,6.198451042175293,13.273767471313477,9.130908012390137,38.5186653137207,24.97447967529297,47.87953567504883,21.010313034057617,14.461222648620604,5.847028732299805,67.02129364013672
2022-04-28,12.104552268981934,13.779986381530762,20.12078285217285,6.186352729797363,13.542017936706545,9.50873851776123,38.978816986083984,24.652475357055664,47.5856819152832,20.838802337646484,14.56579303741455,5.934009075164795,68.67705535888672
2022-04-29,11.948205947875977,13.4599027633667,19.681941986083984,5.916154384613037,13.088767051696776,9.052193641662598,38.80625915527344,24.283111572265625,45.63891220092773,20.470054626464844,14.570148468017578,5.624744892120361,67.934814453125
2022-05-02,11.907061576843262,13.362658500671388,19.14372444152832,5.961991786956787,13.116517066955566,8.8396635055542,37.45455932617188,24.19158363342285,46.25110626220703,20.38221549987793,14.308725357055664,5.508770942687988,67.63302612304688
2022-05-03,11.717798233032228,13.638176918029783,19.06647300720215,5.7571702003479,13.283018112182615,8.918378829956055,37.24365615844727,23.968217849731445,47.54282379150391,20.48519897460937,14.404581069946287,5.460448265075684,67.29045867919922
2022-05-04,11.800087928771973,14.03524684906006,19.39094352722168,5.862347602844238,13.70851707458496,9.296208381652832,38.1064453125,24.50235748291016,49.23859786987305,20.459453582763672,15.084287643432615,5.566757678985596,66.72766876220703
2022-05-05,11.298130989074709,13.670592308044434,19.112823486328125,5.6685967445373535,13.209016799926758,8.894762992858887,37.4929084777832,23.59917640686035,48.11216735839844,19.987445831298828,14.984075546264648,5.33480978012085,65.52051544189453
2022-05-06,11.13355541229248,13.71515941619873,18.780630111694336,5.635383129119873,12.92226791381836,8.51693344116211,37.07109451293945,23.27869415283203,47.89177322387695,20.41654586791992,15.550496101379396,5.267158031463623,65.05560302734375
2022-05-09,11.265214920043944,13.751622200012209,18.224395751953125,5.718417167663574,12.894516944885254,7.910830497741699,37.33952331542969,23.61860084533692,44.671653747558594,20.12475776672364,14.927433013916016,5.160848617553711,62.38845443725586
2022-05-10,11.298130989074709,13.593607902526855,18.008079528808594,5.740561485290527,13.22751808166504,8.060388565063477,38.2310676574707,23.57004165649414,44.879791259765625,20.021759033203125,15.114786148071287,4.7935967445373535,61.61360168457031
2022-05-11,11.479164123535156,13.893437385559082,18.39435386657715,5.768239498138428,12.97776699066162,7.981673240661621,38.1064453125,22.88051986694336,44.34718704223633,20.691162109375,15.877278327941896,4.532655239105225,64.18286895751953
2022-05-12,11.915288925170898,14.24594020843506,18.48706245422364,5.7903828620910645,13.310768127441406,8.084000587463379,38.499488830566406,23.133020401000977,44.861427307128906,21.01728057861328,15.938282012939451,4.735609531402588,63.53850555419922
2022-05-13,11.9646635055542,14.22568130493164,18.695650100708008,5.851276874542236,13.338518142700195,8.469704627990723,39.59235000610352,23.307830810546875,45.94501876831055,21.266149520874023,15.960065841674805,4.735609531402588,63.4650993347168
2022-05-16,12.088094711303713,14.22568130493164,19.530000686645508,5.945383548736572,13.801018714904783,8.469704627990723,40.18672180175781,23.79340934753418,45.68788528442383,21.489288330078125,16.408849716186523,4.803261280059815,65.36553955078125
2022-05-17,12.121009826660156,14.76051139831543,19.197803497314453,6.122527122497559,13.875019073486328,8.532676696777344,41.73014831542969,23.59917640686035,46.7714729309082,21.67809295654297,16.421918869018555,4.841919422149658,65.08822631835938
2022-05-18,11.70134162902832,14.549821853637695,18.33255195617676,6.111454963684082,13.19976806640625,8.14697265625,40.82901763916016,22.65715217590332,46.03683853149414,21.36914253234864,16.051565170288086,4.725945949554443,63.44063186645508
2022-05-19,11.63551139831543,14.46473217010498,18.81153106689453,6.16127872467041,13.440266609191896,8.186331748962402,42.06568145751953,22.686288833618164,46.3674201965332,21.30048561096192,16.186635971069336,4.919235706329346,65.1290054321289
2022-05-20,11.536766052246094,14.991461753845217,19.298236846923828,6.271991729736328,13.680768013000488,8.359503746032715,42.15195846557617,22.9290771484375,46.06744766235352,21.566526412963867,16.4132022857666,5.006216049194336,66.27906799316406
2022-05-23,11.586138725280762,15.62353229522705,19.607254028320312,6.465744018554688,13.62526798248291,8.800305366516113,42.00815963745117,22.666866302490234,46.19600677490234,22.12435531616211,17.018844604492188,4.996551990509033,67.63302612304688
2022-05-24,11.62728214263916,15.377552032470703,19.55317687988281,6.609673023223877,13.40326690673828,8.453962326049805,42.84218978881836,23.472925186157227,45.62054443359375,22.45905303955078,16.564048767089844,4.754939079284668,68.54654693603516
2022-05-25,11.553223609924316,15.28398609161377,19.792667388916016,6.665030002593994,13.209016799926758,8.493318557739258,43.06267547607422,23.42436790466309,45.62666702270508,22.055702209472656,16.901105880737305,4.822590351104736,68.75862884521484
2022-05-26,11.693113327026367,15.239237785339355,19.483646392822266,6.493421077728272,13.53276824951172,9.08367919921875,42.18071746826172,23.317541122436523,47.14490509033203,22.33031845092773,16.954076766967773,5.141519069671631,68.71783447265625
2022-05-27,11.693113327026367,15.072443008422852,19.630430221557617,6.388241767883301,13.236767768859863,8.989222526550293,41.66304016113281,23.045616149902344,48.21624755859375,22.450469970703125,16.24625015258789,5.035210132598877,69.91683197021484
2022-05-30,11.594367027282717,14.67376708984375,20.124860763549805,6.211100101470947,12.931516647338867,8.713719367980957,40.26341247558594,22.666866302490234,,22.244504928588867,15.89474391937256,4.938564777374268,70.67537689208984
2022-05-31,11.676654815673828,14.897513389587402,19.190080642700195,6.449136257171631,12.626266479492188,8.658618927001953,40.39762115478516,23.09417533874512,47.92851257324219,22.450469970703125,16.015125274658203,4.841919422149658,70.31649017333984
2022-06-01,11.619051933288574,14.92599105834961,20.22529411315918,6.310741901397705,12.598517417907717,8.6192626953125,41.22206497192383,22.909652709960938,47.45711898803711,22.13928985595703,16.00067710876465,4.696951389312744,71.97224426269531
2022-06-02,11.619051933288574,14.93819522857666,20.711997985839844,6.415920734405518,12.68176555633545,8.650748252868652,41.538421630859375,23.307830810546875,47.7509765625,22.2337589263916,15.851409912109377,4.696951389312744,73.32621002197266
2022-06-03,11.586138725280762,14.730719566345217,20.47250747680664,6.338420867919922,12.654017448425291,8.343759536743164,40.22506713867188,23.482637405395508,47.12042236328125,22.02765274047852,16.255882263183594,4.4650044441223145,72.15168762207031
2022-06-06,11.56145191192627,14.547653198242188,20.688819885253903,6.277526378631592,12.228515625,8.028903007507324,40.16754913330078,23.51177215576172,47.13877868652344,21.950363159179688,16.24625015258789,4.039764881134033,72.22510528564453
2022-06-07,11.298130989074709,14.445947647094728,20.827878952026367,6.205563545227051,11.951016426086426,7.918701648712158,40.07167816162109,23.76427459716797,47.7509765625,21.950363159179688,16.304035186767578,4.068759441375732,73.9134750366211
2022-06-08,11.322816848754885,14.315771102905272,20.186664581298828,6.172349452972412,11.645766258239746,7.863601207733154,40.39762115478516,23.73513984680176,47.23672866821289,21.52956199645996,16.24143409729004,4.136410236358643,71.36866760253906
2022-06-09,11.199384689331056,14.295427322387695,19.468196868896484,6.128063201904297,11.756765365600586,8.028903007507324,41.26041412353516,23.51177215576172,45.77972030639648,21.16028594970703,16.048831939697266,4.1557393074035645,68.95437622070312
2022-06-10,11.182927131652832,14.05540943145752,19.622703552246094,6.045026302337647,11.275764465332031,7.761271476745605,39.30475997924805,23.46321678161621,43.60643005371094,20.696542739868164,15.846596717834473,4.126745700836182,68.97068786621094
2022-06-13,10.968978881835938,13.734024047851562,19.03557014465332,5.956455707550049,11.146265029907228,7.257496833801269,38.44197082519531,22.841672897338867,41.457637786865234,20.447494506835938,15.60583782196045,4.030101299285889,66.78475952148438
2022-06-14,10.820859909057615,13.738239288330078,18.72655296325684,6.000741004943848,11.174015045166016,7.414927005767822,39.73615264892578,22.734844207763672,41.65966033935547,20.31009864807129,15.745476722717283,3.94312047958374,66.65426635742188
2022-06-15,10.746801376342772,13.955463409423828,18.68792533874512,6.045026302337647,11.405264854431152,7.666813850402832,40.838600158691406,23.608890533447266,42.30246353149414,20.39596939086914,15.538426399230955,4.117082118988037,66.61347198486328
2022-06-16,,,,,,,,,39.97001266479492,,,,
2022-06-17,10.722113609313965,13.988250732421877,18.10851287841797,5.945383548736572,11.34051513671875,7.643199920654297,41.11661148071289,23.46321678161621,40.4046745300293,20.13834571838379,14.411685943603516,4.0011067390441895,63.13883972167969
2022-06-20,10.738572120666504,14.094813346862791,18.02353477478028,5.956455707550049,11.155515670776367,7.698300361633301,41.84518814086914,23.414655685424805,,21.01428985595703,14.53687858581543,4.039764881134033,61.580963134765625
2022-06-21,10.837318420410156,13.516922950744627,18.000354766845703,5.895563125610352,11.127763748168944,7.509384632110596,42.18071746826172,23.10388565063477,40.25162124633789,20.7910099029541,14.382794380187988,4.059093952178955,61.98878479003906
2022-06-22,10.944293022155762,13.467741012573242,17.760868072509766,5.912169456481934,11.201764106750488,7.792757987976074,42.640869140625,22.83196258544922,39.510868072509766,20.63642692565918,14.315380096435549,3.962448835372925,61.458614349365234
2022-06-23,10.968978881835938,13.381671905517578,17.27416229248047,5.884491443634033,11.201764106750488,7.9501872062683105,42.01774978637695,22.37551689147949,39.223140716552734,20.164106369018555,14.012030601501465,3.9334559440612793,59.21560287475586
2022-06-24,11.24875831604004,13.30379867553711,17.521379470825195,5.878954887390137,11.081514358520508,8.09974479675293,42.42037963867188,22.210418701171875,41.06583786010742,20.129749298095703,13.920540809631348,3.914126396179199,60.86320877075195
2022-06-27,11.289902687072754,13.578398704528809,18.178041458129883,5.985980033874512,11.016763687133787,8.178460121154785,43.42696762084961,22.171571731567383,40.888092041015625,20.24997901916504,14.859493255615234,3.904461622238159,63.66085433959961
2022-06-28,11.125327110290527,13.62757968902588,18.37890625,5.963498592376709,10.794764518737791,7.8793439865112305,43.67621994018555,21.92878150939941,40.37936401367188,20.026700973510746,15.076170921325684,3.846475124359131,64.80274963378906
2022-06-29,11.199384689331056,13.557909965515137,18.11623954772949,5.839845180511475,10.970514297485352,8.02103042602539,43.82959747314453,21.80253219604492,39.03705978393555,19.82059097290039,14.869122505187988,3.720836639404297,64.26443481445312
2022-06-30,11.02657985687256,13.680863380432127,17.61408042907715,5.834222793579102,10.933514595031738,8.115488052368164,44.28975296020508,22.181283950805664,39.02479934692383,19.468494415283203,14.705409049987791,3.7691593170166016,62.44554901123047
2022-07-01,11.322816848754885,13.58659839630127,17.189180374145508,5.8904290199279785,11.137014389038086,8.57990550994873,43.954227447509766,22.43378639221192,38.945125579833984,19.63835525512696,14.979872703552246,3.875468254089356,61.25471115112305
2022-07-04,11.256987571716309,13.541512489318848,17.212356567382812,5.817361354827881,11.05376434326172,8.50905990600586,43.36944961547852,21.967628479003903,,19.449275970458984,15.33619213104248,3.9334559440612793,60.90398406982422
2022-07-05,11.594367027282717,13.467741012573242,17.104202270507812,5.693707466125488,11.312764167785645,8.682234764099121,42.861358642578125,21.75397300720215,38.01961135864258,19.58679580688477,14.681334495544434,4.078423023223877,60.60219192504883
2022-07-06,11.709568977355955,13.381671905517578,17.28188705444336,5.676845073699951,11.405264854431152,8.879020690917969,42.353275299072266,21.77339744567871,37.7376594543457,19.406307220458984,14.459837913513184,4.300706386566162,61.17314529418945
2022-07-07,11.709568977355955,13.578398704528809,17.75313949584961,5.778017520904541,11.627264976501465,9.272594451904297,42.861358642578125,22.54061317443848,38.614139556884766,19.681339263916016,14.888384819030762,4.803261280059815,62.95124053955078
2022-07-08,11.77540111541748,13.709551811218262,17.405494689941406,5.778017520904541,11.701264381408691,9.500866889953612,42.13278579711914,22.27840042114257,38.76737594604492,19.68993377685547,15.023208618164062,5.586086750030518,61.4994010925293
2022-07-11,11.602596282958984,13.48413372039795,16.772005081176758,5.766775608062744,11.507014274597168,9.3276948928833,40.50307846069336,21.889938354492188,37.94606018066406,19.37193489074707,15.013575553894045,5.827700138092041,59.40320587158203
2022-07-12,11.34750270843506,13.529215812683104,16.69474983215332,5.806119918823242,12.052764892578123,9.39853858947754,41.11661148071289,21.97734260559082,38.62639999389648,19.32896041870117,14.719855308532717,5.450783729553223,59.58264923095703
2022-07-13,11.98934841156006,13.381671905517578,16.57114601135254,5.851085662841797,11.969514846801758,9.367053031921388,41.404205322265625,21.71512794494629,38.007354736328125,19.251615524291992,14.782451629638672,5.15118408203125,59.37873840332031
2022-07-14,12.21152687072754,13.365275382995604,15.5127534866333,5.918533802032471,11.257265090942385,9.162393569946287,41.79725646972656,21.81224250793457,37.44346237182617,19.036754608154297,14.310568809509276,4.407016277313232,55.42286682128906
2022-07-15,12.005806922912598,13.63987636566162,15.420048713684082,5.873567581176758,11.238764762878418,9.31004238128662,42.2286491394043,21.80253219604492,38.52833938598633,19.380523681640625,14.594660758972168,4.059093952178955,55.76544570922852
2022-07-18,11.923518180847168,13.832507133483888,15.883577346801758,5.817361354827881,11.16476345062256,9.039353370666504,42.07526397705078,21.84137725830078,39.03093719482422,19.63835525512696,15.080987930297852,4.078423023223877,56.0590705871582
2022-07-19,11.915288925170898,14.20547103881836,15.744518280029297,5.839845180511475,11.220264434814451,9.113177299499512,42.3916244506836,22.016185760498047,40.9064826965332,20.30014419555664,15.249519348144531,4.4650044441223145,56.18141555786133
2022-07-20,11.767171859741213,14.209569931030272,15.68271541595459,5.867947101593018,11.312764167785645,8.949126243591309,42.53541564941406,22.50176429748535,41.61133193969727,20.04230308532715,15.379528045654297,4.4650044441223145,54.96611404418945
2022-07-21,11.981121063232422,14.307936668395996,15.767692565917969,5.907291412353516,11.414515495300291,9.13778591156006,42.71756362915039,22.666866302490234,41.758445739746094,20.20559883117676,15.210999488830566,4.522990703582764,55.92856979370117
2022-07-22,11.939976692199709,14.209569931030272,15.783145904541016,5.985980033874512,11.34051513671875,9.326448440551758,42.78466796875,22.385225296020508,41.79521560668945,19.990737915039062,15.374712944030762,4.291042804718018,56.45058441162109
2022-07-25,12.079866409301758,14.42679214477539,15.984007835388184,6.081532001495361,11.33126449584961,8.96552848815918,42.995567321777344,22.618305206298828,41.899410247802734,20.282947540283203,16.039201736450195,4.039764881134033,57.49459457397461
2022-07-26,12.195069313049316,14.475974082946776,15.79859733581543,6.014083862304688,11.109265327453612,8.834287643432617,42.8038444519043,22.802827835083008,43.830116271972656,20.17121696472168,16.270326614379883,3.85614013671875,57.3885612487793
2022-07-27,12.326729774475098,14.570241928100586,16.030357360839844,6.3288397789001465,11.423765182495115,9.1705961227417,43.49407196044922,23.42436790466309,43.87302017211914,20.239974975585938,16.376258850097656,3.875468254089356,57.519073486328125
2022-07-28,12.425475120544434,14.840744018554688,16.068986892700195,6.295114994049072,11.867765426635742,9.556122779846191,43.570762634277344,23.78369903564453,44.82917785644531,20.368894577026367,16.72294807434082,3.904461622238159,57.65773010253906
2022-07-29,12.2855863571167,14.742382049560549,15.814044952392578,6.317598342895508,11.68276596069336,9.711973190307615,43.91587829589844,24.09446907043457,45.3011360168457,20.30014419555664,17.796724319458008,3.778822898864746,56.891021728515625
2022-08-01,12.038722038269045,14.62352180480957,15.5127534866333,6.272632598876953,11.960265159606934,9.61354160308838,44.57734680175781,24.05562210083008,46.45956039428711,20.186304092407227,17.57522964477539,3.740165233612061,55.52891159057617
2022-08-02,12.104552268981934,14.820252418518066,15.868125915527344,6.356943130493164,11.599514961242676,9.301839828491213,44.92246627807617,24.21100807189941,45.57695007324219,20.40132522583008,17.584856033325195,3.6628494262695312,57.29885482788086
2022-08-03,12.038722038269045,14.92271327972412,15.466403007507324,6.373804092407227,12.395015716552734,9.638151168823242,45.06625747680664,24.278987884521484,45.80985641479492,20.54753875732422,17.488555908203125,3.865803718566896,55.07213973999024
2022-08-04,12.079866409301758,15.205513954162598,15.43549633026123,6.559286594390869,13.81026840209961,10.655282020568848,46.32209777832031,24.91995429992676,45.15403366088867,21.04638862609864,17.758201599121094,4.349029064178467,54.75404357910156
2022-08-05,12.014036178588867,15.488309860229492,15.744518280029297,6.576148986816406,13.616018295288086,10.6306734085083,46.13995361328125,24.74514579772949,45.57695007324219,21.44203758239746,18.066368103027344,5.721390247344971,55.463653564453125
2022-08-08,12.178611755371094,15.976032257080078,15.690439224243164,6.699801921844482,13.606768608093262,10.58145809173584,46.29334259033203,24.71601104736328,46.079551696777344,21.708663940429688,18.937908172607425,5.025545597076416,55.93672180175781
2022-08-09,12.129239082336426,16.2424373626709,15.759965896606444,6.845939636230469,13.616018295288086,10.048283576965332,46.331687927246094,24.822837829589844,45.92631149291992,22.27631950378418,19.18829345703125,5.06420373916626,57.09494018554688
2022-08-10,12.474847793579102,16.38178825378418,15.860401153564451,6.868420600891113,13.976767539978027,10.647079467773438,45.99615097045898,24.73543357849121,47.2808723449707,22.689165115356445,19.12088203430176,5.267158031463623,57.135719299316406
2022-08-11,12.450161933898926,17.107227325439453,16.068986892700195,6.851559162139893,13.384767532348633,10.187728881835938,45.01832962036133,23.49234962463379,48.359619140625,22.72356986999512,18.759748458862305,5.054538726806641,59.125885009765625
2022-08-12,12.5159912109375,18.07447624206543,16.509342193603516,6.980835437774658,13.495768547058104,10.33537769317627,44.9608154296875,23.76427459716797,48.99093246459961,22.998794555664062,20.30346870422364,5.0448737144470215,59.88261413574219
2022-08-15,12.688796043395996,17.619543075561523,16.323928833007812,6.919007301330566,14.328269004821776,10.983389854431152,46.667213439941406,24.31783676147461,48.91738128662109,23.196617126464844,20.23360824584961,6.223945140838623,58.59573745727539
2022-08-16,12.754627227783203,17.705608367919922,16.609769821166992,6.941490173339844,14.226518630981444,10.56505298614502,46.4371337890625,24.24985313415528,49.68965911865234,23.463247299194336,20.466453552246094,5.721390247344971,59.8997688293457
2022-08-17,12.795771598815918,17.54576873779297,16.378005981445312,7.334933280944824,14.15251922607422,10.77832317352295,47.54916763305664,24.58975982666016,48.98479843139648,23.523452758789062,21.14750289916992,5.605416297912598,58.53568649291992
2022-08-18,13.16606616973877,17.140012741088867,16.51706314086914,7.228142738342285,13.893518447875977,10.515836715698242,47.37661361694336,24.463510513305664,48.54962921142578,23.45464515686035,21.42690658569336,5.953338623046875,58.09814453125
2022-08-19,12.886285781860352,16.82442855834961,16.378005981445312,7.20565938949585,13.070267677307127,9.818608283996582,46.17829513549805,24.240142822265625,47.63636016845703,23.173240661621094,20.55376625061035,5.557093620300293,57.44613265991211
2022-08-22,12.688796043395996,16.996564865112305,16.254398345947266,7.194417476654053,13.01476764678955,9.744784355163574,45.61269378662109,23.977930068969727,45.83437728881836,22.91228675842285,20.879737854003903,5.557093620300293,56.60537338256836
2022-08-23,12.70525360107422,17.101442337036133,16.980592727661133,7.228142738342285,13.273767471313477,9.966257095336914,45.64145278930664,24.026487350463867,46.643436431884766,22.97317886352539,21.66556739807129,5.827700138092041,60.23435592651367
2022-08-24,13.00149154663086,16.81723976135254,16.872438430786133,7.222520351409912,13.50501823425293,10.499431610107422,45.51683044433594,23.919660568237305,47.03570938110352,23.0688591003418,21.811094284057617,6.146628379821777,58.29546737670898
2022-08-25,13.017948150634766,17.216766357421875,17.15827751159668,7.098867893218994,13.431018829345703,10.33537769317627,44.8553581237793,23.744850158691406,47.89379501342773,23.355918884277344,21.58989524841309,5.895351409912109,59.42791366577149
2022-08-26,12.894516944885254,17.13027000427246,16.74110221862793,6.924627304077148,13.181266784667969,10.261553764343262,44.43355178833008,23.2981185913086,46.13471221923828,23.21674346923828,21.805265426635746,5.731054782867432,58.53568649291992
2022-08-29,12.845144271850586,17.4844913482666,16.748828887939453,6.88528299331665,13.458767890930176,10.540444374084473,44.730735778808594,23.336963653564453,46.61279296875,23.138452529907227,22.27676773071289,5.96300220489502,57.40323638916016
2022-08-30,12.664111137390137,17.435068130493164,16.115339279174805,6.688560485839844,13.366266250610352,10.483025550842283,44.13636779785156,23.327253341674805,46.04889678955078,23.03406143188477,21.01944160461425,5.88568639755249,55.7388801574707
2022-08-31,12.565364837646484,17.17146110534668,16.18486976623535,6.800972938537598,13.098015785217283,10.622471809387209,44.20347595214844,23.482637405395508,45.01305389404297,22.451255798339844,21.63646125793457,5.644074440002441,55.33565521240234
2022-09-01,12.697026252746582,17.435068130493164,15.91447639465332,6.812214374542236,14.004518508911133,11.073617935180664,44.8745346069336,23.744850158691406,44.79240417480469,22.79739189147949,22.026460647583008,5.943674087524414,54.81232070922852
2022-09-02,12.738168716430664,17.51744270324707,16.57114601135254,6.806594371795654,15.105269432067873,11.852872848510742,44.58693313598633,23.686580657958984,44.39400863647461,23.11075592041016,21.70631599426269,6.919789791107178,53.98014450073242
2022-09-05,12.795771598815918,17.146747589111328,16.656124114990234,6.806594371795654,15.077518463134766,12.057940483093262,44.5294189453125,24.50235748291016,,23.485057830810547,21.659746170043945,7.055092811584473,55.95336151123047
2022-09-06,12.803999900817873,16.322978973388672,15.999457359313965,6.666078567504883,14.467018127441406,11.426334381103516,43.292755126953125,24.20129776000977,44.22851943969727,23.26744270324707,20.897201538085938,6.504215240478516,54.62358093261719
2022-09-07,,,,,,,,,45.09886932373047,,,,
2022-09-08,12.754627227783203,16.25295639038086,15.85267448425293,6.840318202972412,14.957269668579102,11.64780616760254,43.35027694702149,23.909948348999023,45.21533203125,23.102060317993164,20.687650680541992,7.383686065673828,55.34423828125
2022-09-09,12.935660362243652,16.701913833618164,16.540241241455078,6.8234543800354,15.475269317626951,12.115360260009766,43.46531295776367,23.79340934753418,45.38081359863281,23.28485107421875,20.65271759033203,7.035763740539551,59.66813659667969
2022-09-12,12.91920280456543,16.961400985717773,16.617496490478516,6.795352935791016,15.327269554138184,12.098954200744627,44.20347595214844,23.919660568237305,46.16535186767578,23.57209587097168,20.565410614013672,7.248382568359375,60.19146347045898
2022-09-13,12.828685760498049,16.676847457885742,16.269851684570312,6.587388515472412,15.031269073486328,12.04153537750244,43.58034896850586,23.803119659423828,43.4194564819336,23.328372955322266,19.94256401062012,6.9294538497924805,58.55284881591797
2022-09-14,12.655881881713867,16.693431854248047,15.953105926513672,6.531182765960693,14.79076862335205,12.37784481048584,43.49407196044922,24.026487350463867,42.92298889160156,23.2413272857666,20.18704605102539,6.900460243225098,57.48045349121094
2022-09-15,12.590049743652344,16.523427963256836,16.123065948486328,6.469356536865234,14.79076862335205,12.541898727416992,42.84218978881836,23.773984909057617,42.236515045166016,23.30225944519043,20.14047813415528,6.861802577972412,58.638633728027344
2022-09-16,12.565364837646484,16.336843490600586,16.31620216369629,6.39628791809082,14.55951976776123,12.410655975341797,42.06568145751953,23.52148628234864,40.69194412231445,23.22391700744629,20.02988052368164,7.055092811584473,58.55284881591797
2022-09-19,12.729940414428713,16.660259246826172,16.818361282348633,6.576148986816406,14.957269668579102,12.40245246887207,42.334102630615234,23.977930068969727,41.09648513793945,24.094379425048828,20.268539428710938,7.345027923583984,60.44883728027344
2022-09-20,12.968576431274414,16.913190841674805,16.540241241455078,6.559286594390869,14.985020637512209,12.271210670471191,42.19989013671875,23.890525817871094,40.81454086303711,24.895198822021484,20.23360824584961,6.726499557495117,59.58234024047852
2022-09-21,12.795771598815918,16.792949676513672,16.23122215270996,6.531182765960693,15.114519119262695,12.533696174621582,42.46831130981445,24.007064819335938,39.974830627441406,24.63406753540039,20.1928653717041,6.9294538497924805,58.724422454833984
2022-09-22,12.894516944885254,17.09977912902832,16.609769821166992,6.705421447753906,15.63252067565918,13.132490158081056,44.193885803222656,24.30812263488769,40.060646057128906,25.130226135253903,20.60615348815918,7.190395355224609,60.07135009765625
2022-09-23,12.647652626037598,16.8883113861084,16.424358367919922,6.654837608337402,15.503021240234377,12.927425384521484,44.050086975097656,26.192174911499023,39.56417083740234,24.63406753540039,19.150917053222656,7.171067237854004,58.82737731933594
2022-09-26,12.565364837646484,16.183422088623047,16.49388885498047,6.777496814727783,14.975770950317385,12.427061080932615,42.68880081176758,25.93967056274414,39.49053192138672,24.10308265686035,18.90643882751465,6.987441062927246,58.9560661315918
2022-09-27,12.70525360107422,15.980249404907228,16.347105026245117,6.193624496459961,14.86476993560791,12.304021835327148,41.461727142333984,25.39582252502441,39.56417465209961,23.963809967041016,19.133453369140625,6.832809448242188,58.08098602294922
2022-09-28,12.935660362243652,15.984395027160645,16.385732650756836,6.107760906219482,16.076519012451172,12.681344032287598,40.876949310302734,25.34726333618164,39.55803680419922,23.95511054992676,18.99957275390625,6.910125255584717,58.63005447387695
2022-09-29,12.845144271850586,15.89732265472412,16.300752639770508,6.039069175720215,15.956271171569824,12.935626983642578,40.71398162841797,25.259859085083008,38.496368408203125,24.311994552612305,19.017032623291016,6.919789791107178,58.70727157592773
