Price,Adj Close,Close,High,Low,Open,Volume
Ticker,ABEV3.SA,ABEV3.SA,ABEV3.SA,ABEV3.SA,ABEV3.SA,ABEV3.SA
Date,,,,,,
2010-01-04,3.2174034118652344,6.113138198852539,6.121129035949707,5.873406887054443,5.93294095993042,818417
2010-01-05,3.2363297939300537,6.149097919464111,6.173070907592773,6.073583126068115,6.073583126068115,1604298
2010-01-06,3.269343852996826,6.211828231811523,6.212226867675781,6.093161106109619,6.099554061889648,508069
2010-01-07,3.284696340560913,6.240994930267334,6.240994930267334,6.133115768432617,6.221016883850098,2690516
2010-01-08,3.2783865928649902,6.229008197784424,6.266965866088867,6.154292106628418,6.19304895401001,588159
2010-01-11,3.2384321689605713,6.1530938148498535,6.289740085601807,6.14709997177124,6.289740085601807,573142
2010-01-12,3.259462356567383,6.19304895401001,6.203036785125732,6.034427165985107,6.152694225311279,540606
2010-01-13,3.301518201828003,6.272959232330322,6.272959232330322,6.1530938148498535,6.19304895401001,453007
2010-01-14,3.3488333225250244,6.362857818603516,6.417995929718018,6.1786651611328125,6.193448066711426,583153
2010-01-15,3.3431551456451416,6.352069854736328,6.423590183258057,6.2733588218688965,6.423590183258057,377923
2010-01-18,3.3435752391815186,6.352869033813477,6.352869033813477,6.259374141693115,6.259774208068848,715802
2010-01-19,3.348412036895752,6.362059116363525,6.382835865020752,6.2817487716674805,6.282148838043213,377923
2010-01-20,3.274390935897827,6.22141695022583,6.390427112579346,6.184258937835693,6.390427112579346,2667991
2010-01-21,3.300466775894165,6.270960807800293,6.3640570640563965,6.041219234466553,6.22141695022583,633209
2010-01-22,3.3435752391815186,6.352869033813477,6.352869033813477,6.043217182159424,6.177066802978516,310347
2010-01-26,3.284485340118408,6.240594863891602,6.250984191894531,6.155090808868408,6.185058116912842,688271
2010-01-27,3.249577760696411,6.174270153045654,6.223814010620117,6.101151943206787,6.19304895401001,523086
2010-01-28,3.254204273223877,6.183060169219971,6.259374141693115,6.113936901092529,6.259374141693115,2467766
2010-01-29,3.1543166637420654,5.99327278137207,6.252981185913086,5.973295211791992,6.19304895401001,1466644
2010-02-01,3.1858599185943604,6.053205966949463,6.148299217224121,5.957313060760498,6.130719184875488,996116
2010-02-02,3.263666868209839,6.201039791107178,6.201039791107178,6.061595916748047,6.061595916748047,763355
2010-02-03,3.312033176422119,6.2929368019104,6.2929368019104,6.140707015991211,6.201039791107178,585656
2010-02-04,3.175344705581665,6.033227920532227,6.204636096954346,6.021640777587891,6.105546951293945,410460
2010-02-05,3.0596885681152344,5.813475131988525,5.98488187789917,5.761532783508301,5.939332962036133,790886
2010-02-08,3.0281448364257812,5.753541946411133,5.832253932952881,5.7391581535339355,5.813475131988525,1739450
2010-02-09,3.019101142883301,5.736361026763916,5.829855918884277,5.679625034332275,5.793097972869873,1564253
2010-02-10,3.0388693809509277,5.773919105529785,5.865416049957275,5.674030780792236,5.865416049957275,317856
2010-02-11,3.1122591495513916,5.913362979888916,5.913362979888916,5.785505771636963,5.8122758865356445,1394062
2010-02-12,3.0941739082336426,5.879001140594482,5.925748825073242,5.789102077484131,5.885394096374512,495555
2010-02-17,3.2447400093078613,6.1650800704956055,6.1650800704956055,5.973295211791992,5.973295211791992,267800
2010-02-18,3.2228713035583496,6.1235270500183105,6.229008197784424,6.093161106109619,6.229008197784424,422974
2010-02-19,3.2346484661102295,6.145902156829834,6.171473026275635,6.064793109893799,6.064793109893799,337878
2010-02-22,3.22013783454895,6.118332862854004,6.136712074279785,6.065990924835205,6.136712074279785,165185
2010-02-23,3.1332879066467285,5.953318119049072,6.0667901039123535,5.92934513092041,6.062395095825195,795892
2010-02-24,3.1290833950042725,5.945326805114746,6.040420055389404,5.929743766784668,5.99247407913208,780875
2010-02-25,3.163989305496216,6.011651992797852,6.011651992797852,5.8338518142700195,5.873406887054443,475533
2010-02-26,3.1360223293304443,5.958511829376221,6.008854866027832,5.900177001953125,6.008854866027832,568136
2010-03-01,3.1732428073883057,6.029232978820801,6.0328288078308105,5.934538841247559,6.011651992797852,350392
2010-03-02,3.1543166637420654,5.99327278137207,6.033227920532227,5.933340072631836,5.936935901641846,415465
2010-03-03,3.164830446243286,6.01324987411499,6.119132041931152,6.01324987411499,6.033227920532227,1031156
2010-03-04,3.13307785987854,5.95291805267334,6.008456230163574,5.913762092590332,6.008456230163574,510572
2010-03-05,3.0891270637512207,5.869411945343018,6.0092549324035645,5.865816116333008,6.0092549324035645,778372
2010-03-08,3.1059517860412598,5.901375770568848,5.921353816986084,5.85023307800293,5.921353816986084,2843187
2010-03-09,3.076300621032715,5.845038890838623,5.901375770568848,5.825460910797119,5.901375770568848,2953310
2010-03-10,3.101325035095215,5.8925862312316895,5.8925862312316895,5.796294212341309,5.796294212341309,3261156
2010-03-11,3.1122591495513916,5.913362979888916,5.913362979888916,5.811875820159912,5.857425212860107,1331492
2010-03-12,3.0912301540374756,5.873406887054443,5.8925862312316895,5.807480812072754,5.877801895141602,685768
2010-03-15,3.0849220752716064,5.86142110824585,5.913362979888916,5.789900779724121,5.873406887054443,277811
2010-03-16,3.0939645767211914,5.878602027893066,5.982484817504883,5.861021041870117,5.982484817504883,625701
2010-03-17,3.1017446517944336,5.89338493347168,5.931342124938965,5.8538289070129395,5.89338493347168,2009753
2010-03-18,3.10805344581604,5.905372142791748,5.905372142791748,5.817470073699951,5.885394096374512,628204
2010-03-19,3.0163421630859375,5.6736321449279785,5.853429794311523,5.6736321449279785,5.853429794311523,570639
2010-03-22,3.026963233947754,5.693609237670898,5.828658103942871,5.693609237670898,5.793497085571289,327867
2010-03-23,3.012094020843506,5.665640830993652,5.665640830993652,5.62129020690918,5.66164493560791,475533
2010-03-24,2.9893651008605957,5.622889041900635,5.66524076461792,5.6132988929748535,5.633676052093506,427979
2010-03-25,3.026538372039795,5.69281005859375,5.69281005859375,5.616096019744873,5.63327693939209,272805
2010-03-26,3.0159175395965576,5.67283296585083,5.6736321449279785,5.59372091293335,5.63327693939209,2099854
2010-03-29,2.9925506114959717,5.628881931304932,5.6520562171936035,5.604508876800537,5.6520562171936035,1123759
2010-03-30,3.021015167236328,5.682422161102295,5.682422161102295,5.582533836364746,5.62968111038208,875982
2010-03-31,2.9320127964019775,5.515009880065918,5.6736321449279785,5.515009880065918,5.672432899475098,1411582
2010-04-01,2.936471462249756,5.523399829864502,5.585330963134766,5.490636825561523,5.565752983093262,588159
2010-04-05,2.9936139583587646,5.630879878997803,5.70120096206665,5.523399829864502,5.523399829864502,978597
2010-04-06,2.9730093479156494,5.592123031616211,5.629281044006348,5.592123031616211,5.620491027832031,860965
2010-04-07,2.999136209487915,5.641267776489258,5.641267776489258,5.532589912414551,5.532589912414551,445499
2010-04-08,2.9844791889190674,5.613698959350586,5.644864082336426,5.574542999267578,5.644864082336426,3979
2010-04-09,3.005721092224121,5.653654098510742,5.7171831130981445,5.63327693939209,5.643664836883545,1361526
2010-04-12,3.026963233947754,5.693609237670898,5.751144886016846,5.653254985809326,5.697205066680908,1609304
2010-04-13,3.058825969696045,5.753541946411133,5.765129089355469,5.677227973937988,5.692410945892334,718305
2010-04-14,3.084315776824951,5.801487922668457,5.813475131988525,5.713586807250977,5.753541946411133,405454
2010-04-15,3.138057231903076,5.9025750160217285,5.9025750160217285,5.763131141662598,5.801487922668457,623198
2010-04-16,3.100672483444214,5.832253932952881,5.879001140594482,5.773519992828369,5.773519992828369,540606
2010-04-19,3.0800673961639404,5.793497085571289,5.803085803985596,5.734363079071045,5.7531418800354,220246
2010-04-20,3.0800673961639404,5.793497085571289,5.880599021911621,5.7471489906311035,5.819468021392822,425477
2010-04-22,3.1225504875183105,5.873406887054443,5.873406887054443,5.688815116882324,5.715185165405273,317856
2010-04-23,3.1820285320281982,5.985281944274902,5.985281944274902,5.810678005218506,5.810678005218506,453007
2010-04-26,3.2361958026885986,6.087168216705322,6.1179327964782715,5.919754981994629,5.95291805267334,2112368
2010-04-27,3.0906882286071777,5.813475131988525,6.113138198852539,5.813475131988525,6.113138198852539,1323984
2010-04-28,3.0354607105255127,5.709590911865234,5.824263095855713,5.678027153015137,5.8158721923828125,475533
2010-04-29,3.100247859954834,5.831455230712891,5.833452224731445,5.749546051025391,5.763131141662598,783378
2010-04-30,3.1250996589660645,5.878201961517334,5.878201961517334,5.773519992828369,5.782709121704102,640718
2010-05-03,3.041832685470581,5.721578121185303,5.912962913513184,5.721578121185303,5.912962913513184,3353
2010-05-04,3.101308584213257,5.833452224731445,5.833452224731445,5.7255730628967285,5.829456806182861,883490
2010-05-05,3.1225504875183105,5.873406887054443,5.953318119049072,5.833452224731445,5.833452224731445,943557
2010-05-06,3.135296583175659,5.897380828857422,5.915359973907471,5.761532783508301,5.833452224731445,540606
2010-05-07,3.1650354862213135,5.953318119049072,5.953318119049072,5.778314113616943,5.813475131988525,703288
2010-05-10,3.1777801513671875,5.977291107177734,6.037223815917969,5.916159152984619,5.99327278137207,540606
2010-05-11,3.186276912689209,5.99327278137207,6.033227920532227,5.913362979888916,5.913362979888916,665746
2010-05-12,3.2051823139190674,6.028832912445068,6.0528059005737305,5.99327278137207,6.033227920532227,823423
2010-05-13,3.186276912689209,5.99327278137207,6.0663909912109375,5.99327278137207,6.064793109893799,488047
2010-05-14,3.1650354862213135,5.953318119049072,6.008456230163574,5.926947116851807,5.99327278137207,1769483
2010-05-17,3.207519292831421,6.033227920532227,6.033227920532227,5.913362979888916,5.913362979888916,520583
2010-05-18,3.1650354862213135,5.953318119049072,6.050807952880859,5.953318119049072,6.033227920532227,1063692
2010-05-19,3.143794059753418,5.913362979888916,5.94932222366333,5.854228973388672,5.89338493347168,1066195
2010-05-20,3.0675342082977295,5.769924163818359,5.908967971801758,5.737559795379639,5.908967971801758,698282
2010-05-21,3.054576873779297,5.745551109313965,5.905372142791748,5.721977233886719,5.721977233886719,465521
2010-05-24,3.141669511795044,5.909367084503174,5.95291805267334,5.771522045135498,5.771522045135498,625701
2010-05-25,3.1204261779785156,5.869411945343018,5.89338493347168,5.793497085571289,5.793497085571289,563131
2010-05-26,2.973858594894409,5.59372091293335,5.913362979888916,5.59372091293335,5.8813982009887695,518080
2010-05-27,3.148041009902954,5.921353816986084,5.921353816986084,5.753541946411133,5.753541946411133,4347373
2010-05-28,3.1629114151000977,5.94932222366333,5.953318119049072,5.864218235015869,5.873406887054443,2585398
2010-05-31,3.128923177719116,5.885394096374512,5.936935901641846,5.808280944824219,5.936935901641846,255286
2010-06-01,3.1544132232666016,5.933340072631836,5.994071960449219,5.873406887054443,5.904572010040283,4617676
2010-06-02,3.2393813133239746,6.093161106109619,6.121129035949707,5.793497085571289,5.793497085571289,1614309
2010-06-04,3.2710323333740234,6.152694225311279,6.197843074798584,5.953318119049072,6.113138198852539,5859068
2010-06-07,3.2977967262268066,6.203036785125732,6.27255916595459,6.192648887634277,6.192648887634277,2843187
2010-06-08,3.271244764328003,6.1530938148498535,6.322903156280518,6.133514881134033,6.203036785125732,2059809
2010-06-09,3.3035311698913574,6.213825225830078,6.232204914093018,6.1315178871154785,6.19304895401001,1979719
2010-06-10,3.315852165222168,6.236999034881592,6.2929368019104,6.233004093170166,6.28095006942749,3231122
2010-06-11,3.299283742904663,6.205833911895752,6.233004093170166,6.19304895401001,6.233004093170166,182704
2010-06-14,3.3139402866363525,6.233403205871582,6.293335914611816,6.2082319259643555,6.286942958831787,327867
2010-06-15,3.37532901763916,6.348874092102051,6.352869033813477,6.233004093170166,6.233004093170166,232760
2010-06-16,3.398695230484009,6.392824172973633,6.432779788970947,6.3424811363220215,6.3424811363220215,415465
2010-06-17,3.419299602508545,6.431581020355225,6.431581020355225,6.2953338623046875,6.411203861236572,337878
2010-06-18,3.4154765605926514,6.424388885498047,6.424388885498047,6.314511775970459,6.392824172973633,4605
2010-06-21,3.4305577278137207,6.452756881713867,6.534665107727051,6.397220134735107,6.468739032745361,573142
2010-06-22,3.4910969734191895,6.566628932952881,6.571824073791504,6.452756881713867,6.452756881713867,1709416
2010-06-23,3.4439406394958496,6.47792911529541,6.542256832122803,6.457151889801025,6.526275157928467,978597
2010-06-24,3.3774542808532715,6.352869033813477,6.588604927062988,6.352869033813477,6.588604927062988,3065937
2010-06-25,3.39890718460083,6.393223762512207,6.54465389251709,6.344479084014893,6.344479084014893,1594287
2010-06-28,3.5019311904907227,6.58700704574585,6.592599868774414,6.375244140625,6.548250198364258,5783984
2010-06-29,3.3821260929107666,6.361659049987793,6.529071807861328,6.361659049987793,6.529071807861328,1781997
2010-06-30,3.3137285709381104,6.233004093170166,6.4239888191223145,6.1534929275512695,6.362857818603516,1041167
2010-07-01,3.2659337520599365,6.1431050300598145,6.264967918395996,6.061595916748047,6.264967918395996,415465
2010-07-02,3.2882378101348877,6.185058116912842,6.233004093170166,6.1530938148498535,6.1530938148498535,470527
2010-07-05,3.25000262260437,6.113138198852539,6.21302604675293,6.113138198852539,6.21302604675293,125140
2010-07-06,3.3275351524353027,6.258975028991699,6.336487770080566,6.1530938148498535,6.1530938148498535,703288
2010-07-07,3.349414110183716,6.300127983093262,6.352869033813477,6.2441911697387695,6.25258207321167,2640460
2010-07-08,3.40082049369812,6.396820068359375,6.396820068359375,6.332891941070557,6.34767484664917,2828170
2010-07-12,3.3562114238739014,6.31291389465332,6.352869033813477,6.194646835327148,6.194646835327148,1802
2010-07-13,3.3785154819488525,6.354866981506348,6.370849132537842,6.3209052085876465,6.3209052085876465,1158799
2010-07-14,3.389986515045166,6.376442909240723,6.380437850952148,6.352869033813477,6.356864929199219,1146285
2010-07-15,3.3984830379486084,6.392425060272217,6.409205913543701,6.314113140106201,6.315310955047607,1333995
2010-07-16,3.4203615188598633,6.433578968048096,6.552645206451416,6.412802219390869,6.432779788970947,620695
2010-07-19,3.4745290279388428,6.535463809967041,6.535463809967041,6.452756881713867,6.452756881713867,245274
2010-07-20,3.477290391921997,6.540658950805664,6.540658950805664,6.456353187561035,6.478328227996826,698282
2010-07-21,3.441178560256958,6.4727349281311035,6.540658950805664,6.4727349281311035,6.531468868255615,187710
2010-07-22,3.5155253410339355,6.61257791519165,6.620569229125977,6.525475978851318,6.591801166534424,620695
2010-07-23,3.4624199867248535,6.51269006729126,6.63255500793457,6.51269006729126,6.619770050048828,442996
2010-07-26,3.4413909912109375,6.4731340408325195,6.532668113708496,6.4731340408325195,6.493112087249756,573142
2010-07-27,3.4560470581054688,6.500702857971191,6.548250198364258,6.4731340408325195,6.4731340408325195,625701
2010-07-28,3.4670937061309814,6.521480083465576,6.591001987457275,6.483122825622559,6.493112087249756,595667
2010-07-29,3.462632894515991,6.513089179992676,6.591801166534424,6.513089179992676,6.521480083465576,563131
2010-07-30,3.46730637550354,6.521880149841309,6.55224609375,6.500304222106934,6.513089179992676,240269
2010-08-02,3.4870617389678955,6.559038162231445,6.696883201599121,6.269362926483154,6.533067226409912,2440235
2010-08-03,3.4624199867248535,6.51269006729126,6.559038162231445,6.46674108505249,6.559038162231445,463019
2010-08-04,3.448612928390503,6.486719131469727,6.520280838012695,6.4727349281311035,6.51269006729126,770864
2010-08-05,3.420149564743042,6.433178901672363,6.511092185974121,6.31291389465332,6.467541217803955,928540
2010-08-06,3.3969967365264893,6.389627933502197,6.41839599609375,6.31291389465332,6.41839599609375,710796
2010-08-09,3.390411376953125,6.377242088317871,6.392824172973633,6.3169097900390625,6.385232925415039,272805
2010-08-10,3.3742685317993164,6.34687614440918,6.34687614440918,6.260972023010254,6.304923057556152,463019
2010-08-11,3.337094783782959,6.2769551277160645,6.316111087799072,6.25338077545166,6.261372089385986,432985
2010-08-12,3.358548641204834,6.3173089027404785,6.328496932983398,6.19304895401001,6.21302604675293,800897
2010-08-13,3.3349695205688477,6.272959232330322,6.343679904937744,6.261372089385986,6.3173089027404785,1256408
2010-08-16,3.41037917137146,6.41480016708374,6.475532054901123,6.304523944854736,6.332491874694824,1168810
2010-08-17,3.481325626373291,6.548250198364258,6.590202808380127,6.392824172973633,6.41480016708374,1098731
2010-08-18,3.4836628437042236,6.552645206451416,6.60059118270874,6.436775207519531,6.444366931915283,1792009
2010-08-19,3.513401985168457,6.608582019805908,6.652533054351807,6.500702857971191,6.501102924346924,1148787
2010-08-20,3.5131893157958984,6.608182907104492,6.612177848815918,6.547050952911377,6.592599868774414,445499
2010-08-23,3.465606451034546,6.518682956695557,6.672511100769043,6.518682956695557,6.612177848815918,793389
2010-08-24,3.441178560256958,6.4727349281311035,6.528672218322754,6.432779788970947,6.466341972351074,1153793
2010-08-25,3.401456356048584,6.398018836975098,6.430781841278076,6.349273204803467,6.424788951873779,503063
2010-08-26,3.398695230484009,6.392824172973633,6.432779788970947,6.344878196716309,6.3608598709106445,1644343
2010-08-27,3.4624199867248535,6.51269006729126,6.51269006729126,6.335289001464844,6.393223762512207,1036161
2010-08-30,3.461782693862915,6.511490821838379,6.534665107727051,6.4727349281311035,6.4727349281311035,4054
2010-08-31,3.547389268875122,6.672511100769043,6.672511100769043,6.4727349281311035,6.4727349281311035,1086217
2010-09-01,3.56225848197937,6.700479030609131,6.752020835876465,6.672511100769043,6.672511100769043,7233
2010-09-02,3.505117893218994,6.5929999351501465,6.720457077026367,6.5929999351501465,6.672910213470459,440493
2010-09-03,3.5261456966400146,6.63255500793457,6.6701130867004395,6.591001987457275,6.616972923278809,888496
2010-09-06,3.4906725883483887,6.565830230712891,6.672511100769043,6.565431118011475,6.6285600662231445,50056
2010-09-08,3.5688416957855225,6.712864875793457,6.712864875793457,6.644542217254639,6.652533054351807,888496
2010-09-09,3.5684168338775635,6.712066173553467,6.712066173553467,6.66372013092041,6.692488193511963,387934
2010-09-10,3.5242347717285156,6.6289591789245605,6.712465763092041,6.6289591789245605,6.632955074310303,1188832
2010-09-13,3.610901355743408,6.791975975036621,6.791975975036621,6.672511100769043,6.703676223754883,948563
2010-09-14,3.653597831726074,6.872285842895508,6.911441802978516,6.712465763092041,6.717659950256348,953569
2010-09-15,3.744724750518799,7.043694019317627,7.043694019317627,6.810754776000977,6.810754776000977,630707
2010-09-16,3.7474870681762695,7.048888206481934,7.048888206481934,6.892263889312744,6.954594135284424,380426
2010-09-17,3.7013907432556152,6.962184906005859,6.992550849914551,6.905848979949951,6.992550849914551,903512
2010-09-20,3.742814540863037,7.040098190307617,7.072062015533447,6.9478020668029785,6.9478020668029785,508069
2010-09-21,3.653597831726074,6.872285842895508,7.072062015533447,6.86429500579834,7.072062015533447,1173815
2010-09-22,3.685462236404419,6.9322190284729,6.9917521476745605,6.852707862854004,6.912240982055664,3979
2010-09-23,3.7202961444854736,6.997745990753174,7.036101818084717,6.952197074890137,6.952197074890137,327867
2010-09-24,3.6795132160186768,6.921031951904297,7.075657844543457,6.803563117980957,6.9322190284729,1546734
2010-09-27,3.7243335247039795,7.005337238311768,7.005337238311768,6.812753200531006,6.812753200531006,540606
2010-09-28,3.747060775756836,7.048089027404785,7.051684856414795,6.876282215118408,7.004538059234619,500561
2010-09-29,3.7938013076782227,7.104025840759277,7.167953968048096,6.992152214050293,6.992152214050293,367912
2010-09-30,3.724498748779297,6.912240982055664,7.092040061950684,6.912240982055664,7.020120143890381,1792009
2010-10-01,3.875201463699341,7.191927909851074,7.191927909851074,7.008533000946045,7.008533000946045,883490
2010-10-04,3.8930718898773193,7.225090026855469,7.225090026855469,6.992152214050293,6.992152214050293,530594
2010-10-05,3.971005439758301,7.369728088378906,7.369728088378906,7.2402729988098145,7.2722368240356445,783378
2010-10-06,3.9613170623779297,7.351747989654541,7.372923851013184,7.271838188171387,7.3269758224487305,475533
2010-10-07,3.9880142211914062,7.40129280090332,7.40129280090332,7.271838188171387,7.293813228607178,800897
2010-10-08,4.074775695800781,7.562312126159668,7.579493045806885,7.361337184906006,7.375321865081787,1121257
2010-10-11,4.056046009063721,7.527551174163818,7.5515241622924805,7.462024211883545,7.49199104309082,312850
2010-10-13,4.184141635894775,7.765284061431885,7.807237148284912,7.565907955169678,7.5914788246154785,1394062
2010-10-14,4.198137283325195,7.791254997253418,7.791254997253418,7.728126049041748,7.742908954620361,901010
2010-10-15,4.20889949798584,7.811232089996338,7.851586818695068,7.774474143981934,7.791254997253418,978597
2010-10-18,4.250235557556152,7.887946128845215,7.887946128845215,7.739313125610352,7.85478401184082,130145
2010-10-19,4.197920799255371,7.7908549308776855,7.951076030731201,7.763286113739014,7.830811023712158,200224
2010-10-20,4.2194504737854,7.830811023712158,7.8707661628723145,7.791254997253418,7.828413009643555,948563
2010-10-21,4.262508392333984,7.9107208251953125,7.990631103515625,7.81522798538208,7.830010890960693,2012255
2010-10-22,4.39168119430542,8.15045166015625,8.15045166015625,7.883951187133789,7.915915012359619,500561
2010-10-25,4.306643009185791,7.992629051208496,8.170429229736328,7.951076030731201,8.04337215423584,1016139
2010-10-26,4.1951212882995605,7.785661220550537,8.022195816040039,7.72373104095459,8.010608673095703,1621818
2010-10-27,4.0904927253723145,7.5914788246154785,7.791254997253418,7.555919170379639,7.791254997253418,2199966
2010-10-28,4.0904927253723145,7.5914788246154785,7.711345195770264,7.585085868835449,7.66140079498291,956071
2010-10-29,4.160030364990234,7.720533847808838,7.749701976776123,7.571502208709717,7.631433963775635,2367654
2010-11-01,4.256694793701172,7.899932861328125,7.899932861328125,7.718136787414551,7.720533847808838,425477
2010-11-03,4.187370300292969,7.771276950836182,7.899932861328125,7.6957621574401855,7.899932861328125,678260
2010-11-04,4.221818923950195,7.835206031799316,7.968255996704102,7.7904558181762695,7.7904558181762695,1426599
2010-11-05,4.250235557556152,7.887946128845215,7.887946128845215,7.753696918487549,7.788059234619141,347890
2010-11-08,4.295015811920166,7.971053123474121,8.025391578674316,7.8891448974609375,7.910321235656738,225252
2010-11-09,4.196628570556641,7.788457870483398,8.070940971374512,7.744108200073242,8.06894302368164,375420
2010-11-10,4.148188591003418,7.698558807373047,7.788457870483398,7.631834030151367,7.788457870483398,1321481
2010-11-11,4.1378560066223145,7.679379940032959,7.742908954620361,7.637427806854248,7.637826919555664,365409
2010-11-12,4.144314289093018,7.691367149353027,7.796449184417725,7.626239776611328,7.626239776611328,175196
2010-11-16,4.1537861824035645,7.70894718170166,7.788857936859131,7.671389102935791,7.690967082977295,1464141
2010-11-17,4.271334648132324,7.927102088928223,7.934693813323975,7.711345195770264,7.742908954620361,810909
2010-11-18,4.39168119430542,8.15045166015625,8.15045166015625,7.931097984313965,7.931097984313965,643221
2010-11-19,4.4508843421936035,8.26032829284668,8.26032829284668,8.09091854095459,8.094115257263184,380426
2010-11-22,4.516764163970947,8.382591247558594,8.382591247558594,8.210783958435059,8.250340461730957,783378
2010-11-23,4.413209438323975,8.190406799316406,8.350626945495605,8.04297161102295,8.350626945495605,563131
2010-11-24,4.420959949493408,8.204791069030762,8.257131576538086,8.150851249694824,8.250340461730957,162682
2010-11-25,4.434739112854004,8.230361938476562,8.31067180633545,8.110896110534668,8.209585189819336,170190
2010-11-26,4.413424491882324,8.19080638885498,8.210783958435059,8.110896110534668,8.170828819274902,440493
2010-11-29,4.310946941375732,8.000619888305664,8.19080638885498,7.94907808303833,8.19080638885498,1491672
2010-11-30,4.284252166748047,7.951076030731201,8.07453727722168,7.919510841369629,7.991429805755615,1349012
2010-12-01,4.273674964904785,7.9111199378967285,8.030985832214355,7.8240180015563965,7.991031169891357,2224994
2010-12-02,4.297418594360352,7.955070972442627,7.991031169891357,7.837203025817871,7.945481777191162,1461638
2010-12-03,4.370802879333496,8.09091854095459,8.100907325744629,7.950675964355469,7.973051071166992,888496
2010-12-06,4.377279758453369,8.1029052734375,8.1029052734375,7.9111199378967285,8.1029052734375,725813
2010-12-07,4.316844940185547,7.991031169891357,8.118488311767578,7.9031291007995605,8.118488311767578,1036161
2010-12-08,4.357637405395508,8.066546440124512,8.096912384033203,7.991031169891357,7.991031169891357,598170
2010-12-09,4.316844940185547,7.991031169891357,8.07613468170166,7.905527114868164,8.050963401794434,528092
2010-12-10,4.3759846687316895,8.100507736206055,8.100507736206055,7.956668853759766,7.991031169891357,270303
2010-12-13,4.381380081176758,8.11049747467041,8.160840034484863,8.074936866760254,8.150052070617676,190213
2010-12-14,4.379439830780029,8.106901168823242,8.110896110534668,8.00741195678711,8.070940971374512,162682
2010-12-15,4.446133136749268,8.230361938476562,8.269119262695312,8.11049747467041,8.110896110534668,625701
2010-12-16,4.467933654785156,8.270716667175293,8.290294647216797,8.239551544189453,8.270716667175293,127643
2010-12-17,4.467718601226807,8.270317077636719,8.271116256713867,8.19080638885498,8.270317077636719,227755
2010-12-20,4.513260364532471,8.354622840881348,8.452512741088867,8.268718719482422,8.34663200378418,397445
2010-12-21,4.602834701538086,8.520437240600586,8.610336303710938,8.350626945495605,8.432535171508789,145663
2010-12-22,4.621181011199951,8.554397583007812,8.566385269165039,8.420549392700195,8.520437240600586,470527
2010-12-23,4.677300930023193,8.658282279968262,8.690245628356934,8.486474990844727,8.570380210876465,180702
2010-12-27,4.639529705047607,8.588359832763672,8.686249732971191,8.430537223815918,8.686249732971191,599171
2010-12-28,4.640606880187988,8.590357780456543,8.626317977905273,8.344634056091309,8.580368995666504,1008630
2010-12-29,4.665428161621094,8.636305809020996,8.690245628356934,8.546406745910645,8.588359832763672,359402
2010-12-30,4.683774471282959,8.670268058776855,8.670268058776855,8.550402641296387,8.6303129196167,947562
2011-01-03,4.694567680358887,8.690245628356934,8.728202819824219,8.6303129196167,8.63231086730957,576145
2011-01-04,4.695647716522217,8.692243576049805,8.784140586853027,8.6303129196167,8.784140586853027,328368
2011-01-05,4.608231544494629,8.530425071716309,8.718214988708496,8.448516845703125,8.672266006469727,299836
2011-01-06,4.565062046051025,8.450514793395996,8.590357780456543,8.396575927734375,8.560392379760742,731319
2011-01-07,4.54671573638916,8.416552543640137,8.550402641296387,8.368606567382812,8.450514793395996,1090222
2011-01-10,4.531606197357178,8.38858413696289,8.462501525878906,8.290694236755371,8.450514793395996,1038163
2011-01-11,4.5402398109436035,8.404566764831543,8.530425071716309,8.326654434204102,8.428540229797363,1083214
2011-01-12,4.3977861404418945,8.140863418579102,8.320660591125488,8.09091854095459,8.320660591125488,728817
2011-01-13,4.360012054443359,8.070940971374512,8.284701347351074,8.050963401794434,8.284701347351074,545111
2011-01-14,4.285546779632568,7.933095932006836,8.19080638885498,7.887146949768066,8.19080638885498,566134
2011-01-17,4.38699197769165,8.120884895324707,8.120884895324707,7.933095932006836,8.018999099731445,278812
2011-01-18,4.207842826843262,7.789257049560547,8.186811447143555,7.751299858093262,8.120884895324707,780875
2011-01-19,4.235902309417725,7.841198921203613,7.96905517578125,7.691367149353027,7.96905517578125,134150
2011-01-20,4.205685615539551,7.785262107849121,7.937090873718262,7.705350875854492,7.801243782043457,473530
2011-01-21,4.10207986831665,7.59347677230835,7.9111199378967285,7.59347677230835,7.791254997253418,176698
2011-01-24,4.174387454986572,7.7273268699646,7.769279956817627,7.5914788246154785,7.769279956817627,199223
2011-01-26,4.252091407775879,7.871164798736572,7.951076030731201,7.791254997253418,7.839200973510742,349892
2011-01-27,4.230506896972656,7.831210136413574,7.947080135345459,7.761289119720459,7.871164798736572,249780
2011-01-28,4.092367649078369,7.575497150421143,7.791254997253418,7.435654163360596,7.731321811676025,279813
2011-01-31,4.097763538360596,7.585485935211182,7.743309020996094,7.43165922164917,7.743309020996094,765358
2011-02-01,4.041645050048828,7.481602191925049,7.5914788246154785,7.3877081871032715,7.5914788246154785,3338
2011-02-02,4.063228607177734,7.521557807922363,7.597472190856934,7.403689861297607,7.443645000457764,532597
2011-02-03,4.003873348236084,7.411681175231934,7.607460975646973,7.411681175231934,7.491590976715088,2412
2011-02-04,3.9639413356781006,7.337763786315918,7.451635837554932,7.311792850494385,7.451635837554932,498058
2011-02-07,4.003873348236084,7.411681175231934,7.489593029022217,7.323780059814453,7.391703128814697,98610
2011-02-08,4.052436351776123,7.501580238342285,7.501580238342285,7.333767890930176,7.333767890930176,901
2011-02-09,3.9542293548583984,7.319784164428711,7.549526214599609,7.2318830490112305,7.531546115875244,349391
2011-02-10,3.8506247997283936,7.1279988288879395,7.301804065704346,7.1279988288879395,7.299806118011475,225252
2011-02-11,4.017902374267578,7.437652111053467,7.437652111053467,7.096035003662109,7.1279988288879395,535099
2011-02-14,4.036249160766602,7.471613883972168,7.533544063568115,7.323780059814453,7.503578186035156,738828
2011-02-15,4.059991359710693,7.51556396484375,7.577495098114014,7.389706134796143,7.463623046875,176698
2011-02-16,4.164675235748291,7.709346771240234,7.709346771240234,7.441647052764893,7.511569023132324,1054181
2011-02-17,4.19705057144165,7.769279956817627,7.769279956817627,7.5734992027282715,7.701355934143066,834936
2011-02-18,4.24453592300415,7.857181072235107,7.8891448974609375,7.633431911468506,7.713342189788818,205230
2011-02-21,4.207842826843262,7.789257049560547,7.871164798736572,7.7153401374816895,7.759291172027588,619194
2011-02-22,4.068624973297119,7.531546115875244,7.789257049560547,7.531546115875244,7.721333026885986,1065694
2011-02-23,3.9930810928344727,7.391703128814697,7.59347677230835,7.381714820861816,7.59347677230835,1135272
2011-02-24,3.9930810928344727,7.391703128814697,7.391703128814697,7.391703128814697,7.391703128814697,0
2011-02-25,3.939119815826416,7.291814804077148,7.447640895843506,7.291814804077148,7.437652111053467,405955
2011-02-28,4.041645050048828,7.481602191925049,7.489593029022217,7.291814804077148,7.291814804077148,1028152
2011-03-01,4.116110801696777,7.619448184967041,7.66140079498291,7.489593029022217,7.489593029022217,605679
2011-03-02,4.260724067687988,7.887146949768066,7.887146949768066,7.611456871032715,7.771276950836182,1114749
2011-03-03,4.2164764404296875,7.805239200592041,7.991031169891357,7.653409957885742,7.891142845153809,1047674
2011-03-04,4.10589075088501,7.491590976715088,7.749301910400391,7.465620040893555,7.691367149353027,968085
2011-03-09,4.10589075088501,7.491590976715088,7.491590976715088,7.491590976715088,7.491590976715088,0
2011-03-10,4.10589075088501,7.491590976715088,7.541534900665283,7.401691913604736,7.491590976715088,1590282
2011-03-11,4.1606364250183105,7.5914788246154785,7.5914788246154785,7.469615936279297,7.491590976715088,500060
2011-03-14,4.133264064788818,7.541534900665283,7.567505836486816,7.457629203796387,7.567505836486816,300837
2011-03-15,4.1277923583984375,7.531546115875244,7.531546115875244,7.343757152557373,7.4056878089904785,359903
2011-03-16,4.062095642089844,7.411681175231934,7.59347677230835,7.323780059814453,7.59347677230835,359903
2011-03-17,4.029246807098389,7.351747989654541,7.471613883972168,7.25186014175415,7.451635837554932,1262915
2011-03-18,4.083994388580322,7.451635837554932,7.451635837554932,7.351747989654541,7.429660797119141,700785
2011-03-21,4.078518390655518,7.441647052764893,7.509571075439453,7.441647052764893,7.491590976715088,2037
2011-03-22,4.149687767028809,7.571502208709717,7.5914788246154785,7.441647052764893,7.455632209777832,1451126
2011-03-23,4.2263312339782715,7.711345195770264,7.711345195770264,7.497584819793701,7.497584819793701,10010222
2011-03-24,4.138737678527832,7.5515241622924805,7.611456871032715,7.5515241622924805,7.611456871032715,1797
2011-03-25,4.172680377960205,7.6134538650512695,7.669392108917236,7.6134538650512695,7.635429859161377,1051
2011-03-28,4.1168413162231445,7.511569023132324,7.599470138549805,7.43165922164917,7.59347677230835,2999362
2011-03-29,4.138737678527832,7.5515241622924805,7.59347677230835,7.481602191925049,7.531546115875244,670251
2011-03-30,4.203337669372559,7.669392108917236,7.687372207641602,7.493588924407959,7.493588924407959,157176
2011-03-31,4.24822998046875,7.751299858093262,7.751299858093262,7.51556396484375,7.59347677230835,1007129
2011-04-01,4.379617691040039,7.991031169891357,7.991031169891357,7.691367149353027,7.721333026885986,535600
2011-04-04,4.3150177001953125,7.873163223266602,7.971053123474121,7.81522798538208,7.971053123474121,529093
2011-04-05,4.3150177001953125,7.873163223266602,7.873163223266602,7.873163223266602,7.873163223266602,0
2011-04-06,4.301880359649658,7.8491902351379395,7.891142845153809,7.797247886657715,7.8511881828308105,275308
2011-04-07,4.259178638458252,7.771276950836182,7.843196868896484,7.707348823547363,7.843196868896484,524087
2011-04-08,4.2263312339782715,7.711345195770264,7.791254997253418,7.671389102935791,7.771276950836182,350893
2011-04-11,4.259178638458252,7.771276950836182,7.811232089996338,7.671389102935791,7.711345195770264,1182826
2011-04-12,4.2153825759887695,7.691367149353027,7.789257049560547,7.653409957885742,7.751299858093262,221748
2011-04-13,4.2153825759887695,7.691367149353027,7.791254997253418,7.6494140625,7.791254997253418,272805
2011-04-14,4.30844783782959,7.861176013946533,7.9111199378967285,7.633431911468506,7.633431911468506,351393
2011-04-15,4.352244853973389,7.941086769104004,7.941086769104004,7.817225933074951,7.8491902351379395,602175
2011-04-18,4.362100124359131,7.959066867828369,7.959066867828369,7.7552947998046875,7.833208084106445,198222
2011-04-19,4.434362888336182,8.09091854095459,8.130873680114746,7.967058181762695,7.967058181762695,357400
2011-04-20,4.445311546325684,8.110896110534668,8.160840034484863,8.009011268615723,8.09091854095459,601674
2011-04-25,4.478158950805664,8.170828819274902,8.226765632629395,8.150851249694824,8.158842086791992,628204
2011-04-26,4.578890323638916,8.354622840881348,8.354622840881348,8.144858360290527,8.16683292388916,590161
2011-04-27,4.554802417755127,8.31067180633545,8.34663200378418,8.23675537109375,8.290694236755371,189712
2011-04-28,4.565751552581787,8.330650329589844,8.450514793395996,8.294690132141113,8.31067180633545,308846
2011-04-29,4.618308067321777,8.426542282104492,8.448516845703125,8.134868621826172,8.350626945495605,1565755
2011-05-02,4.687110424041748,8.552081108093262,8.552081108093262,8.294259071350098,8.394189834594727,528365
2011-05-03,4.622482776641846,8.434163093566895,8.58405876159668,8.414175987243652,8.474135398864746,1036216
2011-05-04,4.576477527618408,8.350220680236816,8.450151443481445,8.308250427246094,8.450151443481445,370756
2011-05-05,4.726545333862305,8.624031066894531,8.69398307800293,8.334232330322266,8.334232330322266,418789
2011-05-06,4.8306050300598145,8.813899993896484,8.813899993896484,8.602046012878418,8.632025718688965,436802
2011-05-09,5.1471686363220215,9.391500473022461,9.391500473022461,8.5940523147583,8.80590534210205,2196
2011-05-10,5.1471686363220215,9.391500473022461,9.391500473022461,9.391500473022461,9.391500473022461,0
2011-05-11,4.665204048156738,8.51210880279541,8.5940523147583,8.458146095275879,8.5940523147583,316218
2011-05-12,4.6509623527526855,8.486126899719238,8.502116203308105,8.398186683654785,8.4441556930542,303710
2011-05-13,4.591813564300537,8.37820053100586,8.514106750488281,8.37820053100586,8.514106750488281,305711
2011-05-16,4.591813564300537,8.37820053100586,8.37820053100586,8.37820053100586,8.37820053100586,0
2011-05-17,4.637818336486816,8.462142944335938,8.468138694763184,8.274272918701172,8.372204780578613,368254
2011-05-18,4.580860137939453,8.35821533203125,8.474135398864746,8.31424617767334,8.462142944335938,464321
2011-05-19,4.578667640686035,8.354217529296875,8.494120597839355,8.256285667419434,8.394189834594727,338233
2011-05-20,4.529376983642578,8.264280319213867,8.352218627929688,8.23430061340332,8.238298416137695,424293
2011-05-23,4.534852504730225,8.274272918701172,8.342226028442383,8.152358055114746,8.228304862976074,525363
2011-05-24,4.523900032043457,8.254286766052246,8.346222877502441,8.148360252380371,8.346222877502441,396274
2011-05-25,4.489943027496338,8.192330360412598,8.312247276306152,8.164348602294922,8.164348602294922,614424
2011-05-26,4.489943027496338,8.192330360412598,8.294259071350098,8.134369850158691,8.294259071350098,399276
2011-05-27,4.511850833892822,8.232301712036133,8.326236724853516,8.19033145904541,8.19033145904541,392271
2011-05-30,4.491038799285889,8.194329261779785,8.23430061340332,8.126376152038574,8.192330360412598,83557
2011-05-31,4.504183292388916,8.21831226348877,8.230303764343262,8.090399742126465,8.184334754943848,710991
2011-06-01,4.419839382171631,8.064417839050293,8.202322959899902,8.064417839050293,8.10838794708252,263682
2011-06-02,4.480084419250488,8.174342155456543,8.174342155456543,7.95249605178833,8.10838794708252,556885
2011-06-03,4.557855606079102,8.316244125366211,8.324238777160645,7.8965349197387695,8.062419891357422,739011
2011-06-06,4.523900032043457,8.254286766052246,8.34422492980957,8.184334754943848,8.31424617767334,378261
2011-06-07,4.56223726272583,8.324238777160645,8.334232330322266,8.192330360412598,8.23430061340332,700484
2011-06-08,4.545807361602783,8.294259071350098,8.590055465698242,8.196327209472656,8.198326110839844,647948
2011-06-09,4.599481105804443,8.392191886901855,8.466139793395996,8.354217529296875,8.354217529296875,423292
2011-06-10,4.530472755432129,8.266279220581055,8.55408000946045,8.266279220581055,8.55408000946045,195134
2011-06-13,4.486657619476318,8.186333656311035,8.296257972717285,8.114383697509766,8.268277168273926,670964
2011-06-14,4.579764366149902,8.356216430664062,8.356216430664062,8.208318710327148,8.226305961608887,701485
2011-06-15,4.556760787963867,8.31424617767334,8.360214233398438,8.228304862976074,8.294259071350098,963666
2011-06-16,4.425316333770752,8.07441234588623,8.418173789978027,8.07441234588623,8.376202583312988,1585596
2011-06-17,4.491038799285889,8.194329261779785,8.264280319213867,8.070413589477539,8.194329261779785,1850779
2011-06-20,4.544710636138916,8.292261123657227,8.35821533203125,8.156354904174805,8.194329261779785,601916
2011-06-21,4.638915538787842,8.464141845703125,8.494120597839355,8.290262222290039,8.35821533203125,547878
2011-06-22,4.589622497558594,8.3742036819458,8.540088653564453,8.3742036819458,8.402185440063477,369255
2011-06-24,4.600576400756836,8.394189834594727,8.478132247924805,8.34422492980957,8.462142944335938,384766
2011-06-27,4.617006778717041,8.424168586730957,8.54208755493164,8.424168586730957,8.440157890319824,321722
2011-06-28,4.693683624267578,8.564072608947754,8.564072608947754,8.334232330322266,8.334232330322266,594911
2011-06-29,4.742976188659668,8.654009819030762,8.654009819030762,8.458146095275879,8.534092903137207,1093256
2011-06-30,4.710114479064941,8.5940523147583,8.687987327575684,8.522102355957031,8.687987327575684,745015
2011-07-01,4.7575788497924805,8.5940523147583,8.771928787231445,8.49811840057373,8.534092903137207,382264
2011-07-04,4.77528190612793,8.626029968261719,8.725960731506348,8.570068359375,8.614038467407227,48533
2011-07-05,4.812900066375732,8.69398307800293,8.743947982788086,8.62203311920166,8.62203311920166,540874
2011-07-06,4.835027694702148,8.733955383300781,8.793913841247559,8.588055610656738,8.588055610656738,378761
2011-07-07,4.7963032722473145,8.664003372192383,8.75394058227539,8.562073707580566,8.73795223236084,105072
2011-07-08,4.710003852844238,8.508111000061035,8.644017219543457,8.398186683654785,8.59804916381836,305211
2011-07-11,4.635873317718506,8.3742036819458,8.508111000061035,8.240297317504883,8.508111000061035,291201
2011-07-12,4.535189628601074,8.192330360412598,8.366209983825684,8.188332557678223,8.194329261779785,296204
2011-07-13,4.547361373901367,8.214315414428711,8.308250427246094,8.128374099731445,8.308250427246094,559386
2011-07-14,4.536296367645264,8.194329261779785,8.294259071350098,8.114383697509766,8.294259071350098,365752
2011-07-15,4.480976104736328,8.09439754486084,8.318243026733398,8.046430587768555,8.318243026733398,608420
2011-07-18,4.536296367645264,8.194329261779785,8.194329261779785,7.894536018371582,7.994466781616211,721498
2011-07-19,4.536296367645264,8.194329261779785,8.236298561096191,8.09439754486084,8.152358055114746,747016
2011-07-20,4.508635997772217,8.144363403320312,8.322239875793457,8.118380546569824,8.214315414428711,235162
2011-07-21,4.497570991516113,8.124377250671387,8.172344207763672,8.018449783325195,8.118380546569824,705988
2011-07-22,4.503105640411377,8.134369850158691,8.174342155456543,8.106389045715332,8.152358055114746,178623
2011-07-25,4.414590835571289,7.974481105804443,8.124377250671387,7.956492900848389,8.124377250671387,3102
2011-07-26,4.288458824157715,7.74663782119751,7.994466781616211,7.734646797180176,7.994466781616211,2246053
2011-07-27,4.243096351623535,7.664694786071777,7.814590930938721,7.620725154876709,7.624722957611084,426294
2011-07-28,4.323864459991455,7.810594081878662,7.810594081878662,7.6067352294921875,7.64470911026001,464321
2011-07-29,4.182243347167969,7.5547709465026855,7.8345770835876465,7.5547709465026855,7.8345770835876465,4067
2011-08-01,4.182243347167969,7.5547709465026855,7.754632949829102,7.5547709465026855,7.67468786239624,733507
2011-08-02,4.256372928619385,7.688677787780762,7.792606830596924,7.594742774963379,7.7646260261535645,650950
2011-08-03,4.2154364585876465,7.614729881286621,7.676686763763428,7.436852931976318,7.632717132568359,1766721
2011-08-04,4.114752292633057,7.43285608291626,7.694674015045166,7.358907222747803,7.54677677154541,567892
2011-08-05,4.182243347167969,7.5547709465026855,7.74064302444458,7.296949863433838,7.53478479385376,544376
2011-08-08,4.09041166305542,7.388885974884033,7.542778968811035,7.290954113006592,7.454840183258057,947155
2011-08-09,4.126923561096191,7.454840183258057,7.692676067352295,7.36690092086792,7.3948822021484375,2667344
2011-08-10,4.132454872131348,7.464832782745361,7.594742774963379,7.308940887451172,7.5487751960754395,900622
2011-08-11,4.348206043243408,7.854564189910889,7.994466781616211,7.654702186584473,7.654702186584473,1980869
2011-08-12,4.414590835571289,7.974481105804443,8.06641674041748,7.714660167694092,7.8925371170043945,1823761
2011-08-15,4.582765579223633,8.27826976776123,8.27826976776123,8.010456085205078,8.054425239562988,2266067
2011-08-16,4.624807834625244,8.354217529296875,8.354217529296875,8.044431686401367,8.27627182006836,1371448
2011-08-17,4.624807834625244,8.354217529296875,8.354217529296875,8.238298416137695,8.354217529296875,1146292
2011-08-18,4.602680206298828,8.31424617767334,8.31424617767334,7.994466781616211,8.294259071350098,1053228
2011-08-19,4.646938323974609,8.394189834594727,8.54208755493164,8.174342155456543,8.17634105682373,592910
2011-08-22,4.67349100112915,8.442156791687012,8.478132247924805,8.32024097442627,8.472135543823242,247671
2011-08-23,4.756472587585449,8.592053413391113,8.673996925354004,8.334232330322266,8.338229179382324,326225
2011-08-24,4.801835536956787,8.673996925354004,8.673996925354004,8.460144996643066,8.520103454589844,336732
2011-08-25,4.780812740325928,8.636022567749023,8.685988426208496,8.524100303649902,8.562073707580566,384265
2011-08-26,4.690087795257568,8.472135543823242,8.69398307800293,8.396188735961914,8.580061912536621,295704
2011-08-29,4.801835536956787,8.673996925354004,8.673996925354004,8.490123748779297,8.528098106384277,1195827
2011-08-30,4.869326591491699,8.79591178894043,8.82589054107666,8.54208755493164,8.675994873046875,308213
2011-08-31,5.034182071685791,9.093706130981445,9.117690086364746,8.69398307800293,8.793913841247559,1220343
2011-09-01,5.048565864562988,9.119688034057617,9.327544212341309,8.965794563293457,9.083712577819824,758024
2011-09-02,4.978862285614014,8.993775367736816,9.041742324829102,8.90583610534668,8.93581485748291,608921
2011-09-05,4.868220329284668,8.793913841247559,8.987778663635254,8.793913841247559,8.987778663635254,548879
2011-09-06,4.8671159744262695,8.791914939880371,8.857869148254395,8.715968132019043,8.773926734924316,1283387
2011-09-08,4.868220329284668,8.793913841247559,8.913830757141113,8.54208755493164,8.813899993896484,1858785
2011-09-09,4.868220329284668,8.793913841247559,8.793913841247559,8.600048065185547,8.701976776123047,1020705
2011-09-12,4.9003071784973145,8.851873397827148,8.851873397827148,8.55607795715332,8.55607795715332,937648
2011-09-13,4.9235405921936035,8.893843650817871,8.911831855773926,8.66600227355957,8.893843650817871,404779
2011-09-14,4.973329544067383,8.983781814575195,9.049736976623535,8.841879844665527,8.921825408935547,880609
2011-09-15,4.98439359664917,9.003767967224121,9.083712577819824,8.94381046295166,9.053733825683594,572395
2011-09-16,5.067375183105469,9.153664588928223,9.153664588928223,8.96379566192627,9.04573917388916,570394
2011-09-19,5.100566864013672,9.213623046875,9.24360179901123,8.94381046295166,8.981783866882324,891116
2011-09-20,5.1226959228515625,9.253595352172852,9.35352611541748,9.07371997833252,9.07371997833252,1177314
2011-09-21,5.11273717880249,9.235608100891113,9.469446182250977,9.193636894226074,9.193636894226074,2389652
2011-09-22,4.98439359664917,9.003767967224121,9.235608100891113,8.815897941589355,9.193636894226074,2802938
2011-09-23,5.012053966522217,9.053733825683594,9.235608100891113,8.849875450134277,8.933816909790039,3352318
2011-09-26,5.012053966522217,9.053733825683594,9.053733825683594,9.053733825683594,9.053733825683594,0
2011-09-27,4.944562911987305,8.931818008422852,9.197633743286133,8.87585735321045,9.113692283630371,3321797
2011-09-28,5.02311897277832,9.07371997833252,9.163658142089844,8.931818008422852,8.931818008422852,3164188
2011-09-29,5.034182071685791,9.093706130981445,9.177647590637207,8.989777565002441,9.07371997833252,2443189
2011-09-30,5.088397979736328,9.191637992858887,9.191637992858887,8.873858451843262,9.143671989440918,2483717
2011-10-03,5.052651405334473,8.983781814575195,9.0877103805542,8.87785530090332,8.951804161071777,985181
2011-10-04,5.002068042755127,8.893843650817871,9.077716827392578,8.823892593383789,8.851873397827148,1116772
2011-10-05,5.098738670349121,9.065725326538086,9.113692283630371,8.891845703125,8.891845703125,734007
2011-10-06,5.069510459899902,9.013760566711426,9.313553810119629,8.96379566192627,9.189640045166016,2221536
2011-10-07,5.0852484703063965,9.041742324829102,9.193636894226074,9.03174877166748,9.121686935424805,845084
2011-10-10,5.140327453613281,9.139674186706543,9.165656089782715,9.033747673034668,9.1116943359375,843083
2011-10-11,5.1594367027282715,9.173650741577148,9.173650741577148,9.051734924316406,9.123684883117676,652951
2011-10-13,5.165058135986328,9.18364429473877,9.25159740447998,9.095705032348633,9.25159740447998,629935
2011-10-14,5.136955738067627,9.133678436279297,9.233609199523926,9.01576042175293,9.18364429473877,1977867
2011-10-17,5.125715255737305,9.113692283630371,9.295565605163574,9.033747673034668,9.151665687561035,2142982
2011-10-18,5.279713153839111,9.387502670288086,9.387502670288086,9.161659240722656,9.193636894226074,1152797
2011-10-19,5.3280463218688965,9.473443031311035,9.493429183959961,9.35352611541748,9.385503768920898,222653
2011-10-20,5.30556583404541,9.433470726013184,9.583367347717285,9.393499374389648,9.56338119506836,332730
2011-10-21,5.30556583404541,9.433470726013184,9.565380096435547,9.373512268066406,9.373512268066406,999191
2011-10-24,5.299944877624512,9.423478126525879,9.505420684814453,9.327544212341309,9.393499374389648,1093256
2011-10-25,5.299944877624512,9.423478126525879,9.423478126525879,9.423478126525879,9.423478126525879,0
2011-10-26,5.284208297729492,9.39549732208252,9.45345687866211,9.30955696105957,9.423478126525879,383765
2011-10-27,5.215640068054199,9.273582458496094,9.49143123626709,9.197633743286133,9.49143123626709,3143674
2011-10-28,5.204399585723877,9.253595352172852,9.45345687866211,9.163658142089844,9.273582458496094,741012
2011-10-31,5.211145401000977,9.265586853027344,9.333539962768555,9.173650741577148,9.253595352172852,1264874
2011-11-01,5.284208297729492,9.39549732208252,9.415483474731445,9.133678436279297,9.133678436279297,530867
2011-11-03,5.283084392547607,9.393499374389648,9.393499374389648,9.263588905334473,9.325546264648438,625432
2011-11-04,5.270720481872559,9.371514320373535,9.41948127746582,9.261590003967285,9.34353256225586,1077245
2011-11-07,5.270720481872559,9.371514320373535,9.44946002960205,9.293567657470703,9.44946002960205,607420
2011-11-08,5.215640068054199,9.273582458496094,9.391500473022461,9.195635795593262,9.391500473022461,542875
2011-11-09,5.283084392547607,9.393499374389648,9.45345687866211,9.173650741577148,9.273582458496094,519859
2011-11-10,5.265099048614502,9.361520767211914,9.393499374389648,9.321548461914062,9.371514320373535,1081247
2011-11-11,5.322426795959473,9.46345043182373,9.473443031311035,9.365517616271973,9.405489921569824,810560
2011-11-14,5.2887043952941895,9.403491973876953,9.46345043182373,9.34353256225586,9.365517616271973,703486
2011-11-16,5.378628253936768,9.56338119506836,9.633333206176758,9.341534614562988,9.341534614562988,1296396
2011-11-17,5.30556583404541,9.433470726013184,9.5593843460083,9.393499374389648,9.479438781738281,2092947
2011-11-18,5.29432487487793,9.413484573364258,9.413484573364258,9.30955696105957,9.393499374389648,205642
2011-11-21,5.283084392547607,9.393499374389648,9.429473876953125,9.273582458496094,9.293567657470703,641943
2011-11-22,5.283084392547607,9.393499374389648,9.441465377807617,9.293567657470703,9.39549732208252,732506
2011-11-23,5.395490646362305,9.59335994720459,9.59335994720459,9.363518714904785,9.383505821228027,964667
2011-11-24,5.395490646362305,9.59335994720459,9.59335994720459,9.41148567199707,9.493429183959961,959663
2011-11-25,5.344907760620117,9.503422737121582,9.595358848571777,9.475441932678223,9.59335994720459,1156800
2011-11-28,5.3673882484436035,9.543395042419434,9.665310859680176,9.503422737121582,9.503422737121582,1682663
2011-11-29,5.43483304977417,9.663311958312988,9.79122257232666,9.609349250793457,9.609349250793457,1053728
2011-11-30,5.5753397941589355,9.913139343261719,9.991085052490234,9.73326301574707,9.783228874206543,574897
2011-12-01,5.637161731719971,10.023062705993652,10.079024314880371,9.837191581726074,9.853179931640625,1136285
2011-12-02,5.620301723480225,9.993083953857422,10.248907089233398,9.891154289245605,9.993083953857422,770032
2011-12-05,5.600070953369141,9.957109451293945,10.09301471710205,9.92912769317627,9.993083953857422,999191
2011-12-06,5.720343112945557,10.170961380004883,10.170961380004883,9.933124542236328,9.933124542236328,1419982
2011-12-07,5.811392307281494,10.33284854888916,10.33284854888916,10.015068054199219,10.109003067016602,1035716
2011-12-08,5.811392307281494,10.33284854888916,10.388810157775879,10.118996620178223,10.172959327697754,1636131
2011-12-09,5.834995269775391,10.374818801879883,10.392807006835938,10.292876243591309,10.33284854888916,686474
2011-12-12,5.822633743286133,10.352834701538086,10.394805908203125,10.28887939453125,10.374818801879883,646447
2011-12-13,5.901317596435547,10.492737770080566,10.592668533325195,10.322854995727539,10.352834701538086,667461
2011-12-14,5.901317596435547,10.492737770080566,10.562688827514648,10.478748321533203,10.494736671447754,773034
2011-12-15,5.991240501403809,10.652626991271973,10.792530059814453,10.468753814697266,10.54470157623291,617927
2011-12-16,5.968760967254639,10.612654685974121,10.792530059814453,10.58867073059082,10.790532112121582,492340
2011-12-19,6.026086807250977,10.714584350585938,10.888463973999023,10.644633293151855,10.644633293151855,644946
2011-12-20,6.069924831390381,10.792530059814453,10.818511962890625,10.676610946655273,10.748560905456543,396774
2011-12-21,6.0182204246521,10.700593948364258,10.790532112121582,10.594667434692383,10.790532112121582,435301
2011-12-22,5.991240501403809,10.652626991271973,10.718582153320312,10.58267593383789,10.700593948364258,701485
2011-12-23,6.0688018798828125,10.790532112121582,10.790532112121582,10.592668533325195,10.69260025024414,711992
2011-12-26,6.024964332580566,10.712586402893066,10.832503318786621,10.632640838623047,10.792530059814453,573396
2011-12-27,6.081168174743652,10.812517166137695,10.832503318786621,10.632640838623047,10.712586402893066,528865
2011-12-28,6.066554546356201,10.786535263061523,10.812517166137695,10.69260025024414,10.812517166137695,618928
2011-12-29,6.137368679046631,10.912446975708008,10.912446975708008,10.712586402893066,10.760553359985352,1592601
2012-01-02,6.114887714385986,10.872474670410156,10.980400085449219,10.746562004089355,10.890462875366211,119582
2012-01-03,6.045198440551758,10.748560905456543,10.946423530578613,10.65462589263916,10.892460823059082,2099952
2012-01-04,5.904689311981201,10.498734474182129,10.748560905456543,10.31686019897461,10.716583251953125,989684
2012-01-05,5.787788391113281,10.290878295898438,10.39080810546875,10.194944381713867,10.362828254699707,1077745
2012-01-06,5.773176193237305,10.264896392822266,10.430781364440918,10.20693588256836,10.28887939453125,451312
2012-01-09,5.76193380355835,10.244909286499023,10.36082935333252,10.180953979492188,10.264896392822266,352243
2012-01-10,5.732707977294922,10.192944526672363,10.324853897094727,10.120994567871094,10.282882690429688,977676
2012-01-11,5.732707977294922,10.192944526672363,10.266894340515137,10.142979621887207,10.192944526672363,893117
2012-01-12,5.758562088012695,10.238913536071777,10.286879539489746,10.194944381713867,10.194944381713867,1368946
2012-01-13,5.766429424285889,10.252903938293457,10.252903938293457,10.158968925476074,10.20893383026123,602916
2012-01-16,5.834995269775391,10.374818801879883,10.392807006835938,10.254901885986328,10.276886940002441,799552
2012-01-17,5.873213768005371,10.442771911621094,10.522717475891113,10.358831405639648,10.392807006835938,1674157
2012-01-18,5.935039520263672,10.552696228027344,10.552696228027344,10.410795211791992,10.442771911621094,1754213
2012-01-19,5.906937599182129,10.502731323242188,10.592668533325195,10.502731323242188,10.552696228027344,1336424
2012-01-20,5.923799514770508,10.532710075378418,10.592668533325195,10.37681770324707,10.592668533325195,865098
2012-01-23,5.84398889541626,10.39080810546875,10.532710075378418,10.328850746154785,10.532710075378418,1178314
2012-01-24,5.921550750732422,10.52871322631836,10.52871322631836,10.272890090942383,10.272890090942383,291201
2012-01-26,5.901317596435547,10.492737770080566,10.494736671447754,10.310864448547363,10.494736671447754,751019
2012-01-27,5.817013740539551,10.342842102050781,10.510725021362305,10.258899688720703,10.492737770080566,834577
2012-01-30,5.821509838104248,10.350835800170898,10.350835800170898,10.156970024108887,10.192944526672363,396274
2012-01-31,5.845115661621094,10.392807006835938,10.392807006835938,10.188947677612305,10.350835800170898,1077245
2012-02-01,5.923799514770508,10.532710075378418,10.532710075378418,10.292876243591309,10.306866645812988,566391
2012-02-02,5.935039520263672,10.552696228027344,10.592668533325195,10.408796310424805,10.592668533325195,1713184
2012-02-03,6.024964332580566,10.712586402893066,10.712586402893066,10.474749565124512,10.510725021362305,709490
2012-02-06,5.927171230316162,10.538705825805664,10.610655784606934,10.41479206085205,10.610655784606934,815564
2012-02-07,5.8675947189331055,10.432779312133789,10.538705825805664,10.398802757263184,10.538705825805664,487337
2012-02-08,5.841740608215332,10.386811256408691,10.474749565124512,10.252903938293457,10.474749565124512,1007196
2012-02-09,5.888950347900391,10.470752716064453,10.470752716064453,10.252903938293457,10.382814407348633,1191824
2012-02-10,5.861973762512207,10.422785758972168,10.47275161743164,10.290878295898438,10.436777114868164,956161
2012-02-13,5.96314001083374,10.602662086486816,10.69260025024414,10.422785758972168,10.422785758972168,596912
2012-02-14,5.974382400512695,10.622648239135742,10.69260025024414,10.522717475891113,10.69260025024414,2457699
2012-02-15,5.991240501403809,10.652626991271973,10.69260025024414,10.568684577941895,10.69260025024414,1571586
2012-02-16,6.11376428604126,10.870475769042969,10.870475769042969,10.464756965637207,10.652626991271973,2252557
2012-02-17,6.266634464263916,11.142288208007812,11.188257217407227,10.542702674865723,10.870475769042969,2324607
2012-02-23,6.193573951721191,11.012377738952637,11.102315902709961,10.846492767333984,10.846492767333984,2931027
2012-02-24,6.352066993713379,11.294182777404785,11.424093246459961,10.966409683227539,11.012377738952637,1075743
2012-02-27,6.407142639160156,11.392114639282227,11.478055953979492,11.134293556213379,11.292184829711914,544876
2012-02-28,6.453230857849121,11.474059104919434,11.5919771194458,11.352143287658691,11.352143287658691,259679
2012-02-29,6.5330376625061035,11.615961074829102,11.615961074829102,11.396113395690918,11.58997917175293,1406472
2012-03-01,6.5254082679748535,11.45207405090332,11.58198356628418,11.336153984069824,11.54800796508789,1664651
2012-03-02,6.635872840881348,11.645939826965332,11.645939826965332,11.398111343383789,11.402109146118164,475328
2012-03-05,6.576653480529785,11.542012214660645,11.5919771194458,11.458069801330566,11.5919771194458,685974
2012-03-06,6.570962905883789,11.532018661499023,11.689908981323242,11.462066650390625,11.689908981323242,1334923
2012-03-07,6.747476100921631,11.841803550720215,11.879777908325195,11.512031555175781,11.540013313293457,615425
2012-03-08,6.845415115356445,12.01368522644043,12.051658630371094,11.891770362854004,11.891770362854004,778538
2012-03-09,7.060652256011963,12.391424179077148,12.449383735656738,11.963720321655273,12.02967357635498,1166806
2012-03-12,7.117595195770264,12.491354942321777,12.543318748474121,12.201555252075195,12.301486015319824,1003694
2012-03-13,7.234891414642334,12.697212219238281,12.697212219238281,12.39342212677002,12.537322998046875,588907
2012-03-14,7.197309494018555,12.631258010864258,12.733186721801758,12.453380584716797,12.591285705566406,2140480
2012-03-15,7.127843856811523,12.509342193603516,12.68721866607666,12.351451873779297,12.653243064880371,917134
2012-03-16,7.040153503417969,12.355448722839355,12.481362342834473,12.281499862670898,12.281499862670898,733006
2012-03-19,7.040153503417969,12.355448722839355,12.355448722839355,12.355448722839355,12.355448722839355,0
2012-03-20,7.197309494018555,12.631258010864258,12.631258010864258,12.47536563873291,12.591285705566406,610922
2012-03-21,7.2200846672058105,12.67123031616211,12.781153678894043,12.635254859924316,12.641250610351562,239665
2012-03-22,7.28841495513916,12.791147232055664,12.927053451538086,12.581292152404785,12.631258010864258,1864789
2012-03-23,7.28841495513916,12.791147232055664,12.863097190856934,12.681222915649414,12.81113338470459,1464512
2012-03-26,7.618669509887695,13.370745658874512,13.370745658874512,12.815131187438965,12.847108840942383,776537
2012-03-27,7.480876922607422,13.128912925720215,13.390731811523438,13.018989562988281,13.380739212036133,1499537
2012-03-28,7.174534320831299,12.591285705566406,13.150897979736328,12.51333999633789,13.126914978027344,799052
2012-03-29,7.208698749542236,12.651244163513184,12.67123031616211,12.411410331726074,12.591285705566406,463820
2012-03-30,7.171116352081299,12.58528995513916,12.731188774108887,12.441389083862305,12.70120906829834,1303901
2012-04-02,7.316884994506836,12.841113090515137,12.841113090515137,12.56130599975586,12.591285705566406,985181
2012-04-03,7.256527423858643,12.735185623168945,12.931050300598145,12.711202621459961,12.795144081115723,747516
2012-04-04,7.174534320831299,12.591285705566406,12.691216468811035,12.4074125289917,12.675227165222168,481332
2012-04-05,7.130120277404785,12.51333999633789,12.655241012573242,12.367440223693848,12.533326148986816,843083
2012-04-09,7.123285293579102,12.501347541809082,12.501347541809082,12.30748176574707,12.313478469848633,462319
2012-04-10,7.203003406524658,12.641250610351562,12.641250610351562,12.45138168334961,12.501347541809082,1001692
2012-04-11,7.363575458526611,12.923055648803711,12.929052352905273,12.611271858215332,12.641250610351562,1208836
2012-04-12,7.402295112609863,12.991008758544922,12.991008758544922,12.86909294128418,12.989009857177734,821568
2012-04-13,7.4307661056518555,13.040973663330078,13.150897979736328,12.903070449829102,12.959031105041504,686975
2012-04-16,7.429630279541016,13.038975715637207,13.254825592041016,12.821125984191895,13.04497241973877,915132
2012-04-17,7.516178131103516,13.190871238708496,13.224846839904785,13.020988464355469,13.040973663330078,956161
2012-04-18,7.763298511505127,13.6245698928833,13.6245698928833,13.190871238708496,13.190871238708496,324224
2012-04-19,7.742804050445557,13.588595390319824,13.710511207580566,13.42470932006836,13.664543151855469,673966
2012-04-20,7.855545520782471,13.786458015441895,13.840420722961426,13.590594291687012,13.640559196472168,694480
2012-04-23,7.743940830230713,13.590594291687012,13.784460067749023,13.308789253234863,13.784460067749023,1167807
2012-04-24,7.6983866691589355,13.510648727416992,13.770468711853027,13.410717964172363,13.590594291687012,227657
2012-04-25,7.76444149017334,13.626568794250488,13.696520805358887,13.55062198638916,13.55062198638916,900622
2012-04-26,7.748495101928711,13.598587989807129,13.598587989807129,13.496659278869629,13.590594291687012,380262
2012-04-27,7.759883880615234,13.618575096130371,13.680532455444336,13.524640083312988,13.598587989807129,609421
2012-04-30,7.681281089782715,13.480624198913574,13.598611831665039,13.166655540466309,13.598611831665039,5175027
2012-05-02,7.59923791885376,13.336639404296875,13.412631034851074,13.25264835357666,13.25264835357666,2864792
2012-05-03,7.655068874359131,13.434629440307617,13.526619911193848,13.368636131286621,13.478625297546387,457046
2012-05-04,7.40666389465332,12.998674392700195,13.462626457214355,12.998674392700195,13.352638244628906,747076
2012-05-07,7.582147121429443,13.306641578674316,13.374634742736816,12.972676277160645,12.978675842285156,1935697
2012-05-08,7.587841033935547,13.316640853881836,13.398633003234863,13.144659042358398,13.288643836975098,696070
2012-05-09,7.468197345733643,13.10666275024414,13.286643981933594,12.798693656921387,13.286643981933594,675068
2012-05-10,7.40210485458374,12.990674018859863,13.198653221130371,12.93667984008789,13.154658317565918,365537
2012-05-11,7.3724799156188965,12.938679695129395,12.966676712036133,12.798693656921387,12.856687545776367,811582
2012-05-14,7.314366817474365,12.836689949035645,13.070666313171387,12.644709587097168,12.87868595123291,1054107
2012-05-15,7.3075270652771,12.824690818786621,12.966676712036133,12.634711265563965,12.894683837890625,2741279
2012-05-16,7.3086676597595215,12.826690673828125,12.95667839050293,12.614712715148926,12.824690818786621,1203122
2012-05-17,7.292715549468994,12.798693656921387,12.798693656921387,12.570716857910156,12.70870304107666,522053
2012-05-18,7.263087272644043,12.746699333190918,12.800694465637207,12.61671257019043,12.798693656921387,927594
2012-05-21,7.240296840667725,12.706703186035156,12.758698463439941,12.512722969055176,12.620712280273438,560057
2012-05-22,7.281320095062256,12.778696060180664,12.778696060180664,12.432730674743652,12.618712425231934,1249627
2012-05-23,7.078491687774658,12.42273235321045,12.688705444335938,12.178756713867188,12.662708282470703,984600
2012-05-24,7.019238471984863,12.318742752075195,12.532720565795898,12.266748428344727,12.420733451843262,1141616
2012-05-25,7.002145290374756,12.288745880126953,12.454729080200195,12.216753005981445,12.396735191345215,955597
2012-05-28,7.053422927856445,12.378737449645996,12.4567289352417,12.296745300292969,12.296745300292969,424543
2012-05-29,7.008982181549072,12.300745010375977,12.496725082397461,12.284746170043945,12.378737449645996,824084
2012-05-30,7.064817428588867,12.398735046386719,12.418732643127441,12.264747619628906,12.368738174438477,676068
2012-05-31,7.132044792175293,12.516722679138184,12.516722679138184,12.118762969970703,12.318742752075195,2028206
2012-06-01,6.8107123374938965,11.952779769897461,12.598713874816895,11.856789588928223,12.258749008178711,1065108
2012-06-04,6.766273498535156,11.874788284301758,11.9807767868042,11.740801811218262,11.854789733886719,823583
2012-06-05,6.7001800537109375,11.75879955291748,11.916784286499023,11.722804069519043,11.916784286499023,607061
2012-06-06,6.939475059509277,12.178756713867188,12.178756713867188,11.754799842834473,11.788797378540039,1728176
2012-06-08,6.892755031585693,12.096766471862793,12.174757957458496,11.822793960571289,12.000775337219238,3040310
2012-06-11,6.774250030517578,11.888787269592285,12.300745010375977,11.820794105529785,12.300745010375977,1999703
2012-06-12,6.860849380493164,12.040770530700684,12.138760566711426,11.906785011291504,11.906785011291504,1091611
2012-06-13,6.825524806976318,11.978777885437012,12.154760360717773,11.8367919921875,12.038771629333496,1964200
2012-06-14,6.847175121307373,12.01677417755127,12.190755844116211,11.968778610229492,11.978777885437012,4535962
2012-06-15,6.877942085266113,12.070768356323242,12.15075969696045,11.578818321228027,11.99877643585205,30164076
2012-06-18,7.071655750274658,12.410734176635742,12.488725662231445,11.990776062011719,11.99877643585205,3022808
2012-06-19,7.279041290283203,12.774696350097656,12.798693656921387,12.444729804992676,12.444729804992676,1280630
2012-06-20,7.292715549468994,12.798693656921387,12.798693656921387,12.39273452758789,12.76669692993164,970098
2012-06-21,7.1673712730407715,12.578716278076172,12.76269817352295,12.532720565795898,12.76269817352295,791580
2012-06-22,7.08897590637207,12.368738174438477,12.5927152633667,12.166757583618164,12.5927152633667,1399142
2012-06-25,7.106166839599609,12.398735046386719,12.468728065490723,12.158759117126465,12.168758392333984,983600
2012-06-26,7.125649929046631,12.432730674743652,12.490724563598633,12.270748138427734,12.3887357711792,1268629
2012-06-27,7.014475345611572,12.238751411437988,12.530720710754395,12.238751411437988,12.398735046386719,869088
2012-06-28,7.077513694763184,12.348739624023438,12.400734901428223,12.214754104614258,12.318742752075195,686069
2012-06-29,7.239119529724121,12.63071060180664,12.658707618713379,12.382736206054688,12.420733451843262,1406643
2012-07-02,7.071784019470215,12.338741302490234,12.576717376708984,12.264747619628906,12.576717376708984,451046
2012-07-03,7.197858810424805,12.558717727661133,12.598713874816895,12.282747268676758,12.454729080200195,717073
2012-07-04,7.28726053237915,12.714702606201172,12.746699333190918,12.474726676940918,12.548720359802246,587559
2012-07-05,7.220783233642578,12.598713874816895,12.758698463439941,12.478727340698242,12.75269889831543,543055
2012-07-06,7.134822845458984,12.44873046875,12.64070987701416,12.330741882324219,12.588714599609375,478548
2012-07-10,7.008744716644287,12.228752136230469,12.488725662231445,12.198755264282227,12.44873046875,933595
2012-07-11,7.031667709350586,12.26874828338623,12.33674144744873,12.138760566711426,12.30274486541748,598060
2012-07-12,6.952581405639648,12.130762100219727,12.240751266479492,12.118762969970703,12.118762969970703,706572
2012-07-13,6.978943824768066,12.176756858825684,12.216753005981445,12.070768356323242,12.182757377624512,334034
2012-07-16,6.945703506469727,12.118762969970703,12.158759117126465,12.058769226074219,12.140761375427246,344035
2012-07-17,6.9399733543396,12.108763694763184,12.198755264282227,12.028773307800293,12.198755264282227,524553
2012-07-18,6.991550922393799,12.198755264282227,12.20875358581543,11.970778465270996,12.032772064208984,1426145
2012-07-19,7.001867294311523,12.216753005981445,12.390735626220703,12.110763549804688,12.110763549804688,688070
2012-07-20,6.961753845214844,12.146760940551758,12.21875286102295,12.076767921447754,12.146760940551758,444045
2012-07-23,6.991550922393799,12.198755264282227,12.198755264282227,11.93878173828125,12.008774757385254,905092
2012-07-24,6.903298377990723,12.044771194458008,12.26874828338623,12.008774757385254,12.26874828338623,739075
2012-07-25,6.911319255828857,12.058769226074219,12.090765953063965,11.864789009094238,12.048770904541016,732074
2012-07-26,7.1233601570129395,12.428731918334961,12.452729225158691,12.042771339416504,12.168758392333984,1352637
2012-07-27,7.368635177612305,12.856687545776367,12.87868595123291,12.428731918334961,12.428731918334961,825584
2012-07-30,7.438554286956787,12.978675842285156,12.978675842285156,12.452729225158691,12.83069133758545,1291631
2012-07-31,7.369784832000732,12.858688354492188,12.978675842285156,12.656708717346191,12.978675842285156,773578
2012-08-01,7.367489814758301,12.854687690734863,12.998674392700195,12.686704635620117,12.794693946838379,1093611
2012-08-02,7.204734802246094,12.570716857910156,12.854687690734863,12.482726097106934,12.706703186035156,838085
2012-08-03,7.258608341217041,12.664708137512207,12.812692642211914,12.510723114013672,12.69870376586914,533054
2012-08-06,7.369784832000732,12.858688354492188,12.934679985046387,12.622712135314941,12.664708137512207,821083
2012-08-07,7.281529426574707,12.704704284667969,12.940679550170898,12.704704284667969,12.896683692932129,516552
2012-08-08,7.278090953826904,12.69870376586914,12.722702026367188,12.516722679138184,12.692705154418945,768078
2012-08-09,7.2528767585754395,12.654708862304688,12.654708862304688,12.508724212646484,12.558717727661133,542055
2012-08-10,7.170351505279541,12.510723114013672,12.564718246459961,12.398735046386719,12.490724563598633,660567
2012-08-13,7.185251712799072,12.536721229553223,12.57271671295166,12.348739624023438,12.44672966003418,857087
2012-08-14,7.239119529724121,12.63071060180664,12.736700057983398,12.454729080200195,12.518722534179688,1701673
2012-08-15,7.207028865814209,12.574716567993164,12.586715698242188,12.398735046386719,12.586715698242188,722573
2012-08-16,7.219635486602783,12.596714973449707,12.638710021972656,12.42273235321045,12.638710021972656,733074
2012-08-17,7.095853328704834,12.3807373046875,12.596714973449707,12.358738899230957,12.596714973449707,756577
2012-08-20,7.102728843688965,12.39273452758789,12.528721809387207,12.342741012573242,12.342741012573242,518052
2012-08-21,6.923928737640381,12.080766677856445,12.454729080200195,12.080766677856445,12.400734901428223,1272129
2012-08-22,7.070635795593262,12.33674144744873,12.33674144744873,11.988777160644531,12.110763549804688,1077609
2012-08-23,7.107313632965088,12.400734901428223,12.400734901428223,12.100765228271484,12.20875358581543,1343136
2012-08-24,7.140553951263428,12.458728790283203,12.48072624206543,12.228752136230469,12.28674602508545,585059
2012-08-27,7.117627143859863,12.418732643127441,12.462727546691895,12.274746894836426,12.382736206054688,776579
2012-08-28,7.06032133102417,12.318742752075195,12.4567289352417,12.312744140625,12.398735046386719,490049
2012-08-29,7.0786590576171875,12.350740432739258,12.350740432739258,12.136761665344238,12.298745155334473,665067
2012-08-30,7.037397861480713,12.278746604919434,12.328742027282715,12.162758827209473,12.25475025177002,1914695
2012-08-31,7.309036731719971,12.75269889831543,12.75269889831543,12.306743621826172,12.352740287780762,5024512
2012-09-03,7.298720359802246,12.734701156616211,12.734701156616211,12.538721084594727,12.696703910827637,2125216
2012-09-04,7.217343807220459,12.5927152633667,12.778696060180664,12.390735626220703,12.63071060180664,1061108
2012-09-05,7.2184906005859375,12.594715118408203,12.612712860107422,12.300745010375977,12.612712860107422,1848688
2012-09-06,7.328519821166992,12.786694526672363,12.822691917419434,12.482726097106934,12.520722389221191,1582161
2012-09-10,7.328519821166992,12.786694526672363,12.786694526672363,12.786694526672363,12.786694526672363,0
2012-09-11,7.236827850341797,12.62671184539795,12.676706314086914,12.43873119354248,12.666707038879395,1227125
2012-09-12,7.163477420806885,12.498724937438965,12.730701446533203,12.404733657836914,12.644709587097168,2807786
2012-09-13,7.330811977386475,12.790695190429688,12.790695190429688,12.416732788085938,12.498724937438965,1227125
2012-09-14,7.295283317565918,12.728700637817383,12.930681228637695,12.550719261169434,12.668706893920898,1492652
2012-09-17,7.295283317565918,12.728700637817383,12.822691917419434,12.662708282470703,12.69870376586914,1055107
2012-09-18,7.174938201904297,12.518722534179688,12.758698463439941,12.518722534179688,12.69870376586914,1280130
2012-09-19,7.143991947174072,12.464728355407715,12.61671257019043,12.442729949951172,12.444729804992676,1439646
2012-09-20,7.232244968414307,12.618712425231934,12.618712425231934,12.406734466552734,12.458728790283203,540555
2012-09-21,7.279236793518066,12.700703620910645,12.842690467834473,12.576717376708984,12.584715843200684,902092
2012-09-24,7.369784832000732,12.858688354492188,12.858688354492188,12.64070987701416,12.770696640014648,1100112
2012-09-25,7.330811977386475,12.790695190429688,12.998674392700195,12.716702461242676,12.876686096191406,702571
2012-09-26,7.3182053565979,12.768696784973145,12.86868667602539,12.600713729858398,12.69870376586914,629064
2012-09-27,7.32393741607666,12.778696060180664,12.792695045471191,12.654708862304688,12.732701301574707,1166618
2012-09-28,7.307888507843018,12.750699043273926,12.938679695129395,12.64070987701416,12.792695045471191,1593662
2012-10-01,7.500101089477539,12.980674743652344,12.982674598693848,12.842690467834473,12.900684356689453,1544657
2012-10-02,7.676889419555664,13.286643981933594,13.296643257141113,12.906682968139648,12.932680130004883,2265231
2012-10-03,7.624892234802246,13.196653366088867,13.330639839172363,13.132659912109375,13.330639839172363,490049
2012-10-04,7.717329025268555,13.356637001037598,13.358636856079102,13.182655334472656,13.19265365600586,791580
2012-10-05,7.77163553237915,13.450628280639648,13.476625442504883,13.26064682006836,13.26064682006836,1409643
2012-10-08,7.973841190338135,13.800592422485352,13.800592422485352,13.358636856079102,13.382634162902832,881589
2012-10-09,7.727727890014648,13.374634742736816,13.844587326049805,13.322641372680664,13.742597579956055,1283630
2012-10-10,7.764702320098877,13.438629150390625,16.452320098876953,13.296643257141113,13.372634887695312,522553
2012-10-11,7.790122985839844,13.482624053955078,13.49862289428711,13.37663459777832,13.436629295349121,518552
2012-10-15,7.968062877655029,13.790593147277832,13.796591758728027,13.330639839172363,13.482624053955078,628564
2012-10-16,7.97152853012085,13.796591758728027,13.836587905883789,13.598611831665039,13.746597290039062,1242126
2012-10-17,8.013127326965332,13.868584632873535,13.868584632873535,13.670604705810547,13.756595611572266,701071
2012-10-18,8.126361846923828,14.06456470489502,14.06456470489502,13.698601722717285,13.798591613769531,785080
2012-10-19,7.981927871704102,13.814590454101562,14.08856201171875,13.686602592468262,14.06456470489502,1113613
2012-10-22,7.965752124786377,13.786593437194824,13.848587036132812,13.70260238647461,13.758596420288086,782079
2012-10-23,7.90335750579834,13.678604125976562,13.798591613769531,13.636609077453613,13.686602592468262,876589
2012-10-24,7.854829788208008,13.594613075256348,13.950576782226562,13.518621444702148,13.918580055236816,730574
2012-10-25,7.88140344619751,13.640607833862305,13.784592628479004,13.412631034851074,13.734599113464355,709072
2012-10-26,7.916069507598877,13.700601577758789,13.700601577758789,13.45462703704834,13.518621444702148,1533156
2012-10-29,8.015437126159668,13.872584342956543,13.872584342956543,13.67260456085205,13.67260456085205,560057
2012-10-30,7.949575424194336,13.758596420288086,13.958576202392578,13.742597579956055,13.848587036132812,726074
2012-10-31,7.89180326461792,13.658605575561523,14.062564849853516,13.618610382080078,13.898582458496094,1564159
2012-11-01,7.97152853012085,13.796591758728027,13.796591758728027,13.578614234924316,13.670604705810547,1077609
2012-11-05,8.001572608947754,13.848587036132812,13.868584632873535,13.598611831665039,13.704602241516113,1006602
2012-11-06,7.994638442993164,13.836587905883789,13.836587905883789,13.586613655090332,13.810590744018555,611062
2012-11-07,7.981927871704102,13.814590454101562,13.848587036132812,13.538619041442871,13.814590454101562,1364639
2012-11-08,7.920691013336182,13.708600997924805,13.812590599060059,13.558616638183594,13.764595031738281,11298152
2012-11-09,7.761234760284424,13.432628631591797,13.734599113464355,13.410632133483887,13.732599258422852,5964608
2012-11-12,7.790122985839844,13.482624053955078,13.544617652893066,13.442627906799316,13.448628425598145,722573
2012-11-13,7.868693828582764,13.618610382080078,13.738597869873047,13.404631614685059,13.480624198913574,4596968
2012-11-14,7.879096984863281,13.636609077453613,13.712600708007812,13.486623764038086,13.62460994720459,1956699
2012-11-16,8.400205612182617,14.538516998291016,14.748495101928711,13.99857234954834,13.99857234954834,10786600
2012-11-19,8.540017127990723,14.780491828918457,14.896479606628418,14.412528991699219,14.512518882751465,3175323
2012-11-21,8.665963172912598,14.998470306396484,14.998470306396484,14.678502082824707,14.836485862731934,3268833
2012-11-22,8.650940895080566,14.972472190856934,15.054464340209961,14.70849895477295,15.054464340209961,2406245
2012-11-23,8.735288619995117,15.118456840515137,15.118456840515137,14.740495681762695,14.908478736877441,3283334
2012-11-26,8.7179594039917,15.088459968566895,15.138455390930176,14.850484848022461,15.138455390930176,2514756
2012-11-27,8.692538261413574,15.044465065002441,15.092459678649902,14.956474304199219,15.058464050292969,3297336
2012-11-28,8.662497520446777,14.992469787597656,15.028467178344727,14.848484992980957,14.964472770690918,2443749
2012-11-29,8.549263954162598,14.796489715576172,15.058464050292969,14.57451343536377,15.058464050292969,5644075
2012-11-30,8.977934837341309,15.53841495513916,15.558412551879883,14.866482734680176,14.958474159240723,68210456
2012-12-03,9.168588638305664,15.868380546569824,15.87637996673584,15.376431465148926,15.508418083190918,4460454
2012-12-04,8.966382026672363,15.518417358398438,15.878379821777344,15.450424194335938,15.87637996673584,2181222
2012-12-05,9.012601852416992,15.598407745361328,15.660402297973633,15.388429641723633,15.588409423828125,1576660
2012-12-06,9.01029109954834,15.594408988952637,15.652402877807617,15.408428192138672,15.520416259765625,1649168
2012-12-07,8.850835800170898,15.318436622619629,15.61640739440918,15.298439025878906,15.598407745361328,1739677
2012-12-10,9.850309371948242,17.048261642456055,17.54821014404297,16.724294662475586,17.098255157470703,12930318
2012-12-11,10.005143165588379,17.316232681274414,17.398225784301758,16.978267669677734,17.098255157470703,3538360
2012-12-12,10.029406547546387,17.35822868347168,17.35822868347168,17.162248611450195,17.300235748291016,4651974
2012-12-13,10.064071655273438,17.418222427368164,17.49421501159668,17.228242874145508,17.354228973388672,3843892
2012-12-14,9.948527336120605,17.218242645263672,17.498214721679688,17.00226593017578,17.498214721679688,2422247
2012-12-17,9.935812950134277,17.196245193481445,17.31023406982422,17.124252319335938,17.228242874145508,2181222
2012-12-18,10.00629997253418,17.318233489990234,17.386226654052734,17.19024658203125,17.35822868347168,1773680
2012-12-19,10.075628280639648,17.438220977783203,17.498214721679688,17.210243225097656,17.280237197875977,1455648
2012-12-20,9.779826164245605,16.926273345947266,17.3762264251709,16.92027473449707,17.352230072021484,1243126
2012-12-21,9.819113731384277,16.994266510009766,17.202245712280273,16.808284759521484,16.926273345947266,1390141
2012-12-26,9.688547134399414,16.76828956604004,17.090255737304688,16.754291534423828,17.00226593017578,1076609
2012-12-27,9.799921989440918,16.778287887573242,16.87027931213379,16.670299530029297,16.722293853759766,1307633
2012-12-28,9.776561737060547,16.738292694091797,16.91627311706543,16.738292694091797,16.858280181884766,2807786
2013-01-02,9.816272735595703,16.806285858154297,17.050260543823242,16.76828956604004,16.980266571044922,1126114
2013-01-03,9.990311622619629,17.10425567626953,17.114253997802734,16.820283889770508,16.942270278930664,1032105
2013-01-04,9.825617790222168,16.822284698486328,17.10425567626953,16.79828643798828,17.10425567626953,1488651
2013-01-07,9.93891716003418,17.016263961791992,17.018264770507812,16.79828643798828,16.80228614807129,1223124
2013-01-08,9.927239418029785,16.996265411376953,17.03626251220703,16.79828643798828,16.820283889770508,1103112
2013-01-09,10.08025074005127,17.25823974609375,17.25823974609375,16.90027618408203,16.998266220092773,3035309
2013-01-10,10.059224128723145,17.22224235534668,17.22224235534668,16.958269119262695,17.18824577331543,1208623
2013-01-11,9.940086364746094,17.018264770507812,17.220243453979492,16.980266571044922,17.150249481201172,1929196
2013-01-14,9.986807823181152,17.098255157470703,17.10425567626953,16.93227195739746,17.098255157470703,1452648
2013-01-15,10.01834487915039,17.152250289916992,17.25823974609375,16.91627311706543,17.098255157470703,1203622
2013-01-16,10.26596736907959,17.57620620727539,17.702194213867188,17.028263092041016,17.030261993408203,1843187
2013-01-17,10.366423606872559,17.74818992614746,17.908172607421875,17.588205337524414,17.61620330810547,1713174
2013-01-18,10.477387428283691,17.938169479370117,17.95016860961914,17.744190216064453,17.79818344116211,736075
2013-01-21,10.454024314880371,17.898174285888672,17.938169479370117,17.69619369506836,17.874176025390625,374538
2013-01-22,10.454024314880371,17.898174285888672,18.028160095214844,17.71219253540039,17.854177474975586,3115817
2013-01-23,10.51242733001709,17.9981632232666,17.9981632232666,17.842180252075195,17.932170867919922,602561
2013-01-24,10.64441967010498,18.224140167236328,18.298133850097656,17.93617057800293,17.994163513183594,1494152
2013-01-28,10.3372220993042,17.69819450378418,18.286134719848633,17.604204177856445,18.286134719848633,3074313
2013-01-29,10.462203025817871,17.912172317504883,18.034160614013672,17.632200241088867,17.79818344116211,2180722
2013-01-30,10.570831298828125,18.09815216064453,18.198143005371094,17.71419334411621,17.908172607421875,1721175
2013-01-31,10.515933990478516,18.00416374206543,18.198143005371094,17.80018424987793,18.10615348815918,3407347
2013-02-01,10.459867477416992,17.908172607421875,18.200143814086914,17.804182052612305,18.00016212463379,904592
2013-02-04,10.591856956481934,18.1341495513916,18.196142196655273,17.888174057006836,17.956167221069336,1155617
2013-02-05,10.527719497680664,18.024341583251953,18.138330459594727,17.790363311767578,18.138330459594727,1017593
2013-02-06,10.521878242492676,18.014341354370117,18.076335906982422,17.806360244750977,18.02834129333496,762070
2013-02-07,10.38404655456543,17.778364181518555,18.09633445739746,17.634376525878906,18.09633445739746,1427631
2013-02-08,10.605978012084961,18.158329010009766,18.19832420349121,17.546384811401367,17.788362503051758,2021685
2013-02-13,10.530056953430176,18.02834129333496,18.19832420349121,17.96234703063965,18.158329010009766,1086599
2013-02-14,10.512535095214844,17.99834442138672,18.04833984375,17.90835189819336,17.9963436126709,1921176
2013-02-15,10.438942909240723,17.87235450744629,18.008342742919922,17.818359375,17.97834587097168,1163607
2013-02-18,10.457635879516602,17.90435218811035,17.956348419189453,17.740367889404297,17.814361572265625,418538
2013-02-19,10.5008544921875,17.97834587097168,18.11833381652832,17.816360473632812,17.89035415649414,787572
2013-02-20,10.570937156677246,18.09833335876465,18.154329299926758,17.920351028442383,18.076335906982422,1102101
2013-02-21,10.359517097473145,17.73636817932129,18.068336486816406,17.50838851928711,18.018341064453125,1793665
2013-02-22,10.51136589050293,17.9963436126709,17.9963436126709,17.532386779785156,17.862356185913086,1695655
2013-02-25,10.146930694580078,17.372400283813477,17.99034309387207,17.244413375854492,17.99034309387207,2404721
2013-02-26,10.243880271911621,17.53838539123535,17.63037872314453,16.978437423706055,17.394399642944336,2297711
2013-02-27,9.903974533081055,16.956439971923828,17.718368530273438,17.086427688598633,17.616378784179688,2086691
2013-02-28,10.273048400878906,17.45639419555664,17.458393096923828,16.86644744873047,17.0024356842041,2546734
2013-03-01,10.297761917114258,17.498390197753906,17.506389617919922,17.148422241210938,17.486391067504883,1001092
2013-03-04,10.216553688049316,17.360401153564453,17.464393615722656,17.286409378051758,17.418397903442383,751069
2013-03-05,10.198902130126953,17.33040428161621,17.590381622314453,17.29840850830078,17.318405151367188,623057
2013-03-06,10.47429370880127,17.798362731933594,17.852357864379883,17.478391647338867,17.498390197753906,720066
2013-03-07,10.31541633605957,17.52838706970215,17.99834442138672,17.47639274597168,17.778364181518555,1736159
2013-03-08,10.356607437133789,17.598379135131836,17.726369857788086,17.344404220581055,17.462392807006836,1078099
2013-03-11,10.303644180297852,17.50838851928711,17.760366439819336,17.500389099121094,17.598379135131836,602555
2013-03-12,10.162419319152832,17.26841163635254,17.604379653930664,17.208415985107422,17.496389389038086,675562
2013-03-13,10.06591510772705,17.10442543029785,17.390399932861328,17.098426818847656,17.378400802612305,679062
2013-03-14,10.144766807556152,17.238414764404297,17.272409439086914,17.03643226623535,17.05643081665039,1849670
2013-03-15,9.90938949584961,16.838449478149414,17.324405670166016,16.838449478149414,17.19841766357422,1970181
2013-03-18,10.043553352355957,17.066429138183594,17.072429656982422,16.716461181640625,16.98643684387207,568552
2013-03-19,9.87172794342041,16.774456024169922,17.072429656982422,16.716461181640625,16.98643684387207,1281117
2013-03-20,9.944695472717285,16.89844512939453,16.96843719482422,16.76045799255371,16.7624568939209,794573
2013-03-21,9.887027740478516,16.800453186035156,16.974437713623047,16.79845428466797,16.86844825744629,681562
2013-03-22,9.827005386352539,16.698463439941406,16.90044593811035,16.6364688873291,16.894445419311523,1745160
2013-03-25,9.593982696533203,16.302499771118164,16.998435974121094,16.300500869750977,16.998435974121094,1780663
2013-03-26,9.622228622436523,16.350494384765625,16.53647804260254,16.30449867248535,16.372493743896484,5147473
2013-03-27,9.641058921813965,16.382492065429688,16.46848487854004,16.2605037689209,16.39849090576172,1612648
2013-03-28,9.641058921813965,16.382492065429688,16.382492065429688,16.382492065429688,16.382492065429688,0
2013-04-01,9.726970672607422,16.528478622436523,16.672466278076172,16.504480361938477,16.574474334716797,634058
2013-04-02,9.655180931091309,16.406490325927734,16.672466278076172,16.3284969329834,16.574474334716797,1606147
2013-04-03,9.392733573913574,15.960531234741211,16.442487716674805,15.958531379699707,16.39849090576172,2734251
2013-04-04,9.451578140258789,16.060522079467773,16.13851547241211,15.952531814575195,16.020526885986328,1443632
2013-04-05,9.460993766784668,16.076520919799805,16.122516632080078,15.82254409790039,15.936532974243164,1035095
2013-04-08,9.422157287597656,16.010526657104492,16.106517791748047,15.91053581237793,16.056522369384766,1250615
2013-04-09,9.456287384033203,16.06852149963379,16.106517791748047,15.916535377502441,15.916535377502441,855578
2013-04-10,9.490418434143066,16.126516342163086,16.358495712280273,16.04852294921875,16.088518142700195,2192201
2013-04-11,9.319769859313965,15.836543083190918,16.148513793945312,15.75255012512207,16.146514892578125,977589
2013-04-12,9.215025901794434,15.65855884552002,16.160512924194336,15.508572578430176,15.798545837402344,2695747
2013-04-15,8.95493221282959,15.21660041809082,15.652559280395508,15.21660041809082,15.652559280395508,1255615
2013-04-16,9.149118423461914,15.546568870544434,15.766549110412598,15.296591758728027,15.526571273803711,1561643
2013-04-17,9.145588874816895,15.540570259094238,15.626562118530273,15.368585586547852,15.450577735900879,2024686
2013-04-18,9.191487312316895,15.618562698364258,15.728551864624023,15.568567276000977,15.584566116333008,929085
2013-04-19,9.279755592346191,15.768548965454102,15.80654525756836,15.596565246582031,15.626562118530273,1303119
2013-04-22,9.2444486618042,15.7085542678833,15.80654525756836,15.60456371307373,15.776548385620117,1775663
2013-04-23,9.433924674987793,16.03052520751953,16.056522369384766,15.654559135437012,15.748551368713379,554050
2013-04-24,9.195019721984863,15.62456226348877,16.060522079467773,15.62456226348877,16.05052375793457,675062
2013-04-25,9.14441204071045,15.538570404052734,15.870538711547852,15.498574256896973,15.610563278198242,1066598
2013-04-26,9.14441204071045,15.538570404052734,15.538570404052734,15.538570404052734,15.538570404052734,0
2013-04-29,9.050259590148926,15.378584861755371,15.474575996398926,15.124608039855957,15.43257999420166,1494137
2013-04-30,9.626936912536621,16.358495712280273,16.42848777770996,15.098609924316406,15.18060302734375,2098193
2013-05-02,9.410387992858887,15.990528106689453,16.456485748291016,15.958531379699707,16.36049461364746,2154198
2013-05-03,9.626936912536621,16.358495712280273,16.51848030090332,16.052522659301758,16.142513275146484,830076
2013-05-06,9.604575157165527,16.320497512817383,16.504480361938477,16.25450325012207,16.406490325927734,810074
2013-05-07,9.626936912536621,16.358495712280273,16.49848175048828,16.358495712280273,16.39249038696289,359533
2013-05-08,9.597513198852539,16.30849838256836,16.46248435974121,16.262502670288086,16.458484649658203,872580
2013-05-09,9.8905611038208,16.806453704833984,16.806453704833984,16.296499252319336,16.298500061035156,1076098
2013-05-10,9.914097785949707,16.846450805664062,16.964439392089844,16.610471725463867,16.69046401977539,842077
2013-05-13,9.971765518188477,16.944440841674805,17.398399353027344,16.858449935913086,16.860448837280273,2418722
2013-05-14,10.13299560546875,17.218414306640625,17.276409149169922,16.90044593811035,17.022432327270508,1058097
2013-05-15,10.180073738098145,17.29840850830078,17.360401153564453,16.998435974121094,17.202417373657227,1139104
2013-05-16,10.076507568359375,17.12242317199707,17.3684024810791,17.08842658996582,17.29640769958496,1312120
2013-05-17,10.183601379394531,17.304407119750977,17.304407119750977,16.98843765258789,17.21441650390625,897082
2013-05-20,10.10945987701416,17.17841911315918,17.35240364074707,16.98843765258789,17.21441650390625,497545
2013-05-21,10.06120777130127,17.09642791748047,17.29840850830078,16.89844512939453,17.270410537719727,753069
2013-05-22,9.978825569152832,16.956439971923828,17.068429946899414,16.65646743774414,17.03643226623535,1169107
2013-05-23,9.924687385559082,16.86444854736328,16.950439453125,16.610471725463867,16.802453994750977,1543642
2013-05-24,9.868197441101074,16.768457412719727,16.976438522338867,16.676464080810547,16.89644432067871,713065
2013-05-27,9.858782768249512,16.752458572387695,16.8304500579834,16.698463439941406,16.766456604003906,497545
2013-05-28,9.99177074432373,16.978437423706055,17.112424850463867,16.768457412719727,16.79845428466797,895082
2013-05-29,9.783463478088379,16.624469757080078,17.008434295654297,16.584474563598633,16.938440322875977,1005592
2013-05-31,9.65635871887207,16.408489227294922,16.652467727661133,15.952531814575195,16.594472885131836,3763346
2013-06-03,9.436278343200684,16.03452491760254,16.51848030090332,16.02852439880371,16.506481170654297,1173107
2013-06-04,9.362137794494629,15.908535957336426,16.086519241333008,15.724553108215332,16.086519241333008,2415722
2013-06-05,9.245624542236328,15.710554122924805,15.918535232543945,15.592564582824707,15.918535232543945,813074
2013-06-06,9.299761772155762,15.802545547485352,15.928533554077148,15.608564376831055,15.710554122924805,1011093
2013-06-07,9.179717063903809,15.598564147949219,15.982528686523438,15.598564147949219,15.838541984558105,741068
2013-06-10,9.189135551452637,15.61456298828125,15.91053581237793,15.514572143554688,15.598564147949219,700064
2013-06-11,8.961995124816895,15.228597640991211,15.498574256896973,15.198600769042969,15.498574256896973,1250615
2013-06-12,8.969056129455566,15.240596771240234,15.462576866149902,15.220599174499512,15.444579124450684,933585
2013-06-13,8.907858848571777,15.13660717010498,15.354586601257324,15.13660717010498,15.198600769042969,1087600
2013-06-14,9.02672290802002,15.338587760925293,15.74255084991455,15.238597869873047,15.238597869873047,1171107
2013-06-17,9.185603141784668,15.608564376831055,15.946532249450684,15.438578605651855,15.438578605651855,1362125
2013-06-18,9.138526916503906,15.528571128845215,15.700554847717285,15.324589729309082,15.556568145751953,578053
2013-06-19,9.085567474365234,15.438578605651855,15.628561973571777,15.118609428405762,15.528571128845215,1175108
2013-06-20,8.973763465881348,15.248597145080566,15.348587036132812,15.010619163513184,15.208600044250488,1000092
2013-06-21,9.157357215881348,15.560567855834961,15.696555137634277,15.150606155395508,15.150606155395508,2730751
2013-06-24,8.945517539978027,15.200600624084473,15.55456829071045,15.134607315063477,15.334589004516602,1176108
2013-06-25,8.966702461242676,15.236598014831543,15.504572868347168,14.92862606048584,15.312590599060059,1186609
2013-06-26,9.20325756072998,15.638561248779297,15.79654598236084,15.322589874267578,15.452577590942383,1242614
2013-06-27,9.33271312713623,15.858540534973145,16.13651466369629,15.590564727783203,15.590564727783203,651559
2013-06-28,9.754039764404297,16.574474334716797,16.598472595214844,15.638561248779297,16.022525787353516,1850670
2013-07-01,9.741095542907715,16.55247688293457,16.7624568939209,15.638561248779297,16.022525787353516,724066
2013-07-02,9.556324005126953,16.238506317138672,16.658466339111328,16.190509796142578,16.474483489990234,1196610
2013-07-03,9.456287384033203,16.06852149963379,16.436487197875977,16.018526077270508,16.218507766723633,795573
2013-07-04,9.43863582611084,16.038524627685547,16.3384952545166,16.02852439880371,16.208507537841797,297527
2013-07-05,9.589277267456055,16.29450035095215,16.29450035095215,15.960531234741211,15.960531234741211,764570
2013-07-08,9.54572868347168,16.22050666809082,16.558475494384766,16.20650863647461,16.3284969329834,1099101
2013-07-10,9.626936912536621,16.358495712280273,16.668466567993164,16.24050521850586,16.24050521850586,911583
2013-07-11,9.642234802246094,16.384492874145508,16.598472595214844,16.334497451782227,16.412490844726562,607055
2013-07-12,9.646943092346191,16.39249038696289,16.492481231689453,16.284500122070312,16.384492874145508,580053
2013-07-15,9.769338607788086,16.60047149658203,16.638469696044922,16.384492874145508,16.384492874145508,707065
2013-07-16,9.628114700317383,16.36049461364746,16.65646743774414,16.22050666809082,16.65646743774414,720566
2013-07-17,9.54690933227539,16.22250747680664,16.494482040405273,16.18651008605957,16.494482040405273,1018093
2013-07-18,9.43863582611084,16.038524627685547,16.296499252319336,15.938532829284668,16.198509216308594,1286118
2013-07-19,9.42451000213623,16.0145263671875,16.072521209716797,15.884537696838379,16.026525497436523,801073
2013-07-22,9.556324005126953,16.238506317138672,16.3384952545166,16.0145263671875,16.04652214050293,991091
2013-07-23,9.625758171081543,16.356494903564453,16.476484298706055,16.22250747680664,16.322498321533203,582553
2013-07-24,9.532784461975098,16.198509216308594,16.460485458374023,16.10051727294922,16.36449432373047,811574
2013-07-25,9.537492752075195,16.20650863647461,16.282501220703125,16.120515823364258,16.178510665893555,701564
2013-07-26,9.537492752075195,16.20650863647461,16.20650863647461,16.20650863647461,16.20650863647461,0
2013-07-29,9.548086166381836,16.224506378173828,16.402490615844727,16.10451889038086,16.336496353149414,604555
2013-07-30,9.658711433410645,16.412490844726562,16.412490844726562,16.094518661499023,16.300500869750977,1060097
2013-07-31,10.120051383972168,17.1964168548584,17.224414825439453,16.470483779907227,16.486482620239258,2576236
2013-08-01,10.344836235046387,17.57838249206543,17.69837188720703,17.17641830444336,17.17641830444336,5586513
2013-08-02,10.240094184875488,17.40039825439453,17.694372177124023,17.29840850830078,17.4363956451416,1220612
2013-08-05,10.168304443359375,17.278409957885742,17.396398544311523,17.098426818847656,17.396398544311523,955087
2013-08-06,10.074152946472168,17.118425369262695,17.328405380249023,16.998435974121094,17.200416564941406,2664245
2013-08-07,10.022371292114258,17.030433654785156,17.140422821044922,16.980436325073242,17.0604305267334,759069
2013-08-08,10.121228218078613,17.19841766357422,17.202417373657227,16.946439743041992,17.140422821044922,1770162
2013-08-09,10.024723052978516,17.03443145751953,17.222415924072266,16.962438583374023,17.19841766357422,870080
2013-08-12,9.963525772094727,16.930442810058594,17.152421951293945,16.7724552154541,16.996435165405273,1251615
2013-08-13,10.14358901977539,17.236413955688477,17.304407119750977,16.840450286865234,16.926441192626953,666561
2013-08-14,10.085921287536621,17.138423919677734,17.344404220581055,17.13042449951172,17.206417083740234,909083
2013-08-15,10.197728157043457,17.328405380249023,17.432395935058594,16.88044548034668,16.976438522338867,1239113
2013-08-16,10.262454986572266,17.43839454650879,17.50838851928711,17.204416275024414,17.21241569519043,847577
2013-08-19,10.221264839172363,17.3684024810791,17.580381393432617,17.252412796020508,17.40639877319336,858578
2013-08-20,9.76816177368164,16.598472595214844,17.22841453552246,16.578474044799805,17.22841453552246,1543141
2013-08-21,9.691665649414062,16.46848487854004,16.79845428466797,16.316497802734375,16.598472595214844,1014093
2013-08-22,9.76816177368164,16.598472595214844,16.754457473754883,16.422489166259766,16.49848175048828,723066
2013-08-23,9.682251930236816,16.452486038208008,16.716461181640625,16.266502380371094,16.598472595214844,591054
2013-08-26,9.553969383239746,16.234506607055664,16.46848487854004,16.160512924194336,16.46648406982422,1182108
2013-08-27,9.532784461975098,16.198509216308594,16.198509216308594,15.962531089782715,16.196508407592773,3084783
2013-08-28,9.456287384033203,16.06852149963379,16.29250144958496,15.96852970123291,16.146514892578125,540049
2013-08-29,9.738739967346191,16.548477172851562,16.696462631225586,16.020526885986328,16.020526885986328,1225112
2013-08-30,9.827005386352539,16.698463439941406,16.734460830688477,16.020526885986328,16.020526885986328,6568104
2013-09-02,9.827005386352539,16.698463439941406,16.8824462890625,16.3964900970459,16.860448837280273,1054096
2013-09-03,9.556324005126953,16.238506317138672,16.850448608398438,16.218507766723633,16.766456604003906,1248114
2013-09-04,9.556324005126953,16.238506317138672,16.266502380371094,16.0145263671875,16.22050666809082,577053
2013-09-05,9.65047550201416,16.39849090576172,16.39849090576172,16.03452491760254,16.18851089477539,1031594
2013-09-06,9.608104705810547,16.326496124267578,16.53847885131836,16.178510665893555,16.40049171447754,1587146
2013-09-09,9.737564086914062,16.546476364135742,16.546476364135742,16.198509216308594,16.326496124267578,1367625
2013-09-10,9.915271759033203,16.84844970703125,16.870447158813477,16.476484298706055,16.546476364135742,1846169
2013-09-11,10.014132499694824,17.016433715820312,17.016433715820312,16.598472595214844,16.844449996948242,2367217
2013-09-12,9.938811302185059,16.888446807861328,17.024433135986328,16.7724552154541,17.0024356842041,2770254
2013-09-13,9.943516731262207,16.89644432067871,16.998435974121094,16.822452545166016,16.904443740844727,1651651
2013-09-16,10.060934066772461,16.964439392089844,16.964439392089844,16.748458862304688,16.91644287109375,1081599
2013-09-17,10.078723907470703,16.994436264038086,17.044431686401367,16.870447158813477,16.870447158813477,1047596
2013-09-18,10.135650634765625,17.09042739868164,17.174419403076172,16.746458053588867,16.980436325073242,1116102
2013-09-19,10.332531929016113,17.42239761352539,17.42239761352539,17.03843116760254,17.048431396484375,949087
2013-09-20,10.283903121948242,17.340404510498047,17.590381622314453,17.140422821044922,17.356403350830078,1480136
2013-09-23,10.267301559448242,17.312406539916992,17.590381622314453,17.140422821044922,17.356403350830078,974589
2013-09-24,10.225788116455078,17.242412567138672,17.590381622314453,17.082427978515625,17.356403350830078,888081
2013-09-25,10.211556434631348,17.218414306640625,17.294408798217773,17.11042594909668,17.254411697387695,2057189
2013-09-26,10.408435821533203,17.550384521484375,17.57838249206543,17.362401962280273,17.37040138244629,1623149
2013-09-27,10.383527755737305,17.50838851928711,17.582382202148438,17.398399353027344,17.496389389038086,819075
2013-09-30,10.043144226074219,16.9344425201416,17.582382202148438,16.9344425201416,17.496389389038086,2232705
2013-10-01,10.119047164916992,17.062429428100586,17.12642478942871,16.732460021972656,17.120424270629883,775071
2013-10-02,10.059744834899902,16.962438583374023,17.08842658996582,16.850448608398438,17.066429138183594,813074
2013-10-03,10.036028861999512,16.922443389892578,17.018434524536133,16.702463150024414,17.0024356842041,766070
2013-10-04,10.13921070098877,17.09642791748047,17.136423110961914,16.792455673217773,16.942441940307617,407037
2013-10-07,10.057374000549316,16.958438873291016,17.09642791748047,16.856449127197266,17.09642791748047,747068
2013-10-08,9.915053367614746,16.718460083007812,16.978437423706055,16.598472595214844,16.976438522338867,705064
2013-10-09,9.89845085144043,16.69046401977539,16.802453994750977,16.60247230529785,16.72846031188965,1122603
2013-10-10,10.004005432128906,16.86844825744629,16.890445709228516,16.638469696044922,16.800453186035156,627057
2013-10-11,10.045515060424805,16.938440322875977,16.938440322875977,16.712461471557617,16.876447677612305,409537
2013-10-14,10.115488052368164,17.05643081665039,17.17641830444336,16.79445457458496,16.84844970703125,944586
2013-10-15,10.133280754089355,17.086427688598633,17.278409957885742,16.994436264038086,17.078428268432617,1601647
2013-10-16,10.045515060424805,16.938440322875977,17.132423400878906,16.800453186035156,17.114425659179688,603055
2013-10-17,10.19851016998291,17.1964168548584,17.1964168548584,16.90044593811035,16.93644142150879,598055
2013-10-18,10.247137069702148,17.278409957885742,17.284408569335938,17.078428268432617,17.114425659179688,2172199
2013-10-21,10.231720924377441,17.252412796020508,17.322406768798828,17.044431686401367,17.244413375854492,995591
2013-10-22,10.294576644897461,17.358402252197266,17.484390258789062,17.174419403076172,17.26841163635254,780571
2013-10-23,10.021795272827148,16.89844512939453,17.252412796020508,16.89844512939453,17.252412796020508,1032594
2013-10-24,10.081097602844238,16.998435974121094,17.068429946899414,16.814453125,16.954439163208008,898582
2013-10-25,10.141579627990723,17.100425720214844,17.168420791625977,16.698463439941406,17.00443458557129,1578645
2013-10-28,10.155814170837402,17.12442398071289,17.12642478942871,16.858449935913086,17.120424270629883,2341215
2013-10-29,10.069238662719727,16.978437423706055,17.116424560546875,16.824451446533203,17.116424560546875,1203110
2013-10-30,9.97791576385498,16.824451446533203,17.018434524536133,16.740459442138672,16.974437713623047,1201110
2013-10-31,9.89726448059082,16.68846321105957,16.814453125,16.440486907958984,16.776456832885742,4000868
2013-11-01,10.009934425354004,16.878446578979492,16.878446578979492,16.614471435546875,16.698463439941406,1369625
2013-11-04,9.903192520141602,16.698463439941406,16.838449478149414,16.542478561401367,16.838449478149414,1174608
2013-11-05,9.772732734680176,16.478483200073242,16.740459442138672,16.348495483398438,16.740459442138672,899082
2013-11-06,9.938776016235352,16.75845718383789,16.894445419311523,16.53847885131836,16.53847885131836,2120695
2013-11-07,10.076349258422852,16.990436553955078,17.078428268432617,16.72846031188965,16.7624568939209,1392628
2013-11-08,10.229351043701172,17.2484130859375,17.568382263183594,16.962438583374023,16.962438583374023,35848297
2013-11-11,10.229351043701172,17.2484130859375,17.568382263183594,16.962438583374023,16.962438583374023,38092504
2013-11-12,10.116676330566406,17.058429718017578,17.3684024810791,16.75845718383789,17.29840850830078,11605067
2013-11-13,10.098884582519531,17.028432846069336,17.188417434692383,16.82845115661621,17.08842658996582,6329082
2013-11-14,10.359807968139648,17.46839141845703,17.498390197753906,17.048431396484375,17.2484130859375,14087395
2013-11-18,10.46654987335205,17.64837646484375,17.718368530273438,17.308406829833984,17.328405380249023,11103221
2013-11-19,10.300507545471191,17.3684024810791,17.798362731933594,17.028432846069336,17.598379135131836,10155434
2013-11-21,10.241207122802734,17.26841163635254,17.418397903442383,17.148422241210938,17.2484130859375,7543593
2013-11-22,10.35387897491455,17.458393096923828,17.598379135131836,17.15842056274414,17.2484130859375,6171267
2013-11-25,10.312365531921387,17.388399124145508,17.588380813598633,17.048431396484375,17.488391876220703,6124663
2013-11-26,10.436899185180664,17.598379135131836,17.598379135131836,17.19841766357422,17.2484130859375,10973909
2013-11-27,10.419107437133789,17.568382263183594,17.69837188720703,17.22841453552246,17.588380813598633,6223572
2013-11-28,10.35387897491455,17.458393096923828,17.638376235961914,17.328405380249023,17.638376235961914,3787448
2013-11-29,10.413178443908691,17.55838394165039,17.688371658325195,17.3684024810791,17.458393096923828,5433199
2013-12-02,10.383527755737305,17.50838851928711,17.728368759155273,17.3684024810791,17.398399353027344,9479672
2013-12-03,10.17597484588623,17.15842056274414,17.488391876220703,16.84844970703125,17.428396224975586,13016097
2013-12-04,9.879471778869629,16.658466339111328,17.358402252197266,16.578474044799805,17.2484130859375,24109317
2013-12-05,9.992145538330078,16.84844970703125,17.358402252197266,16.578474044799805,17.2484130859375,10777091
2013-12-06,9.926915168762207,16.738460540771484,17.08842658996582,16.70846176147461,17.018434524536133,9054532
2013-12-09,10.081097602844238,16.998435974121094,16.998435974121094,16.638469696044922,16.838449478149414,12387939
2013-12-10,9.962494850158691,16.79845428466797,17.03843116760254,16.648468017578125,16.948440551757812,6047356
2013-12-11,10.004005432128906,16.86844825744629,17.008434295654297,16.70846176147461,16.79845428466797,5159474
2013-12-12,9.843894004821777,16.598472595214844,16.928442001342773,16.528478622436523,16.91844367980957,6680614
2013-12-13,9.648200988769531,16.268503189086914,16.77845573425293,16.238506317138672,16.698463439941406,6148965
2013-12-16,9.790523529052734,16.508480072021484,16.658466339111328,16.218507766723633,16.388492584228516,7415382
2013-12-17,9.784594535827637,16.49848175048828,16.678464889526367,16.268503189086914,16.558475494384766,6698616
2013-12-18,9.903192520141602,16.698463439941406,17.028432846069336,16.558475494384766,16.588472366333008,11059217
2013-12-19,10.098884582519531,17.028432846069336,17.03843116760254,16.658466339111328,16.998435974121094,7495089
2013-12-20,10.051445007324219,16.948440551757812,17.03843116760254,16.818452835083008,16.998435974121094,6244374
2013-12-23,10.12260627746582,17.068429946899414,17.188417434692383,16.908443450927734,16.998435974121094,4880648
2013-12-26,10.045515060424805,16.938440322875977,17.1284236907959,16.938440322875977,16.998435974121094,3575528
2013-12-27,10.140395164489746,17.098426818847656,17.218414306640625,16.938440322875977,16.998435974121094,5348692
2013-12-30,10.270856857299805,17.318405151367188,17.388399124145508,17.048431396484375,17.19841766357422,3843253
2014-01-02,10.312365531921387,17.388399124145508,17.498390197753906,17.17841911315918,17.29840850830078,8036139
2014-01-03,10.092955589294434,17.018434524536133,17.43839454650879,16.89844512939453,17.408397674560547,24922792
2014-01-06,9.962494850158691,16.79845428466797,17.08842658996582,16.548477172851562,16.948440551757812,9355960
2014-01-07,10.276788711547852,17.328405380249023,17.398399353027344,16.938440322875977,17.03843116760254,18755025
2014-01-08,10.377599716186523,17.498390197753906,17.568382263183594,17.238414764404297,17.348403930664062,11446953
2014-01-09,10.134465217590332,17.08842658996582,17.488391876220703,17.008434295654297,17.458393096923828,8830612
2014-01-10,10.199698448181152,17.19841766357422,17.22841453552246,16.888446807861328,17.098426818847656,13848973
2014-01-13,10.104815483093262,17.03843116760254,17.26841163635254,17.028432846069336,17.17841911315918,5076667
2014-01-14,10.075167655944824,16.98843765258789,17.318405151367188,16.958438873291016,17.028432846069336,7152057
2014-01-15,10.234095573425293,16.998435974121094,17.19841766357422,16.91844367980957,17.118425369262695,6173667
2014-01-16,10.101654052734375,16.77845573425293,17.118425369262695,16.678464889526367,17.018434524536133,5865839
2014-01-17,10.017372131347656,16.638469696044922,16.858449935913086,16.598472595214844,16.818452835083008,4786440
2014-01-20,10.05349349975586,16.698463439941406,16.79845428466797,16.5684757232666,16.628469467163086,2769854
2014-01-21,10.173895835876465,16.89844512939453,16.888446807861328,16.818452835083008,16.82845115661621,7059849
2014-01-22,10.318375587463379,17.138423919677734,17.15842056274414,16.91844367980957,17.008434295654297,12216423
2014-01-23,9.963193893432617,16.548477172851562,17.238414764404297,16.548477172851562,16.998435974121094,15451621
2014-01-24,9.890952110290527,16.42848777770996,16.748458862304688,16.09851837158203,16.718460083007812,13559847
2014-01-27,9.656169891357422,16.038524627685547,16.588472366333008,16.038524627685547,16.438486099243164,7639602
2014-01-28,9.692291259765625,16.09851837158203,16.508480072021484,16.09851837158203,16.298500061035156,11095920
2014-01-29,9.662188529968262,16.04852294921875,16.478483200073242,15.818544387817383,16.148513793945312,10996411
2014-01-30,9.55383014678955,15.868539810180664,16.148513793945312,15.65855884552002,16.058521270751953,7576396
2014-01-31,9.686269760131836,16.088518142700195,16.18851089477539,15.498574256896973,15.758549690246582,13303723
2014-02-03,9.331088066101074,15.498574256896973,16.148513793945312,15.408581733703613,15.928533554077148,13795669
2014-02-04,9.373226165771484,15.568567276000977,15.678557395935059,15.268594741821289,15.598564147949219,9327458
2014-02-05,9.294965744018555,15.438578605651855,15.5885648727417,15.148606300354004,15.548568725585938,11624669
2014-02-06,9.734428405761719,16.16851234436035,16.248504638671875,15.378584861755371,15.488574981689453,13695459
2014-02-07,9.866872787475586,16.388492584228516,16.39849090576172,15.918535232543945,16.078519821166992,7470687
2014-02-10,9.716370582580566,16.13851547241211,16.348495483398438,15.958531379699707,16.228506088256836,5477603
2014-02-11,9.993293762207031,16.598472595214844,16.668466567993164,16.158512115478516,16.238506317138672,7956131
2014-02-12,9.722389221191406,16.148513793945312,16.648468017578125,16.06852149963379,16.598472595214844,9754797
2014-02-13,9.830750465393066,16.3284969329834,16.368494033813477,15.748551368713379,16.008527755737305,9251151
2014-02-14,10.041454315185547,16.678464889526367,16.70846176147461,16.318498611450195,16.368494033813477,13057001
2014-02-17,9.969215393066406,16.558475494384766,16.748458862304688,16.298500061035156,16.668466567993164,3928661
2014-02-18,9.722389221191406,16.148513793945312,16.578474044799805,16.06852149963379,16.42848777770996,9351660
2014-02-19,9.836770057678223,16.3384952545166,16.3384952545166,15.898536682128906,15.998527526855469,7265768
2014-02-20,9.951150894165039,16.528478622436523,16.75845718383789,16.058521270751953,16.288501739501953,6814726
2014-02-21,9.981253623962402,16.578474044799805,16.858449935913086,16.37849235534668,16.49848175048828,6931037
2014-02-24,9.993293762207031,16.598472595214844,16.77845573425293,16.358495712280273,16.5684757232666,5324789
2014-02-25,9.993293762207031,16.598472595214844,16.838449478149414,16.37849235534668,16.458484649658203,7052148
2014-02-26,10.05349349975586,16.698463439941406,16.98843765258789,16.658466339111328,16.86844825744629,8180852
2014-02-27,10.167875289916992,16.888446807861328,16.98843765258789,16.658466339111328,16.768457412719727,6807526
2014-02-28,10.16185474395752,16.878446578979492,17.028432846069336,16.648468017578125,16.89844512939453,13450337
2014-03-05,10.113696098327637,16.79845428466797,16.98843765258789,16.49848175048828,16.788454055786133,8656896
2014-03-06,10.155834197998047,16.86844825744629,17.008434295654297,16.718460083007812,16.858449935913086,7522391
2014-03-07,10.089615821838379,16.75845718383789,16.978437423706055,16.678464889526367,16.888446807861328,11885493
2014-03-10,10.047472953796387,16.68846321105957,16.75845718383789,16.42848777770996,16.738460540771484,11190029
2014-03-11,10.05349349975586,16.698463439941406,16.888446807861328,16.49848175048828,16.68846321105957,8054740
2014-03-12,10.065534591674805,16.718460083007812,16.77845573425293,16.528478622436523,16.598472595214844,7650003
2014-03-13,9.987272262573242,16.588472366333008,16.808452606201172,16.418489456176758,16.788454055786133,11626469
2014-03-14,9.848812103271484,16.358495712280273,16.588472366333008,16.348495483398438,16.588472366333008,7894226
2014-03-17,10.03543472290039,16.668466567993164,16.70846176147461,16.268503189086914,16.448486328125,7711209
2014-03-18,10.107674598693848,16.788454055786133,16.808452606201172,16.60847282409668,16.638469696044922,10998111
2014-03-19,10.095636367797852,16.768457412719727,16.84844970703125,16.448486328125,16.598472595214844,10147433
2014-03-20,10.089615821838379,16.75845718383789,16.808452606201172,16.558475494384766,16.678464889526367,8947723
2014-03-21,10.029413223266602,16.658466339111328,17.138423919677734,16.628469467163086,16.628469467163086,13438636
2014-03-24,10.131755828857422,16.82845115661621,16.82845115661621,16.638469696044922,16.72846031188965,8815410
2014-03-25,10.077574729919434,16.738460540771484,16.888446807861328,16.60847282409668,16.86844825744629,6984242
2014-03-26,10.023391723632812,16.648468017578125,16.858449935913086,16.598472595214844,16.808452606201172,9479672
2014-03-27,10.26419448852539,17.048431396484375,17.098426818847656,16.698463439941406,16.70846176147461,14215907
2014-03-28,10.203995704650879,16.948440551757812,17.148422241210938,16.888446807861328,17.018434524536133,9632286
2014-03-31,10.203995704650879,16.948440551757812,17.078428268432617,16.838449478149414,16.998435974121094,12501850
2014-04-01,10.294297218322754,17.098426818847656,17.118425369262695,16.79845428466797,16.908443450927734,8833112
2014-04-02,10.336437225341797,17.168420791625977,17.398399353027344,17.008434295654297,17.1284236907959,10020621
2014-04-03,10.378724098205566,17.17841911315918,17.378400802612305,17.028432846069336,17.19841766357422,11137524
2014-04-04,10.209571838378906,16.89844512939453,17.398399353027344,16.84844970703125,17.338403701782227,13775867
2014-04-07,10.209571838378906,16.89844512939453,17.138423919677734,16.808452606201172,17.10842514038086,13267220
2014-04-08,10.161242485046387,16.818452835083008,17.048431396484375,16.678464889526367,17.048431396484375,17932649
2014-04-09,10.149161338806152,16.79845428466797,16.928442001342773,16.618471145629883,16.77845573425293,8194753
2014-04-10,10.257902145385742,16.978437423706055,16.98843765258789,16.738460540771484,16.77845573425293,11303339
2014-04-11,10.51163101196289,17.398399353027344,17.398399353027344,16.768457412719727,16.888446807861328,9667089
2014-04-14,10.493507385253906,17.3684024810791,17.46839141845703,17.188417434692383,17.378400802612305,5725226
2014-04-15,10.475382804870605,17.338403701782227,17.338403701782227,16.948440551757812,17.19841766357422,8395672
2014-04-16,10.566001892089844,17.488391876220703,17.488391876220703,17.19841766357422,17.338403701782227,12197722
2014-04-17,10.505587577819824,17.388399124145508,17.55838394165039,17.29840850830078,17.478391647338867,10705484
2014-04-22,10.777442932128906,17.83835792541504,17.848356246948242,17.328405380249023,17.338403701782227,10918504
2014-04-23,10.650575637817383,17.62837791442871,17.788362503051758,17.518388748168945,17.788362503051758,6314980
2014-04-24,10.51163101196289,17.398399353027344,17.69837188720703,17.208415985107422,17.688371658325195,8689599
2014-04-25,10.43309497833252,17.26841163635254,17.43839454650879,17.10842514038086,17.3684024810791,7613400
2014-04-28,10.408930778503418,17.22841453552246,17.3684024810791,17.148422241210938,17.17841911315918,8445076
2014-04-29,10.367595672607422,17.15999984741211,17.450000762939453,17.1200008392334,17.399999618530273,10052200
2014-04-30,9.860091209411621,16.31999969482422,16.700000762939453,16.18000030517578,16.600000381469727,39208800
2014-05-02,9.721131324768066,16.09000015258789,16.3799991607666,15.949999809265137,16.200000762939453,34326000
2014-05-05,9.968843460083008,16.5,16.59000015258789,16.020000457763672,16.1200008392334,15848800
2014-05-06,10.059470176696777,16.649999618530273,16.719999313354492,16.290000915527344,16.520000457763672,15193900
2014-05-07,9.848008155822754,16.299999237060547,16.6200008392334,16.1299991607666,16.600000381469727,13927300
2014-05-08,9.848008155822754,16.299999237060547,16.469999313354492,16.219999313354492,16.31999969482422,8742300
2014-05-09,9.986969947814941,16.530000686645508,16.579999923706055,16.200000762939453,16.299999237060547,11153400
2014-05-12,10.077593803405762,16.68000030517578,16.709999084472656,16.520000457763672,16.6200008392334,7296800
2014-05-13,10.029261589050293,16.600000381469727,17.030000686645508,16.459999084472656,16.65999984741211,16851600
2014-05-14,10.089676856994629,16.700000762939453,16.799999237060547,16.579999923706055,16.670000076293945,7534700
2014-05-15,9.968843460083008,16.5,16.649999618530273,16.389999389648438,16.600000381469727,5050400
2014-05-16,9.974881172180176,16.510000228881836,16.670000076293945,16.329999923706055,16.540000915527344,8108100
2014-05-19,9.962800025939941,16.489999771118164,16.579999923706055,16.299999237060547,16.579999923706055,7758400
2014-05-20,9.848008155822754,16.299999237060547,16.700000762939453,16.25,16.420000076293945,10390000
2014-05-21,9.968843460083008,16.5,16.530000686645508,16.25,16.34000015258789,10945300
2014-05-22,10.101760864257812,16.719999313354492,16.719999313354492,16.440000534057617,16.440000534057617,7708800
2014-05-23,10.017176628112793,16.579999923706055,16.68000030517578,16.540000915527344,16.65999984741211,3863300
2014-05-26,10.059470176696777,16.649999618530273,16.68000030517578,16.469999313354492,16.649999618530273,3537900
2014-05-27,9.739255905151367,16.1200008392334,16.68000030517578,16.049999237060547,16.68000030517578,11362700
2014-05-28,9.7573823928833,16.149999618530273,16.25,16.0,16.190000534057617,8350900
2014-05-29,9.7573823928833,16.149999618530273,16.229999542236328,16.030000686645508,16.200000762939453,5279400
2014-05-30,9.582172393798828,15.859999656677246,16.219999313354492,15.850000381469727,16.059999465942383,14181700
2014-06-02,9.82988452911377,16.270000457763672,16.31999969482422,15.899999618530273,15.930000305175781,11627100
2014-06-03,9.878216743469238,16.350000381469727,16.420000076293945,16.200000762939453,16.290000915527344,11366100
2014-06-04,9.793631553649902,16.209999084472656,16.329999923706055,16.079999923706055,16.290000915527344,8087200
2014-06-05,9.715088844299316,16.079999923706055,16.329999923706055,15.949999809265137,16.229999542236328,7873600
2014-06-06,9.848008155822754,16.299999237060547,16.389999389648438,16.18000030517578,16.31999969482422,13354800
2014-06-09,9.908425331115723,16.399999618530273,16.450000762939453,16.219999313354492,16.290000915527344,12913200
2014-06-10,9.914466857910156,16.40999984741211,16.40999984741211,16.170000076293945,16.229999542236328,13934700
2014-06-11,9.715088844299316,16.079999923706055,16.5,15.989999771118164,16.43000030517578,16158900
2014-06-13,9.576129913330078,15.850000381469727,16.18000030517578,15.779999732971191,16.100000381469727,10256100
2014-06-16,9.455294609069824,15.649999618530273,16.0,15.649999618530273,15.90999984741211,12161300
2014-06-17,9.394878387451172,15.550000190734863,15.729999542236328,15.4399995803833,15.680000305175781,5580700
2014-06-18,9.64258861541748,15.960000038146973,15.960000038146973,15.609999656677246,15.630000114440918,9952600
2014-06-20,9.666756629943848,16.0,16.010000228881836,15.84000015258789,15.9399995803833,7005200
2014-06-23,9.455294609069824,15.649999618530273,16.040000915527344,15.640000343322754,15.960000038146973,6544900
2014-06-24,9.413003921508789,15.579999923706055,15.720000267028809,15.569999694824219,15.65999984741211,12096100
2014-06-25,9.370712280273438,15.510000228881836,15.75,15.5,15.600000381469727,9315300
2014-06-26,9.473420143127441,15.680000305175781,15.75,15.510000228881836,15.619999885559082,8465600
2014-06-27,9.388838768005371,15.539999961853027,15.720000267028809,15.5,15.640000343322754,6190100
2014-06-30,9.521754264831543,15.760000228881836,15.760000228881836,15.5,15.520000457763672,10318600
2014-07-01,9.684882164001465,16.030000686645508,16.030000686645508,15.710000038146973,15.779999732971191,7914700
2014-07-02,9.666756629943848,16.0,16.0,15.819999694824219,15.989999771118164,9302200
2014-07-03,9.82383918762207,16.260000228881836,16.299999237060547,15.829999923706055,15.859999656677246,9697500
2014-07-04,9.860091209411621,16.31999969482422,16.360000610351562,16.06999969482422,16.260000228881836,2821300
2014-07-07,9.684882164001465,16.030000686645508,16.25,16.020000457763672,16.25,7228500
2014-07-08,9.7090482711792,16.06999969482422,16.1200008392334,15.920000076293945,16.079999923706055,5275900
2014-07-10,9.467379570007324,15.670000076293945,16.229999542236328,15.649999618530273,16.040000915527344,30097500
2014-07-11,9.461337089538574,15.65999984741211,15.75,15.619999885559082,15.649999618530273,10100300
2014-07-14,9.425087928771973,15.600000381469727,15.869999885559082,15.5,15.859999656677246,16418000
2014-07-15,9.491544723510742,15.710000038146973,15.720000267028809,15.520000457763672,15.630000114440918,14963500
2014-07-16,9.678839683532715,16.020000457763672,16.059999465942383,15.699999809265137,15.75,12182200
2014-07-17,9.787590026855469,16.200000762939453,16.329999923706055,15.9399995803833,15.989999771118164,11484800
2014-07-18,10.047385215759277,16.6299991607666,16.6299991607666,16.260000228881836,16.299999237060547,19551900
2014-07-21,10.150094032287598,16.799999237060547,16.8799991607666,16.510000228881836,16.59000015258789,9746400
2014-07-22,10.071551322937012,16.670000076293945,16.81999969482422,16.559999465942383,16.81999969482422,8577000
2014-07-23,9.926549911499023,16.43000030517578,16.68000030517578,16.389999389648438,16.5,7539200
2014-07-24,10.101760864257812,16.719999313354492,16.760000228881836,16.510000228881836,16.549999237060547,5597600
2014-07-25,10.029261589050293,16.600000381469727,16.790000915527344,16.56999969482422,16.739999771118164,12715100
2014-07-28,9.854048728942871,16.309999465942383,16.719999313354492,16.450000762939453,16.639999389648438,8601200
2014-07-29,10.006590843200684,16.399999618530273,16.579999923706055,16.219999313354492,16.299999237060547,5442100
2014-07-30,10.006590843200684,16.399999618530273,16.540000915527344,16.34000015258789,16.5,7203600
2014-07-31,9.561173439025879,15.670000076293945,16.1200008392334,15.619999885559082,16.049999237060547,20162600
2014-08-01,9.524563789367676,15.609999656677246,15.770000457763672,15.550000190734863,15.6899995803833,10414700
2014-08-04,9.536767959594727,15.630000114440918,15.729999542236328,15.420000076293945,15.680000305175781,11224700
2014-08-05,9.353718757629395,15.329999923706055,15.649999618530273,15.270000457763672,15.619999885559082,11756200
2014-08-06,9.4330415725708,15.460000038146973,15.59000015258789,15.010000228881836,15.34000015258789,25308600
2014-08-07,9.487955093383789,15.550000190734863,15.6899995803833,15.5,15.550000190734863,9869200
2014-08-08,9.579480171203613,15.699999809265137,15.699999809265137,15.449999809265137,15.470000267028809,14025500
2014-08-11,9.683206558227539,15.869999885559082,15.920000076293945,15.6899995803833,15.8100004196167,9001000
2014-08-12,9.658797264099121,15.829999923706055,15.9399995803833,15.699999809265137,15.770000457763672,6177300
2014-08-13,9.57337474822998,15.6899995803833,15.930000305175781,15.430000305175781,15.829999923706055,15093600
2014-08-14,9.591681480407715,15.720000267028809,15.75,15.539999961853027,15.59000015258789,7253000
2014-08-15,9.701510429382324,15.899999618530273,15.9399995803833,15.619999885559082,15.8100004196167,9729900
2014-08-18,9.847946166992188,16.139999389648438,16.149999618530273,15.90999984741211,15.989999771118164,15501000
2014-08-19,9.945571899414062,16.299999237060547,16.350000381469727,16.06999969482422,16.190000534057617,20082200
2014-08-20,9.994385719299316,16.3799991607666,16.450000762939453,16.209999084472656,16.229999542236328,8109500
2014-08-21,9.95167350769043,16.309999465942383,16.440000534057617,16.100000381469727,16.350000381469727,10410900
2014-08-22,9.915064811706543,16.25,16.350000381469727,16.1200008392334,16.219999313354492,10657400
2014-08-25,10.140825271606445,16.6200008392334,16.709999084472656,16.309999465942383,16.389999389648438,9777600
2014-08-26,10.098114013671875,16.549999237060547,16.790000915527344,16.399999618530273,16.670000076293945,9090400
2014-08-27,10.098114013671875,16.549999237060547,16.65999984741211,16.450000762939453,16.65999984741211,13246600
2014-08-28,9.957776069641113,16.31999969482422,16.639999389648438,16.270000457763672,16.450000762939453,11777000
2014-08-29,9.988286018371582,16.3700008392334,16.5,16.229999542236328,16.5,21532500
2014-09-01,9.738119125366211,15.960000038146973,16.489999771118164,15.899999618530273,16.420000076293945,8380200
2014-09-02,9.744220733642578,15.970000267028809,16.149999618530273,15.84000015258789,16.049999237060547,11798200
2014-09-03,9.902859687805176,16.229999542236328,16.299999237060547,15.970000267028809,15.970000267028809,9651600
2014-09-04,9.976079940795898,16.350000381469727,16.3700008392334,16.049999237060547,16.15999984741211,10011900
2014-09-05,9.762526512145996,16.0,16.3799991607666,16.0,16.299999237060547,7112000
2014-09-08,9.61608600616455,15.760000228881836,16.229999542236328,15.630000114440918,16.200000762939453,11263300
2014-09-09,9.579480171203613,15.699999809265137,15.779999732971191,15.569999694824219,15.619999885559082,13838100
2014-09-10,9.71981430053711,15.930000305175781,15.949999809265137,15.529999732971191,15.579999923706055,10853200
2014-09-11,9.640494346618652,15.800000190734863,16.1299991607666,15.720000267028809,16.0,9283200
2014-09-12,9.439142227172852,15.470000267028809,16.0,15.430000305175781,15.600000381469727,16422900
2014-09-15,9.780832290649414,16.030000686645508,16.049999237060547,15.520000457763672,15.539999961853027,10758600
2014-09-16,9.902859687805176,16.229999542236328,16.520000457763672,16.0,16.049999237060547,16441500
2014-09-17,9.732017517089844,15.949999809265137,16.40999984741211,15.869999885559082,16.350000381469727,13583900
2014-09-18,9.872356414794922,16.18000030517578,16.450000762939453,15.8100004196167,15.960000038146973,19724800
2014-09-19,10.006590843200684,16.399999618530273,16.530000686645508,16.1200008392334,16.200000762939453,14613300
2014-09-22,10.030997276306152,16.440000534057617,16.479999542236328,16.15999984741211,16.18000030517578,12190200
2014-09-23,10.000489234924316,16.389999389648438,16.450000762939453,16.18000030517578,16.209999084472656,9434200
2014-09-24,10.067606925964355,16.5,16.540000915527344,16.1299991607666,16.40999984741211,9968600
2014-09-25,9.982182502746582,16.360000610351562,16.489999771118164,16.170000076293945,16.350000381469727,867200
2014-09-26,10.012688636779785,16.40999984741211,16.559999465942383,16.239999771118164,16.399999618530273,7688500
2014-09-29,9.860150337219238,16.15999984741211,16.209999084472656,15.8100004196167,16.110000610351562,17476600
2014-09-30,9.786933898925781,16.040000915527344,16.229999542236328,15.930000305175781,16.049999237060547,11496800
2014-10-01,9.518464088439941,15.600000381469727,16.020000457763672,15.399999618530273,15.850000381469727,19352200
2014-10-02,9.744220733642578,15.970000267028809,15.989999771118164,15.300000190734863,15.550000190734863,14969800
2014-10-03,9.88455867767334,16.200000762939453,16.290000915527344,15.6899995803833,15.960000038146973,11531300
2014-10-06,10.140825271606445,16.6200008392334,16.93000030517578,16.3799991607666,16.6200008392334,26458000
2014-10-07,10.030997276306152,16.440000534057617,16.799999237060547,16.350000381469727,16.770000457763672,14683400
2014-10-08,9.847946166992188,16.139999389648438,16.65999984741211,16.020000457763672,16.600000381469727,15597800
2014-10-09,9.823542594909668,16.100000381469727,16.479999542236328,16.049999237060547,16.399999618530273,12012400
2014-10-10,9.579480171203613,15.699999809265137,15.699999809265137,15.699999809265137,15.699999809265137,11196500
2014-10-13,9.80523681640625,16.06999969482422,16.329999923706055,15.880000114440918,16.18000030517578,12509300
2014-10-14,9.841846466064453,16.1299991607666,16.299999237060547,15.960000038146973,15.989999771118164,8466000
2014-10-15,9.622188568115234,15.770000457763672,16.059999465942383,15.600000381469727,15.890000343322754,16817900
2014-10-16,9.487955093383789,15.550000190734863,15.960000038146973,15.430000305175781,15.5,14057300
2014-10-17,9.80523681640625,16.06999969482422,16.219999313354492,15.579999923706055,15.880000114440918,14271800
2014-10-20,9.707610130310059,15.90999984741211,16.18000030517578,15.760000228881836,15.979999542236328,11359100
2014-10-21,9.561173439025879,15.670000076293945,15.670000076293945,15.670000076293945,15.670000076293945,21468300
2014-10-22,9.475749969482422,15.529999732971191,15.84000015258789,15.420000076293945,15.59000015258789,13746500
2014-10-23,9.268296241760254,15.1899995803833,15.479999542236328,15.010000228881836,15.380000114440918,31807600
2014-10-24,9.579480171203613,15.699999809265137,15.829999923706055,14.989999771118164,15.25,26234200
2014-10-27,9.518464088439941,15.600000381469727,15.65999984741211,14.949999809265137,15.020000457763672,46495900
2014-10-28,9.666996002197266,15.619999885559082,15.8100004196167,15.380000114440918,15.5600004196167,15719000
2014-10-29,9.673184394836426,15.630000114440918,15.84000015258789,15.470000267028809,15.489999771118164,13443000
2014-10-30,9.72269344329834,15.710000038146973,15.789999961853027,15.510000228881836,15.6899995803833,12504200
2014-10-31,10.149726867675781,16.399999618530273,16.479999542236328,15.260000228881836,15.600000381469727,26148800
2014-11-03,10.025949478149414,16.200000762939453,16.270000457763672,15.9399995803833,16.200000762939453,13574300
2014-11-04,10.118780136108398,16.350000381469727,16.360000610351562,15.949999809265137,16.299999237060547,11017300
2014-11-05,10.118780136108398,16.350000381469727,16.450000762939453,16.149999618530273,16.15999984741211,11559200
2014-11-06,10.081650733947754,16.290000915527344,16.329999923706055,16.079999923706055,16.170000076293945,15477700
2014-11-07,10.174483299255371,16.440000534057617,16.59000015258789,16.15999984741211,16.270000457763672,10395500
2014-11-10,10.100215911865234,16.31999969482422,16.549999237060547,16.239999771118164,16.540000915527344,7753100
2014-11-11,9.90217113494873,16.0,16.209999084472656,15.84000015258789,16.149999618530273,9231300
2014-11-12,10.131159782409668,16.3700008392334,16.5,15.8100004196167,15.9399995803833,13310200
2014-11-13,9.90217113494873,16.0,16.520000457763672,16.0,16.31999969482422,10536400
2014-11-14,9.790772438049316,15.819999694824219,16.1299991607666,15.75,15.890000343322754,14564600
2014-11-17,9.821717262268066,15.869999885559082,16.1200008392334,15.699999809265137,15.739999771118164,6613500
2014-11-18,10.013572692871094,16.18000030517578,16.190000534057617,15.90999984741211,16.030000686645508,9038600
2014-11-19,10.236371040344238,16.540000915527344,16.59000015258789,16.1299991607666,16.15999984741211,14954900
2014-11-21,10.60151195526123,17.1299991607666,17.260000228881836,16.489999771118164,16.489999771118164,22232300
2014-11-24,10.440605163574219,16.8700008392334,17.450000762939453,16.780000686645508,17.280000686645508,12896300
2014-11-25,10.41584587097168,16.829999923706055,17.040000915527344,16.700000762939453,16.899999618530273,16417000
2014-11-26,10.298258781433105,16.639999389648438,17.049999237060547,16.540000915527344,17.0,9459900
2014-11-27,10.248748779296875,16.559999465942383,16.920000076293945,16.479999542236328,16.56999969482422,5584200
2014-11-28,10.372526168823242,16.760000228881836,16.940000534057617,16.59000015258789,16.670000076293945,9631500
2014-12-01,9.90217113494873,16.0,16.520000457763672,15.850000381469727,16.520000457763672,287695249
2014-12-02,9.666996002197266,15.619999885559082,16.15999984741211,15.609999656677246,16.100000381469727,275061900
2014-12-03,9.70412826538086,15.680000305175781,15.979999542236328,15.670000076293945,15.8100004196167,7758500
2014-12-04,9.716506958007812,15.699999809265137,15.920000076293945,15.479999542236328,15.850000381469727,9778600
2014-12-05,9.871227264404297,15.949999809265137,16.030000686645508,15.649999618530273,15.800000190734863,9261100
2014-12-08,9.76601791381836,15.779999732971191,16.010000228881836,15.649999618530273,15.989999771118164,12177500
2014-12-09,9.691750526428223,15.65999984741211,15.819999694824219,15.319999694824219,15.699999809265137,12507800
2014-12-10,9.778395652770996,15.800000190734863,15.880000114440918,15.569999694824219,15.670000076293945,7907700
2014-12-11,9.83409595489502,15.890000343322754,16.030000686645508,15.59000015258789,15.819999694824219,15724200
2014-12-12,9.598917007446289,15.510000228881836,15.9399995803833,15.479999542236328,15.800000190734863,14126900
2014-12-15,9.642239570617676,15.579999923706055,15.800000190734863,15.0,15.619999885559082,15279100
2014-12-16,9.654616355895996,15.600000381469727,15.989999771118164,15.199999809265137,15.220000267028809,16371500
2014-12-17,9.735071182250977,15.729999542236328,15.989999771118164,15.399999618530273,15.600000381469727,24300900
2014-12-18,9.803149223327637,15.84000015258789,16.06999969482422,15.699999809265137,15.890000343322754,10669900
2014-12-19,9.951682090759277,16.079999923706055,16.09000015258789,15.8100004196167,16.040000915527344,10141800
2014-12-22,10.112593650817871,16.34000015258789,16.350000381469727,15.890000343322754,16.0,7424300
2014-12-23,10.0692720413208,16.270000457763672,16.399999618530273,16.1299991607666,16.25,6209200
2014-12-26,10.038325309753418,16.219999313354492,16.489999771118164,16.190000534057617,16.299999237060547,4132400
2014-12-29,10.199235916137695,16.479999542236328,16.579999923706055,16.139999389648438,16.200000762939453,5159400
2014-12-30,10.081650733947754,16.290000915527344,16.579999923706055,16.270000457763672,16.450000762939453,9878000
2015-01-02,9.994306564331055,16.020000457763672,16.559999465942383,15.770000457763672,16.139999389648438,19396500
2015-01-05,9.813385963439941,15.729999542236328,15.970000267028809,15.539999961853027,15.90999984741211,13795900
2015-01-06,10.187705039978027,16.329999923706055,16.420000076293945,15.5600004196167,15.729999542236328,18610500
2015-01-07,10.331196784973145,16.559999465942383,16.719999313354492,16.139999389648438,16.34000015258789,20493500
2015-01-08,10.953715324401855,16.540000915527344,16.68000030517578,16.260000228881836,16.43000030517578,9054500
2015-01-09,10.927227020263672,16.5,16.649999618530273,16.299999237060547,16.469999313354492,11695700
2015-01-12,11.066296577453613,16.709999084472656,16.81999969482422,16.40999984741211,16.549999237060547,11265500
2015-01-13,11.066296577453613,16.709999084472656,16.989999771118164,16.65999984741211,16.700000762939453,19614100
2015-01-14,11.099410057067871,16.760000228881836,16.799999237060547,16.530000686645508,16.530000686645508,9324100
2015-01-15,11.119277000427246,16.790000915527344,16.989999771118164,16.610000610351562,16.690000534057617,12612300
2015-01-16,11.198749542236328,16.90999984741211,17.0,16.690000534057617,16.739999771118164,9191600
2015-01-19,10.993450164794922,16.600000381469727,16.899999618530273,16.540000915527344,16.809999465942383,6363500
2015-01-20,11.192126274108887,16.899999618530273,16.950000762939453,16.690000534057617,16.780000686645508,7114500
2015-01-21,11.317955017089844,17.09000015258789,17.200000762939453,16.84000015258789,16.950000762939453,9327600
2015-01-22,11.443785667419434,17.280000686645508,17.399999618530273,16.979999542236328,17.200000762939453,13341900
2015-01-23,11.278219223022461,17.030000686645508,17.209999084472656,16.989999771118164,17.049999237060547,7567000
2015-01-26,11.251730918884277,16.989999771118164,17.1200008392334,16.809999465942383,16.8799991607666,7286700
2015-01-27,11.231863021850586,16.959999084472656,17.030000686645508,16.770000457763672,16.8700008392334,10007400
2015-01-28,11.278219223022461,17.030000686645508,17.18000030517578,16.780000686645508,16.829999923706055,9768700
2015-01-29,11.695443153381348,17.65999984741211,17.719999313354492,16.950000762939453,17.079999923706055,17203000
2015-01-30,11.715310096740723,17.690000534057617,17.8700008392334,17.309999465942383,17.440000534057617,19490600
2015-02-02,11.582855224609375,17.489999771118164,17.6299991607666,17.280000686645508,17.520000457763672,9556100
2015-02-03,11.62259292602539,17.549999237060547,17.719999313354492,17.3799991607666,17.579999923706055,10228200
2015-02-04,11.483518600463867,17.34000015258789,17.700000762939453,17.219999313354492,17.520000457763672,12135600
2015-02-05,11.748421669006348,17.739999771118164,17.739999771118164,17.15999984741211,17.34000015258789,10794300
2015-02-06,11.861008644104004,17.90999984741211,17.920000076293945,17.350000381469727,17.59000015258789,10346700
2015-02-09,12.03319263458252,18.170000076293945,18.200000762939453,17.75,17.8799991607666,10351800
2015-02-10,11.947100639343262,18.040000915527344,18.1299991607666,17.829999923706055,18.059999465942383,10680600
2015-02-11,11.947100639343262,18.040000915527344,18.06999969482422,17.68000030517578,17.969999313354492,12420900
2015-02-12,11.980213165283203,18.09000015258789,18.190000534057617,17.959999084472656,18.09000015258789,10312000
2015-02-13,11.920607566833496,18.0,18.219999313354492,17.809999465942383,18.139999389648438,9207400
2015-02-18,12.053057670593262,18.200000762939453,18.3799991607666,18.049999237060547,18.1299991607666,12971300
2015-02-19,12.072928428649902,18.229999542236328,18.360000610351562,18.059999465942383,18.15999984741211,4536700
2015-02-20,12.03319263458252,18.170000076293945,18.299999237060547,18.049999237060547,18.290000915527344,5547500
2015-02-23,12.238492012023926,18.479999542236328,18.479999542236328,18.15999984741211,18.15999984741211,9354500
2015-02-24,12.238492012023926,18.479999542236328,18.600000381469727,18.360000610351562,18.479999542236328,10065500
2015-02-25,12.08617115020752,18.25,18.440000534057617,18.170000076293945,18.440000534057617,9801500
2015-02-26,12.245113372802734,18.489999771118164,18.489999771118164,18.079999923706055,18.389999389648438,15277800
2015-02-27,12.125908851623535,18.309999465942383,18.8799991607666,18.290000915527344,18.309999465942383,19534900
2015-03-02,12.046045303344727,18.100000381469727,18.329999923706055,18.030000686645508,18.309999465942383,9160400
2015-03-03,12.265667915344238,18.43000030517578,18.520000457763672,18.049999237060547,18.18000030517578,9012500
2015-03-04,12.185803413391113,18.309999465942383,18.420000076293945,18.0,18.139999389648438,12821800
2015-03-05,12.219083786010742,18.360000610351562,18.530000686645508,18.209999084472656,18.34000015258789,23429800
2015-03-06,12.132562637329102,18.229999542236328,18.440000534057617,18.110000610351562,18.3700008392334,7333600
2015-03-09,12.1392183303833,18.239999771118164,18.31999969482422,18.020000457763672,18.110000610351562,10550500
2015-03-10,11.77983283996582,17.700000762939453,18.290000915527344,17.350000381469727,18.18000030517578,13599600
2015-03-11,12.072665214538574,18.139999389648438,18.190000534057617,17.600000381469727,17.649999618530273,9992700
2015-03-12,12.006113052368164,18.040000915527344,18.3700008392334,17.84000015258789,18.299999237060547,11867600
2015-03-13,12.072665214538574,18.139999389648438,18.190000534057617,17.5,17.59000015258789,16727500
2015-03-16,11.979491233825684,18.0,18.360000610351562,17.959999084472656,18.25,8016300
2015-03-17,12.092632293701172,18.170000076293945,18.309999465942383,18.030000686645508,18.18000030517578,11610600
2015-03-18,12.265667915344238,18.43000030517578,18.700000762939453,18.079999923706055,18.139999389648438,14337800
2015-03-19,12.31225299835205,18.5,18.600000381469727,18.299999237060547,18.389999389648438,7329200
2015-03-20,12.425396919250488,18.670000076293945,18.899999618530273,18.56999969482422,18.65999984741211,16893900
2015-03-23,12.538535118103027,18.84000015258789,18.969999313354492,18.56999969482422,18.709999084472656,8901700
2015-03-24,12.412083625793457,18.649999618530273,18.889999389648438,18.420000076293945,18.850000381469727,8195300
2015-03-25,12.259011268615723,18.420000076293945,18.899999618530273,18.3799991607666,18.739999771118164,11088000
2015-03-26,12.032732009887695,18.079999923706055,18.3799991607666,18.020000457763672,18.329999923706055,16105200
2015-03-27,12.16584300994873,18.280000686645508,18.3700008392334,18.0,18.079999923706055,9339600
2015-03-30,12.412083625793457,18.649999618530273,18.649999618530273,18.270000457763672,18.270000457763672,7648500
2015-03-31,12.298946380615234,18.479999542236328,18.610000610351562,18.31999969482422,18.399999618530273,8654300
2015-04-01,12.61174201965332,18.950000762939453,19.0,18.420000076293945,18.649999618530273,19780900
2015-04-02,12.545194625854492,18.850000381469727,19.059999465942383,18.690000534057617,18.850000381469727,16451500
2015-04-06,12.804744720458984,19.239999771118164,19.3799991607666,18.920000076293945,18.989999771118164,10617600
2015-04-07,12.937849998474121,19.440000534057617,19.600000381469727,19.25,19.389999389648438,10859100
2015-04-08,12.931198120117188,19.43000030517578,19.690000534057617,19.299999237060547,19.639999389648438,11241600
2015-04-09,12.864645004272461,19.329999923706055,19.6200008392334,19.219999313354492,19.3799991607666,9188900
2015-04-10,12.991095542907715,19.520000457763672,19.59000015258789,19.25,19.290000915527344,10474500
2015-04-13,12.917885780334473,19.40999984741211,19.610000610351562,19.40999984741211,19.40999984741211,7812300
2015-04-14,12.724884033203125,19.1200008392334,19.540000915527344,19.059999465942383,19.520000457763672,9021900
2015-04-15,12.738190650939941,19.139999389648438,19.360000610351562,19.0,19.290000915527344,11306200
2015-04-16,12.71157455444336,19.100000381469727,19.1299991607666,18.93000030517578,19.040000915527344,10102200
2015-04-17,12.691604614257812,19.06999969482422,19.190000534057617,18.940000534057617,19.0,9685500
2015-04-20,12.571810722351074,18.889999389648438,19.18000030517578,18.75,19.0,9854000
2015-04-22,12.61839771270752,18.959999084472656,19.0,18.729999542236328,18.969999313354492,10326700
2015-04-23,12.55184555053711,18.860000610351562,19.049999237060547,18.709999084472656,18.920000076293945,11694800
2015-04-24,12.598434448242188,18.93000030517578,19.100000381469727,18.850000381469727,19.030000686645508,9154900
2015-04-27,12.511914253234863,18.799999237060547,19.049999237060547,18.709999084472656,18.989999771118164,12587700
2015-04-28,12.57846450805664,18.899999618530273,18.989999771118164,18.610000610351562,18.989999771118164,10194900
2015-04-29,12.545194625854492,18.850000381469727,18.90999984741211,18.729999542236328,18.770000457763672,8790600
2015-04-30,12.61174201965332,18.950000762939453,19.0,18.75,18.75,9396600
2015-05-04,12.871297836303711,19.34000015258789,19.479999542236328,19.0,19.030000686645508,9874100
2015-05-05,13.024371147155762,19.56999969482422,19.729999542236328,19.1299991607666,19.200000762939453,11569000
2015-05-06,13.204063415527344,19.84000015258789,20.290000915527344,19.540000915527344,19.75,19716900
2015-05-07,12.984442710876465,19.510000228881836,19.780000686645508,19.459999084472656,19.719999313354492,6641700
2015-05-08,13.230684280395508,19.8799991607666,19.920000076293945,19.520000457763672,19.780000686645508,10733600
2015-05-11,13.130853652954102,19.729999542236328,19.8799991607666,19.649999618530273,19.75,5292100
2015-05-12,12.937849998474121,19.440000534057617,19.790000915527344,19.420000076293945,19.68000030517578,12868700
2015-05-13,12.977784156799316,19.5,19.520000457763672,19.260000228881836,19.479999542236328,6990900
2015-05-14,12.911230087280273,19.399999618530273,19.670000076293945,19.31999969482422,19.549999237060547,7393500
2015-05-15,13.090923309326172,19.670000076293945,19.700000762939453,19.34000015258789,19.34000015258789,9548600
2015-05-18,12.831366539001465,19.280000686645508,19.760000228881836,19.25,19.579999923706055,11291500
2015-05-19,12.804744720458984,19.239999771118164,19.43000030517578,19.149999618530273,19.3799991607666,8007400
2015-05-20,12.298946380615234,18.479999542236328,19.09000015258789,18.350000381469727,19.0,11007100
2015-05-21,12.538535118103027,18.84000015258789,18.889999389648438,18.450000762939453,18.510000228881836,10942700
2015-05-22,12.47864055633545,18.75,18.989999771118164,18.59000015258789,18.8799991607666,12629700
2015-05-25,12.57846450805664,18.899999618530273,18.950000762939453,18.59000015258789,18.739999771118164,2710100
2015-05-26,12.332223892211914,18.530000686645508,18.899999618530273,18.450000762939453,18.68000030517578,10073800
2015-05-27,12.31225299835205,18.5,18.56999969482422,18.270000457763672,18.450000762939453,9311200
2015-05-28,12.298946380615234,18.479999542236328,18.540000915527344,18.149999618530273,18.299999237060547,8894300
2015-05-29,12.332223892211914,18.530000686645508,18.549999237060547,18.219999313354492,18.350000381469727,19991200
2015-06-01,12.37881088256836,18.600000381469727,18.670000076293945,18.479999542236328,18.5,11308900
2015-06-02,12.412263870239258,18.549999237060547,18.6200008392334,18.399999618530273,18.579999923706055,12307700
2015-06-03,12.325279235839844,18.420000076293945,18.56999969482422,18.09000015258789,18.56999969482422,20628200
2015-06-05,12.512636184692383,18.700000762939453,18.700000762939453,18.34000015258789,18.5,15198600
2015-06-08,12.352043151855469,18.459999084472656,18.809999465942383,18.459999084472656,18.65999984741211,17427000
2015-06-09,12.398881912231445,18.530000686645508,18.559999465942383,18.399999618530273,18.450000762939453,15863100
2015-06-10,12.552781105041504,18.760000228881836,18.829999923706055,18.510000228881836,18.68000030517578,10555700
2015-06-11,12.492560386657715,18.670000076293945,18.989999771118164,18.670000076293945,18.809999465942383,12381300
2015-06-12,12.539400100708008,18.739999771118164,18.809999465942383,18.610000610351562,18.6299991607666,13970800
2015-06-15,12.244982719421387,18.299999237060547,18.559999465942383,18.299999237060547,18.530000686645508,9410400
2015-06-16,12.532706260681152,18.729999542236328,18.8700008392334,18.469999313354492,18.549999237060547,13264500
2015-06-17,12.485869407653809,18.65999984741211,18.739999771118164,18.5,18.649999618530273,9599400
2015-06-18,12.492560386657715,18.670000076293945,18.93000030517578,18.459999084472656,18.739999771118164,11190200
2015-06-19,12.626387596130371,18.8700008392334,18.90999984741211,18.59000015258789,18.59000015258789,13488500
2015-06-22,12.679911613464355,18.950000762939453,19.15999984741211,18.8799991607666,18.979999542236328,10484300
2015-06-23,12.65315055847168,18.90999984741211,19.200000762939453,18.90999984741211,19.100000381469727,7479100
2015-06-24,12.646458625793457,18.899999618530273,19.1299991607666,18.889999389648438,19.020000457763672,6618200
2015-06-25,12.659841537475586,18.920000076293945,18.979999542236328,18.75,18.93000030517578,8910400
2015-06-26,12.807047843933105,19.139999389648438,19.239999771118164,18.860000610351562,18.889999389648438,10507500
2015-06-29,12.686603546142578,18.959999084472656,19.100000381469727,18.90999984741211,19.100000381469727,6181200
2015-06-30,12.706680297851562,18.989999771118164,19.170000076293945,18.940000534057617,19.0,19852600
2015-07-01,12.800357818603516,19.1299991607666,19.270000457763672,19.049999237060547,19.049999237060547,11488900
2015-07-02,12.740137100219727,19.040000915527344,19.34000015258789,19.020000457763672,19.229999542236328,9698500
2015-07-03,12.813738822937012,19.149999618530273,19.200000762939453,18.920000076293945,19.010000228881836,3145100
2015-07-06,12.860578536987305,19.219999313354492,19.280000686645508,18.950000762939453,18.969999313354492,7129500
2015-07-07,12.92080020904541,19.309999465942383,19.350000381469727,19.030000686645508,19.06999969482422,9841600
2015-07-08,12.780282974243164,19.100000381469727,19.34000015258789,19.09000015258789,19.239999771118164,8821900
2015-07-10,13.001093864440918,19.43000030517578,19.610000610351562,19.200000762939453,19.299999237060547,16642900
2015-07-13,13.074698448181152,19.540000915527344,19.75,19.530000686645508,19.56999969482422,10619500
2015-07-14,13.148301124572754,19.649999618530273,19.700000762939453,19.440000534057617,19.510000228881836,9391200
2015-07-15,13.215215682983398,19.75,19.75,19.530000686645508,19.530000686645508,9788200
2015-07-16,13.201831817626953,19.729999542236328,19.889999389648438,19.559999465942383,19.799999237060547,10172500
2015-07-17,13.181757926940918,19.700000762939453,19.889999389648438,19.6200008392334,19.690000534057617,11119200
2015-07-20,13.20852279663086,19.739999771118164,19.81999969482422,19.600000381469727,19.709999084472656,9206000
2015-07-21,13.128231048583984,19.6200008392334,19.850000381469727,19.469999313354492,19.780000686645508,7856200
2015-07-22,13.068005561828613,19.530000686645508,19.780000686645508,19.34000015258789,19.479999542236328,7946000
2015-07-23,12.840499877929688,19.190000534057617,19.479999542236328,19.149999618530273,19.329999923706055,13250100
2015-07-24,12.686603546142578,18.959999084472656,19.280000686645508,18.90999984741211,19.229999542236328,12659100
2015-07-27,12.499252319335938,18.68000030517578,19.040000915527344,18.639999389648438,18.93000030517578,11884500
2015-07-28,12.572856903076172,18.790000915527344,18.899999618530273,18.389999389648438,18.799999237060547,13952400
2015-07-29,12.452411651611328,18.610000610351562,18.950000762939453,18.56999969482422,18.649999618530273,13833800
2015-07-30,12.639765739440918,18.889999389648438,18.979999542236328,18.690000534057617,18.770000457763672,10116700
2015-07-31,13.027859687805176,19.469999313354492,19.479999542236328,18.959999084472656,19.020000457763672,13350700
2015-08-03,13.11484432220459,19.600000381469727,19.639999389648438,19.31999969482422,19.350000381469727,8680800
2015-08-04,13.201831817626953,19.729999542236328,19.739999771118164,19.459999084472656,19.459999084472656,9232200
2015-08-05,13.349040031433105,19.950000762939453,19.959999084472656,19.56999969482422,19.799999237060547,8460200
2015-08-06,13.30219841003418,19.8799991607666,20.059999465942383,19.709999084472656,19.81999969482422,13756600
2015-08-07,12.967638969421387,19.3799991607666,19.850000381469727,19.3700008392334,19.760000228881836,10133400
2015-08-10,13.074698448181152,19.540000915527344,19.700000762939453,19.440000534057617,19.520000457763672,8460300
2015-08-11,13.201831817626953,19.729999542236328,19.75,19.350000381469727,19.56999969482422,11079800
2015-08-12,12.646458625793457,18.899999618530273,19.649999618530273,18.780000686645508,19.5,26481200
2015-08-13,12.485869407653809,18.65999984741211,19.139999389648438,18.610000610351562,18.969999313354492,11600900
2015-08-14,12.418959617614746,18.559999465942383,18.799999237060547,18.559999465942383,18.68000030517578,8693600
2015-08-17,12.439029693603516,18.59000015258789,18.75,18.5,18.600000381469727,10787900
2015-08-18,12.499252319335938,18.68000030517578,19.229999542236328,18.459999084472656,18.540000915527344,18604700
2015-08-19,12.124539375305176,18.1200008392334,18.799999237060547,18.110000610351562,18.559999465942383,16872800
2015-08-20,12.36542797088623,18.479999542236328,18.520000457763672,17.93000030517578,18.049999237060547,13520800
2015-08-21,12.084393501281738,18.059999465942383,18.43000030517578,18.0,18.31999969482422,12298100
2015-08-24,12.097774505615234,18.079999923706055,18.09000015258789,16.959999084472656,17.350000381469727,26010200
2015-08-25,12.251673698425293,18.309999465942383,18.600000381469727,18.100000381469727,18.3799991607666,23538400
2015-08-26,12.6196928024292,18.860000610351562,18.899999618530273,18.43000030517578,18.520000457763672,14208800
2015-08-27,12.753517150878906,19.059999465942383,19.350000381469727,18.75,19.0,16167900
2015-08-28,12.8739595413208,19.239999771118164,19.25,18.81999969482422,19.020000457763672,11792500
2015-08-31,12.77359390258789,19.09000015258789,19.149999618530273,18.549999237060547,19.0,22414200
2015-09-01,12.519323348999023,18.709999084472656,19.0,18.6200008392334,18.649999618530273,14942800
2015-09-02,12.807047843933105,19.139999389648438,19.170000076293945,18.649999618530273,18.8700008392334,16775500
2015-09-03,13.134920120239258,19.6299991607666,19.68000030517578,18.959999084472656,19.280000686645508,19103600
2015-09-04,13.282126426696777,19.850000381469727,19.8700008392334,19.3799991607666,19.450000762939453,29001000
2015-09-08,13.121535301208496,19.610000610351562,20.18000030517578,19.450000762939453,20.06999969482422,12962200
2015-09-09,12.95296573638916,19.209999084472656,19.81999969482422,19.139999389648438,19.649999618530273,12570100
2015-09-10,12.925994873046875,19.170000076293945,19.440000534057617,18.549999237060547,18.6200008392334,15656500
2015-09-11,12.716967582702637,18.860000610351562,19.1299991607666,18.75,19.079999923706055,12074800
2015-09-14,12.716967582702637,18.860000610351562,19.030000686645508,18.68000030517578,18.899999618530273,16419800
2015-09-15,12.851822853088379,19.059999465942383,19.200000762939453,18.809999465942383,18.940000534057617,12608700
2015-09-16,13.114795684814453,19.450000762939453,19.6299991607666,19.219999313354492,19.5,33098100
2015-09-17,13.141766548156738,19.489999771118164,19.770000457763672,19.260000228881836,19.270000457763672,15112200
2015-09-18,13.128280639648438,19.469999313354492,19.770000457763672,19.219999313354492,19.299999237060547,17755500
2015-09-21,13.033880233764648,19.329999923706055,19.600000381469727,19.209999084472656,19.260000228881836,8304700
2015-09-22,13.081079483032227,19.399999618530273,19.440000534057617,19.079999923706055,19.209999084472656,12341600
2015-09-23,12.925994873046875,19.170000076293945,19.440000534057617,19.100000381469727,19.420000076293945,14577900
2015-09-24,12.892282485961914,19.1200008392334,19.329999923706055,18.709999084472656,18.850000381469727,12388600
2015-09-25,13.013648986816406,19.299999237060547,19.719999313354492,19.040000915527344,19.299999237060547,8973300
2015-09-28,13.000168800354004,19.280000686645508,19.40999984741211,19.049999237060547,19.31999969482422,8048100
2015-09-29,13.05411148071289,19.360000610351562,19.530000686645508,19.200000762939453,19.280000686645508,9049600
2015-09-30,13.094566345214844,19.420000076293945,19.75,19.350000381469727,19.600000381469727,12317500
2015-10-01,13.283365249633789,19.700000762939453,19.809999465942383,19.350000381469727,19.40999984741211,11101400
2015-10-02,13.526105880737305,20.059999465942383,20.1200008392334,19.559999465942383,19.59000015258789,10206500
2015-10-05,13.721650123596191,20.350000381469727,20.459999084472656,20.190000534057617,20.329999923706055,7815300
2015-10-06,13.411479949951172,19.889999389648438,20.440000534057617,19.719999313354492,20.399999618530273,11701900
2015-10-07,13.485651969909668,20.0,20.149999618530273,19.84000015258789,20.110000610351562,14611300
2015-10-08,13.269878387451172,19.68000030517578,20.139999389648438,19.530000686645508,20.0,16584900
2015-10-09,13.3440523147583,19.790000915527344,19.950000762939453,19.3799991607666,19.950000762939453,10745500
2015-10-13,12.609086036682129,18.700000762939453,19.75,18.520000457763672,19.75,26310900
2015-10-14,12.406795501708984,18.399999618530273,19.059999465942383,18.299999237060547,18.700000762939453,33641900
2015-10-15,12.885538101196289,19.110000610351562,19.209999084472656,18.260000228881836,18.540000915527344,22550400
2015-10-16,13.006908416748047,19.290000915527344,19.459999084472656,18.850000381469727,19.149999618530273,12205300
2015-10-19,13.128280639648438,19.469999313354492,19.469999313354492,19.110000610351562,19.299999237060547,7638800
2015-10-20,13.20245361328125,19.579999923706055,19.579999923706055,19.219999313354492,19.43000030517578,8221200
2015-10-21,13.283365249633789,19.700000762939453,19.889999389648438,19.540000915527344,19.649999618530273,12448700
2015-10-22,13.256394386291504,19.65999984741211,19.940000534057617,19.5,19.709999084472656,15198200
2015-10-23,13.33056640625,19.770000457763672,20.040000915527344,19.68000030517578,20.040000915527344,8648600
2015-10-26,13.269878387451172,19.68000030517578,19.8700008392334,19.56999969482422,19.799999237060547,7122600
2015-10-27,13.357539176940918,19.809999465942383,19.860000610351562,19.469999313354492,19.600000381469727,13534100
2015-10-28,13.242908477783203,19.639999389648438,19.65999984741211,19.450000762939453,19.6299991607666,1124700
2015-10-29,12.811368942260742,19.0,19.3799991607666,19.0,19.1200008392334,9370500
2015-10-30,12.872055053710938,19.09000015258789,19.260000228881836,18.700000762939453,18.8700008392334,11964400
2015-11-03,13.215934753417969,19.600000381469727,19.600000381469727,18.940000534057617,19.100000381469727,13504000
2015-11-04,13.215934753417969,19.600000381469727,19.790000915527344,19.25,19.690000534057617,10152800
2015-11-05,13.121536254882812,19.459999084472656,19.65999984741211,19.239999771118164,19.489999771118164,9123700
2015-11-06,12.791136741638184,18.969999313354492,19.440000534057617,18.860000610351562,19.3700008392334,8831000
2015-11-09,12.609086036682129,18.700000762939453,19.100000381469727,18.530000686645508,18.969999313354492,7940700
2015-11-10,12.575364112854004,18.649999618530273,18.690000534057617,18.200000762939453,18.56999969482422,10882400
2015-11-11,12.851822853088379,19.059999465942383,19.079999923706055,18.700000762939453,18.709999084472656,10527800
2015-11-12,12.737194061279297,18.889999389648438,19.299999237060547,18.799999237060547,19.049999237060547,9205400
2015-11-13,12.878795623779297,19.100000381469727,19.190000534057617,18.770000457763672,18.889999389648438,9777100
2015-11-16,12.845081329345703,19.049999237060547,19.239999771118164,18.889999389648438,19.059999465942383,13456500
2015-11-17,12.892282485961914,19.1200008392334,19.299999237060547,19.079999923706055,19.299999237060547,6661900
2015-11-18,12.925994873046875,19.170000076293945,19.420000076293945,19.06999969482422,19.1200008392334,8395900
2015-11-19,13.047368049621582,19.350000381469727,19.450000762939453,19.170000076293945,19.40999984741211,11994500
2015-11-23,12.851822853088379,19.059999465942383,19.5,19.030000686645508,19.360000610351562,13950500
2015-11-24,12.770907402038574,18.940000534057617,19.06999969482422,18.760000228881836,19.049999237060547,6897800
2015-11-25,12.541654586791992,18.600000381469727,18.889999389648438,18.440000534057617,18.719999313354492,18395700
2015-11-26,12.68325424194336,18.809999465942383,18.8799991607666,18.579999923706055,18.600000381469727,7722000
2015-11-27,12.521422386169434,18.56999969482422,18.809999465942383,18.549999237060547,18.770000457763672,9169000
2015-11-30,12.568625450134277,18.639999389648438,18.979999542236328,18.399999618530273,18.450000762939453,39865300
2015-12-01,12.629310607910156,18.729999542236328,18.780000686645508,18.5,18.68000030517578,21176800
2015-12-02,12.433771133422852,18.440000534057617,18.75,18.420000076293945,18.670000076293945,14178100
2015-12-03,12.642797470092773,18.75,19.079999923706055,18.559999465942383,19.049999237060547,12319500
2015-12-04,12.501198768615723,18.540000915527344,18.8799991607666,18.479999542236328,18.690000534057617,10060000
2015-12-07,12.541654586791992,18.600000381469727,18.780000686645508,18.5,18.639999389648438,8980300
2015-12-08,12.231483459472656,18.139999389648438,18.719999313354492,18.100000381469727,18.600000381469727,11347300
2015-12-09,12.460742950439453,18.479999542236328,18.709999084472656,18.25,18.389999389648438,16476700
2015-12-10,12.339367866516113,18.299999237060547,18.559999465942383,18.1200008392334,18.559999465942383,7703100
2015-12-11,12.325886726379395,18.280000686645508,18.579999923706055,18.170000076293945,18.209999084472656,12966500
2015-12-14,12.17080020904541,18.049999237060547,18.350000381469727,18.0,18.25,5611300
2015-12-15,12.035942077636719,17.850000381469727,18.280000686645508,17.850000381469727,18.149999618530273,7791500
2015-12-16,12.231483459472656,18.139999389648438,18.25,17.709999084472656,17.770000457763672,7726900
2015-12-17,12.238229751586914,18.149999618530273,18.84000015258789,17.989999771118164,18.450000762939453,12367200
2015-12-18,12.002227783203125,17.799999237060547,18.110000610351562,17.649999618530273,17.850000381469727,17657600
2015-12-21,12.137085914611816,18.0,18.299999237060547,17.799999237060547,17.799999237060547,10020100
2015-12-22,12.205081939697266,17.950000762939453,18.030000686645508,17.6299991607666,18.0,8177900
2015-12-23,12.375067710876465,18.200000762939453,18.25,17.899999618530273,18.049999237060547,17338900
2015-12-28,12.334268569946289,18.139999389648438,18.219999313354492,18.0,18.1200008392334,6944200
2015-12-29,12.375067710876465,18.200000762939453,18.290000915527344,18.049999237060547,18.09000015258789,5349200
2015-12-30,12.1370849609375,17.850000381469727,18.290000915527344,17.850000381469727,18.110000610351562,12124900
2016-01-04,11.701918601989746,17.209999084472656,17.729999542236328,17.209999084472656,17.729999542236328,13206900
2016-01-05,11.885503768920898,17.479999542236328,17.520000457763672,17.110000610351562,17.25,10774200
2016-01-06,11.769914627075195,17.309999465942383,17.479999542236328,17.200000762939453,17.360000610351562,7739100
2016-01-07,11.457137107849121,16.850000381469727,17.31999969482422,16.850000381469727,17.170000076293945,15316400
2016-01-08,11.606724739074707,17.06999969482422,17.200000762939453,16.93000030517578,16.93000030517578,10684000
2016-01-11,11.423137664794922,16.799999237060547,17.290000915527344,16.75,17.190000534057617,12772700
2016-01-12,11.545530319213867,16.979999542236328,17.040000915527344,16.780000686645508,16.940000534057617,9573800
2016-01-13,11.443537712097168,16.829999923706055,17.25,16.719999313354492,17.1200008392334,10709300
2016-01-14,11.457137107849121,16.850000381469727,16.940000534057617,16.520000457763672,16.940000534057617,12325600
2016-01-15,11.28034782409668,16.59000015258789,16.700000762939453,15.989999771118164,16.649999618530273,19870300
2016-01-18,11.042366027832031,16.239999771118164,16.559999465942383,16.239999771118164,16.530000686645508,9267800
2016-01-19,11.389141082763672,16.75,16.850000381469727,16.40999984741211,16.510000228881836,9628400
2016-01-20,11.24635124206543,16.540000915527344,16.739999771118164,16.309999465942383,16.530000686645508,12363400
2016-01-21,11.096762657165527,16.31999969482422,16.649999618530273,16.200000762939453,16.530000686645508,11049800
2016-01-22,11.457137107849121,16.850000381469727,16.850000381469727,16.420000076293945,16.420000076293945,15564500
2016-01-26,11.450336456298828,16.84000015258789,16.889999389648438,16.549999237060547,16.700000762939453,13892700
2016-01-27,12.116687774658203,17.81999969482422,17.959999084472656,16.799999237060547,16.809999465942383,28371900
2016-01-28,12.16427993774414,17.889999389648438,18.309999465942383,17.520000457763672,17.84000015258789,17343800
2016-01-29,12.687844276428223,18.65999984741211,18.65999984741211,17.959999084472656,18.100000381469727,20667000
2016-02-01,12.59882640838623,18.399999618530273,18.549999237060547,17.90999984741211,18.309999465942383,12665300
2016-02-02,12.311247825622559,17.979999542236328,18.399999618530273,17.920000076293945,18.110000610351562,16351800
2016-02-03,12.393415451049805,18.100000381469727,18.149999618530273,17.600000381469727,18.1200008392334,11406600
2016-02-04,12.571441650390625,18.360000610351562,18.68000030517578,18.25,18.34000015258789,18556300
2016-02-05,12.420802116394043,18.139999389648438,18.649999618530273,18.079999923706055,18.399999618530273,10973700
2016-02-10,12.283859252929688,17.940000534057617,18.0,17.56999969482422,17.959999084472656,11694700
2016-02-11,12.222233772277832,17.850000381469727,17.860000610351562,17.530000686645508,17.65999984741211,11956300
2016-02-12,12.270164489746094,17.920000076293945,18.06999969482422,17.770000457763672,17.979999542236328,9627500
2016-02-15,12.270164489746094,17.920000076293945,18.18000030517578,17.850000381469727,18.079999923706055,6378400
2016-02-16,12.304402351379395,17.969999313354492,18.229999542236328,17.8799991607666,17.979999542236328,10301800
2016-02-17,12.502969741821289,18.260000228881836,18.639999389648438,18.020000457763672,18.149999618530273,18798000
2016-02-18,12.59882640838623,18.399999618530273,18.399999618530273,18.09000015258789,18.1200008392334,9991500
2016-02-19,12.544051170349121,18.31999969482422,18.389999389648438,18.110000610351562,18.25,6644100
2016-02-22,12.728925704956055,18.59000015258789,18.81999969482422,18.440000534057617,18.65999984741211,14696300
2016-02-23,12.502969741821289,18.260000228881836,18.649999618530273,18.100000381469727,18.649999618530273,11394800
2016-02-24,12.448192596435547,18.18000030517578,18.18000030517578,17.850000381469727,18.059999465942383,10037500
2016-02-25,12.126373291015625,17.709999084472656,17.850000381469727,17.469999313354492,17.68000030517578,15404600
2016-02-26,12.071599006652832,17.6299991607666,17.93000030517578,17.510000228881836,17.889999389648438,9258400
2016-02-29,12.078445434570312,17.639999389648438,17.989999771118164,17.510000228881836,17.899999618530273,15340300
2016-03-01,12.496121406555176,18.25,18.389999389648438,17.670000076293945,17.780000686645508,17549200
2016-03-02,12.420802116394043,18.139999389648438,18.3799991607666,17.950000762939453,18.299999237060547,16032100
2016-03-03,12.62621784210205,18.440000534057617,18.59000015258789,18.149999618530273,18.270000457763672,21509400
2016-03-04,13.084980964660645,19.110000610351562,19.200000762939453,18.610000610351562,18.790000915527344,37209600
2016-03-07,13.12606143951416,19.170000076293945,19.389999389648438,18.940000534057617,19.200000762939453,17079300
2016-03-08,13.04389476776123,19.049999237060547,19.219999313354492,18.84000015258789,19.190000534057617,23245800
2016-03-09,12.77000904083252,18.649999618530273,19.25,18.579999923706055,19.239999771118164,21459800
2016-03-10,12.756316184997559,18.6299991607666,18.969999313354492,18.239999771118164,18.770000457763672,28065400
2016-03-11,12.475578308105469,18.219999313354492,18.780000686645508,18.040000915527344,18.520000457763672,22639400
2016-03-14,12.35233211517334,18.040000915527344,18.34000015258789,17.920000076293945,18.25,11003000
2016-03-15,12.530354499816895,18.299999237060547,18.299999237060547,17.799999237060547,17.899999618530273,12363100
2016-03-16,12.523512840270996,18.290000915527344,18.299999237060547,17.8700008392334,18.18000030517578,12644400
2016-03-17,12.824789047241211,18.729999542236328,18.739999771118164,18.31999969482422,18.700000762939453,26830900
2016-03-18,12.612524032592773,18.420000076293945,18.889999389648438,18.3700008392334,18.790000915527344,27248900
2016-03-21,12.824789047241211,18.729999542236328,18.780000686645508,18.31999969482422,18.31999969482422,14963100
2016-03-22,12.831637382507324,18.739999771118164,18.739999771118164,18.489999771118164,18.700000762939453,10495100
2016-03-23,13.009661674499512,19.0,19.09000015258789,18.600000381469727,18.639999389648438,19093200
2016-03-24,13.009661674499512,19.0,19.200000762939453,18.84000015258789,18.889999389648438,21128700
2016-03-28,13.21507453918457,19.299999237060547,19.3700008392334,19.06999969482422,19.149999618530273,12398500
2016-03-29,13.242466926574707,19.34000015258789,19.56999969482422,19.260000228881836,19.31999969482422,20856500
2016-03-30,13.112369537353516,19.149999618530273,19.5,19.1200008392334,19.5,11047600
2016-03-31,12.872719764709473,18.799999237060547,18.799999237060547,18.799999237060547,18.799999237060547,21000
2016-04-01,12.893259048461914,18.829999923706055,18.829999923706055,18.829999923706055,18.829999923706055,8300
2016-04-04,12.67414665222168,18.510000228881836,18.510000228881836,18.510000228881836,18.510000228881836,20700
2016-04-05,12.811090469360352,18.709999084472656,18.709999084472656,18.709999084472656,18.709999084472656,19000
2016-04-06,12.756316184997559,18.6299991607666,18.6299991607666,18.6299991607666,18.6299991607666,29400
2016-04-07,12.7015380859375,18.549999237060547,18.549999237060547,18.549999237060547,18.549999237060547,30500
2016-04-08,12.715228080749512,18.56999969482422,18.959999084472656,18.399999618530273,18.81999969482422,17390600
2016-04-11,12.461884498596191,18.200000762939453,18.200000762939453,18.200000762939453,18.200000762939453,74200
2016-04-12,12.59882640838623,18.399999618530273,18.399999618530273,18.399999618530273,18.399999618530273,30700
2016-04-13,12.530354499816895,18.299999237060547,18.299999237060547,18.299999237060547,18.299999237060547,149800
2016-04-14,12.831637382507324,18.739999771118164,18.84000015258789,18.350000381469727,18.389999389648438,16442600
2016-04-15,13.002815246582031,18.989999771118164,19.049999237060547,18.690000534057617,18.780000686645508,14996000
2016-04-18,12.982270240783691,18.959999084472656,19.1200008392334,18.799999237060547,18.989999771118164,13475900
2016-04-19,13.091828346252441,19.1200008392334,19.1200008392334,19.1200008392334,19.1200008392334,1900
2016-04-20,13.146605491638184,19.200000762939453,19.280000686645508,19.010000228881836,19.010000228881836,13665600
2016-04-22,13.119216918945312,19.15999984741211,19.450000762939453,18.860000610351562,18.860000610351562,12394900
2016-04-25,13.098676681518555,19.1299991607666,19.229999542236328,19.049999237060547,19.200000762939453,5665400
2016-04-26,13.173994064331055,19.239999771118164,19.25,19.059999465942383,19.209999084472656,13162400
2016-04-27,13.256158828735352,19.360000610351562,19.43000030517578,19.170000076293945,19.329999923706055,17990800
2016-04-28,13.324633598327637,19.459999084472656,19.530000686645508,19.260000228881836,19.329999923706055,12272300
2016-04-29,13.276700019836426,19.389999389648438,19.530000686645508,19.079999923706055,19.329999923706055,23867000
2016-05-02,13.358863830566406,19.510000228881836,19.59000015258789,19.350000381469727,19.350000381469727,10854600
2016-05-03,13.41364860534668,19.59000015258789,19.709999084472656,19.209999084472656,19.3700008392334,14425300
2016-05-04,13.42049503326416,19.600000381469727,19.6200008392334,19.09000015258789,19.280000686645508,19044400
2016-05-05,13.105523109436035,19.139999389648438,19.59000015258789,19.110000610351562,19.579999923706055,11528900
2016-05-06,12.900102615356445,18.84000015258789,19.25,18.81999969482422,19.09000015258789,11022900
2016-05-09,12.934344291687012,18.889999389648438,19.059999465942383,18.600000381469727,18.780000686645508,18522300
2016-05-10,13.071287155151367,19.09000015258789,19.110000610351562,18.809999465942383,19.100000381469727,12276100
2016-05-11,12.913799285888672,18.860000610351562,19.209999084472656,18.809999465942383,19.200000762939453,10657200
2016-05-12,13.132908821105957,19.18000030517578,19.260000228881836,18.809999465942383,18.969999313354492,23591900
2016-05-13,12.845330238342285,18.760000228881836,19.25,18.709999084472656,19.25,10196700
2016-05-16,12.852174758911133,18.770000457763672,18.860000610351562,18.600000381469727,18.600000381469727,7024100
2016-05-17,12.70838737487793,18.559999465942383,18.770000457763672,18.43000030517578,18.719999313354492,11191800
2016-05-18,12.59882640838623,18.399999618530273,18.670000076293945,18.3700008392334,18.489999771118164,12833200
2016-05-19,12.735773086547852,18.600000381469727,18.68000030517578,18.299999237060547,18.31999969482422,12403900
2016-05-20,12.69468879699707,18.540000915527344,18.709999084472656,18.510000228881836,18.600000381469727,7364900
2016-05-23,12.62621784210205,18.440000534057617,18.510000228881836,18.309999465942383,18.31999969482422,8850200
2016-05-24,12.797395706176758,18.690000534057617,18.739999771118164,18.43000030517578,18.549999237060547,7050400
2016-05-25,12.995967864990234,18.979999542236328,19.170000076293945,18.68000030517578,18.75,21104900
2016-05-27,13.21507453918457,19.299999237060547,19.3799991607666,18.93000030517578,18.950000762939453,15279900
2016-05-30,13.112369537353516,19.149999618530273,19.260000228881836,19.06999969482422,19.190000534057617,3844200
2016-05-31,13.084980964660645,19.110000610351562,19.229999542236328,18.950000762939453,19.100000381469727,21746000
2016-06-01,13.242466926574707,19.34000015258789,19.3700008392334,18.899999618530273,18.989999771118164,12661800
2016-06-02,13.201386451721191,19.280000686645508,19.309999465942383,19.06999969482422,19.299999237060547,12179300
2016-06-03,13.352019309997559,19.5,19.579999923706055,19.270000457763672,19.34000015258789,15233800
2016-06-06,13.297243118286133,19.420000076293945,19.600000381469727,19.31999969482422,19.479999542236328,8504300
2016-06-07,13.071287155151367,19.09000015258789,19.40999984741211,18.969999313354492,19.3700008392334,12665600
2016-06-08,13.194535255432129,19.270000457763672,19.34000015258789,18.979999542236328,19.049999237060547,16188400
2016-06-09,13.119216918945312,19.15999984741211,19.290000915527344,19.040000915527344,19.200000762939453,8340900
2016-06-10,12.817940711975098,18.719999313354492,19.149999618530273,18.719999313354492,19.149999618530273,12874500
2016-06-13,12.948037147521973,18.90999984741211,18.950000762939453,18.56999969482422,18.56999969482422,8294300
2016-06-14,12.715228080749512,18.56999969482422,18.889999389648438,18.420000076293945,18.850000381469727,16105600
2016-06-15,12.653609275817871,18.479999542236328,18.760000228881836,18.299999237060547,18.600000381469727,18867800
2016-06-16,12.783702850341797,18.670000076293945,18.780000686645508,18.31999969482422,18.31999969482422,10088500
2016-06-17,12.742623329162598,18.610000610351562,18.790000915527344,18.3799991607666,18.770000457763672,15921800
2016-06-20,12.728925704956055,18.59000015258789,18.84000015258789,18.5,18.729999542236328,12846800
2016-06-21,12.722078323364258,18.579999923706055,18.690000534057617,18.489999771118164,18.65999984741211,13354000
2016-06-22,12.544051170349121,18.31999969482422,18.6200008392334,18.239999771118164,18.59000015258789,15328400
2016-06-23,12.67414665222168,18.510000228881836,18.649999618530273,18.3799991607666,18.399999618530273,7669300
2016-06-24,12.653609275817871,18.479999542236328,18.540000915527344,18.06999969482422,18.100000381469727,11737100
2016-06-27,12.811090469360352,18.709999084472656,18.8700008392334,18.219999313354492,18.280000686645508,10192500
2016-06-28,12.838478088378906,18.75,18.940000534057617,18.65999984741211,18.899999618530273,13551900
2016-06-29,13.023356437683105,19.020000457763672,19.1299991607666,18.780000686645508,18.920000076293945,14591200
2016-06-30,13.04389476776123,19.049999237060547,19.110000610351562,18.799999237060547,19.0,15328300
2016-07-01,13.160299301147461,19.219999313354492,19.219999313354492,18.989999771118164,19.079999923706055,22773000
2016-07-04,13.05074405670166,19.059999465942383,19.290000915527344,18.979999542236328,19.219999313354492,6702100
2016-07-05,13.20822811126709,19.290000915527344,19.31999969482422,18.959999084472656,18.969999313354492,13405900
2016-07-06,13.132908821105957,19.18000030517578,19.280000686645508,18.969999313354492,19.229999542236328,11263900
2016-07-07,13.078130722045898,19.100000381469727,19.299999237060547,19.010000228881836,19.18000030517578,8916400
2016-07-08,13.283546447753906,19.399999618530273,19.56999969482422,19.100000381469727,19.18000030517578,12468900
2016-07-11,13.283546447753906,19.399999618530273,19.450000762939453,19.209999084472656,19.450000762939453,10316000
2016-07-12,13.30422592163086,19.299999237060547,19.389999389648438,19.209999084472656,19.360000610351562,7635600
2016-07-13,13.166360855102539,19.100000381469727,19.219999313354492,19.020000457763672,19.149999618530273,11305800
2016-07-14,13.166360855102539,19.100000381469727,19.200000762939453,19.010000228881836,19.200000762939453,16513300
2016-07-15,13.062959671020508,18.950000762939453,19.100000381469727,18.850000381469727,19.09000015258789,9036700
2016-07-18,13.138786315917969,19.059999465942383,19.100000381469727,18.90999984741211,18.950000762939453,11617600
2016-07-19,13.214613914489746,19.170000076293945,19.190000534057617,18.969999313354492,19.049999237060547,8953000
2016-07-20,13.18014907836914,19.1200008392334,19.260000228881836,19.010000228881836,19.1200008392334,9986500
2016-07-21,13.235295295715332,19.200000762939453,19.25,18.950000762939453,19.1200008392334,7734400
2016-07-22,13.3662691116333,19.389999389648438,19.459999084472656,19.110000610351562,19.239999771118164,8907900
2016-07-25,13.3662691116333,19.389999389648438,19.420000076293945,19.190000534057617,19.31999969482422,9501100
2016-07-26,13.33869743347168,19.350000381469727,19.520000457763672,19.200000762939453,19.399999618530273,7397400
2016-07-27,13.318016052246094,19.31999969482422,19.450000762939453,19.260000228881836,19.450000762939453,6281700
2016-07-28,13.400737762451172,19.440000534057617,19.459999084472656,19.219999313354492,19.299999237060547,7435300
2016-07-29,12.959559440612793,18.799999237060547,19.059999465942383,18.709999084472656,18.920000076293945,32575600
2016-08-01,13.097428321838379,19.0,19.059999465942383,18.6299991607666,18.889999389648438,10216200
2016-08-02,12.987133979797363,18.84000015258789,18.969999313354492,18.719999313354492,18.93000030517578,7872000
2016-08-03,12.849264144897461,18.639999389648438,18.829999923706055,18.59000015258789,18.75,11627000
2016-08-04,12.904412269592285,18.719999313354492,18.809999465942383,18.459999084472656,18.739999771118164,11247300
2016-08-05,13.166360855102539,19.100000381469727,19.100000381469727,18.719999313354492,18.770000457763672,12098200
2016-08-08,13.269765853881836,19.25,19.31999969482422,18.989999771118164,18.989999771118164,11238300
2016-08-09,13.276654243469238,19.260000228881836,19.34000015258789,19.1200008392334,19.25,7200700
2016-08-10,13.214613914489746,19.170000076293945,19.299999237060547,19.079999923706055,19.280000686645508,12055400
2016-08-11,13.442094802856445,19.5,19.5,19.010000228881836,19.260000228881836,18475900
2016-08-12,13.600643157958984,19.729999542236328,19.780000686645508,19.440000534057617,19.469999313354492,15349800
2016-08-15,13.745405197143555,19.940000534057617,20.040000915527344,19.6299991607666,19.670000076293945,8758700
2016-08-16,13.786766052246094,20.0,20.09000015258789,19.709999084472656,19.709999084472656,11591800
2016-08-17,13.821233749389648,20.049999237060547,20.079999923706055,19.809999465942383,19.940000534057617,25444800
2016-08-18,13.731620788574219,19.920000076293945,20.06999969482422,19.799999237060547,20.049999237060547,9435800
2016-08-19,13.683363914489746,19.850000381469727,19.959999084472656,19.75,19.81999969482422,6210900
2016-08-22,13.50413990020752,19.59000015258789,19.889999389648438,19.530000686645508,19.850000381469727,10928000
2016-08-23,13.49724292755127,19.579999923706055,19.719999313354492,19.510000228881836,19.649999618530273,12252200
2016-08-24,13.49724292755127,19.579999923706055,19.65999984741211,19.459999084472656,19.5,8370100
2016-08-25,13.31112003326416,19.309999465942383,19.739999771118164,19.260000228881836,19.59000015258789,14061800
2016-08-26,13.228399276733398,19.190000534057617,19.420000076293945,19.09000015258789,19.420000076293945,11069700
2016-08-29,13.262870788574219,19.239999771118164,19.3700008392334,19.040000915527344,19.15999984741211,13283200
2016-08-30,13.262870788574219,19.239999771118164,19.31999969482422,19.1299991607666,19.260000228881836,7788900
2016-08-31,13.228399276733398,19.190000534057617,19.25,19.040000915527344,19.219999313354492,17650700
2016-09-01,13.559284210205078,19.670000076293945,19.729999542236328,18.989999771118164,19.049999237060547,28002900
2016-09-02,13.676471710205078,19.84000015258789,19.8700008392334,19.670000076293945,19.770000457763672,16656100
2016-09-05,13.7040433883667,19.8799991607666,19.979999542236328,19.760000228881836,19.920000076293945,4211500
2016-09-06,13.786766052246094,20.0,20.0,19.829999923706055,19.899999618530273,12495900
2016-09-08,13.786766052246094,20.0,20.0,19.739999771118164,19.940000534057617,18376900
2016-09-09,13.61443042755127,19.75,19.8799991607666,19.65999984741211,19.799999237060547,17325700
2016-09-12,13.61443042755127,19.75,19.84000015258789,19.600000381469727,19.600000381469727,14239000
2016-09-13,13.386953353881836,19.420000076293945,19.729999542236328,19.31999969482422,19.600000381469727,15077600
2016-09-14,13.552395820617676,19.65999984741211,19.799999237060547,19.25,19.360000610351562,11980200
2016-09-15,13.600643157958984,19.729999542236328,19.84000015258789,19.670000076293945,19.729999542236328,5414000
2016-09-16,13.393843650817871,19.43000030517578,19.68000030517578,19.329999923706055,19.670000076293945,12445900
2016-09-19,13.407630920410156,19.450000762939453,19.59000015258789,19.350000381469727,19.579999923706055,6147800
2016-09-20,13.435205459594727,19.489999771118164,19.56999969482422,19.389999389648438,19.549999237060547,8266200
2016-09-21,13.414525032043457,19.459999084472656,19.610000610351562,19.290000915527344,19.450000762939453,9508100
2016-09-22,13.559284210205078,19.670000076293945,19.719999313354492,19.540000915527344,19.68000030517578,10250100
2016-09-23,13.600643157958984,19.729999542236328,19.81999969482422,19.610000610351562,19.799999237060547,9332800
2016-09-26,13.524818420410156,19.6200008392334,19.639999389648438,19.489999771118164,19.610000610351562,7883300
2016-09-27,13.57996654510498,19.700000762939453,19.760000228881836,19.459999084472656,19.670000076293945,7263100
2016-09-28,13.683363914489746,19.850000381469727,19.90999984741211,19.690000534057617,19.790000915527344,8373900
2016-09-29,13.593746185302734,19.719999313354492,19.90999984741211,19.610000610351562,19.860000610351562,9568300
2016-09-30,13.66268539428711,19.81999969482422,19.969999313354492,19.719999313354492,19.719999313354492,8749600
2016-10-03,13.61443042755127,19.75,19.829999923706055,19.65999984741211,19.709999084472656,14082500
2016-10-04,13.469672203063965,19.540000915527344,19.780000686645508,19.489999771118164,19.780000686645508,15795000
2016-10-05,13.50413990020752,19.59000015258789,19.739999771118164,19.549999237060547,19.6200008392334,8711300
2016-10-06,13.545496940612793,19.649999618530273,19.719999313354492,19.479999542236328,19.59000015258789,13265700
2016-10-07,13.545496940612793,19.649999618530273,19.739999771118164,19.510000228881836,19.719999313354492,10876200
2016-10-10,13.566177368164062,19.68000030517578,19.780000686645508,19.6299991607666,19.729999542236328,6074500
2016-10-11,13.407630920410156,19.450000762939453,19.68000030517578,19.389999389648438,19.6299991607666,14587500
2016-10-13,13.25597858428955,19.229999542236328,19.420000076293945,18.920000076293945,19.299999237060547,21987200
2016-10-14,13.462774276733398,19.530000686645508,19.579999923706055,19.18000030517578,19.260000228881836,20405600
2016-10-17,13.4834566116333,19.559999465942383,19.739999771118164,19.350000381469727,19.479999542236328,9686900
2016-10-18,13.545496940612793,19.649999618530273,19.760000228881836,19.450000762939453,19.559999465942383,12342400
2016-10-19,13.566177368164062,19.68000030517578,19.729999542236328,19.59000015258789,19.639999389648438,5848100
2016-10-20,13.545496940612793,19.649999618530273,19.739999771118164,19.540000915527344,19.690000534057617,4586500
2016-10-21,13.61443042755127,19.75,19.860000610351562,19.5,19.670000076293945,21287800
2016-10-24,13.57996654510498,19.700000762939453,19.809999465942383,19.639999389648438,19.719999313354492,10105400
2016-10-25,13.462774276733398,19.530000686645508,19.670000076293945,19.469999313354492,19.6200008392334,9277400
2016-10-26,13.469672203063965,19.540000915527344,19.6200008392334,19.3700008392334,19.489999771118164,9041700
2016-10-27,13.442094802856445,19.5,19.6200008392334,19.43000030517578,19.510000228881836,7798300
2016-10-28,13.166360855102539,19.100000381469727,19.290000915527344,18.719999313354492,18.799999237060547,35116800
2016-10-31,12.980239868164062,18.829999923706055,19.18000030517578,18.829999923706055,19.1200008392334,17591900
2016-11-01,12.743856430053711,18.329999923706055,18.84000015258789,18.329999923706055,18.790000915527344,19058400
2016-11-03,12.444899559020996,17.899999618530273,18.510000228881836,17.8799991607666,18.329999923706055,22712800
2016-11-04,12.319754600524902,17.719999313354492,18.110000610351562,17.68000030517578,17.989999771118164,20353300
2016-11-07,12.50747299194336,17.989999771118164,18.100000381469727,17.770000457763672,17.940000534057617,11219400
2016-11-08,12.556139945983887,18.059999465942383,18.139999389648438,17.790000915527344,18.0,8057800
2016-11-09,12.465758323669434,17.93000030517578,18.09000015258789,17.510000228881836,17.780000686645508,14829200
2016-11-10,12.549188613891602,18.049999237060547,18.229999542236328,17.510000228881836,18.040000915527344,28019700
2016-11-11,12.132040023803711,17.450000762939453,18.100000381469727,17.389999389648438,17.65999984741211,23948700
2016-11-14,12.027751922607422,17.299999237060547,17.59000015258789,17.190000534057617,17.389999389648438,20266800
2016-11-16,12.396234512329102,17.829999923706055,17.850000381469727,17.280000686645508,17.350000381469727,11543000
2016-11-17,12.250234603881836,17.6200008392334,17.93000030517578,17.600000381469727,17.93000030517578,7932600
2016-11-18,12.041656494140625,17.31999969482422,17.649999618530273,17.049999237060547,17.6200008392334,14795900
2016-11-21,12.132040023803711,17.450000762939453,17.520000457763672,17.299999237060547,17.329999923706055,10984000
2016-11-22,11.937371253967285,17.170000076293945,17.729999542236328,17.1200008392334,17.639999389648438,12788200
2016-11-23,12.264137268066406,17.639999389648438,17.639999389648438,17.030000686645508,17.15999984741211,11650500
2016-11-24,12.062515258789062,17.350000381469727,17.649999618530273,17.329999923706055,17.6299991607666,5978100
2016-11-25,11.979085922241211,17.229999542236328,17.350000381469727,17.049999237060547,17.25,6446100
2016-11-28,12.20156478881836,17.549999237060547,17.549999237060547,17.15999984741211,17.25,8694400
2016-11-29,11.860894203186035,17.059999465942383,17.479999542236328,17.059999465942383,17.469999313354492,13470600
2016-11-30,11.92346477508545,17.149999618530273,17.770000457763672,17.09000015258789,17.290000915527344,20399300
2016-12-01,11.561938285827637,16.6299991607666,17.059999465942383,16.5,17.0,28765600
2016-12-02,11.617557525634766,16.709999084472656,16.709999084472656,16.260000228881836,16.600000381469727,22659500
2016-12-05,11.443746566772461,16.459999084472656,16.8700008392334,16.399999618530273,16.780000686645508,9090100
2016-12-06,11.645368576049805,16.75,16.75,16.299999237060547,16.3799991607666,11012400
2016-12-07,11.568890571594238,16.639999389648438,16.889999389648438,16.6200008392334,16.829999923706055,10908100
2016-12-08,11.443746566772461,16.459999084472656,16.850000381469727,16.420000076293945,16.760000228881836,10189000
2016-12-09,11.568890571594238,16.639999389648438,16.799999237060547,16.420000076293945,16.540000915527344,14663500
2016-12-12,11.200411796569824,16.110000610351562,16.549999237060547,16.030000686645508,16.40999984741211,12483300
2016-12-13,11.325555801391602,16.290000915527344,16.350000381469727,16.020000457763672,16.149999618530273,19703600
2016-12-14,11.235173225402832,16.15999984741211,16.469999313354492,16.010000228881836,16.280000686645508,20370100
2016-12-15,11.346412658691406,16.31999969482422,16.530000686645508,16.020000457763672,16.100000381469727,15837600
2016-12-16,11.596700668334961,16.68000030517578,16.709999084472656,16.34000015258789,16.389999389648438,23240300
2016-12-19,11.33250617980957,16.299999237060547,16.75,16.280000686645508,16.600000381469727,13277100
2016-12-20,11.402031898498535,16.399999618530273,16.530000686645508,16.09000015258789,16.350000381469727,13460100
2016-12-21,11.36031723022461,16.34000015258789,16.510000228881836,16.25,16.360000610351562,10466100
2016-12-22,11.148898124694824,15.819999694824219,16.239999771118164,15.789999961853027,16.219999313354492,13056700
2016-12-23,11.275748252868652,16.0,16.059999465942383,15.859999656677246,15.890000343322754,6730800
2016-12-26,11.402600288391113,16.18000030517578,16.31999969482422,16.020000457763672,16.020000457763672,2621500
2016-12-27,11.353269577026367,16.110000610351562,16.290000915527344,16.06999969482422,16.200000762939453,5663900
2016-12-28,11.437838554382324,16.229999542236328,16.299999237060547,16.1200008392334,16.1299991607666,5002400
2016-12-29,11.55764389038086,16.399999618530273,16.399999618530273,16.15999984741211,16.280000686645508,8687000
2017-01-02,11.494215965270996,16.309999465942383,16.65999984741211,16.260000228881836,16.34000015258789,4265400
2017-01-03,11.726778030395508,16.639999389648438,16.670000076293945,16.440000534057617,16.5,9535500
2017-01-04,11.635164260864258,16.510000228881836,16.65999984741211,16.43000030517578,16.65999984741211,9426500
2017-01-05,11.698590278625488,16.600000381469727,16.75,16.479999542236328,16.520000457763672,11555800
2017-01-06,11.599926948547363,16.459999084472656,16.639999389648438,16.360000610351562,16.59000015258789,7863200
2017-01-09,11.649260520935059,16.530000686645508,16.739999771118164,16.3700008392334,16.459999084472656,8753100
2017-01-10,11.515358924865723,16.34000015258789,16.670000076293945,16.309999465942383,16.6200008392334,7887800
2017-01-11,11.564690589904785,16.40999984741211,16.489999771118164,16.170000076293945,16.440000534057617,9694800
2017-01-12,11.931151390075684,16.93000030517578,17.020000457763672,16.549999237060547,16.610000610351562,18340400
2017-01-13,12.058001518249512,17.110000610351562,17.1299991607666,16.770000457763672,17.09000015258789,10099300
2017-01-16,12.015719413757324,17.049999237060547,17.200000762939453,16.899999618530273,17.139999389648438,8201000
2017-01-17,12.121432304382324,17.200000762939453,17.200000762939453,16.799999237060547,16.979999542236328,18257800
2017-01-18,12.163715362548828,17.260000228881836,17.540000915527344,17.049999237060547,17.219999313354492,18812200
2017-01-19,12.191903114318848,17.299999237060547,17.5,17.149999618530273,17.270000457763672,10832000
2017-01-20,12.227139472961426,17.350000381469727,17.5,17.170000076293945,17.5,9858700
2017-01-23,12.220093727111816,17.34000015258789,17.399999618530273,17.170000076293945,17.309999465942383,6555000
2017-01-24,12.241320610046387,17.299999237060547,17.450000762939453,17.1299991607666,17.280000686645508,11136000
2017-01-26,12.248394966125488,17.309999465942383,17.469999313354492,17.299999237060547,17.360000610351562,7789000
2017-01-27,12.255471229553223,17.31999969482422,17.389999389648438,17.020000457763672,17.299999237060547,13214700
2017-01-30,12.007814407348633,16.969999313354492,17.31999969482422,16.889999389648438,17.239999771118164,6124600
2017-01-31,12.170562744140625,17.200000762939453,17.25,16.90999984741211,16.93000030517578,7057100
2017-02-01,12.255471229553223,17.31999969482422,17.43000030517578,17.229999542236328,17.270000457763672,10992500
2017-02-02,12.142257690429688,17.15999984741211,17.34000015258789,17.110000610351562,17.239999771118164,6398900
2017-02-03,12.27669906616211,17.350000381469727,17.399999618530273,16.940000534057617,17.06999969482422,13562500
2017-02-06,12.07857608795166,17.06999969482422,17.389999389648438,17.030000686645508,17.389999389648438,6596100
2017-02-07,12.043196678161621,17.020000457763672,17.260000228881836,17.020000457763672,17.100000381469727,9300200
2017-02-08,12.000739097595215,16.959999084472656,17.100000381469727,16.809999465942383,17.030000686645508,13096700
2017-02-09,11.951207160949707,16.889999389648438,17.079999923706055,16.829999923706055,16.989999771118164,11002200
2017-02-10,12.128105163574219,17.139999389648438,17.229999542236328,16.790000915527344,16.889999389648438,12688200
2017-02-13,12.205942153930664,17.25,17.3700008392334,17.059999465942383,17.209999084472656,9005500
2017-02-14,12.297928810119629,17.3799991607666,17.530000686645508,17.229999542236328,17.280000686645508,10668300
2017-02-15,12.750787734985352,18.020000457763672,18.079999923706055,17.459999084472656,17.5,18161900
2017-02-16,12.71540641784668,17.969999313354492,18.059999465942383,17.850000381469727,17.889999389648438,12169400
2017-02-17,12.665876388549805,17.899999618530273,18.010000228881836,17.799999237060547,17.950000762939453,7025800
2017-02-20,12.623421669006348,17.84000015258789,18.010000228881836,17.780000686645508,17.979999542236328,3507600
2017-02-21,12.786163330078125,18.06999969482422,18.100000381469727,17.850000381469727,17.93000030517578,8323600
2017-02-22,12.934760093688965,18.280000686645508,18.399999618530273,18.110000610351562,18.1200008392334,11232800
2017-02-23,12.828622817993164,18.1299991607666,18.59000015258789,18.110000610351562,18.309999465942383,10925500
2017-02-24,12.623421669006348,17.84000015258789,18.09000015258789,17.790000915527344,18.0,12946300
2017-03-01,12.672951698303223,17.90999984741211,18.15999984741211,17.81999969482422,17.989999771118164,8762400
2017-03-02,12.17763614654541,17.209999084472656,17.469999313354492,17.149999618530273,17.299999237060547,19515700
2017-03-03,12.30500316619873,17.389999389648438,17.440000534057617,17.079999923706055,17.270000457763672,12016300
2017-03-06,12.205942153930664,17.25,17.3799991607666,17.010000228881836,17.34000015258789,11989900
2017-03-07,11.901676177978516,16.81999969482422,17.219999313354492,16.81999969482422,17.200000762939453,17651100
2017-03-08,12.113954544067383,17.1200008392334,17.229999542236328,16.75,16.829999923706055,21297600
2017-03-09,12.241320610046387,17.299999237060547,17.3799991607666,17.059999465942383,17.100000381469727,13084700
2017-03-10,12.241320610046387,17.299999237060547,17.469999313354492,17.25,17.350000381469727,12386500
2017-03-13,12.28377628326416,17.360000610351562,17.489999771118164,17.299999237060547,17.350000381469727,6258700
2017-03-14,12.099801063537598,17.100000381469727,17.40999984741211,17.100000381469727,17.309999465942383,7321400
2017-03-15,12.241320610046387,17.299999237060547,17.34000015258789,17.010000228881836,17.010000228881836,12800100
2017-03-16,12.227168083190918,17.280000686645508,17.389999389648438,17.1299991607666,17.309999465942383,5855300
2017-03-17,12.17763614654541,17.209999084472656,17.459999084472656,17.100000381469727,17.34000015258789,17182600
2017-03-20,12.481901168823242,17.639999389648438,17.780000686645508,17.1200008392334,17.350000381469727,14252900
2017-03-21,12.32623291015625,17.420000076293945,17.700000762939453,17.3799991607666,17.700000762939453,10175600
2017-03-22,12.248394966125488,17.309999465942383,17.469999313354492,17.149999618530273,17.3700008392334,8537200
2017-03-23,12.340384483337402,17.440000534057617,17.59000015258789,17.1299991607666,17.190000534057617,9162800
2017-03-24,12.474825859069824,17.6299991607666,17.6299991607666,17.420000076293945,17.43000030517578,7812100
2017-03-27,12.588040351867676,17.790000915527344,17.829999923706055,17.5,17.530000686645508,8736700
2017-03-28,12.69417953491211,17.940000534057617,17.940000534057617,17.690000534057617,17.75,9862500
2017-03-29,12.864002227783203,18.18000030517578,18.18000030517578,17.8799991607666,17.940000534057617,9521200
2017-03-30,12.927684783935547,18.270000457763672,18.329999923706055,18.06999969482422,18.170000076293945,9191600
2017-03-31,12.906458854675293,18.239999771118164,18.3700008392334,18.170000076293945,18.219999313354492,12291400
2017-04-03,12.736635208129883,18.0,18.239999771118164,18.0,18.200000762939453,13499300
2017-04-04,12.814469337463379,18.110000610351562,18.110000610351562,17.8799991607666,18.010000228881836,5538800
2017-04-05,12.651725769042969,17.8799991607666,18.18000030517578,17.809999465942383,18.079999923706055,8734100
2017-04-06,12.722484588623047,17.979999542236328,18.049999237060547,17.770000457763672,17.8799991607666,9731500
2017-04-07,12.772012710571289,18.049999237060547,18.1299991607666,17.920000076293945,18.0,8071400
2017-04-10,12.736635208129883,18.0,18.139999389648438,17.90999984741211,18.100000381469727,15477000
2017-04-11,12.467750549316406,17.6200008392334,18.059999465942383,17.399999618530273,18.0,24885700
2017-04-12,12.503130912780762,17.670000076293945,17.81999969482422,17.559999465942383,17.649999618530273,19716200
2017-04-13,12.566810607910156,17.760000228881836,17.90999984741211,17.5,17.56999969482422,15008500
2017-04-17,12.779090881347656,18.059999465942383,18.139999389648438,17.719999313354492,17.799999237060547,11646300
2017-04-18,12.849849700927734,18.15999984741211,18.239999771118164,18.010000228881836,18.010000228881836,11850500
2017-04-19,12.807394027709961,18.100000381469727,18.190000534057617,17.989999771118164,18.170000076293945,24670100
2017-04-20,12.722484588623047,17.979999542236328,18.190000534057617,17.920000076293945,17.989999771118164,11200800
2017-04-24,12.757862091064453,18.030000686645508,18.18000030517578,17.959999084472656,18.149999618530273,9175400
2017-04-25,12.963064193725586,18.31999969482422,18.399999618530273,17.969999313354492,18.030000686645508,12074400
2017-04-26,12.885228157043457,18.209999084472656,18.309999465942383,18.100000381469727,18.299999237060547,8025000
2017-04-27,12.878153800964355,18.200000762939453,18.239999771118164,18.010000228881836,18.219999313354492,12905300
2017-04-28,12.920607566833496,18.260000228881836,18.399999618530273,18.1200008392334,18.200000762939453,10489400
2017-05-02,13.139960289001465,18.56999969482422,18.6299991607666,18.270000457763672,18.3700008392334,11291100
2017-05-03,13.132888793945312,18.559999465942383,18.6299991607666,18.34000015258789,18.56999969482422,9659800
2017-05-04,13.4654541015625,19.030000686645508,19.229999542236328,18.469999313354492,18.600000381469727,35564100
2017-05-05,13.373467445373535,18.899999618530273,19.030000686645508,18.860000610351562,18.940000534057617,8540800
2017-05-08,13.366392135620117,18.889999389648438,18.93000030517578,18.770000457763672,18.84000015258789,9409800
2017-05-09,13.408845901489258,18.950000762939453,19.059999465942383,18.799999237060547,18.940000534057617,11333100
2017-05-10,13.578667640686035,19.190000534057617,19.25,18.940000534057617,19.0,11358800
2017-05-11,13.819250106811523,19.530000686645508,19.579999923706055,19.1200008392334,19.149999618530273,22824200
2017-05-12,13.93246078491211,19.690000534057617,19.790000915527344,19.479999542236328,19.56999969482422,10667500
2017-05-15,13.967841148376465,19.739999771118164,19.850000381469727,19.479999542236328,19.700000762939453,10826700
2017-05-16,14.02444839477539,19.81999969482422,19.860000610351562,19.610000610351562,19.68000030517578,13418200
2017-05-17,13.897083282470703,19.639999389648438,19.920000076293945,19.510000228881836,19.670000076293945,12218500
2017-05-18,13.30270767211914,18.799999237060547,19.209999084472656,18.049999237060547,18.25,47330400
2017-05-19,13.175342559814453,18.6200008392334,18.989999771118164,18.399999618530273,18.68000030517578,27409800
2017-05-22,13.139960289001465,18.56999969482422,18.829999923706055,18.440000534057617,18.440000534057617,25852800
2017-05-23,13.366392135620117,18.889999389648438,18.979999542236328,18.56999969482422,18.56999969482422,16500500
2017-05-24,13.345163345336914,18.860000610351562,19.139999389648438,18.84000015258789,19.079999923706055,10225100
2017-05-25,13.387618064880371,18.920000076293945,19.040000915527344,18.770000457763672,18.959999084472656,8864900
2017-05-26,13.4654541015625,19.030000686645508,19.079999923706055,18.829999923706055,19.0,11820600
2017-05-29,13.4654541015625,19.030000686645508,19.030000686645508,19.030000686645508,19.030000686645508,0
2017-05-30,13.295633316040039,18.790000915527344,18.940000534057617,18.790000915527344,18.90999984741211,9445200
2017-05-31,13.239020347595215,18.709999084472656,18.8799991607666,18.6200008392334,18.809999465942383,15346500
2017-06-01,13.125809669494629,18.549999237060547,18.829999923706055,18.530000686645508,18.719999313354492,17828200
2017-06-02,13.139960289001465,18.56999969482422,18.760000228881836,18.309999465942383,18.610000610351562,27939700
2017-06-05,13.380542755126953,18.90999984741211,18.979999542236328,18.5,18.520000457763672,16514200
2017-06-06,13.493755340576172,19.06999969482422,19.18000030517578,18.850000381469727,18.860000610351562,15896400
2017-06-07,13.331010818481445,18.84000015258789,19.209999084472656,18.739999771118164,19.149999618530273,12376100
2017-06-08,13.111659049987793,18.530000686645508,18.790000915527344,18.530000686645508,18.729999542236328,13847400
2017-06-09,12.814469337463379,18.110000610351562,18.670000076293945,17.979999542236328,18.6200008392334,19905900
2017-06-12,12.793241500854492,18.079999923706055,18.200000762939453,17.93000030517578,18.059999465942383,14460500
2017-06-13,13.012594223022461,18.389999389648438,18.420000076293945,18.110000610351562,18.110000610351562,13088100
2017-06-14,12.864002227783203,18.18000030517578,18.489999771118164,18.0,18.360000610351562,25729100
2017-06-15,12.864002227783203,18.18000030517578,18.18000030517578,18.18000030517578,18.18000030517578,0
2017-06-16,12.580963134765625,17.780000686645508,18.219999313354492,17.739999771118164,18.219999313354492,45495200
2017-06-19,12.64465045928955,17.8700008392334,17.989999771118164,17.65999984741211,17.84000015258789,18928600
2017-06-20,12.786163330078125,18.06999969482422,18.270000457763672,17.809999465942383,17.889999389648438,22831800
2017-06-21,12.828622817993164,18.1299991607666,18.270000457763672,17.989999771118164,18.079999923706055,11833200
2017-06-22,12.878153800964355,18.200000762939453,18.31999969482422,18.100000381469727,18.15999984741211,7722900
2017-06-23,12.906458854675293,18.239999771118164,18.309999465942383,18.110000610351562,18.299999237060547,4632600
2017-06-26,13.042088508605957,18.270000457763672,18.389999389648438,18.170000076293945,18.229999542236328,7566700
2017-06-27,13.056367874145508,18.290000915527344,18.360000610351562,18.059999465942383,18.270000457763672,23318500
2017-06-28,13.063505172729492,18.299999237060547,18.40999984741211,18.139999389648438,18.3700008392334,8752100
2017-06-29,13.027809143066406,18.25,18.360000610351562,18.100000381469727,18.299999237060547,6348800
2017-06-30,13.07064151763916,18.309999465942383,18.420000076293945,18.25,18.270000457763672,6962800
2017-07-03,13.049225807189941,18.280000686645508,18.440000534057617,18.200000762939453,18.360000610351562,5363900
2017-07-04,13.020672798156738,18.239999771118164,18.309999465942383,18.190000534057617,18.190000534057617,2688500
2017-07-05,13.006394386291504,18.219999313354492,18.3799991607666,18.1299991607666,18.219999313354492,9175800
2017-07-06,12.692301750183105,17.780000686645508,18.239999771118164,17.719999313354492,18.219999313354492,19322100
2017-07-07,12.863625526428223,18.020000457763672,18.15999984741211,17.829999923706055,17.8700008392334,14318800
2017-07-10,13.07064151763916,18.309999465942383,18.3799991607666,18.0,18.049999237060547,10145800
2017-07-11,13.220553398132324,18.520000457763672,18.6299991607666,18.219999313354492,18.309999465942383,10168100
2017-07-12,13.313352584838867,18.649999618530273,18.770000457763672,18.479999542236328,18.600000381469727,13173900
2017-07-13,13.334768295288086,18.68000030517578,18.760000228881836,18.549999237060547,18.739999771118164,6512600
2017-07-14,13.384737014770508,18.75,18.829999923706055,18.65999984741211,18.690000534057617,5519500
2017-07-17,13.448986053466797,18.84000015258789,18.920000076293945,18.709999084472656,18.799999237060547,10153300
2017-07-18,13.384737014770508,18.75,18.8799991607666,18.649999618530273,18.8799991607666,6024000
2017-07-19,13.434706687927246,18.81999969482422,18.8799991607666,18.65999984741211,18.8799991607666,10751400
2017-07-20,13.406152725219727,18.780000686645508,18.889999389648438,18.709999084472656,18.760000228881836,7844500
2017-07-21,13.427568435668945,18.809999465942383,18.850000381469727,18.65999984741211,18.729999542236328,3845600
2017-07-24,13.434706687927246,18.81999969482422,18.920000076293945,18.760000228881836,18.81999969482422,4274500
2017-07-25,13.477540969848633,18.8799991607666,18.989999771118164,18.84000015258789,18.8799991607666,13671700
2017-07-26,13.441844940185547,18.829999923706055,18.950000762939453,18.75,18.850000381469727,6330200
2017-07-27,13.6417236328125,19.110000610351562,19.40999984741211,18.8799991607666,18.8799991607666,19358200
2017-07-28,13.634586334228516,19.100000381469727,19.219999313354492,18.920000076293945,18.959999084472656,10988300
2017-07-31,13.670279502868652,19.149999618530273,19.3700008392334,19.06999969482422,19.09000015258789,15242400
2017-08-01,13.734525680541992,19.239999771118164,19.299999237060547,19.09000015258789,19.15999984741211,8865400
2017-08-02,13.848740577697754,19.399999618530273,19.43000030517578,19.139999389648438,19.170000076293945,14957200
2017-08-03,13.748801231384277,19.260000228881836,19.399999618530273,19.229999542236328,19.3700008392334,9970100
2017-08-04,13.748801231384277,19.260000228881836,19.309999465942383,19.100000381469727,19.280000686645508,8045200
2017-08-07,13.81304931640625,19.350000381469727,19.43000030517578,19.15999984741211,19.25,11358100
2017-08-08,13.841604232788086,19.389999389648438,19.559999465942383,19.290000915527344,19.309999465942383,9884300
2017-08-09,13.863020896911621,19.420000076293945,19.450000762939453,19.219999313354492,19.290000915527344,4751100
2017-08-10,13.848740577697754,19.399999618530273,19.450000762939453,19.219999313354492,19.3700008392334,10295700
2017-08-11,13.934407234191895,19.520000457763672,19.579999923706055,19.40999984741211,19.540000915527344,11513400
2017-08-14,14.070034980773926,19.709999084472656,19.829999923706055,19.459999084472656,19.5,14955300
2017-08-15,14.12000560760498,19.780000686645508,19.899999618530273,19.690000534057617,19.760000228881836,11605500
2017-08-16,14.141422271728516,19.809999465942383,19.90999984741211,19.700000762939453,19.860000610351562,14771800
2017-08-17,14.127144813537598,19.790000915527344,19.850000381469727,19.68000030517578,19.75,5673300
2017-08-18,14.105728149414062,19.760000228881836,19.829999923706055,19.649999618530273,19.81999969482422,13220100
2017-08-21,14.091452598571777,19.739999771118164,19.809999465942383,19.68000030517578,19.760000228881836,13183900
2017-08-22,14.098591804504395,19.75,19.969999313354492,19.6299991607666,19.850000381469727,17661900
2017-08-23,14.16283893585205,19.84000015258789,19.899999618530273,19.6200008392334,19.690000534057617,8926700
2017-08-24,14.134282112121582,19.799999237060547,19.90999984741211,19.739999771118164,19.8700008392334,13754800
2017-08-25,14.169974327087402,19.850000381469727,19.899999618530273,19.770000457763672,19.770000457763672,6472500
2017-08-28,14.169974327087402,19.850000381469727,19.899999618530273,19.75,19.850000381469727,4165300
2017-08-29,14.205667495727539,19.899999618530273,19.920000076293945,19.799999237060547,19.809999465942383,4590700
2017-08-30,14.191389083862305,19.8799991607666,20.0,19.739999771118164,19.959999084472656,8532700
2017-08-31,14.177114486694336,19.860000610351562,19.90999984741211,19.770000457763672,19.770000457763672,11193000
2017-09-01,14.105728149414062,19.760000228881836,19.959999084472656,19.760000228881836,19.93000030517578,17630300
2017-09-04,14.08431339263916,19.729999542236328,19.809999465942383,19.600000381469727,19.760000228881836,12235200
2017-09-05,14.1485595703125,19.81999969482422,19.940000534057617,19.709999084472656,19.899999618530273,18386200
2017-09-06,14.369854927062988,20.1299991607666,20.270000457763672,19.889999389648438,19.93000030517578,20127000
2017-09-07,14.369854927062988,20.1299991607666,20.1299991607666,20.1299991607666,20.1299991607666,0
2017-09-08,14.348438262939453,20.100000381469727,20.3700008392334,19.889999389648438,20.350000381469727,14593900
2017-09-11,14.462655067443848,20.260000228881836,20.399999618530273,20.1299991607666,20.15999984741211,11151500
2017-09-12,14.998042106628418,21.010000228881836,21.209999084472656,20.34000015258789,20.389999389648438,28439700
2017-09-13,15.119400024414062,21.18000030517578,21.31999969482422,20.93000030517578,21.0,11039100
2017-09-14,15.126534461975098,21.190000534057617,21.360000610351562,21.040000915527344,21.18000030517578,8081100
2017-09-15,15.319279670715332,21.459999084472656,21.459999084472656,21.09000015258789,21.329999923706055,26245400
2017-09-18,15.133679389953613,21.200000762939453,21.469999313354492,21.1200008392334,21.420000076293945,13922900
2017-09-19,15.276447296142578,21.399999618530273,21.479999542236328,21.170000076293945,21.200000762939453,10078900
2017-09-20,15.333555221557617,21.479999542236328,21.479999542236328,21.200000762939453,21.360000610351562,17051700
2017-09-21,15.247893333435059,21.360000610351562,21.700000762939453,21.270000457763672,21.5,9042900
2017-09-22,15.362110137939453,21.520000457763672,21.6200008392334,21.360000610351562,21.3799991607666,12365600
2017-09-25,15.347832679748535,21.5,21.579999923706055,21.360000610351562,21.520000457763672,8295000
2017-09-26,15.119400024414062,21.18000030517578,21.600000381469727,21.110000610351562,21.600000381469727,24397700
2017-09-27,15.06229305267334,21.100000381469727,21.280000686645508,20.829999923706055,21.270000457763672,13320700
2017-09-28,15.033740043640137,21.059999465942383,21.209999084472656,21.030000686645508,21.18000030517578,10429400
2017-09-29,15.019462585449219,21.040000915527344,21.190000534057617,20.829999923706055,21.1200008392334,13225300
2017-10-02,14.776752471923828,20.700000762939453,20.920000076293945,20.479999542236328,20.920000076293945,17620100
2017-10-03,15.290724754333496,21.420000076293945,21.510000228881836,20.59000015258789,20.68000030517578,20186000
2017-10-04,15.133679389953613,21.200000762939453,21.5,21.079999923706055,21.3700008392334,13302000
2017-10-05,15.1550931930542,21.229999542236328,21.549999237060547,21.190000534057617,21.350000381469727,17195000
2017-10-06,15.040878295898438,21.06999969482422,21.1299991607666,20.889999389648438,21.110000610351562,7564200
2017-10-09,15.040878295898438,21.06999969482422,21.200000762939453,20.8700008392334,20.959999084472656,5283100
2017-10-10,15.39066219329834,21.559999465942383,21.829999923706055,21.200000762939453,21.309999465942383,32801000
2017-10-11,15.440634727478027,21.6299991607666,21.739999771118164,21.43000030517578,21.610000610351562,26552700
2017-10-12,15.440634727478027,21.6299991607666,21.6299991607666,21.6299991607666,21.6299991607666,0
2017-10-13,15.797558784484863,22.1299991607666,22.700000762939453,21.809999465942383,21.850000381469727,26243900
2017-10-16,15.647650718688965,21.920000076293945,22.25,21.760000228881836,22.25,13271300
2017-10-17,15.52629566192627,21.75,21.989999771118164,21.639999389648438,21.920000076293945,7051900
2017-10-18,15.547711372375488,21.780000686645508,21.940000534057617,21.68000030517578,21.799999237060547,14515700
2017-10-19,15.583402633666992,21.829999923706055,21.860000610351562,21.459999084472656,21.700000762939453,7696100
2017-10-20,15.369248390197754,21.530000686645508,21.90999984741211,21.459999084472656,21.829999923706055,11901300
2017-10-23,15.205062866210938,21.299999237060547,21.649999618530273,21.18000030517578,21.649999618530273,8081700
2017-10-24,15.219338417053223,21.31999969482422,21.440000534057617,21.239999771118164,21.440000534057617,11173800
2017-10-25,15.126534461975098,21.190000534057617,21.450000762939453,20.81999969482422,21.399999618530273,15875200
2017-10-26,15.019462585449219,21.040000915527344,21.299999237060547,20.850000381469727,21.280000686645508,11557100
2017-10-27,14.926657676696777,20.90999984741211,21.329999923706055,20.889999389648438,21.15999984741211,14504400
2017-10-30,14.96235179901123,20.959999084472656,20.989999771118164,20.649999618530273,20.8700008392334,17553000
2017-10-31,14.919523239135742,20.899999618530273,21.170000076293945,20.739999771118164,21.049999237060547,14383100
2017-11-01,14.805306434631348,20.739999771118164,21.219999313354492,20.739999771118164,21.0,16742000
2017-11-02,14.805306434631348,20.739999771118164,20.739999771118164,20.739999771118164,20.739999771118164,0
2017-11-03,14.705363273620605,20.600000381469727,20.780000686645508,20.43000030517578,20.739999771118164,20765200
2017-11-06,14.6625337600708,20.540000915527344,20.739999771118164,20.389999389648438,20.649999618530273,12867100
2017-11-07,14.419827461242676,20.200000762939453,20.530000686645508,20.100000381469727,20.43000030517578,17643000
2017-11-08,14.469793319702148,20.270000457763672,20.40999984741211,19.860000610351562,20.149999618530273,19153700
2017-11-09,14.434101104736328,20.219999313354492,20.3700008392334,20.06999969482422,20.34000015258789,12872400
2017-11-10,14.426960945129395,20.209999084472656,20.3700008392334,19.950000762939453,20.31999969482422,15202100
2017-11-13,14.434101104736328,20.219999313354492,20.34000015258789,19.989999771118164,20.200000762939453,9161800
2017-11-14,14.419827461242676,20.200000762939453,20.389999389648438,20.200000762939453,20.270000457763672,14925800
2017-11-15,14.419827461242676,20.200000762939453,20.200000762939453,20.200000762939453,20.200000762939453,0
2017-11-16,14.576871871948242,20.420000076293945,20.59000015258789,20.190000534057617,20.219999313354492,15850600
2017-11-17,14.6625337600708,20.540000915527344,20.68000030517578,20.299999237060547,20.389999389648438,9254300
2017-11-20,14.6625337600708,20.540000915527344,20.540000915527344,20.540000915527344,20.540000915527344,0
2017-11-21,14.855274200439453,20.809999465942383,20.950000762939453,20.510000228881836,20.68000030517578,13285900
2017-11-22,14.869551658630371,20.829999923706055,21.030000686645508,20.700000762939453,20.709999084472656,16883600
2017-11-23,14.783889770507812,20.709999084472656,20.850000381469727,20.510000228881836,20.75,5661300
2017-11-24,14.719644546508789,20.6200008392334,20.739999771118164,20.520000457763672,20.65999984741211,4749100
2017-11-27,14.805306434631348,20.739999771118164,20.780000686645508,20.360000610351562,20.600000381469727,8687300
2017-11-28,14.83385944366455,20.780000686645508,20.979999542236328,20.639999389648438,20.770000457763672,15988200
2017-11-29,14.676815032958984,20.559999465942383,20.959999084472656,20.510000228881836,20.959999084472656,15064800
2017-11-30,14.676815032958984,20.559999465942383,20.709999084472656,20.350000381469727,20.5,24640800
2017-12-01,14.598286628723145,20.450000762939453,20.520000457763672,20.299999237060547,20.450000762939453,7933800
2017-12-04,14.691088676452637,20.579999923706055,20.739999771118164,20.399999618530273,20.489999771118164,11058600
2017-12-05,14.669669151306152,20.549999237060547,20.899999618530273,20.479999542236328,20.510000228881836,15592800
2017-12-06,14.783889770507812,20.709999084472656,20.799999237060547,20.40999984741211,20.40999984741211,8274000
2017-12-07,14.791029930114746,20.719999313354492,20.799999237060547,20.360000610351562,20.540000915527344,12967300
2017-12-08,15.005184173583984,21.020000457763672,21.100000381469727,20.739999771118164,20.790000915527344,18886800
2017-12-11,15.09798526763916,21.149999618530273,21.18000030517578,20.93000030517578,21.049999237060547,13067700
2017-12-12,15.347832679748535,21.5,21.5,20.940000534057617,21.100000381469727,23500800
2017-12-13,15.026597023010254,21.049999237060547,21.719999313354492,21.010000228881836,21.649999618530273,27138100
2017-12-14,14.969489097595215,20.969999313354492,21.100000381469727,20.75,21.100000381469727,18025500
2017-12-15,14.919523239135742,20.899999618530273,21.09000015258789,20.790000915527344,20.899999618530273,18692900
2017-12-18,14.926657676696777,20.90999984741211,21.059999465942383,20.790000915527344,20.969999313354492,18404300
2017-12-19,14.919414520263672,20.59000015258789,20.649999618530273,20.459999084472656,20.639999389648438,8259800
2017-12-20,14.999119758605957,20.700000762939453,20.719999313354492,20.559999465942383,20.600000381469727,8924800
2017-12-21,15.194759368896484,20.969999313354492,21.049999237060547,20.600000381469727,20.700000762939453,18289100
2017-12-22,15.238236427307129,21.030000686645508,21.139999389648438,20.780000686645508,20.950000762939453,9495400
2017-12-25,15.238236427307129,21.030000686645508,21.030000686645508,21.030000686645508,21.030000686645508,0
2017-12-26,15.397645950317383,21.25,21.34000015258789,20.90999984741211,21.030000686645508,8193200
2017-12-27,15.506338119506836,21.399999618530273,21.469999313354492,21.270000457763672,21.270000457763672,5441900
2017-12-28,15.419384956359863,21.280000686645508,21.450000762939453,21.229999542236328,21.399999618530273,9896000
2017-12-29,15.419384956359863,21.280000686645508,21.280000686645508,21.280000686645508,21.280000686645508,0
2018-01-02,15.716468811035156,21.690000534057617,21.75,21.170000076293945,21.329999923706055,12717900
2018-01-03,15.752700805664062,21.739999771118164,21.969999313354492,21.559999465942383,21.559999465942383,9389900
2018-01-04,15.66574764251709,21.6200008392334,21.81999969482422,21.489999771118164,21.739999771118164,9150100
2018-01-05,15.72371768951416,21.700000762939453,21.75,21.540000915527344,21.6200008392334,11510200
2018-01-08,15.694730758666992,21.65999984741211,21.700000762939453,21.489999771118164,21.700000762939453,7074000
2018-01-09,15.651256561279297,21.600000381469727,21.690000534057617,21.520000457763672,21.649999618530273,5850700
2018-01-10,15.651256561279297,21.600000381469727,21.719999313354492,21.440000534057617,21.450000762939453,5434100
2018-01-11,15.832406044006348,21.850000381469727,21.8700008392334,21.520000457763672,21.700000762939453,8663800
2018-01-12,15.651256561279297,21.600000381469727,21.940000534057617,21.459999084472656,21.690000534057617,15529600
2018-01-15,15.81066608428955,21.81999969482422,21.850000381469727,21.600000381469727,21.600000381469727,4853800
2018-01-16,15.868632316589355,21.899999618530273,22.06999969482422,21.799999237060547,21.81999969482422,9196800
2018-01-17,15.962830543518066,22.030000686645508,22.059999465942383,21.799999237060547,21.950000762939453,11318200
2018-01-18,15.883123397827148,21.920000076293945,22.079999923706055,21.84000015258789,21.920000076293945,7703100
2018-01-19,15.941094398498535,22.0,22.059999465942383,21.829999923706055,21.989999771118164,10712900
2018-01-22,15.868632316589355,21.899999618530273,21.989999771118164,21.84000015258789,21.889999389648438,9900600
2018-01-23,15.81066608428955,21.81999969482422,22.0,21.65999984741211,21.889999389648438,9624900
2018-01-24,15.861387252807617,21.889999389648438,22.030000686645508,21.6200008392334,21.959999084472656,21173700
2018-01-25,15.861387252807617,21.889999389648438,21.889999389648438,21.889999389648438,21.889999389648438,0
2018-01-26,15.854142189025879,21.8799991607666,21.93000030517578,21.709999084472656,21.90999984741211,14872900
2018-01-29,15.825157165527344,21.84000015258789,21.850000381469727,21.68000030517578,21.799999237060547,8321700
2018-01-30,15.846895217895508,21.8700008392334,22.0,21.729999542236328,21.729999542236328,12080100
2018-01-31,15.904866218566895,21.950000762939453,22.260000228881836,21.920000076293945,21.959999084472656,12252600
2018-02-01,16.159284591674805,22.229999542236328,22.520000457763672,22.030000686645508,22.030000686645508,23424100
2018-02-02,15.999361038208008,22.010000228881836,22.110000610351562,21.690000534057617,21.920000076293945,12316800
2018-02-05,15.759481430053711,21.68000030517578,22.0,21.68000030517578,21.84000015258789,12556400
2018-02-06,15.715866088867188,21.6200008392334,21.84000015258789,21.100000381469727,21.520000457763672,18958500
2018-02-07,15.715866088867188,21.6200008392334,22.030000686645508,21.479999542236328,21.68000030517578,12915900
2018-02-08,15.744943618774414,21.65999984741211,21.920000076293945,21.510000228881836,21.709999084472656,20079400
2018-02-09,15.621368408203125,21.489999771118164,21.790000915527344,21.25,21.579999923706055,17136400
2018-02-14,16.166553497314453,22.239999771118164,22.399999618530273,21.65999984741211,21.709999084472656,17857000
2018-02-15,16.210166931152344,22.299999237060547,22.450000762939453,22.219999313354492,22.239999771118164,10312600
2018-02-16,16.30466651916504,22.43000030517578,22.520000457763672,22.049999237060547,22.270000457763672,13084500
2018-02-19,16.239242553710938,22.34000015258789,22.510000228881836,22.200000762939453,22.469999313354492,2501800
2018-02-20,16.50819969177246,22.709999084472656,22.709999084472656,22.149999618530273,22.229999542236328,15588100
2018-02-21,16.28285789489746,22.399999618530273,22.81999969482422,22.3700008392334,22.780000686645508,22576300
2018-02-22,16.29739761352539,22.420000076293945,22.5,22.25,22.450000762939453,16270400
2018-02-23,15.970287322998047,21.969999313354492,22.649999618530273,21.81999969482422,22.479999542236328,32687400
2018-02-26,16.10112953186035,22.149999618530273,22.239999771118164,21.799999237060547,22.219999313354492,19128700
2018-02-27,16.152013778686523,22.219999313354492,22.350000381469727,22.049999237060547,22.25,9223300
2018-02-28,15.992094039916992,22.0,22.389999389648438,22.0,22.299999237060547,62731700
2018-03-01,16.239242553710938,22.34000015258789,22.739999771118164,22.100000381469727,22.68000030517578,20943200
2018-03-02,16.4137020111084,22.579999923706055,22.579999923706055,22.020000457763672,22.219999313354492,13813000
2018-03-05,16.37009048461914,22.520000457763672,22.81999969482422,22.3799991607666,22.399999618530273,13439700
2018-03-06,16.55181884765625,22.770000457763672,22.920000076293945,22.440000534057617,22.56999969482422,16957900
2018-03-07,16.76988983154297,23.06999969482422,23.15999984741211,22.639999389648438,22.739999771118164,13617400
2018-03-08,16.93707847595215,23.299999237060547,23.479999542236328,22.940000534057617,22.959999084472656,16683100
2018-03-09,17.038846969604492,23.440000534057617,23.549999237060547,23.239999771118164,23.350000381469727,10929200
2018-03-12,17.43138313293457,23.979999542236328,24.139999389648438,23.31999969482422,23.440000534057617,18557700
2018-03-13,17.416845321655273,23.959999084472656,24.149999618530273,23.729999542236328,24.020000457763672,8862600
2018-03-14,17.642189025878906,24.270000457763672,24.34000015258789,23.81999969482422,23.81999969482422,8575500
2018-03-15,17.358688354492188,23.8799991607666,24.299999237060547,23.799999237060547,24.059999465942383,20333500
2018-03-16,17.162424087524414,23.610000610351562,23.979999542236328,23.540000915527344,23.799999237060547,20736400
2018-03-19,17.293270111083984,23.790000915527344,23.799999237060547,23.309999465942383,23.479999542236328,9433700
2018-03-20,17.220577239990234,23.690000534057617,23.950000762939453,23.56999969482422,23.950000762939453,8410300
2018-03-21,17.365955352783203,23.889999389648438,24.06999969482422,23.559999465942383,23.6200008392334,9439300
2018-03-22,17.45318603515625,24.010000228881836,24.079999923706055,23.729999542236328,23.989999771118164,10445800
2018-03-23,17.387767791748047,23.920000076293945,24.149999618530273,23.780000686645508,23.780000686645508,8839900
2018-03-26,17.445919036865234,24.0,24.149999618530273,23.670000076293945,24.149999618530273,9371800
2018-03-27,17.329614639282227,23.84000015258789,24.06999969482422,23.68000030517578,23.959999084472656,10656100
2018-03-28,17.31507682800293,23.81999969482422,23.969999313354492,23.600000381469727,23.68000030517578,8930200
2018-03-29,17.496803283691406,24.06999969482422,24.209999084472656,23.780000686645508,23.81999969482422,12454500
2018-04-02,17.336883544921875,23.850000381469727,24.1299991607666,23.75,24.06999969482422,5557700
2018-04-03,17.591304779052734,24.200000762939453,24.200000762939453,23.8700008392334,23.899999618530273,9681500
2018-04-04,17.584033966064453,24.190000534057617,24.280000686645508,23.860000610351562,23.889999389648438,12759600
2018-04-05,17.467727661132812,24.030000686645508,24.559999465942383,24.030000686645508,24.389999389648438,12111900
2018-04-06,16.900733947753906,23.25,23.520000457763672,22.920000076293945,23.520000457763672,24189300
2018-04-09,16.929813385009766,23.290000915527344,23.469999313354492,23.059999465942383,23.059999465942383,16524900
2018-04-10,17.300537109375,23.799999237060547,23.850000381469727,23.270000457763672,23.420000076293945,15457400
2018-04-11,17.336883544921875,23.850000381469727,24.049999237060547,23.610000610351562,23.610000610351562,11508300
2018-04-12,16.929813385009766,23.290000915527344,24.0,23.209999084472656,23.959999084472656,12543200
2018-04-13,16.908004760742188,23.260000228881836,23.43000030517578,23.030000686645508,23.280000686645508,13368500
2018-04-16,16.7044677734375,22.979999542236328,23.3799991607666,22.850000381469727,23.260000228881836,21613800
2018-04-17,16.798969268798828,23.110000610351562,23.260000228881836,22.770000457763672,23.020000457763672,11712400
2018-04-18,16.973426818847656,23.350000381469727,23.530000686645508,23.049999237060547,23.229999542236328,21079600
2018-04-19,17.082460403442383,23.5,23.5,23.139999389648438,23.219999313354492,15997900
2018-04-20,17.03158187866211,23.43000030517578,23.510000228881836,23.209999084472656,23.450000762939453,8479200
2018-04-23,17.046119689941406,23.450000762939453,23.549999237060547,23.229999542236328,23.309999465942383,8104000
2018-04-24,16.94434928894043,23.309999465942383,23.649999618530273,23.280000686645508,23.520000457763672,11955300
2018-04-25,16.84258270263672,23.170000076293945,23.350000381469727,23.100000381469727,23.219999313354492,9453300
2018-04-26,16.94434928894043,23.309999465942383,23.59000015258789,23.15999984741211,23.15999984741211,12020200
2018-04-27,16.849851608276367,23.18000030517578,23.520000457763672,23.18000030517578,23.510000228881836,8596100
2018-04-30,16.958887100219727,23.329999923706055,23.479999542236328,23.219999313354492,23.229999542236328,6094800
2018-05-02,16.4791259765625,22.670000076293945,23.350000381469727,22.540000915527344,23.170000076293945,19421600
2018-05-03,16.428241729736328,22.600000381469727,22.860000610351562,22.530000686645508,22.540000915527344,11561100
2018-05-04,16.355548858642578,22.5,22.780000686645508,22.420000076293945,22.469999313354492,23312500
2018-05-07,16.239242553710938,22.34000015258789,22.68000030517578,22.229999542236328,22.6299991607666,12905400
2018-05-08,16.311935424804688,22.440000534057617,22.719999313354492,22.229999542236328,22.25,23215000
2018-05-09,15.926671028137207,21.90999984741211,22.350000381469727,21.84000015258789,22.350000381469727,32018000
2018-05-10,15.846712112426758,21.799999237060547,22.06999969482422,21.690000534057617,22.040000915527344,27321400
2018-05-11,15.883056640625,21.850000381469727,21.920000076293945,21.6299991607666,21.799999237060547,9202600
2018-05-14,15.78128719329834,21.709999084472656,22.0,21.690000534057617,21.860000610351562,13097400
2018-05-15,15.59956169128418,21.459999084472656,21.579999923706055,21.350000381469727,21.510000228881836,13753400
2018-05-16,15.635906219482422,21.510000228881836,21.739999771118164,21.34000015258789,21.389999389648438,15282900
2018-05-17,15.330601692199707,21.09000015258789,21.489999771118164,21.0,21.440000534057617,23567200
2018-05-18,14.996221542358398,20.6299991607666,20.889999389648438,20.229999542236328,20.809999465942383,64364800
2018-05-21,14.756340026855469,20.299999237060547,20.780000686645508,20.219999313354492,20.59000015258789,27295100
2018-05-22,14.647300720214844,20.149999618530273,20.450000762939453,20.040000915527344,20.450000762939453,26645200
2018-05-23,14.574612617492676,20.049999237060547,20.299999237060547,20.030000686645508,20.059999465942383,19890600
2018-05-24,14.77814769744873,20.329999923706055,20.389999389648438,19.8700008392334,19.920000076293945,21344000
2018-05-25,14.654570579528809,20.15999984741211,20.360000610351562,19.969999313354492,20.280000686645508,23578900
2018-05-28,14.363805770874023,19.760000228881836,20.079999923706055,19.549999237060547,19.8700008392334,12122600
2018-05-29,14.240230560302734,19.59000015258789,19.959999084472656,19.389999389648438,19.799999237060547,21280400
2018-05-30,14.312923431396484,19.690000534057617,19.93000030517578,19.440000534057617,19.559999465942383,32485100
2018-06-01,14.494650840759277,19.940000534057617,20.09000015258789,19.600000381469727,19.600000381469727,14595000
2018-06-04,14.567340850830078,20.040000915527344,20.31999969482422,20.0,20.149999618530273,11908700
2018-06-05,14.363805770874023,19.760000228881836,20.18000030517578,19.729999542236328,20.020000457763672,19039400
2018-06-06,14.19661808013916,19.530000686645508,19.84000015258789,19.3799991607666,19.719999313354492,17144300
2018-06-07,13.869507789611816,19.079999923706055,19.6200008392334,18.920000076293945,19.190000534057617,32312300
2018-06-08,13.782273292541504,18.959999084472656,19.190000534057617,18.81999969482422,19.110000610351562,18958000
2018-06-11,13.804084777832031,18.989999771118164,19.18000030517578,18.850000381469727,18.920000076293945,14660000
2018-06-12,13.72412395477295,18.8799991607666,19.079999923706055,18.760000228881836,18.940000534057617,15225500
2018-06-13,13.60054874420166,18.709999084472656,18.959999084472656,18.5,18.899999618530273,16002800
2018-06-14,13.760468482971191,18.93000030517578,19.18000030517578,18.719999313354492,18.770000457763672,20899000
2018-06-15,13.607818603515625,18.719999313354492,18.969999313354492,18.399999618530273,18.899999618530273,33244000
2018-06-18,13.593154907226562,18.540000915527344,18.729999542236328,18.149999618530273,18.299999237060547,19846300
2018-06-19,13.783781051635742,18.799999237060547,18.989999771118164,18.399999618530273,18.530000686645508,18676900
2018-06-20,13.593154907226562,18.540000915527344,18.93000030517578,18.420000076293945,18.920000076293945,19540200
2018-06-21,13.292551040649414,18.1299991607666,18.670000076293945,18.1299991607666,18.5,12710600
2018-06-22,13.314545631408691,18.15999984741211,18.5,18.059999465942383,18.25,10671500
2018-06-25,13.358534812927246,18.219999313354492,18.450000762939453,18.139999389648438,18.200000762939453,10669300
2018-06-26,13.263223648071289,18.09000015258789,18.31999969482422,17.790000915527344,18.270000457763672,19940100
2018-06-27,13.1605806350708,17.950000762939453,18.219999313354492,17.8700008392334,17.940000534057617,11532700
2018-06-28,13.204568862915039,18.010000228881836,18.18000030517578,17.84000015258789,17.93000030517578,10416400
2018-06-29,13.182575225830078,17.979999542236328,18.309999465942383,17.93000030517578,18.09000015258789,13306900
2018-07-02,13.299880981445312,18.139999389648438,18.239999771118164,17.799999237060547,17.93000030517578,7294300
2018-07-03,13.263223648071289,18.09000015258789,18.40999984741211,18.09000015258789,18.139999389648438,10977800
2018-07-04,13.27055549621582,18.100000381469727,18.239999771118164,17.979999542236328,18.110000610351562,7882400
2018-07-05,13.490509986877441,18.399999618530273,18.43000030517578,18.010000228881836,18.149999618530273,11574400
2018-07-06,13.263223648071289,18.09000015258789,18.399999618530273,17.979999542236328,18.399999618530273,19331000
2018-07-10,13.336539268493652,18.190000534057617,18.209999084472656,18.010000228881836,18.139999389648438,12608800
2018-07-11,13.131251335144043,17.90999984741211,18.260000228881836,17.799999237060547,18.200000762939453,13464200
2018-07-12,13.373199462890625,18.239999771118164,18.299999237060547,17.90999984741211,17.90999984741211,18946300
2018-07-13,13.519835472106934,18.440000534057617,18.479999542236328,18.170000076293945,18.25,11875400
2018-07-16,13.893757820129395,18.950000762939453,19.030000686645508,18.530000686645508,18.530000686645508,18208300
2018-07-17,14.055058479309082,19.170000076293945,19.3700008392334,18.90999984741211,18.959999084472656,14126700
2018-07-18,13.754450798034668,18.760000228881836,19.229999542236328,18.65999984741211,19.110000610351562,11851300
2018-07-19,13.842434883117676,18.8799991607666,18.8799991607666,18.450000762939453,18.610000610351562,10294600
2018-07-20,13.776450157165527,18.790000915527344,19.280000686645508,18.700000762939453,19.200000762939453,14247100
2018-07-23,13.673803329467773,18.649999618530273,18.90999984741211,18.520000457763672,18.790000915527344,6126000
2018-07-24,13.90842056274414,18.969999313354492,19.040000915527344,18.670000076293945,18.75,13453000
2018-07-25,13.857100486755371,18.899999618530273,19.0,18.690000534057617,18.969999313354492,14883100
2018-07-26,14.582945823669434,19.889999389648438,19.940000534057617,19.510000228881836,19.649999618530273,33046900
2018-07-27,14.524293899536133,19.809999465942383,20.299999237060547,19.709999084472656,19.950000762939453,16978200
2018-07-30,14.443643569946289,19.700000762939453,19.790000915527344,19.559999465942383,19.65999984741211,12744700
2018-07-31,14.2310209274292,19.40999984741211,19.790000915527344,19.239999771118164,19.700000762939453,13110300
2018-08-01,14.26034927368164,19.450000762939453,19.709999084472656,19.360000610351562,19.450000762939453,9261100
2018-08-02,14.14303970336914,19.290000915527344,19.440000534057617,19.209999084472656,19.299999237060547,8645900
2018-08-03,14.150368690490723,19.299999237060547,19.579999923706055,19.209999084472656,19.3799991607666,13735700
2018-08-06,14.150368690490723,19.299999237060547,19.40999984741211,19.170000076293945,19.350000381469727,6327100
2018-08-07,14.055058479309082,19.170000076293945,19.34000015258789,19.059999465942383,19.299999237060547,14107500
2018-08-08,14.047727584838867,19.15999984741211,19.329999923706055,19.020000457763672,19.1200008392334,21203400
2018-08-09,14.128376960754395,19.270000457763672,19.440000534057617,19.100000381469727,19.1200008392334,14312100
2018-08-10,13.864433288574219,18.90999984741211,19.219999313354492,18.889999389648438,19.15999984741211,18932500
2018-08-13,14.033060073852539,19.139999389648438,19.209999084472656,18.700000762939453,18.829999923706055,10336600
2018-08-14,14.2310209274292,19.40999984741211,19.459999084472656,19.100000381469727,19.270000457763672,20005300
2018-08-15,14.238353729248047,19.420000076293945,19.59000015258789,19.200000762939453,19.200000762939453,17960100
2018-08-16,13.937746047973633,19.010000228881836,19.43000030517578,18.969999313354492,19.34000015258789,10816900
2018-08-17,14.06238842010498,19.18000030517578,19.299999237060547,18.56999969482422,18.950000762939453,20326000
2018-08-20,14.040392875671387,19.149999618530273,19.260000228881836,18.920000076293945,19.049999237060547,13221500
2018-08-21,13.915752410888672,18.979999542236328,19.280000686645508,18.850000381469727,19.030000686645508,11065800
2018-08-22,13.857100486755371,18.899999618530273,19.040000915527344,18.760000228881836,18.979999542236328,11062000
2018-08-23,13.88642692565918,18.940000534057617,19.15999984741211,18.75,18.93000030517578,14962400
2018-08-24,13.981739044189453,19.06999969482422,19.15999984741211,18.940000534057617,18.959999084472656,13921900
2018-08-27,14.025728225708008,19.1299991607666,19.260000228881836,19.030000686645508,19.100000381469727,14945900
2018-08-28,14.003734588623047,19.100000381469727,19.149999618530273,19.0,19.1299991607666,11838900
2018-08-29,14.113712310791016,19.25,19.469999313354492,19.079999923706055,19.1200008392334,12853800
2018-08-30,13.930416107177734,19.0,19.229999542236328,18.729999542236328,19.149999618530273,18010200
2018-08-31,13.820440292358398,18.850000381469727,19.040000915527344,18.68000030517578,18.959999084472656,26640800
2018-09-03,13.659140586853027,18.6299991607666,18.920000076293945,18.540000915527344,18.899999618530273,4966100
2018-09-04,13.204568862915039,18.010000228881836,18.649999618530273,18.010000228881836,18.639999389648438,19372200
2018-09-05,13.299880981445312,18.139999389648438,18.350000381469727,18.0,18.010000228881836,15790000
2018-09-06,13.431855201721191,18.31999969482422,18.469999313354492,17.979999542236328,18.25,16262200
2018-09-10,13.409859657287598,18.290000915527344,18.450000762939453,18.190000534057617,18.31999969482422,11868100
2018-09-11,13.336539268493652,18.190000534057617,18.239999771118164,17.889999389648438,18.149999618530273,14217500
2018-09-12,13.527170181274414,18.450000762939453,18.56999969482422,18.1299991607666,18.209999084472656,14075600
2018-09-13,13.439186096191406,18.329999923706055,18.510000228881836,18.209999084472656,18.3799991607666,10927000
2018-09-14,13.36586856842041,18.229999542236328,18.450000762939453,18.06999969482422,18.260000228881836,10265000
2018-09-17,13.461182594299316,18.360000610351562,18.40999984741211,18.139999389648438,18.149999618530273,15714800
2018-09-18,13.776450157165527,18.790000915527344,18.959999084472656,18.280000686645508,18.280000686645508,14866400
2018-09-19,13.776450157165527,18.790000915527344,18.93000030517578,18.549999237060547,18.639999389648438,13022400
2018-09-20,13.747119903564453,18.75,18.979999542236328,18.68000030517578,18.979999542236328,7134900
2018-09-21,13.820440292358398,18.850000381469727,19.18000030517578,18.799999237060547,18.850000381469727,19894000
2018-09-24,13.483176231384277,18.389999389648438,18.81999969482422,18.34000015258789,18.790000915527344,12892100
2018-09-25,13.490509986877441,18.399999618530273,18.510000228881836,18.15999984741211,18.25,11472300
2018-09-26,13.710464477539062,18.700000762939453,18.899999618530273,18.299999237060547,18.399999618530273,10959200
2018-09-27,13.549163818359375,18.479999542236328,18.950000762939453,18.440000534057617,18.790000915527344,25704700
2018-09-28,13.44651985168457,18.34000015258789,18.5,18.25,18.3700008392334,9047100
2018-10-01,13.512504577636719,18.43000030517578,18.549999237060547,18.350000381469727,18.350000381469727,6236800
2018-10-02,13.380531311035156,18.25,18.799999237060547,17.979999542236328,18.790000915527344,26709600
2018-10-03,13.292551040649414,18.1299991607666,18.739999771118164,18.030000686645508,18.739999771118164,21377300
2018-10-04,13.10192584991455,17.8700008392334,18.200000762939453,17.65999984741211,18.149999618530273,12303600
2018-10-05,12.940622329711914,17.649999618530273,18.079999923706055,17.520000457763672,18.040000915527344,16164800
2018-10-08,13.197237968444824,18.0,18.350000381469727,17.84000015258789,18.0,26644000
2018-10-09,12.815983772277832,17.479999542236328,18.139999389648438,17.420000076293945,18.1200008392334,19569800
2018-10-10,12.61069393157959,17.200000762939453,17.489999771118164,17.200000762939453,17.420000076293945,11261500
2018-10-11,12.456725120544434,16.989999771118164,17.299999237060547,16.920000076293945,17.299999237060547,14529800
2018-10-15,12.41273307800293,16.93000030517578,17.18000030517578,16.860000610351562,17.149999618530273,15583600
2018-10-16,12.76466178894043,17.40999984741211,17.459999084472656,16.989999771118164,17.0,13766600
2018-10-17,12.500717163085938,17.049999237060547,17.350000381469727,17.040000915527344,17.299999237060547,14503400
2018-10-18,12.207443237304688,16.649999618530273,17.1299991607666,16.649999618530273,17.049999237060547,14101200
2018-10-19,12.361412048339844,16.860000610351562,16.959999084472656,16.559999465942383,16.799999237060547,8740300
2018-10-22,12.332083702087402,16.81999969482422,17.040000915527344,16.56999969482422,16.940000534057617,20248500
2018-10-23,12.192780494689941,16.6299991607666,16.780000686645508,16.489999771118164,16.65999984741211,23081500
2018-10-24,11.650227546691895,15.890000343322754,16.700000762939453,15.880000114440918,16.700000762939453,32261600
2018-10-25,10.997698783874512,15.0,15.09000015258789,14.539999961853027,14.800000190734863,80816400
2018-10-26,11.137001037597656,15.1899995803833,15.489999771118164,14.789999961853027,15.149999618530273,39461900
2018-10-29,11.31296443939209,15.430000305175781,15.680000305175781,15.3100004196167,15.479999542236328,31727000
2018-10-30,11.767535209655762,16.049999237060547,16.1299991607666,15.479999542236328,15.5600004196167,34851100
2018-10-31,11.980158805847168,16.34000015258789,16.3700008392334,15.949999809265137,16.190000534057617,27263000
2018-11-01,12.002154350280762,16.3700008392334,16.450000762939453,16.139999389648438,16.3700008392334,22441600
2018-11-05,12.068140029907227,16.459999084472656,16.549999237060547,16.219999313354492,16.5,19580700
2018-11-06,12.200112342834473,16.639999389648438,16.799999237060547,16.15999984741211,16.31999969482422,18079800
2018-11-07,11.987491607666016,16.350000381469727,16.8799991607666,16.31999969482422,16.719999313354492,16523600
2018-11-08,11.518254280090332,15.710000038146973,16.639999389648438,15.680000305175781,16.399999618530273,20668200
2018-11-09,11.789533615112305,16.079999923706055,16.1299991607666,15.710000038146973,15.789999961853027,20738100
2018-11-12,11.694217681884766,15.949999809265137,16.209999084472656,15.789999961853027,16.040000915527344,11207200
2018-11-13,11.554915428161621,15.760000228881836,16.15999984741211,15.59000015258789,16.049999237060547,17448400
2018-11-14,11.752873420715332,16.030000686645508,16.100000381469727,15.680000305175781,15.699999809265137,18774300
2018-11-16,12.097467422485352,16.5,16.5,16.059999465942383,16.100000381469727,19753600
2018-11-19,12.068140029907227,16.459999084472656,16.469999313354492,16.06999969482422,16.469999313354492,14540100
2018-11-21,12.00948715209961,16.3799991607666,16.399999618530273,15.930000305175781,16.25,14321100
2018-11-22,12.097467422485352,16.5,16.6200008392334,16.440000534057617,16.530000686645508,7567000
2018-11-23,11.877513885498047,16.200000762939453,16.56999969482422,16.100000381469727,16.5,15008800
2018-11-26,11.840853691101074,16.149999618530273,16.3700008392334,15.9399995803833,16.34000015258789,15378900
2018-11-27,12.126795768737793,16.540000915527344,16.65999984741211,15.8100004196167,16.149999618530273,21281800
2018-11-28,12.236772537231445,16.690000534057617,16.729999542236328,16.309999465942383,16.520000457763672,18701500
2018-11-29,12.200112342834473,16.639999389648438,16.850000381469727,16.350000381469727,16.559999465942383,22012600
2018-11-30,12.405402183532715,16.920000076293945,16.920000076293945,16.479999542236328,16.600000381469727,35082800
2018-12-03,12.273429870605469,16.739999771118164,17.010000228881836,16.56999969482422,17.0,27568700
2018-12-04,12.207443237304688,16.649999618530273,17.0,16.579999923706055,16.799999237060547,33320100
2018-12-05,12.126795768737793,16.540000915527344,16.760000228881836,16.43000030517578,16.75,9199200
2018-12-06,12.016817092895508,16.389999389648438,16.510000228881836,16.219999313354492,16.40999984741211,17966500
2018-12-07,11.811527252197266,16.110000610351562,16.389999389648438,16.059999465942383,16.3799991607666,16990500
2018-12-10,11.650227546691895,15.890000343322754,16.219999313354492,15.739999771118164,16.110000610351562,20788000
2018-12-11,11.694217681884766,15.949999809265137,16.190000534057617,15.880000114440918,15.979999542236328,18074400
2018-12-12,11.694217681884766,15.949999809265137,16.200000762939453,15.869999885559082,16.100000381469727,20917600
2018-12-13,11.965495109558105,16.31999969482422,16.350000381469727,16.030000686645508,16.030000686645508,13558900
2018-12-14,11.77486801147461,16.059999465942383,16.440000534057617,16.030000686645508,16.190000534057617,11488300
2018-12-17,11.804195404052734,16.100000381469727,16.190000534057617,16.0,16.1200008392334,15399600
2018-12-18,11.642895698547363,15.880000114440918,16.170000076293945,15.880000114440918,16.170000076293945,13908400
2018-12-19,11.523175239562988,15.399999618530273,15.890000343322754,15.399999618530273,15.800000190734863,13065100
2018-12-20,11.381006240844727,15.210000038146973,15.65999984741211,15.09000015258789,15.630000114440918,14676600
2018-12-21,11.351076126098633,15.170000076293945,15.329999923706055,14.90999984741211,15.260000228881836,46930400
2018-12-26,11.32862663269043,15.140000343322754,15.449999809265137,15.020000457763672,15.100000381469727,11460500
2018-12-27,11.298697471618652,15.100000381469727,15.399999618530273,15.050000190734863,15.140000343322754,12544400
2018-12-28,11.508210182189941,15.380000114440918,15.670000076293945,15.199999809265137,15.229999542236328,15498800
2019-01-02,12.084367752075195,16.149999618530273,16.299999237060547,15.399999618530273,15.399999618530273,18692900
2019-01-03,12.219053268432617,16.329999923706055,16.329999923706055,15.890000343322754,16.010000228881836,22739200
2019-01-04,12.383670806884766,16.549999237060547,16.690000534057617,16.030000686645508,16.299999237060547,27484600
2019-01-07,12.331293106079102,16.479999542236328,16.6299991607666,16.34000015258789,16.56999969482422,17084500
2019-01-08,12.084367752075195,16.149999618530273,16.700000762939453,16.09000015258789,16.540000915527344,22108700
2019-01-09,12.25646686553955,16.3799991607666,16.540000915527344,16.110000610351562,16.200000762939453,16479100
2019-01-10,12.608149528503418,16.850000381469727,17.0,16.280000686645508,16.399999618530273,23347300
2019-01-11,12.937382698059082,17.290000915527344,17.290000915527344,16.8799991607666,17.020000457763672,73632000
2019-01-14,13.124446868896484,17.540000915527344,17.65999984741211,17.100000381469727,17.239999771118164,31707300
2019-01-15,13.244170188903809,17.700000762939453,17.790000915527344,17.299999237060547,17.56999969482422,35536600
2019-01-16,13.318994522094727,17.799999237060547,17.84000015258789,17.559999465942383,17.700000762939453,19990600
2019-01-17,13.356406211853027,17.850000381469727,17.90999984741211,17.479999542236328,17.68000030517578,22422400
2019-01-18,13.468645095825195,18.0,18.0,17.6200008392334,17.899999618530273,21264700
2019-01-21,13.468645095825195,18.0,18.0,17.639999389648438,17.93000030517578,9103600
2019-01-22,13.124446868896484,17.540000915527344,18.079999923706055,17.40999984741211,17.889999389648438,22633800
2019-01-23,12.855074882507324,17.18000030517578,17.6200008392334,17.079999923706055,17.600000381469727,26855900
2019-01-24,12.840108871459961,17.15999984741211,17.299999237060547,16.950000762939453,17.200000762939453,24197500
2019-01-28,13.431234359741211,17.950000762939453,18.0,17.09000015258789,17.100000381469727,32754800
2019-01-29,13.371374130249023,17.8700008392334,18.200000762939453,17.68000030517578,18.020000457763672,30181400
2019-01-30,13.446199417114258,17.969999313354492,18.200000762939453,17.6299991607666,17.969999313354492,19243300
2019-01-31,13.101997375488281,17.510000228881836,18.100000381469727,17.510000228881836,18.0,22631500
2019-02-01,13.55095386505127,18.110000610351562,18.110000610351562,17.530000686645508,17.540000915527344,19948900
2019-02-04,13.8053617477417,18.450000762939453,18.479999542236328,17.899999618530273,18.06999969482422,23329600
2019-02-05,13.947528839111328,18.639999389648438,18.90999984741211,18.329999923706055,18.3799991607666,23156300
2019-02-06,13.535988807678223,18.09000015258789,18.65999984741211,18.09000015258789,18.440000534057617,22891100
2019-02-07,14.029837608337402,18.75,18.8700008392334,18.190000534057617,18.190000534057617,41426700
2019-02-08,13.633261680603027,18.219999313354492,18.979999542236328,18.1299991607666,18.649999618530273,38093500
2019-02-11,13.999908447265625,18.709999084472656,18.739999771118164,18.110000610351562,18.25,29145400
2019-02-12,13.969979286193848,18.670000076293945,19.049999237060547,18.600000381469727,18.780000686645508,23990500
2019-02-13,13.760464668273926,18.389999389648438,18.860000610351562,18.299999237060547,18.860000610351562,32536700
2019-02-14,13.910118103027344,18.59000015258789,18.670000076293945,18.110000610351562,18.360000610351562,20335700
2019-02-15,13.83529281616211,18.489999771118164,18.739999771118164,18.399999618530273,18.579999923706055,14836400
2019-02-18,13.610815048217773,18.190000534057617,18.510000228881836,18.09000015258789,18.5,14494400
2019-02-19,13.708088874816895,18.31999969482422,18.56999969482422,18.15999984741211,18.190000534057617,16276800
2019-02-20,13.580883979797363,18.149999618530273,18.540000915527344,18.139999389648438,18.309999465942383,22077800
2019-02-21,13.708088874816895,18.31999969482422,18.40999984741211,18.149999618530273,18.239999771118164,15038500
2019-02-22,13.708088874816895,18.31999969482422,18.31999969482422,18.010000228881836,18.239999771118164,22170000
2019-02-25,13.760464668273926,18.389999389648438,18.450000762939453,18.25,18.299999237060547,9837900
2019-02-26,13.83529281616211,18.489999771118164,18.579999923706055,18.299999237060547,18.420000076293945,12685600
2019-02-27,13.738018989562988,18.360000610351562,18.520000457763672,18.270000457763672,18.43000030517578,16915100
2019-02-28,12.892487525939941,17.229999542236328,18.149999618530273,17.170000076293945,18.139999389648438,49931300
2019-03-01,12.540803909301758,16.760000228881836,17.229999542236328,16.610000610351562,17.139999389648438,37227300
2019-03-06,12.24898624420166,16.3700008392334,16.770000457763672,16.360000610351562,16.719999313354492,18259400
2019-03-07,12.48842716217041,16.690000534057617,16.850000381469727,16.309999465942383,16.3700008392334,20143000
2019-03-08,12.413599967956543,16.59000015258789,16.700000762939453,16.399999618530273,16.59000015258789,20486300
2019-03-11,12.802695274353027,17.110000610351562,17.260000228881836,16.6200008392334,16.690000534057617,24113400
2019-03-12,12.720386505126953,17.0,17.329999923706055,16.8799991607666,17.200000762939453,19858900
2019-03-13,12.645561218261719,16.899999618530273,17.040000915527344,16.739999771118164,16.979999542236328,20265200
2019-03-14,12.46597957611084,16.65999984741211,16.920000076293945,16.56999969482422,16.920000076293945,20534200
2019-03-15,12.540803909301758,16.760000228881836,16.790000915527344,16.489999771118164,16.65999984741211,31836900
2019-03-18,12.952346801757812,17.309999465942383,17.520000457763672,16.780000686645508,16.799999237060547,31559300
2019-03-19,12.862556457519531,17.190000534057617,17.420000076293945,17.170000076293945,17.270000457763672,16625600
2019-03-20,12.720386505126953,17.0,17.299999237060547,17.0,17.15999984741211,18926100
2019-03-21,12.705421447753906,16.979999542236328,17.270000457763672,16.68000030517578,16.889999389648438,35961000
2019-03-22,12.51087474822998,16.719999313354492,16.899999618530273,16.520000457763672,16.700000762939453,33908300
2019-03-25,12.361224174499512,16.520000457763672,16.780000686645508,16.43000030517578,16.649999618530273,17569800
2019-03-26,12.712904930114746,16.989999771118164,17.15999984741211,16.299999237060547,16.639999389648438,30804300
2019-03-27,12.376189231872559,16.540000915527344,16.959999084472656,16.450000762939453,16.799999237060547,32628900
2019-03-28,12.53332233428955,16.75,16.940000534057617,16.479999542236328,16.540000915527344,21093200
2019-03-29,12.593184471130371,16.829999923706055,16.969999313354492,16.700000762939453,16.8700008392334,15839700
2019-04-01,12.585700035095215,16.81999969482422,17.0,16.739999771118164,16.8700008392334,12340900
2019-04-02,12.548288345336914,16.770000457763672,17.1299991607666,16.719999313354492,17.0,15431100
2019-04-03,12.600666046142578,16.84000015258789,17.1200008392334,16.790000915527344,16.8700008392334,14753700
2019-04-04,12.95982837677002,17.31999969482422,17.399999618530273,16.889999389648438,16.950000762939453,15281900
2019-04-05,13.04962158203125,17.440000534057617,17.649999618530273,17.350000381469727,17.3700008392334,16184700
2019-04-08,12.982277870178223,17.350000381469727,17.479999542236328,17.15999984741211,17.440000534057617,10742400
2019-04-09,13.236684799194336,17.690000534057617,17.690000534057617,17.209999084472656,17.209999084472656,25773700
2019-04-10,13.131928443908691,17.549999237060547,17.760000228881836,17.3799991607666,17.700000762939453,20199100
2019-04-11,12.907452583312988,17.25,17.639999389648438,17.209999084472656,17.510000228881836,15229900
2019-04-12,12.76528263092041,17.059999465942383,17.5,17.0,17.059999465942383,29774300
2019-04-15,13.034655570983887,17.420000076293945,17.420000076293945,17.09000015258789,17.200000762939453,18868300
2019-04-16,13.116964340209961,17.530000686645508,17.670000076293945,17.34000015258789,17.3799991607666,13454300
2019-04-17,12.757800102233887,17.049999237060547,17.690000534057617,16.959999084472656,17.690000534057617,31512000
2019-04-18,12.780248641967773,17.079999923706055,17.200000762939453,16.860000610351562,17.200000762939453,21532200
2019-04-22,13.09451675415039,17.5,17.559999465942383,16.940000534057617,17.079999923706055,19577100
2019-04-23,13.221720695495605,17.670000076293945,17.93000030517578,17.549999237060547,17.559999465942383,13912000
2019-04-24,13.259133338928223,17.719999313354492,17.780000686645508,17.329999923706055,17.700000762939453,21919500
2019-04-25,13.700606346130371,18.309999465942383,18.329999923706055,17.600000381469727,17.6299991607666,29435300
2019-04-26,13.685641288757324,18.290000915527344,18.3700008392334,18.049999237060547,18.200000762939453,14151100
2019-04-29,13.730535507202148,18.350000381469727,18.489999771118164,18.219999313354492,18.299999237060547,15043300
2019-04-30,13.820326805114746,18.469999313354492,18.540000915527344,18.209999084472656,18.3799991607666,25093600
2019-05-02,13.431234359741211,17.950000762939453,18.530000686645508,17.950000762939453,18.260000228881836,23174500
2019-05-03,13.408787727355957,17.920000076293945,18.100000381469727,17.729999542236328,18.030000686645508,21902300
2019-05-06,13.513541221618652,18.059999465942383,18.190000534057617,17.56999969482422,17.700000762939453,16137000
2019-05-07,13.206754684448242,17.649999618530273,18.229999542236328,17.239999771118164,18.200000762939453,43377300
2019-05-08,13.408787727355957,17.920000076293945,17.989999771118164,17.639999389648438,17.799999237060547,35491400
2019-05-09,13.08703327178955,17.489999771118164,17.829999923706055,17.43000030517578,17.75,20651100
2019-05-10,12.944864273071289,17.299999237060547,17.530000686645508,17.170000076293945,17.5,15438500
2019-05-13,12.72786808013916,17.010000228881836,17.190000534057617,16.920000076293945,17.0,24573100
2019-05-14,12.675491333007812,16.940000534057617,17.149999618530273,16.760000228881836,17.059999465942383,18510000
2019-05-15,12.428566932678223,16.610000610351562,16.81999969482422,16.559999465942383,16.719999313354492,26326100
2019-05-16,12.451013565063477,16.639999389648438,16.770000457763672,16.350000381469727,16.5,27881900
2019-05-17,12.338775634765625,16.489999771118164,16.969999313354492,16.450000762939453,16.540000915527344,25763700
2019-05-20,12.338775634765625,16.489999771118164,16.709999084472656,16.399999618530273,16.59000015258789,43284300
2019-05-21,12.78773307800293,17.09000015258789,17.229999542236328,16.610000610351562,16.700000762939453,31103500
2019-05-22,12.877520561218262,17.209999084472656,17.34000015258789,16.969999313354492,17.170000076293945,16255100
2019-05-23,12.877520561218262,17.209999084472656,17.389999389648438,17.06999969482422,17.18000030517578,12687200
2019-05-24,12.76528263092041,17.059999465942383,17.34000015258789,16.860000610351562,17.260000228881836,15540300
2019-05-27,12.885004043579102,17.219999313354492,17.34000015258789,17.049999237060547,17.100000381469727,6924700
2019-05-28,12.952346801757812,17.309999465942383,17.549999237060547,17.18000030517578,17.290000915527344,40302300
2019-05-29,12.914934158325195,17.260000228881836,17.479999542236328,17.170000076293945,17.31999969482422,17718300
2019-05-30,13.042140007019043,17.43000030517578,17.530000686645508,17.219999313354492,17.219999313354492,14045800
2019-05-31,13.131928443908691,17.549999237060547,17.600000381469727,17.280000686645508,17.389999389648438,23080800
2019-06-03,13.034655570983887,17.420000076293945,17.6299991607666,17.309999465942383,17.600000381469727,18578500
2019-06-04,12.982277870178223,17.350000381469727,17.540000915527344,17.219999313354492,17.489999771118164,16407200
2019-06-05,13.02717399597168,17.40999984741211,17.549999237060547,17.360000610351562,17.389999389648438,13357100
2019-06-06,13.199273109436035,17.639999389648438,17.75,17.489999771118164,17.600000381469727,10219400
2019-06-07,13.176826477050781,17.610000610351562,17.780000686645508,17.579999923706055,17.700000762939453,11447300
2019-06-10,13.206754684448242,17.649999618530273,17.899999618530273,17.600000381469727,17.610000610351562,14089900
2019-06-11,13.259133338928223,17.719999313354492,17.950000762939453,17.59000015258789,17.68000030517578,24719200
2019-06-12,13.229203224182129,17.68000030517578,17.790000915527344,17.43000030517578,17.719999313354492,21035200
2019-06-13,13.356406211853027,17.850000381469727,17.959999084472656,17.690000534057617,17.700000762939453,17586300
2019-06-14,13.199273109436035,17.639999389648438,18.040000915527344,17.600000381469727,17.860000610351562,15962500
2019-06-17,13.318994522094727,17.799999237060547,17.90999984741211,17.5,17.610000610351562,18256700
2019-06-18,13.506057739257812,18.049999237060547,18.06999969482422,17.81999969482422,17.850000381469727,13201000
2019-06-19,13.618297576904297,18.200000762939453,18.360000610351562,17.979999542236328,18.049999237060547,23446200
2019-06-21,13.8053617477417,18.450000762939453,18.579999923706055,18.280000686645508,18.280000686645508,28297900
2019-06-24,13.693121910095215,18.299999237060547,18.5,18.299999237060547,18.440000534057617,14143300
2019-06-25,13.595850944519043,18.170000076293945,18.420000076293945,18.079999923706055,18.329999923706055,19199900
2019-06-26,13.54347038269043,18.100000381469727,18.270000457763672,17.979999542236328,18.190000534057617,15422800
2019-06-27,13.506057739257812,18.049999237060547,18.049999237060547,17.809999465942383,17.969999313354492,12537000
2019-06-28,13.386336326599121,17.889999389648438,18.200000762939453,17.780000686645508,18.15999984741211,17249500
2019-07-01,13.32647705078125,17.809999465942383,18.110000610351562,17.690000534057617,18.100000381469727,16148600
2019-07-02,13.565919876098633,18.1299991607666,18.25,17.770000457763672,17.799999237060547,15780800
2019-07-03,14.09718132019043,18.84000015258789,18.989999771118164,18.010000228881836,18.020000457763672,40587600
2019-07-04,14.216904640197754,19.0,19.170000076293945,18.889999389648438,18.950000762939453,15014400
2019-07-05,14.216904640197754,19.0,19.06999969482422,18.68000030517578,18.969999313354492,22139900
2019-07-08,14.172006607055664,18.940000534057617,19.18000030517578,18.760000228881836,19.040000915527344,18757800
2019-07-10,14.2318696975708,19.020000457763672,19.239999771118164,18.81999969482422,18.950000762939453,33415700
2019-07-11,13.984941482543945,18.690000534057617,19.18000030517578,18.600000381469727,19.06999969482422,18302600
2019-07-12,13.618297576904297,18.200000762939453,18.700000762939453,18.100000381469727,18.700000762939453,31136800
2019-07-15,13.655708312988281,18.25,18.40999984741211,18.100000381469727,18.399999618530273,16291700
2019-07-16,13.54347038269043,18.100000381469727,18.3700008392334,18.030000686645508,18.25,9964700
2019-07-17,13.461165428161621,17.989999771118164,18.200000762939453,17.93000030517578,18.139999389648438,10416500
2019-07-18,13.655708312988281,18.25,18.299999237060547,17.920000076293945,18.030000686645508,11537900
2019-07-19,13.535988807678223,18.09000015258789,18.520000457763672,18.049999237060547,18.229999542236328,15923300
2019-07-22,13.461165428161621,17.989999771118164,18.25,17.850000381469727,18.06999969482422,12533800
2019-07-23,13.491093635559082,18.030000686645508,18.270000457763672,17.959999084472656,18.0,15130100
2019-07-24,13.438714027404785,17.959999084472656,18.219999313354492,17.940000534057617,18.190000534057617,11971400
2019-07-25,14.583548545837402,19.489999771118164,19.719999313354492,18.760000228881836,19.0,75250600
2019-07-26,14.815511703491211,19.799999237060547,19.969999313354492,19.450000762939453,19.489999771118164,35478100
2019-07-29,15.339290618896484,20.5,20.68000030517578,19.68000030517578,19.799999237060547,36618000
2019-07-30,15.21957015991211,20.34000015258789,20.770000457763672,20.25,20.31999969482422,24255200
2019-07-31,15.0624361038208,20.1299991607666,20.40999984741211,19.84000015258789,20.309999465942383,27074600
2019-08-01,15.279430389404297,20.420000076293945,20.700000762939453,20.15999984741211,20.15999984741211,26961600
2019-08-02,15.33181095123291,20.489999771118164,20.6200008392334,20.329999923706055,20.40999984741211,15526900
2019-08-05,15.084884643554688,20.15999984741211,20.40999984741211,20.079999923706055,20.149999618530273,20704700
2019-08-06,15.324324607849121,20.479999542236328,20.579999923706055,20.079999923706055,20.170000076293945,21755600
2019-08-07,15.436564445495605,20.6299991607666,20.719999313354492,20.1299991607666,20.190000534057617,18799000
2019-08-08,15.092367172241211,20.170000076293945,20.420000076293945,19.940000534057617,20.049999237060547,47777900
2019-08-09,15.017539024353027,20.06999969482422,20.200000762939453,19.93000030517578,20.170000076293945,18921100
2019-08-12,14.576066970825195,19.479999542236328,19.770000457763672,19.270000457763672,19.770000457763672,26937600
2019-08-13,14.501241683959961,19.3799991607666,19.600000381469727,19.280000686645508,19.31999969482422,21165200
2019-08-14,14.224385261535645,19.010000228881836,19.3700008392334,18.84000015258789,19.299999237060547,27713200
2019-08-15,14.052286148071289,18.780000686645508,19.149999618530273,18.579999923706055,19.059999465942383,21761100
2019-08-16,14.142077445983887,18.899999618530273,18.950000762939453,18.65999984741211,18.920000076293945,17271500
2019-08-19,14.299211502075195,19.110000610351562,19.239999771118164,18.90999984741211,19.0,16230300
2019-08-20,14.172006607055664,18.940000534057617,19.06999969482422,18.84000015258789,19.049999237060547,15670100
2019-08-21,14.067251205444336,18.799999237060547,19.190000534057617,18.75,19.149999618530273,17575900
2019-08-22,13.820326805114746,18.469999313354492,18.920000076293945,18.280000686645508,18.920000076293945,26247200
2019-08-23,13.715572357177734,18.329999923706055,18.709999084472656,18.030000686645508,18.290000915527344,28288000
2019-08-26,13.535988807678223,18.09000015258789,18.530000686645508,17.959999084472656,18.459999084472656,16632700
2019-08-27,13.595850944519043,18.170000076293945,18.3700008392334,17.90999984741211,18.15999984741211,31854400
2019-08-28,13.580883979797363,18.149999618530273,18.200000762939453,17.969999313354492,18.010000228881836,15473700
2019-08-29,13.880187034606934,18.549999237060547,18.579999923706055,18.020000457763672,18.06999969482422,16894600
2019-08-30,14.007391929626465,18.719999313354492,18.889999389648438,18.56999969482422,18.6200008392334,22981700
2019-09-02,13.752983093261719,18.3799991607666,18.920000076293945,18.3799991607666,18.719999313354492,8064200
2019-09-03,13.857741355895996,18.520000457763672,18.850000381469727,18.260000228881836,18.34000015258789,20597800
2019-09-04,14.067251205444336,18.799999237060547,18.860000610351562,18.56999969482422,18.739999771118164,15174900
2019-09-05,13.984941482543945,18.690000534057617,19.0,18.690000534057617,18.899999618530273,15042800
2019-09-06,14.007391929626465,18.719999313354492,18.8799991607666,18.579999923706055,18.829999923706055,13073200
2019-09-09,14.119629859924316,18.8700008392334,18.90999984741211,18.65999984741211,18.790000915527344,11456600
2019-09-10,14.082215309143066,18.81999969482422,19.1200008392334,18.729999542236328,18.8700008392334,23425400
2019-09-11,14.14956283569336,18.90999984741211,19.280000686645508,18.719999313354492,18.899999618530273,28800600
2019-09-12,14.493759155273438,19.3700008392334,19.489999771118164,19.010000228881836,19.100000381469727,22002000
2019-09-13,14.291730880737305,19.100000381469727,19.479999542236328,18.959999084472656,19.350000381469727,16045800
2019-09-16,14.329141616821289,19.149999618530273,19.229999542236328,18.93000030517578,19.059999465942383,14858800
2019-09-17,14.538655281066895,19.43000030517578,19.5,19.030000686645508,19.030000686645508,16934100
2019-09-18,14.41144847869873,19.260000228881836,19.450000762939453,19.149999618530273,19.360000610351562,18071900
2019-09-19,14.478793144226074,19.350000381469727,19.600000381469727,19.200000762939453,19.479999542236328,31691000
2019-09-20,14.508722305297852,19.389999389648438,19.469999313354492,19.100000381469727,19.43000030517578,32308600
2019-09-23,14.523689270019531,19.40999984741211,19.540000915527344,19.229999542236328,19.239999771118164,13285800
2019-09-24,14.478793144226074,19.350000381469727,19.510000228881836,19.1299991607666,19.469999313354492,16081600
2019-09-25,14.665858268737793,19.600000381469727,19.6299991607666,19.25,19.25,15272500
2019-09-26,14.613479614257812,19.530000686645508,19.760000228881836,19.3799991607666,19.56999969482422,33348400
2019-09-27,14.553620338439941,19.450000762939453,19.670000076293945,19.309999465942383,19.559999465942383,12432300
2019-09-30,14.40396785736084,19.25,19.559999465942383,19.170000076293945,19.530000686645508,21606700
2019-10-01,14.448862075805664,19.309999465942383,19.459999084472656,19.110000610351562,19.299999237060547,24459600
2019-10-02,14.11214828491211,18.860000610351562,19.290000915527344,18.75,19.209999084472656,17900100
2019-10-03,13.902633666992188,18.579999923706055,18.850000381469727,18.469999313354492,18.799999237060547,19307100
2019-10-04,14.374037742614746,19.209999084472656,19.3700008392334,18.5,18.59000015258789,35765000
2019-10-07,14.119629859924316,18.8700008392334,19.280000686645508,18.780000686645508,19.209999084472656,17635100
2019-10-08,13.91759967803955,18.600000381469727,18.860000610351562,18.489999771118164,18.84000015258789,19185600
2019-10-09,13.969979286193848,18.670000076293945,18.84000015258789,18.540000915527344,18.700000762939453,13310500
2019-10-10,13.782915115356445,18.420000076293945,18.739999771118164,18.290000915527344,18.6200008392334,23781900
2019-10-11,13.902633666992188,18.579999923706055,18.850000381469727,18.459999084472656,18.540000915527344,18950100
2019-10-14,14.007391929626465,18.719999313354492,18.770000457763672,18.530000686645508,18.690000534057617,7716500
2019-10-15,14.13459300994873,18.889999389648438,19.040000915527344,18.68000030517578,18.719999313354492,12359100
2019-10-16,14.13459300994873,18.889999389648438,19.049999237060547,18.690000534057617,19.049999237060547,22029700
2019-10-17,14.044804573059082,18.770000457763672,18.969999313354492,18.729999542236328,18.940000534057617,12012200
2019-10-18,13.969979286193848,18.670000076293945,18.8799991607666,18.540000915527344,18.829999923706055,10737900
2019-10-21,14.209421157836914,18.989999771118164,19.0,18.600000381469727,18.600000381469727,21747300
2019-10-22,14.044804573059082,18.770000457763672,19.170000076293945,18.709999084472656,18.8700008392334,23053700
2019-10-23,13.977461814880371,18.68000030517578,18.850000381469727,18.579999923706055,18.75,23271200
2019-10-24,14.359070777893066,19.190000534057617,19.34000015258789,18.610000610351562,18.719999313354492,42853200
2019-10-25,13.169343948364258,17.600000381469727,18.239999771118164,17.579999923706055,17.899999618530273,82318800
2019-10-28,13.124446868896484,17.540000915527344,17.920000076293945,17.309999465942383,17.790000915527344,29041200
2019-10-29,13.154376983642578,17.579999923706055,17.75,17.3700008392334,17.530000686645508,28627500
2019-10-30,13.139411926269531,17.559999465942383,17.649999618530273,17.329999923706055,17.610000610351562,15607300
2019-10-31,13.00472640991211,17.3799991607666,17.649999618530273,17.350000381469727,17.469999313354492,20426500
2019-11-01,12.967312812805176,17.329999923706055,17.510000228881836,17.260000228881836,17.450000762939453,14655000
2019-11-04,13.146894454956055,17.56999969482422,17.670000076293945,17.299999237060547,17.350000381469727,12268600
2019-11-05,13.251648902893066,17.709999084472656,17.770000457763672,17.469999313354492,17.59000015258789,16763700
2019-11-06,13.109480857849121,17.520000457763672,17.790000915527344,17.350000381469727,17.600000381469727,10565900
2019-11-07,13.139411926269531,17.559999465942383,17.670000076293945,17.440000534057617,17.59000015258789,13188400
2019-11-08,12.944864273071289,17.299999237060547,17.559999465942383,17.18000030517578,17.450000762939453,15252400
2019-11-11,13.124446868896484,17.540000915527344,17.639999389648438,17.219999313354492,17.280000686645508,11838200
2019-11-12,12.997241973876953,17.3700008392334,17.530000686645508,17.25,17.399999618530273,14096800
2019-11-13,12.997241973876953,17.3700008392334,17.450000762939453,17.25,17.3700008392334,11332700
2019-11-14,13.057106018066406,17.450000762939453,17.610000610351562,17.309999465942383,17.3700008392334,18222200
2019-11-18,13.139411926269531,17.559999465942383,17.68000030517578,17.420000076293945,17.59000015258789,9445200
2019-11-19,13.221720695495605,17.670000076293945,17.729999542236328,17.40999984741211,17.610000610351562,9754500
2019-11-21,13.52102279663086,18.06999969482422,18.06999969482422,17.670000076293945,17.829999923706055,19540600
2019-11-22,13.610815048217773,18.190000534057617,18.290000915527344,17.940000534057617,18.020000457763672,17014400
2019-11-25,13.618297576904297,18.200000762939453,18.299999237060547,18.020000457763672,18.190000534057617,7860100
2019-11-26,13.491093635559082,18.030000686645508,18.18000030517578,17.719999313354492,18.110000610351562,32541200
2019-11-27,13.438714027404785,17.959999084472656,18.149999618530273,17.760000228881836,17.950000762939453,8765700
2019-11-28,13.476128578186035,18.010000228881836,18.1299991607666,17.8799991607666,17.959999084472656,5109500
2019-11-29,13.506057739257812,18.049999237060547,18.149999618530273,17.850000381469727,18.100000381469727,8325200
2019-12-02,13.446199417114258,17.969999313354492,18.15999984741211,17.889999389648438,18.049999237060547,10259800
2019-12-03,13.371374130249023,17.8700008392334,18.100000381469727,17.75,18.100000381469727,97511800
2019-12-04,13.693121910095215,18.299999237060547,18.530000686645508,17.950000762939453,18.0,21779200
2019-12-05,13.580883979797363,18.149999618530273,18.350000381469727,18.100000381469727,18.280000686645508,34121900
2019-12-06,13.8053617477417,18.450000762939453,18.530000686645508,18.149999618530273,18.209999084472656,19544400
2019-12-09,13.797877311706543,18.440000534057617,18.5,18.239999771118164,18.450000762939453,13479000
2019-12-10,13.745502471923828,18.3700008392334,18.56999969482422,18.290000915527344,18.389999389648438,14715500
2019-12-11,13.8053617477417,18.450000762939453,18.5,18.260000228881836,18.459999084472656,29652200
2019-12-12,13.99242877960205,18.700000762939453,18.780000686645508,18.43000030517578,18.469999313354492,17463900
2019-12-13,14.224385261535645,19.010000228881836,19.030000686645508,18.790000915527344,18.799999237060547,15663000
2019-12-16,14.276763916015625,19.079999923706055,19.270000457763672,19.010000228881836,19.020000457763672,17117700
2019-12-17,14.14956283569336,18.90999984741211,19.299999237060547,18.889999389648438,19.149999618530273,14087800
2019-12-18,14.284247398376465,19.09000015258789,19.190000534057617,18.84000015258789,18.959999084472656,31759400
2019-12-19,14.344107627868652,19.170000076293945,19.170000076293945,18.959999084472656,19.09000015258789,27270600
2019-12-20,14.521188735961914,18.90999984741211,19.010000228881836,18.520000457763672,18.6200008392334,25816100
2019-12-23,14.559584617614746,18.959999084472656,19.079999923706055,18.780000686645508,19.010000228881836,16331900
2019-12-26,14.75924015045166,19.219999313354492,19.25,18.829999923706055,18.959999084472656,20726100
2019-12-27,14.713165283203125,19.15999984741211,19.360000610351562,19.09000015258789,19.25,13210500
2019-12-30,14.33689022064209,18.670000076293945,19.350000381469727,18.670000076293945,19.200000762939453,17430500
2020-01-02,14.743881225585938,19.200000762939453,19.25,18.780000686645508,18.860000610351562,16011300
2020-01-03,14.53654670715332,18.93000030517578,19.15999984741211,18.889999389648438,18.950000762939453,20059000
2020-01-06,14.605659484863281,19.020000457763672,19.170000076293945,18.690000534057617,18.860000610351562,14644300
2020-01-07,14.636375427246094,19.059999465942383,19.229999542236328,18.860000610351562,19.049999237060547,18036600
2020-01-08,14.567261695861816,18.969999313354492,19.15999984741211,18.860000610351562,19.09000015258789,14051700
2020-01-09,14.452075004577637,18.81999969482422,19.079999923706055,18.510000228881836,19.0,21199500
2020-01-10,14.505827903747559,18.889999389648438,19.040000915527344,18.770000457763672,18.81999969482422,11697800
2020-01-13,14.75156021118164,19.209999084472656,19.350000381469727,18.90999984741211,18.93000030517578,19314500
2020-01-14,14.667091369628906,19.100000381469727,19.579999923706055,18.979999542236328,19.200000762939453,21324400
2020-01-15,14.406000137329102,18.760000228881836,19.0,18.760000228881836,19.0,17408600
2020-01-16,14.359926223754883,18.700000762939453,18.93000030517578,18.68000030517578,18.899999618530273,10783600
2020-01-17,14.359926223754883,18.700000762939453,18.860000610351562,18.56999969482422,18.760000228881836,16556000
2020-01-20,14.436717987060547,18.799999237060547,18.8799991607666,18.579999923706055,18.700000762939453,8035600
2020-01-21,14.390644073486328,18.739999771118164,18.920000076293945,18.65999984741211,18.68000030517578,11249000
2020-01-22,14.628694534301758,19.049999237060547,19.079999923706055,18.770000457763672,18.850000381469727,13925400
2020-01-23,14.321531295776367,18.649999618530273,19.030000686645508,18.59000015258789,18.899999618530273,20155900
2020-01-24,14.582619667053223,18.989999771118164,19.010000228881836,18.719999313354492,18.81999969482422,12738200
2020-01-27,14.24474048614502,18.549999237060547,18.790000915527344,18.459999084472656,18.68000030517578,12916900
2020-01-28,14.436717987060547,18.799999237060547,18.950000762939453,18.5,18.6200008392334,13373600
2020-01-29,14.052762031555176,18.299999237060547,18.90999984741211,18.219999313354492,18.860000610351562,12931800
2020-01-30,14.083477973937988,18.34000015258789,18.34000015258789,17.8799991607666,18.200000762939453,15925300
2020-01-31,13.70720386505127,17.850000381469727,18.190000534057617,17.780000686645508,18.0,20960400
2020-02-03,13.507546424865723,17.59000015258789,18.1200008392334,17.59000015258789,17.920000076293945,18733100
2020-02-04,13.553620338439941,17.649999618530273,17.940000534057617,17.579999923706055,17.780000686645508,16492600
2020-02-05,13.246458053588867,17.25,18.0,17.209999084472656,17.899999618530273,36940300
2020-02-06,12.95465087890625,16.8700008392334,17.479999542236328,16.75,17.479999542236328,19619000
2020-02-07,12.993043899536133,16.920000076293945,17.170000076293945,16.729999542236328,16.739999771118164,77239000
2020-02-10,12.84714412689209,16.729999542236328,17.100000381469727,16.579999923706055,16.979999542236328,17027200
2020-02-11,12.900896072387695,16.799999237060547,16.93000030517578,16.6200008392334,16.850000381469727,21283300
2020-02-12,12.785710334777832,16.649999618530273,16.8700008392334,16.479999542236328,16.719999313354492,36408300
2020-02-13,12.493905067443848,16.270000457763672,16.670000076293945,16.270000457763672,16.540000915527344,15697100
2020-02-14,12.601411819458008,16.40999984741211,16.549999237060547,16.100000381469727,16.270000457763672,23398800
2020-02-17,12.747313499450684,16.600000381469727,16.81999969482422,16.450000762939453,16.549999237060547,19609100
2020-02-18,12.424792289733887,16.18000030517578,16.559999465942383,16.079999923706055,16.5,18027400
2020-02-19,12.386394500732422,16.1299991607666,16.25,16.0,16.149999618530273,18162400
2020-02-20,12.417112350463867,16.170000076293945,16.3700008392334,16.079999923706055,16.110000610351562,23155100
2020-02-21,12.478546142578125,16.25,16.25,15.869999885559082,16.100000381469727,27991000
2020-02-26,12.148343086242676,15.819999694824219,16.059999465942383,15.739999771118164,15.949999809265137,42590700
2020-02-27,11.134702682495117,14.5,14.970000267028809,14.279999732971191,14.899999618530273,91108200
2020-02-28,11.165420532226562,14.539999961853027,14.539999961853027,14.010000228881836,14.5,45807500
2020-03-02,11.303642272949219,14.720000267028809,14.979999542236328,14.399999618530273,14.59000015258789,31307000
2020-03-03,11.319001197814941,14.739999771118164,15.119999885559082,14.65999984741211,14.75,26696400
2020-03-04,11.75671100616455,15.3100004196167,15.550000190734863,14.770000457763672,15.069999694824219,35799500
2020-03-05,11.695276260375977,15.229999542236328,15.529999732971191,14.9399995803833,15.039999961853027,45949800
2020-03-06,11.764389038085938,15.319999694824219,15.5,14.699999809265137,14.859999656677246,43528300
2020-03-09,11.26524829864502,14.670000076293945,14.979999542236328,14.470000267028809,14.649999618530273,46283500
2020-03-10,11.07326889038086,14.420000076293945,14.960000038146973,13.739999771118164,14.600000381469727,52663200
2020-03-11,10.558770179748535,13.75,14.329999923706055,12.899999618530273,14.140000343322754,39788900
2020-03-12,8.892404556274414,11.579999923706055,12.680000305175781,11.390000343322754,12.479999542236328,36313400
2020-03-13,9.752463340759277,12.699999809265137,13.09000015258789,11.640000343322754,12.600000381469727,51339000
2020-03-16,8.470051765441895,11.029999732971191,11.770000457763672,10.430000305175781,11.390000343322754,52067300
2020-03-17,8.976874351501465,11.6899995803833,11.90999984741211,11.050000190734863,11.050000190734863,70142000
2020-03-18,8.592918395996094,11.1899995803833,11.210000038146973,10.550000190734863,10.729999542236328,62802600
2020-03-19,8.984553337097168,11.699999809265137,12.15999984741211,10.359999656677246,10.819999694824219,53157300
2020-03-20,9.253321647644043,12.050000190734863,12.489999771118164,11.760000228881836,11.899999618530273,49887100
2020-03-23,8.838648796081543,11.510000228881836,12.279999732971191,11.180000305175781,12.279999732971191,50158000
2020-03-24,8.669710159301758,11.289999961853027,12.59000015258789,11.289999961853027,12.119999885559082,33699600
2020-03-25,8.946157455444336,11.649999618530273,12.069999694824219,11.0600004196167,11.300000190734863,33700300
2020-03-26,9.829254150390625,12.800000190734863,13.279999732971191,11.890000343322754,11.899999618530273,45899600
2020-03-27,9.591201782226562,12.489999771118164,13.220000267028809,11.979999542236328,12.510000228881836,38232500
2020-03-30,9.637277603149414,12.550000190734863,13.020000457763672,12.369999885559082,12.600000381469727,29822100
2020-03-31,9.15349292755127,11.920000076293945,12.399999618530273,11.850000381469727,12.399999618530273,27574800
2020-04-01,8.976874351501465,11.6899995803833,11.920000076293945,11.4399995803833,11.600000381469727,25192600
2020-04-02,9.207246780395508,11.989999771118164,12.239999771118164,11.470000267028809,11.680000305175781,18013700
2020-04-03,8.746501922607422,11.390000343322754,11.9399995803833,11.15999984741211,11.9399995803833,22886300
2020-04-06,9.107417106628418,11.859999656677246,12.569999694824219,11.680000305175781,12.0,19126100
2020-04-07,9.529769897460938,12.40999984741211,12.970000267028809,12.300000190734863,12.649999618530273,37535900
2020-04-08,9.45297908782959,12.3100004196167,12.680000305175781,12.020000457763672,12.5,22934300
2020-04-09,9.291717529296875,12.100000381469727,12.720000267028809,12.100000381469727,12.510000228881836,23748200
2020-04-13,9.291717529296875,12.100000381469727,12.239999771118164,11.899999618530273,12.109999656677246,17076200
2020-04-14,9.284037590026855,12.09000015258789,12.59000015258789,12.09000015258789,12.289999961853027,21281900
2020-04-15,9.145814895629883,11.90999984741211,12.0600004196167,11.720000267028809,11.920000076293945,35812700
2020-04-16,8.792574882507324,11.449999809265137,12.020000457763672,11.399999618530273,11.960000038146973,26018500
2020-04-17,8.907761573791504,11.600000381469727,11.800000190734863,11.489999771118164,11.699999809265137,16763000
2020-04-20,8.915440559387207,11.609999656677246,11.850000381469727,11.289999961853027,11.399999618530273,22065800
2020-04-22,8.923120498657227,11.619999885559082,11.789999961853027,11.510000228881836,11.649999618530273,22788300
2020-04-23,8.869366645812988,11.550000190734863,11.84000015258789,11.4399995803833,11.729999542236328,23608700
2020-04-24,8.531486511230469,11.109999656677246,11.550000190734863,10.680000305175781,11.449999809265137,50923200
2020-04-27,8.915440559387207,11.609999656677246,11.84000015258789,11.260000228881836,11.350000381469727,26166300
2020-04-28,8.984553337097168,11.699999809265137,12.180000305175781,11.579999923706055,11.9399995803833,27108700
2020-04-29,8.961516380310059,11.670000076293945,11.90999984741211,11.649999618530273,11.819999694824219,27558700
2020-04-30,8.708106994628906,11.34000015258789,11.680000305175781,11.25,11.529999732971191,35747500
2020-05-04,9.030627250671387,11.760000228881836,11.84000015258789,11.100000381469727,11.140000343322754,30157800
2020-05-05,9.168850898742676,11.9399995803833,12.149999618530273,11.84000015258789,11.899999618530273,25595500
2020-05-06,9.084382057189941,11.829999923706055,12.0600004196167,11.600000381469727,11.970000267028809,67031600
2020-05-07,8.861687660217285,11.539999961853027,12.300000190734863,11.34000015258789,11.649999618530273,56937900
2020-05-08,9.245643615722656,12.039999961853027,12.15999984741211,11.770000457763672,11.819999694824219,23218000
2020-05-11,9.168850898742676,11.9399995803833,12.350000381469727,11.920000076293945,12.039999961853027,20136100
2020-05-12,8.999911308288574,11.720000267028809,12.300000190734863,11.710000038146973,11.899999618530273,33395400
2020-05-13,8.646672248840332,11.260000228881836,11.890000343322754,11.1899995803833,11.84000015258789,46230300
2020-05-14,9.015270233154297,11.739999771118164,11.819999694824219,11.279999732971191,11.300000190734863,36918000
2020-05-15,8.938480377197266,11.640000343322754,11.880000114440918,11.520000457763672,11.6899995803833,30012000
2020-05-18,9.291717529296875,12.100000381469727,12.40999984741211,11.859999656677246,11.989999771118164,30350600
2020-05-19,9.168850898742676,11.9399995803833,12.350000381469727,11.9399995803833,12.1899995803833,17951200
2020-05-20,9.322433471679688,12.140000343322754,12.25,11.859999656677246,11.970000267028809,14121900
2020-05-21,9.12277603149414,11.880000114440918,12.350000381469727,11.739999771118164,12.140000343322754,38005800
2020-05-22,9.015270233154297,11.739999771118164,11.989999771118164,11.670000076293945,11.899999618530273,11924400
2020-05-25,9.422263145446777,12.270000457763672,12.390000343322754,12.010000228881836,12.010000228881836,12781100
2020-05-26,9.621918678283691,12.529999732971191,12.699999809265137,12.300000190734863,12.350000381469727,30153500
2020-05-27,10.274642944335938,13.380000114440918,13.460000038146973,12.640000343322754,12.680000305175781,36754400
2020-05-28,9.844612121582031,12.819999694824219,13.520000457763672,12.729999542236328,13.430000305175781,41520600
2020-05-29,9.583523750305176,12.479999542236328,12.829999923706055,12.210000038146973,12.8100004196167,46234500
2020-06-01,9.67567253112793,12.600000381469727,12.800000190734863,12.260000228881836,12.319999694824219,20420100
2020-06-02,9.959799766540527,12.970000267028809,13.300000190734863,12.640000343322754,12.760000228881836,25304000
2020-06-03,10.174813270568848,13.25,13.630000114440918,13.229999542236328,13.25,29826800
2020-06-04,10.274642944335938,13.380000114440918,13.479999542236328,13.180000305175781,13.300000190734863,20130800
2020-06-05,10.789141654968262,14.050000190734863,14.329999923706055,13.619999885559082,13.8100004196167,50766300
2020-06-08,11.211493492126465,14.600000381469727,14.829999923706055,14.229999542236328,14.34000015258789,47678900
2020-06-09,10.996478080749512,14.319999694824219,14.579999923706055,14.109999656677246,14.579999923706055,23940800
2020-06-10,10.720029830932617,13.960000038146973,14.520000457763672,13.8100004196167,14.5,27039100
2020-06-12,10.420544624328613,13.569999694824219,13.720000267028809,13.210000038146973,13.520000457763672,29856400
2020-06-15,10.313037872314453,13.430000305175781,13.430000305175781,13.069999694824219,13.1899995803833,22964800
2020-06-16,10.182494163513184,13.260000228881836,13.739999771118164,13.119999885559082,13.710000038146973,36070000
2020-06-17,10.574127197265625,13.770000457763672,14.0,13.40999984741211,13.4399995803833,28294300
2020-06-18,10.505016326904297,13.680000305175781,13.970000267028809,13.520000457763672,13.720000267028809,26894400
2020-06-19,10.627882957458496,13.84000015258789,14.0,13.699999809265137,13.899999618530273,33153700
2020-06-22,10.835217475891113,14.109999656677246,14.180000305175781,13.680000305175781,13.699999809265137,24735500
2020-06-23,10.696993827819824,13.930000305175781,14.319999694824219,13.800000190734863,14.260000228881836,16293000
2020-06-24,10.505016326904297,13.680000305175781,13.899999618530273,13.430000305175781,13.84000015258789,16263500
2020-06-25,10.888972282409668,14.180000305175781,14.270000457763672,13.760000228881836,13.800000190734863,25008900
2020-06-26,10.71235179901123,13.949999809265137,14.289999961853027,13.829999923706055,14.109999656677246,19150700
2020-06-29,10.95040512084961,14.260000228881836,14.430000305175781,13.880000114440918,14.09000015258789,22168000
2020-06-30,10.858254432678223,14.140000343322754,14.800000190734863,14.109999656677246,14.270000457763672,34581800
2020-07-01,11.02719497680664,14.359999656677246,14.649999618530273,14.239999771118164,14.260000228881836,20736100
2020-07-02,10.881292343139648,14.170000076293945,14.720000267028809,14.0,14.59000015258789,27363800
2020-07-03,10.858254432678223,14.140000343322754,14.15999984741211,14.020000457763672,14.100000381469727,7029000
2020-07-06,11.02719497680664,14.359999656677246,14.40999984741211,14.109999656677246,14.380000114440918,24349100
2020-07-07,11.096306800842285,14.449999809265137,14.5,14.15999984741211,14.279999732971191,22581000
2020-07-08,11.295963287353516,14.710000038146973,14.869999885559082,14.34000015258789,14.5600004196167,39365200
2020-07-09,11.24221134185791,14.640000343322754,14.859999656677246,14.520000457763672,14.779999732971191,31569000
2020-07-10,11.403471946716309,14.850000381469727,14.989999771118164,14.550000190734863,14.619999885559082,20193200
2020-07-13,10.750747680664062,14.0,14.949999809265137,13.979999542236328,14.90999984741211,36972600
2020-07-14,10.681634902954102,13.90999984741211,14.029999732971191,13.65999984741211,14.020000457763672,36408700
2020-07-15,10.973441123962402,14.289999961853027,14.449999809265137,14.020000457763672,14.079999923706055,31872500
2020-07-16,10.789141654968262,14.050000190734863,14.359999656677246,13.859999656677246,14.260000228881836,23008200
2020-07-17,10.873614311218262,14.15999984741211,14.1899995803833,13.819999694824219,14.15999984741211,49831400
2020-07-20,10.842896461486816,14.119999885559082,14.300000190734863,14.029999732971191,14.109999656677246,34419700
2020-07-21,11.272926330566406,14.680000305175781,14.6899995803833,14.020000457763672,14.180000305175781,41081700
2020-07-22,11.295963287353516,14.710000038146973,15.130000114440918,14.569999694824219,14.649999618530273,35800700
2020-07-23,11.05791187286377,14.399999618530273,14.890000343322754,14.390000343322754,14.710000038146973,21059900
2020-07-24,11.464902877807617,14.930000305175781,14.960000038146973,14.300000190734863,14.489999771118164,32629400
2020-07-27,11.733672142028809,15.279999732971191,15.390000343322754,14.880000114440918,14.930000305175781,42001500
2020-07-28,11.5877685546875,15.09000015258789,15.40999984741211,15.029999732971191,15.1899995803833,44883300
2020-07-29,11.633845329284668,15.149999618530273,15.40999984741211,15.039999961853027,15.15999984741211,39734800
2020-07-30,11.17309856414795,14.550000190734863,15.920000076293945,14.529999732971191,15.800000190734863,108380100
2020-07-31,10.673956871032715,13.899999618530273,14.829999923706055,13.760000228881836,14.8100004196167,67776600
2020-08-03,10.528053283691406,13.710000038146973,13.989999771118164,13.600000381469727,13.9399995803833,35573500
2020-08-04,10.289999008178711,13.399999618530273,13.710000038146973,13.170000076293945,13.680000305175781,40601100
2020-08-05,10.121061325073242,13.180000305175781,13.649999618530273,13.050000190734863,13.600000381469727,47510100
2020-08-06,10.182494163513184,13.260000228881836,13.390000343322754,13.010000228881836,13.229999542236328,35028900
2020-08-07,10.2208890914917,13.3100004196167,13.529999732971191,13.079999923706055,13.1899995803833,44280200
2020-08-10,10.167135238647461,13.239999771118164,13.510000228881836,13.050000190734863,13.380000114440918,28095600
2020-08-11,10.29767894744873,13.40999984741211,13.649999618530273,13.300000190734863,13.380000114440918,40751000
2020-08-12,10.351433753967285,13.479999542236328,13.579999923706055,13.109999656677246,13.529999732971191,44719600
2020-08-13,10.144099235534668,13.210000038146973,13.5600004196167,13.199999809265137,13.550000190734863,22611700
2020-08-14,10.182494163513184,13.260000228881836,13.40999984741211,13.149999618530273,13.239999771118164,22032000
2020-08-17,9.867650032043457,12.850000381469727,13.380000114440918,12.75,13.210000038146973,33507900
2020-08-18,10.044268608093262,13.079999923706055,13.260000228881836,12.899999618530273,13.020000457763672,30227500
2020-08-19,9.867650032043457,12.850000381469727,13.199999809265137,12.800000190734863,13.079999923706055,15809100
2020-08-20,9.89068603515625,12.880000114440918,13.039999961853027,12.579999923706055,12.670000076293945,21512900
2020-08-21,9.959799766540527,12.970000267028809,12.970000267028809,12.699999809265137,12.859999656677246,19407800
2020-08-24,9.875329971313477,12.859999656677246,13.109999656677246,12.819999694824219,13.0600004196167,18335400
2020-08-25,9.790860176086426,12.75,12.9399995803833,12.699999809265137,12.890000343322754,14960200
2020-08-26,9.752463340759277,12.699999809265137,12.9399995803833,12.489999771118164,12.739999771118164,29757700
2020-08-27,9.737105369567871,12.680000305175781,12.829999923706055,12.600000381469727,12.699999809265137,20747000
2020-08-28,9.790860176086426,12.75,12.850000381469727,12.5,12.760000228881836,23050600
2020-08-31,9.45297908782959,12.3100004196167,12.6899995803833,12.3100004196167,12.65999984741211,38488000
2020-09-01,9.714068412780762,12.649999618530273,12.680000305175781,12.4399995803833,12.5,31742100
2020-09-02,9.798538208007812,12.760000228881836,12.819999694824219,12.550000190734863,12.75,18202600
2020-09-03,9.67567253112793,12.600000381469727,13.09000015258789,12.5,12.710000038146973,37438600
2020-09-04,9.67567253112793,12.600000381469727,12.720000267028809,12.40999984741211,12.6899995803833,22149500
2020-09-08,9.483695983886719,12.350000381469727,12.550000190734863,12.319999694824219,12.550000190734863,20712000
2020-09-09,9.483695983886719,12.350000381469727,12.470000267028809,12.170000076293945,12.40999984741211,17716100
2020-09-10,9.45297908782959,12.3100004196167,12.619999885559082,12.25,12.319999694824219,30209800
2020-09-11,9.245643615722656,12.039999961853027,12.380000114440918,12.039999961853027,12.369999885559082,25286500
2020-09-14,9.65263557434082,12.569999694824219,12.579999923706055,12.119999885559082,12.119999885559082,24419600
2020-09-15,9.898366928100586,12.890000343322754,12.960000038146973,12.5,12.609999656677246,29444700
2020-09-16,9.644957542419434,12.5600004196167,12.9399995803833,12.550000190734863,12.920000076293945,18729400
2020-09-17,10.10570240020752,13.15999984741211,13.260000228881836,12.399999618530273,12.520000457763672,58483500
2020-09-18,9.821576118469238,12.789999961853027,13.170000076293945,12.789999961853027,13.109999656677246,46869000
2020-09-21,9.775500297546387,12.729999542236328,12.800000190734863,12.510000228881836,12.699999809265137,18966300
2020-09-22,9.829254150390625,12.800000190734863,12.880000114440918,12.569999694824219,12.720000267028809,13753000
2020-09-23,9.55280590057373,12.4399995803833,12.760000228881836,12.4399995803833,12.680000305175781,27736600
2020-09-24,9.729426383972168,12.670000076293945,12.829999923706055,12.359999656677246,12.5,30902200
2020-09-25,9.85997200012207,12.84000015258789,12.90999984741211,12.5,12.649999618530273,26495500
2020-09-28,9.583523750305176,12.479999542236328,12.970000267028809,12.420000076293945,12.970000267028809,37732800
2020-09-29,9.483695983886719,12.350000381469727,12.6899995803833,12.279999732971191,12.460000038146973,25217400
2020-09-30,9.629597663879395,12.539999961853027,12.680000305175781,12.359999656677246,12.449999809265137,23817800
2020-10-01,9.752463340759277,12.699999809265137,12.779999732971191,12.479999542236328,12.550000190734863,20845400
2020-10-02,9.621918678283691,12.529999732971191,12.829999923706055,12.529999732971191,12.609999656677246,19312900
2020-10-05,9.836934089660645,12.8100004196167,12.84000015258789,12.539999961853027,12.5600004196167,17239400
2020-10-06,10.243926048278809,13.34000015258789,13.699999809265137,12.890000343322754,12.930000305175781,55433200
2020-10-07,10.389829635620117,13.529999732971191,13.859999656677246,13.399999618530273,13.430000305175781,36817600
2020-10-08,10.505016326904297,13.680000305175781,13.779999732971191,13.430000305175781,13.609999656677246,43108600
2020-10-09,10.420544624328613,13.569999694824219,13.930000305175781,13.539999961853027,13.640000343322754,24268300
2020-10-13,10.558770179748535,13.75,13.869999885559082,13.569999694824219,13.579999923706055,19256200
2020-10-14,10.59716510772705,13.800000190734863,13.970000267028809,13.760000228881836,13.770000457763672,23282200
2020-10-15,10.320718765258789,13.4399995803833,13.729999542236328,13.4399995803833,13.609999656677246,17291600
2020-10-16,10.190174102783203,13.270000457763672,13.470000267028809,13.180000305175781,13.470000267028809,26454900
2020-10-19,10.098023414611816,13.149999618530273,13.520000457763672,13.140000343322754,13.260000228881836,20184800
2020-10-20,10.274642944335938,13.380000114440918,13.4399995803833,13.210000038146973,13.359999656677246,20035400
2020-10-21,10.266963958740234,13.369999885559082,13.550000190734863,13.229999542236328,13.319999694824219,20369800
2020-10-22,10.420544624328613,13.569999694824219,13.569999694824219,13.260000228881836,13.40999984741211,21189900
2020-10-23,10.666277885437012,13.890000343322754,13.899999618530273,13.510000228881836,13.579999923706055,25463400
2020-10-26,10.904329299926758,14.199999809265137,14.40999984741211,13.859999656677246,13.859999656677246,35347700
2020-10-27,10.535733222961426,13.720000267028809,14.260000228881836,13.630000114440918,14.239999771118164,31147200
2020-10-28,10.266963958740234,13.369999885559082,13.5600004196167,13.180000305175781,13.449999809265137,30778700
2020-10-29,9.898366928100586,12.890000343322754,13.569999694824219,12.619999885559082,13.5,79877400
2020-10-30,9.353150367736816,12.180000305175781,12.850000381469727,12.180000305175781,12.6899995803833,46496800
2020-11-03,9.813896179199219,12.779999732971191,12.859999656677246,12.350000381469727,12.399999618530273,40584400
2020-11-04,9.844612121582031,12.819999694824219,13.130000114440918,12.770000457763672,12.970000267028809,32125300
2020-11-05,10.236246109008789,13.329999923706055,13.359999656677246,12.949999809265137,13.09000015258789,23251900
2020-11-06,10.174813270568848,13.25,13.489999771118164,13.130000114440918,13.199999809265137,20836200
2020-11-09,10.91968822479248,14.220000267028809,14.25,13.619999885559082,13.8100004196167,57332800
2020-11-10,11.679919242858887,15.210000038146973,15.25,14.100000381469727,14.109999656677246,88015400
2020-11-11,11.441864967346191,14.899999618530273,15.25,14.75,15.199999809265137,44074400
2020-11-12,11.226851463317871,14.619999885559082,15.050000190734863,14.510000228881836,14.899999618530273,28783200
2020-11-13,11.603127479553223,15.109999656677246,15.210000038146973,14.5600004196167,14.6899995803833,31182600
2020-11-16,11.795105934143066,15.359999656677246,15.449999809265137,15.020000457763672,15.270000457763672,24432100
2020-11-17,11.871895790100098,15.460000038146973,15.6899995803833,15.109999656677246,15.279999732971191,32058700
2020-11-18,11.395792961120605,14.84000015258789,15.539999961853027,14.8100004196167,15.479999542236328,31701300
2020-11-19,11.311322212219238,14.729999542236328,15.100000381469727,14.65999984741211,14.899999618530273,30028900
2020-11-23,11.257568359375,14.65999984741211,14.720000267028809,14.289999961853027,14.5600004196167,23466400
2020-11-24,11.326682090759277,14.75,15.100000381469727,14.609999656677246,14.720000267028809,30059900
2020-11-25,11.127023696899414,14.489999771118164,14.75,14.479999542236328,14.75,19138400
2020-11-26,11.07326889038086,14.420000076293945,14.59000015258789,14.350000381469727,14.390000343322754,10458000
2020-11-27,10.996478080749512,14.319999694824219,14.600000381469727,14.319999694824219,14.479999542236328,17499400
2020-11-30,10.735387802124023,13.979999542236328,14.5,13.979999542236328,14.420000076293945,41880800
2020-12-01,11.272926330566406,14.680000305175781,14.739999771118164,14.079999923706055,14.09000015258789,26702100
2020-12-02,11.426507949829102,14.880000114440918,14.930000305175781,14.479999542236328,14.609999656677246,18287100
2020-12-03,11.288283348083496,14.699999809265137,14.859999656677246,14.300000190734863,14.739999771118164,32918200
2020-12-04,11.319001197814941,14.739999771118164,14.8100004196167,14.5600004196167,14.739999771118164,18361200
2020-12-07,11.495619773864746,14.970000267028809,15.229999542236328,14.850000381469727,14.920000076293945,25164600
2020-12-08,11.557053565979004,15.050000190734863,15.180000305175781,14.760000228881836,14.90999984741211,23395100
2020-12-09,11.718315124511719,15.260000228881836,15.279999732971191,14.970000267028809,15.020000457763672,23965900
2020-12-10,12.048515319824219,15.6899995803833,15.920000076293945,15.359999656677246,15.369999885559082,144062500
2020-12-11,11.902612686157227,15.5,15.800000190734863,15.319999694824219,15.65999984741211,31872700
2020-12-14,11.764389038085938,15.319999694824219,15.65999984741211,15.270000457763672,15.579999923706055,21900800
2020-12-15,11.948687553405762,15.5600004196167,15.84000015258789,15.319999694824219,15.319999694824219,19882900
2020-12-16,12.148343086242676,15.819999694824219,15.979999542236328,15.399999618530273,15.600000381469727,36866900
2020-12-17,12.332643508911133,16.059999465942383,16.100000381469727,15.699999809265137,15.819999694824219,58329100
2020-12-18,12.501084327697754,15.859999656677246,16.049999237060547,15.640000343322754,15.739999771118164,33239900
2020-12-21,12.15427017211914,15.420000076293945,15.789999961853027,15.3100004196167,15.649999618530273,24879600
2020-12-22,12.225210189819336,15.510000228881836,15.75,15.470000267028809,15.5,15406100
2020-12-23,12.217327117919922,15.5,15.729999542236328,15.5,15.579999923706055,11560800
2020-12-28,12.430145263671875,15.770000457763672,15.9399995803833,15.5,15.569999694824219,11958000
2020-12-29,12.572022438049316,15.949999809265137,16.010000228881836,15.779999732971191,15.899999618530273,13638800
2020-12-30,12.335559844970703,15.649999618530273,16.100000381469727,15.649999618530273,16.049999237060547,19432700
2021-01-04,12.20156192779541,15.479999542236328,15.850000381469727,15.380000114440918,15.789999961853027,17835200
2021-01-05,12.461674690246582,15.8100004196167,16.020000457763672,15.229999542236328,15.369999885559082,37105800
2021-01-06,12.713902473449707,16.1299991607666,16.229999542236328,15.630000114440918,15.65999984741211,28371600
2021-01-07,12.650845527648926,16.049999237060547,16.239999771118164,15.90999984741211,16.030000686645508,32540100
2021-01-08,13.029189109802246,16.530000686645508,16.75,16.030000686645508,16.100000381469727,30188800
2021-01-11,12.690256118774414,16.100000381469727,16.59000015258789,16.049999237060547,16.40999984741211,23618800
2021-01-12,13.24200439453125,16.799999237060547,16.90999984741211,16.170000076293945,16.170000076293945,30598100
2021-01-13,12.745430946350098,16.170000076293945,16.6200008392334,15.979999542236328,16.5,44066900
2021-01-14,12.87745189666748,16.260000228881836,16.43000030517578,16.049999237060547,16.1200008392334,17183300
2021-01-15,12.631939888000488,15.949999809265137,16.270000457763672,15.930000305175781,16.020000457763672,27742000
2021-01-18,12.845773696899414,16.219999313354492,16.479999542236328,16.020000457763672,16.15999984741211,13979800
2021-01-19,12.88537311553955,16.270000457763672,16.34000015258789,15.979999542236328,16.290000915527344,16980100
2021-01-20,12.687379837036133,16.020000457763672,16.389999389648438,15.899999618530273,16.31999969482422,18321500
2021-01-21,12.3626708984375,15.609999656677246,16.06999969482422,15.489999771118164,15.949999809265137,23062400
2021-01-22,11.99836254119873,15.149999618530273,15.550000190734863,14.949999809265137,15.420000076293945,36117500
2021-01-26,12.196356773376465,15.399999618530273,15.6899995803833,15.1899995803833,15.210000038146973,28714100
2021-01-27,12.196356773376465,15.399999618530273,15.59000015258789,15.170000076293945,15.399999618530273,27437800
2021-01-28,12.307231903076172,15.539999961853027,15.760000228881836,15.260000228881836,15.390000343322754,20208100
2021-01-29,11.966684341430664,15.109999656677246,15.670000076293945,15.069999694824219,15.399999618530273,23141500
2021-02-01,12.354750633239746,15.600000381469727,15.699999809265137,15.220000267028809,15.359999656677246,22235900
2021-02-02,12.3626708984375,15.609999656677246,16.299999237060547,15.430000305175781,15.869999885559082,34642100
2021-02-03,12.418108940124512,15.680000305175781,15.920000076293945,15.619999885559082,15.699999809265137,17825900
2021-02-04,12.354750633239746,15.600000381469727,15.779999732971191,15.449999809265137,15.59000015258789,12952800
2021-02-05,12.291393280029297,15.520000457763672,15.819999694824219,15.510000228881836,15.680000305175781,11336800
2021-02-08,11.832050323486328,14.9399995803833,15.569999694824219,14.869999885559082,15.539999961853027,35731300
2021-02-09,11.84788990020752,14.960000038146973,15.140000343322754,14.819999694824219,14.850000381469727,16168600
2021-02-10,11.88748836517334,15.010000228881836,15.119999885559082,14.880000114440918,15.0,25616400
2021-02-11,11.839971542358398,14.949999809265137,15.220000267028809,14.829999923706055,15.119999885559082,17224700
2021-02-12,11.713254928588867,14.789999961853027,14.970000267028809,14.75,14.890000343322754,17542300
2021-02-17,12.093401908874512,15.270000457763672,15.399999618530273,15.010000228881836,15.180000305175781,30687100
2021-02-18,11.713254928588867,14.789999961853027,15.220000267028809,14.789999961853027,15.1899995803833,30823900
2021-02-19,11.792451858520508,14.890000343322754,15.010000228881836,14.65999984741211,14.760000228881836,25717400
2021-02-22,11.546940803527832,14.579999923706055,14.890000343322754,14.329999923706055,14.5600004196167,39438200
2021-02-23,11.634056091308594,14.6899995803833,14.84000015258789,14.420000076293945,14.65999984741211,28897400
2021-02-24,11.626137733459473,14.680000305175781,14.789999961853027,14.5,14.699999809265137,16385700
2021-02-25,11.245991706848145,14.199999809265137,14.75,14.180000305175781,14.680000305175781,33159300
2021-02-26,11.103437423706055,14.020000457763672,14.380000114440918,14.0,14.210000038146973,33969400
2021-03-01,10.905444145202637,13.770000457763672,14.279999732971191,13.770000457763672,14.15999984741211,19850200
2021-03-02,11.079678535461426,13.989999771118164,14.170000076293945,13.350000381469727,13.510000228881836,42904000
2021-03-03,11.222232818603516,14.170000076293945,14.449999809265137,13.630000114440918,13.9399995803833,40193500
2021-03-04,11.705333709716797,14.779999732971191,14.829999923706055,14.260000228881836,14.350000381469727,37825700
2021-03-05,11.942926406860352,15.079999923706055,15.350000381469727,14.899999618530273,14.949999809265137,39950600
2021-03-08,11.634056091308594,14.6899995803833,15.25,14.630000114440918,14.789999961853027,40360600
2021-03-09,12.006284713745117,15.15999984741211,15.270000457763672,14.529999732971191,14.600000381469727,31116200
2021-03-10,12.093401908874512,15.270000457763672,15.3100004196167,14.829999923706055,15.229999542236328,37414300
2021-03-11,11.950845718383789,15.09000015258789,15.600000381469727,15.029999732971191,15.369999885559082,19424400
2021-03-12,11.903326988220215,15.029999732971191,15.229999542236328,14.930000305175781,14.9399995803833,17805500
2021-03-15,12.117158889770508,15.300000190734863,15.300000190734863,14.949999809265137,14.970000267028809,11348000
2021-03-16,11.919166564941406,15.050000190734863,15.319999694824219,14.90999984741211,15.229999542236328,16891900
2021-03-17,12.212196350097656,15.420000076293945,15.460000038146973,14.8100004196167,15.020000457763672,23843400
2021-03-18,12.117158889770508,15.300000190734863,15.4399995803833,15.15999984741211,15.25,20329000
2021-03-19,12.354750633239746,15.600000381469727,15.630000114440918,15.279999732971191,15.350000381469727,32656900
2021-03-22,12.307231903076172,15.539999961853027,15.680000305175781,15.279999732971191,15.289999961853027,22475500
2021-03-23,11.942926406860352,15.079999923706055,15.550000190734863,15.079999923706055,15.40999984741211,16016400
2021-03-24,11.721175193786621,14.800000190734863,15.289999961853027,14.760000228881836,15.010000228881836,25521500
2021-03-25,11.871647834777832,14.989999771118164,15.119999885559082,14.710000038146973,14.739999771118164,21553400
2021-03-26,11.99836254119873,15.149999618530273,15.329999923706055,14.989999771118164,15.010000228881836,16410500
2021-03-29,12.117158889770508,15.300000190734863,15.369999885559082,15.010000228881836,15.069999694824219,13766000
2021-03-30,12.346832275390625,15.59000015258789,15.729999542236328,15.079999923706055,15.130000114440918,15332100
2021-03-31,12.10923957824707,15.289999961853027,15.670000076293945,15.289999961853027,15.600000381469727,14580700
2021-04-01,11.879568099975586,15.0,15.399999618530273,14.989999771118164,15.390000343322754,15974100
2021-04-05,12.093401908874512,15.270000457763672,15.390000343322754,15.100000381469727,15.130000114440918,20988000
2021-04-06,12.188437461853027,15.390000343322754,15.479999542236328,15.15999984741211,15.270000457763672,12645800
2021-04-07,12.053801536560059,15.220000267028809,15.430000305175781,15.09000015258789,15.229999542236328,11811200
2021-04-08,12.235954284667969,15.449999809265137,15.670000076293945,15.140000343322754,15.199999809265137,19194000
2021-04-09,12.164676666259766,15.359999656677246,15.640000343322754,15.210000038146973,15.220000267028809,16710000
2021-04-12,12.283474922180176,15.510000228881836,15.600000381469727,15.359999656677246,15.5,11987600
2021-04-13,12.378509521484375,15.630000114440918,15.739999771118164,15.369999885559082,15.5,19448300
2021-04-14,12.521065711975098,15.8100004196167,15.899999618530273,15.619999885559082,15.640000343322754,21466700
2021-04-15,12.568583488464355,15.869999885559082,16.030000686645508,15.720000267028809,15.789999961853027,17705700
2021-04-16,12.51314640045166,15.800000190734863,15.960000038146973,15.720000267028809,15.789999961853027,13563400
2021-04-19,12.457707405090332,15.729999542236328,16.06999969482422,15.510000228881836,15.539999961853027,20032500
2021-04-20,12.370591163635254,15.619999885559082,15.800000190734863,15.529999732971191,15.670000076293945,12697600
2021-04-22,12.5923433303833,15.899999618530273,16.110000610351562,15.65999984741211,15.890000343322754,22839800
2021-04-23,12.552743911743164,15.850000381469727,16.049999237060547,15.819999694824219,15.979999542236328,22545200
2021-04-26,12.346832275390625,15.59000015258789,15.850000381469727,15.479999542236328,15.600000381469727,19142000
2021-04-27,12.10923957824707,15.289999961853027,15.600000381469727,15.210000038146973,15.510000228881836,18054400
2021-04-28,12.045880317687988,15.210000038146973,15.40999984741211,15.180000305175781,15.300000190734863,11855100
2021-04-29,12.085480690002441,15.260000228881836,15.460000038146973,15.210000038146973,15.210000038146973,14243200
2021-04-30,11.832050323486328,14.9399995803833,15.300000190734863,14.90999984741211,15.199999809265137,29652900
2021-05-03,11.721175193786621,14.800000190734863,14.989999771118164,14.609999656677246,14.920000076293945,25143600
2021-05-04,11.594460487365723,14.640000343322754,14.800000190734863,14.539999961853027,14.739999771118164,16889200
2021-05-05,11.768692970275879,14.859999656677246,14.920000076293945,14.569999694824219,14.649999618530273,18070800
2021-05-06,12.814094543457031,16.18000030517578,16.290000915527344,15.720000267028809,15.84000015258789,73311200
2021-05-07,12.837852478027344,16.209999084472656,16.329999923706055,16.0,16.190000534057617,22279100
2021-05-10,13.067525863647461,16.5,16.649999618530273,16.09000015258789,16.149999618530273,29355000
2021-05-11,13.360554695129395,16.8700008392334,17.0,16.25,16.350000381469727,25719300
2021-05-12,13.360554695129395,16.8700008392334,17.229999542236328,16.649999618530273,16.649999618530273,35518800
2021-05-13,13.368474960327148,16.8799991607666,17.139999389648438,16.760000228881836,17.0,19320300
2021-05-14,13.606067657470703,17.18000030517578,17.329999923706055,17.059999465942383,17.100000381469727,20899500
2021-05-17,13.780299186706543,17.399999618530273,17.530000686645508,17.100000381469727,17.229999542236328,16843500
2021-05-18,13.796136856079102,17.420000076293945,17.59000015258789,17.260000228881836,17.350000381469727,15746000
2021-05-19,13.907013893127441,17.559999465942383,17.600000381469727,17.329999923706055,17.3700008392334,17538900
2021-05-20,13.891178131103516,17.540000915527344,17.639999389648438,17.3700008392334,17.549999237060547,21344500
2021-05-21,13.946614265441895,17.610000610351562,17.6299991607666,17.229999542236328,17.549999237060547,27358200
2021-05-24,13.96245288848877,17.6299991607666,17.739999771118164,17.440000534057617,17.610000610351562,13845700
2021-05-25,13.946614265441895,17.610000610351562,17.799999237060547,17.530000686645508,17.760000228881836,13963000
2021-05-26,13.835736274719238,17.469999313354492,17.799999237060547,17.31999969482422,17.75,16085400
2021-05-27,14.009973526000977,17.690000534057617,17.690000534057617,17.200000762939453,17.3799991607666,41881900
2021-05-28,14.136685371398926,17.850000381469727,17.940000534057617,17.5,17.59000015258789,17328000
2021-05-31,14.215883255004883,17.950000762939453,17.950000762939453,17.709999084472656,17.739999771118164,10102100
2021-06-01,14.865299224853516,18.770000457763672,18.979999542236328,17.920000076293945,17.989999771118164,60016600
2021-06-02,15.340482711791992,19.3700008392334,19.65999984741211,18.6200008392334,18.770000457763672,60424800
2021-06-04,15.34840202331543,19.3799991607666,19.459999084472656,19.059999465942383,19.299999237060547,33841600
2021-06-07,15.522636413574219,19.600000381469727,19.81999969482422,19.190000534057617,19.31999969482422,27901200
2021-06-08,15.514715194702148,19.59000015258789,19.860000610351562,19.3700008392334,19.469999313354492,23209600
2021-06-09,15.292964935302734,19.309999465942383,19.760000228881836,19.280000686645508,19.59000015258789,25062800
2021-06-10,15.300884246826172,19.31999969482422,19.469999313354492,19.09000015258789,19.43000030517578,17134100
2021-06-11,14.999934196472168,18.940000534057617,19.389999389648438,18.84000015258789,19.239999771118164,30946600
2021-06-14,15.427599906921387,19.479999542236328,19.5,18.989999771118164,19.030000686645508,22185300
2021-06-15,15.150408744812012,19.1299991607666,19.450000762939453,19.1299991607666,19.450000762939453,12469400
2021-06-16,15.118730545043945,19.09000015258789,19.350000381469727,19.0,19.139999389648438,36205000
2021-06-17,15.055373191833496,19.010000228881836,19.520000457763672,18.81999969482422,19.110000610351562,22474800
2021-06-18,14.857381820678711,18.760000228881836,19.09000015258789,18.639999389648438,18.920000076293945,27084500
2021-06-21,14.833621978759766,18.729999542236328,18.8799991607666,18.559999465942383,18.700000762939453,13009100
2021-06-22,14.485156059265137,18.290000915527344,18.670000076293945,18.06999969482422,18.56999969482422,32543400
2021-06-23,14.247564315795898,17.989999771118164,18.420000076293945,17.899999618530273,18.1299991607666,21757300
2021-06-24,14.215883255004883,17.950000762939453,18.100000381469727,17.719999313354492,18.100000381469727,21592700
2021-06-25,13.423913955688477,16.950000762939453,18.0,16.950000762939453,17.829999923706055,66198100
2021-06-28,13.859495162963867,17.5,17.649999618530273,17.0,17.170000076293945,41325600
2021-06-29,13.693183898925781,17.290000915527344,17.5,16.899999618530273,17.350000381469727,46943000
2021-06-30,13.51894760131836,17.06999969482422,17.459999084472656,17.020000457763672,17.149999618530273,28949400
2021-07-01,13.621904373168945,17.200000762939453,17.31999969482422,16.81999969482422,16.860000610351562,39119700
2021-07-02,13.804057121276855,17.43000030517578,17.6299991607666,17.25,17.389999389648438,24241600
2021-07-05,14.207963943481445,17.940000534057617,18.0,17.360000610351562,17.420000076293945,18812100
2021-07-06,13.899094581604004,17.549999237060547,17.860000610351562,17.31999969482422,17.739999771118164,34060600
2021-07-07,14.073330879211426,17.770000457763672,17.899999618530273,17.559999465942383,17.690000534057617,25160400
2021-07-08,13.748621940612793,17.360000610351562,17.6299991607666,17.270000457763672,17.469999313354492,17936500
2021-07-12,13.986211776733398,17.65999984741211,17.719999313354492,17.290000915527344,17.510000228881836,15673600
2021-07-13,14.097086906433105,17.799999237060547,17.899999618530273,17.420000076293945,17.489999771118164,22447700
2021-07-14,14.1842041015625,17.90999984741211,18.170000076293945,17.760000228881836,18.100000381469727,28762700
2021-07-15,13.954535484313965,17.6200008392334,17.950000762939453,17.459999084472656,17.950000762939453,23006300
2021-07-16,13.804057121276855,17.43000030517578,17.780000686645508,17.43000030517578,17.729999542236328,23216000
2021-07-19,13.471429824829102,17.010000228881836,17.299999237060547,16.899999618530273,17.239999771118164,21998300
2021-07-20,13.487271308898926,17.030000686645508,17.15999984741211,16.8700008392334,17.030000686645508,15847800
2021-07-21,13.621904373168945,17.200000762939453,17.219999313354492,16.959999084472656,17.06999969482422,13985700
2021-07-22,13.487271308898926,17.030000686645508,17.200000762939453,16.889999389648438,17.139999389648438,17005900
2021-07-23,13.265518188476562,16.75,17.1200008392334,16.729999542236328,17.110000610351562,11774400
2021-07-26,13.534789085388184,17.09000015258789,17.1299991607666,16.719999313354492,16.75,11973200
2021-07-27,13.400153160095215,16.920000076293945,17.079999923706055,16.799999237060547,17.0,11928000
2021-07-28,13.724862098693848,17.329999923706055,17.329999923706055,16.850000381469727,17.040000915527344,27723400
2021-07-29,13.566466331481934,17.1299991607666,17.389999389648438,16.530000686645508,17.219999313354492,54590700
2021-07-30,13.178400993347168,16.639999389648438,17.34000015258789,16.639999389648438,17.0,23889000
2021-08-02,13.35263442993164,16.860000610351562,17.170000076293945,16.860000610351562,16.899999618530273,21537000
2021-08-03,13.51894760131836,17.06999969482422,17.239999771118164,16.579999923706055,16.84000015258789,26003800
2021-08-04,13.170480728149414,16.6299991607666,17.059999465942383,16.59000015258789,16.90999984741211,20523000
2021-08-05,13.162561416625977,16.6200008392334,16.920000076293945,16.59000015258789,16.799999237060547,18203900
2021-08-06,13.542708396911621,17.100000381469727,17.170000076293945,16.65999984741211,16.700000762939453,18667000
2021-08-09,13.590227127075195,17.15999984741211,17.360000610351562,17.0,17.110000610351562,15969000
2021-08-10,13.233838081359863,16.709999084472656,17.149999618530273,16.709999084472656,17.149999618530273,21467500
2021-08-11,13.122962951660156,16.56999969482422,16.81999969482422,16.459999084472656,16.709999084472656,17091400
2021-08-12,13.13088321685791,16.579999923706055,16.780000686645508,16.5,16.56999969482422,15643300
2021-08-13,13.186320304870605,16.649999618530273,16.65999984741211,16.299999237060547,16.59000015258789,16218300
2021-08-16,12.988327026367188,16.399999618530273,16.700000762939453,16.329999923706055,16.530000686645508,18371000
2021-08-17,12.924970626831055,16.31999969482422,16.489999771118164,16.110000610351562,16.389999389648438,26879900
2021-08-18,13.0437650680542,16.469999313354492,16.81999969482422,16.219999313354492,16.299999237060547,23317500
2021-08-19,13.613984107971191,17.190000534057617,17.270000457763672,16.40999984741211,16.459999084472656,39834200
2021-08-20,13.891178131103516,17.540000915527344,17.600000381469727,16.90999984741211,16.90999984741211,34873200
2021-08-23,13.748621940612793,17.360000610351562,17.579999923706055,17.219999313354492,17.510000228881836,17262100
2021-08-24,13.93077564239502,17.59000015258789,17.670000076293945,17.350000381469727,17.479999542236328,18073900
2021-08-25,13.922853469848633,17.579999923706055,17.6200008392334,17.34000015258789,17.5,13858600
2021-08-26,13.550628662109375,17.110000610351562,17.459999084472656,17.059999465942383,17.399999618530273,22172500
2021-08-27,13.49518871307373,17.040000915527344,17.18000030517578,16.90999984741211,17.18000030517578,16973500
2021-08-30,13.606067657470703,17.18000030517578,17.229999542236328,16.809999465942383,16.959999084472656,16781900
2021-08-31,13.542708396911621,17.100000381469727,17.170000076293945,16.809999465942383,17.149999618530273,28079100
2021-09-01,13.66942310333252,17.260000228881836,17.3799991607666,17.040000915527344,17.15999984741211,17593400
2021-09-02,13.083367347717285,16.520000457763672,17.1200008392334,16.389999389648438,17.1200008392334,36473800
2021-09-03,13.115042686462402,16.559999465942383,16.760000228881836,16.440000534057617,16.639999389648438,40771400
2021-09-06,13.613984107971191,17.190000534057617,17.190000534057617,16.31999969482422,16.559999465942383,10036700
2021-09-08,12.837852478027344,16.209999084472656,17.010000228881836,16.209999084472656,16.989999771118164,39304600
2021-09-09,12.917049407958984,16.309999465942383,16.40999984741211,16.010000228881836,16.200000762939453,26356800
2021-09-10,12.750736236572266,16.100000381469727,16.6299991607666,16.100000381469727,16.43000030517578,23336500
2021-09-13,12.948729515075684,16.350000381469727,16.600000381469727,16.280000686645508,16.530000686645508,14849500
2021-09-14,13.020008087158203,16.440000534057617,16.670000076293945,16.3700008392334,16.40999984741211,12461100
2021-09-15,12.687379837036133,16.020000457763672,16.489999771118164,16.0,16.459999084472656,20538700
2021-09-16,12.774496078491211,16.1299991607666,16.450000762939453,15.779999732971191,16.0,26714500
2021-09-17,12.46562671661377,15.739999771118164,16.18000030517578,15.350000381469727,16.18000030517578,53864700
2021-09-20,12.3626708984375,15.609999656677246,15.859999656677246,15.460000038146973,15.529999732971191,22475300
2021-09-21,12.40226936340332,15.65999984741211,16.0,15.579999923706055,15.680000305175781,12843400
2021-09-22,12.449789047241211,15.720000267028809,15.899999618530273,15.630000114440918,15.770000457763672,13740400
2021-09-23,12.576502799987793,15.880000114440918,15.979999542236328,15.670000076293945,15.800000190734863,21550900
2021-09-24,12.54482364654541,15.84000015258789,15.90999984741211,15.609999656677246,15.619999885559082,16219600
2021-09-27,12.536904335021973,15.829999923706055,16.0,15.649999618530273,15.649999618530273,14263100
2021-09-28,12.228034973144531,15.4399995803833,15.869999885559082,15.359999656677246,15.760000228881836,17672700
2021-09-29,12.267634391784668,15.489999771118164,15.779999732971191,15.420000076293945,15.539999961853027,37200600
2021-09-30,12.117158889770508,15.300000190734863,15.569999694824219,15.289999961853027,15.550000190734863,39267900
2021-10-01,12.093401908874512,15.270000457763672,15.460000038146973,15.050000190734863,15.40999984741211,24130000
2021-10-04,11.911248207092285,15.039999961853027,15.229999542236328,14.8100004196167,15.079999923706055,29169100
2021-10-05,12.022123336791992,15.180000305175781,15.329999923706055,14.880000114440918,15.069999694824219,22871800
2021-10-06,11.958765983581543,15.100000381469727,15.390000343322754,15.020000457763672,15.050000190734863,36830600
2021-10-07,11.942926406860352,15.079999923706055,15.199999809265137,15.010000228881836,15.130000114440918,19716000
2021-10-08,12.164676666259766,15.359999656677246,15.579999923706055,15.149999618530273,15.170000076293945,23980500
2021-10-11,12.06964111328125,15.239999771118164,15.569999694824219,15.149999618530273,15.3100004196167,20540600
2021-10-13,12.283474922180176,15.510000228881836,15.680000305175781,15.199999809265137,15.199999809265137,22276300
2021-10-14,12.267634391784668,15.489999771118164,15.600000381469727,15.380000114440918,15.539999961853027,11517700
2021-10-15,12.299312591552734,15.529999732971191,15.630000114440918,15.359999656677246,15.510000228881836,19521400
2021-10-18,12.370591163635254,15.619999885559082,15.720000267028809,15.300000190734863,15.399999618530273,16887800
2021-10-19,11.99044418334961,15.140000343322754,15.550000190734863,15.069999694824219,15.25,21370000
2021-10-20,12.204277038574219,15.40999984741211,15.579999923706055,15.210000038146973,15.300000190734863,19273600
2021-10-21,11.99044418334961,15.140000343322754,15.279999732971191,14.850000381469727,15.0,23499300
2021-10-22,11.879568099975586,15.0,15.229999542236328,14.539999961853027,14.829999923706055,29599100
2021-10-25,12.093401908874512,15.270000457763672,15.4399995803833,15.0,15.010000228881836,19933100
2021-10-26,12.006284713745117,15.15999984741211,15.319999694824219,15.050000190734863,15.149999618530273,20648000
2021-10-27,12.053801536560059,15.220000267028809,15.710000038146973,15.220000267028809,15.3100004196167,26056100
2021-10-28,13.225920677185059,16.700000762939453,16.8700008392334,16.170000076293945,16.40999984741211,91395500
2021-10-29,13.45559024810791,16.989999771118164,17.219999313354492,16.700000762939453,16.729999542236328,44577500
2021-11-01,13.748621940612793,17.360000610351562,17.540000915527344,16.969999313354492,17.1299991607666,39314900
2021-11-03,14.120847702026367,17.829999923706055,18.100000381469727,17.200000762939453,17.200000762939453,42222400
2021-11-04,14.160443305969238,17.8799991607666,17.979999542236328,17.649999618530273,17.81999969482422,19997300
2021-11-05,14.176284790039062,17.899999618530273,18.1200008392334,17.829999923706055,17.979999542236328,19208500
2021-11-08,14.049570083618164,17.739999771118164,18.030000686645508,17.670000076293945,17.81999969482422,16697000
2021-11-09,14.168363571166992,17.889999389648438,18.09000015258789,17.700000762939453,17.700000762939453,23812900
2021-11-10,14.057489395141602,17.75,18.06999969482422,17.690000534057617,17.829999923706055,20848100
2021-11-11,13.946614265441895,17.610000610351562,17.940000534057617,17.600000381469727,17.93000030517578,24597200
2021-11-12,13.867417335510254,17.510000228881836,17.920000076293945,17.350000381469727,17.600000381469727,39208600
2021-11-16,13.867417335510254,17.510000228881836,17.690000534057617,17.440000534057617,17.6200008392334,21469300
2021-11-17,13.891178131103516,17.540000915527344,17.65999984741211,17.329999923706055,17.649999618530273,18502600
2021-11-18,13.938694953918457,17.600000381469727,17.739999771118164,17.43000030517578,17.469999313354492,17200900
2021-11-19,13.772381782531738,17.389999389648438,17.719999313354492,17.360000610351562,17.549999237060547,22010000
2021-11-22,13.716941833496094,17.31999969482422,17.600000381469727,17.260000228881836,17.450000762939453,26964000
2021-11-23,13.621904373168945,17.200000762939453,17.450000762939453,17.09000015258789,17.31999969482422,29394600
2021-11-24,13.542708396911621,17.100000381469727,17.299999237060547,16.979999542236328,17.059999465942383,18485100
2021-11-25,13.64566421508789,17.229999542236328,17.31999969482422,17.0,17.09000015258789,12150300
2021-11-26,13.217999458312988,16.690000534057617,17.06999969482422,16.579999923706055,16.899999618530273,21060500
2021-11-29,12.94080924987793,16.34000015258789,16.8799991607666,16.25,16.770000457763672,25888500
2021-11-30,12.719057083129883,16.059999465942383,16.350000381469727,15.970000267028809,16.34000015258789,54414600
2021-12-01,12.560663223266602,15.859999656677246,16.200000762939453,15.640000343322754,16.09000015258789,35109400
2021-12-02,12.679459571838379,16.010000228881836,16.18000030517578,15.729999542236328,15.989999771118164,33321600
2021-12-03,12.671539306640625,16.0,16.209999084472656,15.829999923706055,16.010000228881836,26061600
2021-12-06,12.73489761352539,16.079999923706055,16.34000015258789,15.949999809265137,16.040000915527344,16844300
2021-12-07,12.750736236572266,16.100000381469727,16.34000015258789,16.049999237060547,16.190000534057617,27590900
2021-12-08,12.73489761352539,16.079999923706055,16.34000015258789,15.920000076293945,16.1200008392334,23395200
2021-12-09,12.521065711975098,15.8100004196167,16.110000610351562,15.6899995803833,16.100000381469727,19725400
2021-12-10,12.631939888000488,15.949999809265137,16.280000686645508,15.869999885559082,16.25,15656500
2021-12-13,12.679459571838379,16.010000228881836,16.18000030517578,15.899999618530273,16.049999237060547,29400400
2021-12-14,12.806174278259277,16.170000076293945,16.450000762939453,16.020000457763672,16.020000457763672,36628700
2021-12-15,12.73489761352539,16.079999923706055,16.260000228881836,15.9399995803833,16.260000228881836,21743100
2021-12-16,12.750736236572266,16.100000381469727,16.290000915527344,16.020000457763672,16.190000534057617,21380800
2021-12-17,12.72697639465332,16.06999969482422,16.25,16.010000228881836,16.010000228881836,32774400
2021-12-20,12.688796043395996,15.420000076293945,15.550000190734863,15.239999771118164,15.5,17585900
2021-12-21,12.672338485717773,15.399999618530273,15.550000190734863,15.319999694824219,15.449999809265137,18636200
2021-12-22,12.664111137390137,15.390000343322754,15.510000228881836,15.25,15.40999984741211,11675500
2021-12-23,12.795771598815918,15.550000190734863,15.670000076293945,15.34000015258789,15.399999618530273,10634700
2021-12-27,12.779312133789062,15.529999732971191,15.649999618530273,15.479999542236328,15.550000190734863,8437200
2021-12-28,12.77108383178711,15.520000457763672,15.569999694824219,15.399999618530273,15.539999961853027,7701300
2021-12-29,12.713481903076172,15.449999809265137,15.5600004196167,15.34000015258789,15.550000190734863,8847300
2021-12-30,12.688796043395996,15.420000076293945,15.59000015258789,15.390000343322754,15.579999923706055,11819300
2022-01-03,12.61473560333252,15.329999923706055,15.539999961853027,15.149999618530273,15.420000076293945,23833600
2022-01-04,12.598280906677246,15.3100004196167,15.399999618530273,15.039999961853027,15.319999694824219,16357700
2022-01-05,12.351415634155273,15.010000228881836,15.289999961853027,14.960000038146973,15.25,24652000
2022-01-06,12.153924942016602,14.770000457763672,15.0600004196167,14.65999984741211,15.039999961853027,20406300
2022-01-07,11.956435203552246,14.529999732971191,14.800000190734863,14.449999809265137,14.800000190734863,19673600
2022-01-10,12.05517864227295,14.649999618530273,14.729999542236328,14.350000381469727,14.4399995803833,16375000
2022-01-11,12.079866409301758,14.680000305175781,14.729999542236328,14.449999809265137,14.609999656677246,20485500
2022-01-12,12.244441032409668,14.880000114440918,15.029999732971191,14.5600004196167,14.640000343322754,31912000
2022-01-13,12.334957122802734,14.989999771118164,15.050000190734863,14.760000228881836,14.869999885559082,20755600
2022-01-14,12.425475120544434,15.100000381469727,15.210000038146973,14.899999618530273,14.979999542236328,14544400
2022-01-17,12.178611755371094,14.800000190734863,15.170000076293945,14.789999961853027,15.039999961853027,21167400
2022-01-18,11.997578620910645,14.579999923706055,14.739999771118164,14.390000343322754,14.739999771118164,24913300
2022-01-19,11.9646635055542,14.539999961853027,14.680000305175781,14.390000343322754,14.649999618530273,31621600
2022-01-20,11.923518180847168,14.489999771118164,14.630000114440918,14.430000305175781,14.619999885559082,30618200
2022-01-21,12.088094711303711,14.6899995803833,14.920000076293945,14.40999984741211,14.449999809265137,28616600
2022-01-24,12.09632396697998,14.699999809265137,15.050000190734863,14.609999656677246,14.789999961853027,29992000
2022-01-25,12.400788307189941,15.069999694824219,15.09000015258789,14.609999656677246,14.640000343322754,22283700
2022-01-26,12.343186378479004,15.0,15.300000190734863,14.880000114440918,15.1899995803833,24257200
2022-01-27,12.672338485717773,15.399999618530273,15.489999771118164,14.930000305175781,15.0600004196167,24801400
2022-01-28,12.2855863571167,14.930000305175781,15.319999694824219,14.859999656677246,15.239999771118164,23251700
2022-01-31,12.318500518798828,14.970000267028809,15.119999885559082,14.770000457763672,14.899999618530273,21318000
2022-02-01,12.219755172729492,14.850000381469727,15.130000114440918,14.789999961853027,14.9399995803833,14112500
2022-02-02,11.948205947875977,14.520000457763672,14.9399995803833,14.449999809265137,14.850000381469727,17975400
2022-02-03,11.898833274841309,14.460000038146973,14.619999885559082,14.420000076293945,14.539999961853027,13206600
2022-02-04,11.857688903808594,14.40999984741211,14.539999961853027,14.170000076293945,14.420000076293945,18251100
2022-02-07,11.758942604064941,14.289999961853027,14.510000228881836,14.270000457763672,14.430000305175781,21182100
2022-02-08,11.651968955993652,14.15999984741211,14.329999923706055,14.109999656677246,14.260000228881836,20758500
2022-02-09,11.9646635055542,14.539999961853027,14.619999885559082,14.149999618530273,14.149999618530273,45857600
2022-02-10,12.137467384338379,14.75,14.819999694824219,14.40999984741211,14.569999694824219,31338100
2022-02-11,12.227985382080078,14.859999656677246,15.100000381469727,14.75,14.819999694824219,30852600
2022-02-14,12.392560958862305,15.0600004196167,15.09000015258789,14.829999923706055,14.979999542236328,33362000
2022-02-15,12.655881881713867,15.380000114440918,15.699999809265137,15.109999656677246,15.109999656677246,50177400
2022-02-16,12.409018516540527,15.079999923706055,15.479999542236328,14.960000038146973,15.449999809265137,25057100
2022-02-17,12.219755172729492,14.850000381469727,15.109999656677246,14.710000038146973,15.09000015258789,19881500
2022-02-18,12.153924942016602,14.770000457763672,14.989999771118164,14.739999771118164,14.970000267028809,11741300
2022-02-21,11.890602111816406,14.449999809265137,14.850000381469727,14.449999809265137,14.829999923706055,12423900
2022-02-22,12.104552268981934,14.710000038146973,14.819999694824219,14.4399995803833,14.4399995803833,24539400
2022-02-23,12.186840057373047,14.8100004196167,15.260000228881836,14.59000015258789,14.619999885559082,30107000
2022-02-24,12.211526870727539,14.84000015258789,14.84000015258789,13.800000190734863,14.239999771118164,59579000
2022-02-25,12.507762908935547,15.199999809265137,15.329999923706055,14.680000305175781,14.680000305175781,42942500
2022-03-02,11.948205947875977,14.520000457763672,14.979999542236328,14.420000076293945,14.6899995803833,33189500
2022-03-03,11.668426513671875,14.180000305175781,14.510000228881836,14.050000190734863,14.510000228881836,42098400
2022-03-04,11.462705612182617,13.930000305175781,14.239999771118164,13.819999694824219,14.210000038146973,26285200
2022-03-07,11.051267623901367,13.430000305175781,13.789999961853027,13.220000267028809,13.789999961853027,49545300
2022-03-08,11.05949592590332,13.4399995803833,13.729999542236328,13.279999732971191,13.399999618530273,35552000
2022-03-09,11.462705612182617,13.930000305175781,14.0,13.579999923706055,13.600000381469727,26552200
2022-03-10,11.010122299194336,13.380000114440918,13.789999961853027,13.239999771118164,13.770000457763672,37910700
2022-03-11,10.84554672241211,13.180000305175781,13.5600004196167,13.0600004196167,13.5,23133200
2022-03-14,10.960750579833984,13.319999694824219,13.460000038146973,13.15999984741211,13.220000267028809,24625600
2022-03-15,11.084182739257812,13.470000267028809,13.670000076293945,13.350000381469727,13.350000381469727,26412400
2022-03-16,11.339274406433105,13.779999732971191,13.850000381469727,13.40999984741211,13.5,24980000
2022-03-17,11.462705612182617,13.930000305175781,14.020000457763672,13.6899995803833,13.8100004196167,28381300
2022-03-18,11.726027488708496,14.25,14.25,13.800000190734863,13.850000381469727,44708300
2022-03-21,11.668426513671875,14.180000305175781,14.359999656677246,14.0600004196167,14.0600004196167,15295600
2022-03-22,11.833002090454102,14.380000114440918,14.5,14.210000038146973,14.319999694824219,20799800
2022-03-23,11.676654815673828,14.1899995803833,14.380000114440918,14.069999694824219,14.3100004196167,20051100
2022-03-24,11.684885025024414,14.199999809265137,14.359999656677246,14.0600004196167,14.199999809265137,26157200
2022-03-25,11.783629417419434,14.319999694824219,14.350000381469727,13.949999809265137,14.279999732971191,33591300
2022-03-28,12.129239082336426,14.739999771118164,14.75,14.380000114440918,14.430000305175781,19531800
2022-03-29,12.548907279968262,15.25,15.399999618530273,14.869999885559082,14.949999809265137,38100100
2022-03-30,12.483077049255371,15.170000076293945,15.300000190734863,15.020000457763672,15.260000228881836,17703300
2022-03-31,12.672338485717773,15.399999618530273,15.579999923706055,15.130000114440918,15.229999542236328,23786300
2022-04-01,12.664111137390137,15.390000343322754,15.670000076293945,15.130000114440918,15.59000015258789,31411400
2022-04-04,12.499534606933594,15.1899995803833,15.449999809265137,15.079999923706055,15.390000343322754,21788200
2022-04-05,12.400788307189941,15.069999694824219,15.279999732971191,15.0600004196167,15.149999618530273,11607000
2022-04-06,12.302043914794922,14.949999809265137,15.09000015258789,14.8100004196167,15.029999732971191,15442400
2022-04-07,12.392560958862305,15.0600004196167,15.140000343322754,14.819999694824219,14.930000305175781,21276300
2022-04-08,12.2855863571167,14.930000305175781,15.130000114440918,14.739999771118164,14.9399995803833,22202000
2022-04-11,12.507762908935547,15.199999809265137,15.4399995803833,14.739999771118164,14.819999694824219,27193900
2022-04-12,12.384332656860352,15.050000190734863,15.539999961853027,14.979999542236328,15.40999984741211,24636500
2022-04-13,12.20329761505127,14.829999923706055,15.119999885559082,14.550000190734863,15.010000228881836,33771300
2022-04-14,12.09632396697998,14.699999809265137,14.90999984741211,14.460000038146973,14.84000015258789,28820100
2022-04-18,12.104552268981934,14.710000038146973,14.800000190734863,14.600000381469727,14.619999885559082,14601500
2022-04-19,12.05517864227295,14.649999618530273,14.760000228881836,14.40999984741211,14.5600004196167,25953600
2022-04-20,12.121009826660156,14.729999542236328,15.020000457763672,14.5600004196167,14.699999809265137,16174800
2022-04-22,12.137467384338379,14.75,14.979999542236328,14.550000190734863,14.550000190734863,34086700
2022-04-25,12.441932678222656,15.119999885559082,15.1899995803833,14.630000114440918,14.760000228881836,34312300
2022-04-26,12.137467384338379,14.75,15.149999618530273,14.739999771118164,15.039999961853027,23589700
2022-04-27,12.079866409301758,14.680000305175781,14.90999984741211,14.640000343322754,14.890000343322754,19261700
2022-04-28,12.104552268981934,14.710000038146973,14.869999885559082,14.619999885559082,14.710000038146973,24849700
2022-04-29,11.948205947875977,14.520000457763672,15.0,14.520000457763672,14.850000381469727,26145100
2022-05-02,11.907061576843262,14.470000267028809,14.710000038146973,14.319999694824219,14.579999923706055,22755000
2022-05-03,11.717798233032227,14.239999771118164,14.699999809265137,14.15999984741211,14.449999809265137,21493900
2022-05-04,11.800087928771973,14.34000015258789,14.420000076293945,14.010000228881836,14.119999885559082,23653200
2022-05-05,11.298130989074707,13.729999542236328,14.329999923706055,13.619999885559082,14.329999923706055,41147400
2022-05-06,11.13355541229248,13.529999732971191,13.829999923706055,13.529999732971191,13.729999542236328,21978900
2022-05-09,11.265214920043945,13.6899995803833,13.850000381469727,13.369999885559082,13.399999618530273,26091800
2022-05-10,11.298130989074707,13.729999542236328,14.029999732971191,13.720000267028809,13.8100004196167,16310700
2022-05-11,11.479164123535156,13.949999809265137,14.15999984741211,13.640000343322754,13.720000267028809,29961100
2022-05-12,11.915288925170898,14.479999542236328,14.5,13.789999961853027,13.859999656677246,27076500
2022-05-13,11.9646635055542,14.539999961853027,14.670000076293945,14.449999809265137,14.550000190734863,13385100
2022-05-16,12.088094711303711,14.6899995803833,14.850000381469727,14.40999984741211,14.529999732971191,16896700
2022-05-17,12.121009826660156,14.729999542236328,14.890000343322754,14.670000076293945,14.84000015258789,13671500
2022-05-18,11.70134162902832,14.220000267028809,14.819999694824219,14.180000305175781,14.720000267028809,29516600
2022-05-19,11.63551139831543,14.140000343322754,14.3100004196167,13.960000038146973,14.25,19551600
2022-05-20,11.536766052246094,14.020000457763672,14.289999961853027,13.829999923706055,14.25,24557200
2022-05-23,11.586138725280762,14.079999923706055,14.140000343322754,13.850000381469727,14.140000343322754,21490000
2022-05-24,11.62728214263916,14.130000114440918,14.1899995803833,13.850000381469727,14.0,21853400
2022-05-25,11.553223609924316,14.039999961853027,14.130000114440918,13.90999984741211,14.119999885559082,15767900
2022-05-26,11.693113327026367,14.210000038146973,14.279999732971191,13.979999542236328,14.039999961853027,17300400
2022-05-27,11.693113327026367,14.210000038146973,14.369999885559082,14.039999961853027,14.180000305175781,14260900
2022-05-30,11.594367027282715,14.09000015258789,14.380000114440918,14.010000228881836,14.300000190734863,7925000
2022-05-31,11.676654815673828,14.1899995803833,14.270000457763672,14.0600004196167,14.170000076293945,28066600
2022-06-01,11.619051933288574,14.119999885559082,14.239999771118164,14.050000190734863,14.140000343322754,15219000
2022-06-02,11.619051933288574,14.119999885559082,14.300000190734863,13.880000114440918,14.289999961853027,14894700
2022-06-03,11.586138725280762,14.079999923706055,14.319999694824219,14.039999961853027,14.100000381469727,20761400
2022-06-06,11.56145191192627,14.050000190734863,14.199999809265137,13.960000038146973,14.119999885559082,13085700
2022-06-07,11.298130989074707,13.729999542236328,13.970000267028809,13.609999656677246,13.920000076293945,23888200
2022-06-08,11.322816848754883,13.760000228881836,13.930000305175781,13.539999961853027,13.630000114440918,13145200
2022-06-09,11.199384689331055,13.609999656677246,13.829999923706055,13.569999694824219,13.729999542236328,18417700
2022-06-10,11.182927131652832,13.59000015258789,13.670000076293945,13.270000457763672,13.550000190734863,29186500
2022-06-13,10.968978881835938,13.329999923706055,13.5600004196167,13.1899995803833,13.4399995803833,23595500
2022-06-14,10.820859909057617,13.149999618530273,13.369999885559082,12.989999771118164,13.329999923706055,17505300
2022-06-15,10.746801376342773,13.0600004196167,13.350000381469727,13.010000228881836,13.350000381469727,28421400
2022-06-17,10.722113609313965,13.029999732971191,13.130000114440918,12.8100004196167,12.880000114440918,38950600
2022-06-20,10.738572120666504,13.050000190734863,13.25,12.880000114440918,12.989999771118164,13366700
2022-06-21,10.837318420410156,13.170000076293945,13.3100004196167,12.9399995803833,13.079999923706055,19966600
2022-06-22,10.944293022155762,13.300000190734863,13.390000343322754,13.0600004196167,13.180000305175781,16963200
2022-06-23,10.968978881835938,13.329999923706055,13.380000114440918,13.25,13.350000381469727,17466700
2022-06-24,11.248758316040039,13.670000076293945,13.770000457763672,13.329999923706055,13.399999618530273,25329300
2022-06-27,11.289902687072754,13.720000267028809,13.850000381469727,13.640000343322754,13.729999542236328,16111400
2022-06-28,11.125327110290527,13.520000457763672,13.8100004196167,13.380000114440918,13.710000038146973,24086500
2022-06-29,11.199384689331055,13.609999656677246,13.699999809265137,13.350000381469727,13.5,27461600
2022-06-30,11.026579856872559,13.399999618530273,13.539999961853027,13.350000381469727,13.369999885559082,22872000
2022-07-01,11.322816848754883,13.760000228881836,13.800000190734863,13.300000190734863,13.350000381469727,17714200
2022-07-04,11.256987571716309,13.680000305175781,13.8100004196167,13.609999656677246,13.720000267028809,7157000
2022-07-05,11.594367027282715,14.09000015258789,14.140000343322754,13.520000457763672,13.619999885559082,26056900
2022-07-06,11.709568977355957,14.229999542236328,14.390000343322754,14.020000457763672,14.0600004196167,21918400
2022-07-07,11.709568977355957,14.229999542236328,14.380000114440918,14.0,14.350000381469727,19019700
2022-07-08,11.77540111541748,14.3100004196167,14.359999656677246,14.119999885559082,14.239999771118164,13974800
2022-07-11,11.602596282958984,14.100000381469727,14.34000015258789,14.029999732971191,14.210000038146973,11484300
2022-07-12,11.347502708435059,13.789999961853027,14.109999656677246,13.529999732971191,14.109999656677246,50374400
2022-07-13,11.989348411560059,14.569999694824219,14.670000076293945,13.800000190734863,13.800000190734863,53045500
2022-07-14,12.211526870727539,14.84000015258789,14.960000038146973,14.369999885559082,14.380000114440918,42313700
2022-07-15,12.005806922912598,14.59000015258789,14.880000114440918,14.569999694824219,14.8100004196167,25341500
2022-07-18,11.923518180847168,14.489999771118164,14.720000267028809,14.40999984741211,14.600000381469727,16582000
2022-07-19,11.915288925170898,14.479999542236328,14.760000228881836,14.420000076293945,14.489999771118164,21362100
2022-07-20,11.767171859741211,14.300000190734863,14.5600004196167,14.109999656677246,14.40999984741211,48699500
2022-07-21,11.981121063232422,14.5600004196167,14.59000015258789,14.180000305175781,14.239999771118164,25407300
2022-07-22,11.939976692199707,14.510000228881836,14.619999885559082,14.359999656677246,14.539999961853027,22205400
2022-07-25,12.079866409301758,14.680000305175781,14.779999732971191,14.449999809265137,14.529999732971191,14348000
2022-07-26,12.195069313049316,14.819999694824219,14.880000114440918,14.550000190734863,14.6899995803833,27532200
2022-07-27,12.326729774475098,14.979999542236328,15.100000381469727,14.649999618530273,14.850000381469727,37333600
2022-07-28,12.425475120544434,15.100000381469727,15.800000190734863,14.729999542236328,15.4399995803833,70122600
2022-07-29,12.2855863571167,14.930000305175781,15.229999542236328,14.829999923706055,15.130000114440918,40541400
2022-08-01,12.038722038269043,14.630000114440918,14.890000343322754,14.430000305175781,14.859999656677246,34565900
2022-08-02,12.104552268981934,14.710000038146973,14.789999961853027,14.510000228881836,14.5600004196167,12515800
2022-08-03,12.038722038269043,14.630000114440918,14.819999694824219,14.399999618530273,14.729999542236328,19576600
2022-08-04,12.079866409301758,14.680000305175781,14.800000190734863,14.399999618530273,14.75,22962500
2022-08-05,12.014036178588867,14.600000381469727,14.9399995803833,14.569999694824219,14.729999542236328,20809900
2022-08-08,12.178611755371094,14.800000190734863,14.819999694824219,14.510000228881836,14.680000305175781,16864800
2022-08-09,12.129239082336426,14.739999771118164,14.869999885559082,14.619999885559082,14.84000015258789,13704000
2022-08-10,12.474847793579102,15.15999984741211,15.1899995803833,14.75,14.949999809265137,19048300
2022-08-11,12.450161933898926,15.130000114440918,15.3100004196167,15.0600004196167,15.3100004196167,11619800
2022-08-12,12.5159912109375,15.210000038146973,15.359999656677246,15.079999923706055,15.260000228881836,17954400
2022-08-15,12.688796043395996,15.420000076293945,15.5,15.0600004196167,15.130000114440918,21276600
2022-08-16,12.754627227783203,15.5,15.609999656677246,15.329999923706055,15.4399995803833,16447100
2022-08-17,12.795771598815918,15.550000190734863,15.630000114440918,15.350000381469727,15.460000038146973,27664000
2022-08-18,13.16606616973877,16.0,16.020000457763672,15.59000015258789,15.65999984741211,34709400
2022-08-19,12.886285781860352,15.65999984741211,16.219999313354492,15.539999961853027,15.890000343322754,38987700
2022-08-22,12.688796043395996,15.420000076293945,15.770000457763672,15.34000015258789,15.710000038146973,18162300
2022-08-23,12.705253601074219,15.4399995803833,15.520000457763672,15.289999961853027,15.350000381469727,14311100
2022-08-24,13.00149154663086,15.800000190734863,15.890000343322754,15.430000305175781,15.4399995803833,18054400
2022-08-25,13.017948150634766,15.819999694824219,16.079999923706055,15.75,15.949999809265137,10482600
2022-08-26,12.894516944885254,15.670000076293945,15.899999618530273,15.609999656677246,15.890000343322754,12927600
2022-08-29,12.845144271850586,15.609999656677246,15.6899995803833,15.510000228881836,15.649999618530273,9512400
2022-08-30,12.664111137390137,15.390000343322754,15.729999542236328,15.260000228881836,15.699999809265137,15374700
2022-08-31,12.565364837646484,15.270000457763672,15.619999885559082,15.270000457763672,15.420000076293945,22741700
2022-09-01,12.697026252746582,15.430000305175781,15.699999809265137,15.09000015258789,15.359999656677246,33540800
2022-09-02,12.738168716430664,15.479999542236328,15.739999771118164,15.350000381469727,15.470000267028809,22400800
2022-09-05,12.795771598815918,15.550000190734863,15.609999656677246,15.4399995803833,15.600000381469727,9796000
2022-09-06,12.803999900817871,15.5600004196167,15.65999984741211,15.390000343322754,15.4399995803833,20160400
2022-09-08,12.754627227783203,15.5,15.739999771118164,15.350000381469727,15.600000381469727,22311100
2022-09-09,12.935660362243652,15.720000267028809,15.760000228881836,15.479999542236328,15.5,13422600
2022-09-12,12.91920280456543,15.699999809265137,15.800000190734863,15.579999923706055,15.789999961853027,18048600
2022-09-13,12.828685760498047,15.59000015258789,15.880000114440918,15.489999771118164,15.600000381469727,27453000
2022-09-14,12.655881881713867,15.380000114440918,15.59000015258789,15.270000457763672,15.59000015258789,17680200
2022-09-15,12.590049743652344,15.300000190734863,15.4399995803833,15.239999771118164,15.380000114440918,13293700
2022-09-16,12.565364837646484,15.270000457763672,15.399999618530273,15.140000343322754,15.239999771118164,47764700
2022-09-19,12.729940414428711,15.470000267028809,15.529999732971191,15.180000305175781,15.300000190734863,14253700
2022-09-20,12.968576431274414,15.760000228881836,15.760000228881836,15.319999694824219,15.479999542236328,43727000
2022-09-21,12.795771598815918,15.550000190734863,15.869999885559082,15.470000267028809,15.770000457763672,24983700
2022-09-22,12.894516944885254,15.670000076293945,15.720000267028809,15.399999618530273,15.710000038146973,32533500
2022-09-23,12.647652626037598,15.369999885559082,15.479999542236328,15.170000076293945,15.399999618530273,39045900
2022-09-26,12.565364837646484,15.270000457763672,15.489999771118164,15.170000076293945,15.359999656677246,25475400
2022-09-27,12.705253601074219,15.4399995803833,15.600000381469727,15.25,15.390000343322754,34504900
2022-09-28,12.935660362243652,15.720000267028809,15.800000190734863,15.380000114440918,15.420000076293945,30344400
2022-09-29,12.845144271850586,15.609999656677246,15.760000228881836,15.470000267028809,15.59000015258789,40055300
