Price,Adj Close,Close,High,Low,Open,Volume
Ticker,GE,GE,GE,GE,GE,GE
Date,,,,,,
2010-01-04,53.66404724121094,74.04315948486328,74.95372009277344,72.60542297363281,72.9408950805664,13997032
2010-01-05,53.941917419433594,74.42655181884766,75.09749603271484,74.04315948486328,74.09107971191406,13469263
2010-01-06,53.66404724121094,74.04315948486328,74.85787200927734,73.99523162841797,74.42655181884766,11573422
2010-01-07,56.44276809692383,77.87710571289062,78.9793701171875,73.94731140136719,74.18692779541016,38701038
2010-01-08,57.65845489501953,79.55445861816406,79.98577880859375,77.97295379638672,78.16465759277344,24019636
2010-01-11,58.21418380737305,80.32125091552734,80.8963394165039,79.26691436767578,80.65672302246094,15999249
2010-01-12,58.24895095825195,80.36917877197266,80.70464324951172,79.41069030761719,79.45861053466797,13484329
2010-01-13,58.45734405517578,80.65672302246094,81.08804321289062,79.41069030761719,80.32125091552734,13634482
2010-01-14,58.00580596923828,80.03370666503906,80.84841918945312,79.93785858154297,80.46502685546875,11969170
2010-01-15,57.10272979736328,78.78767395019531,80.27332305908203,78.35635375976562,79.93785858154297,15463551
2010-01-19,57.45005798339844,79.26691436767578,80.27332305908203,78.30842590332031,78.35635375976562,12665246
2010-01-20,57.311119079589844,79.0752182006836,79.93785858154297,78.26050567626953,79.0752182006836,13457787
2010-01-21,55.643890380859375,76.77484893798828,78.9793701171875,76.43937683105469,78.93144226074219,20689097
2010-01-22,55.95648956298828,77.20616912841797,80.32125091552734,77.11031341552734,79.3148422241211,33944669
2010-01-25,56.85957717895508,78.45220184326172,79.21898651123047,77.73333740234375,78.8835220336914,15683126
2010-01-26,56.790122985839844,78.35635375976562,80.03370666503906,77.92503356933594,78.26050567626953,16279190
2010-01-27,56.61643981933594,78.11672973632812,78.54804992675781,76.82276916503906,78.06880187988281,16035807
2010-01-28,56.130165100097656,77.44578552246094,78.8355941772461,76.72692108154297,78.73974609375,16512683
2010-01-29,55.85227966308594,77.06239318847656,79.0752182006836,77.01446533203125,77.73333740234375,16934723
2010-02-01,56.44276809692383,77.87710571289062,78.30842590332031,77.15824127197266,77.63748931884766,11881324
2010-02-02,58.526817321777344,80.75257110595703,81.2318115234375,77.82918548583984,77.97295379638672,24152512
2010-02-03,57.936336517333984,79.93785858154297,81.6152114868164,79.65030670166016,80.46502685546875,14768727
2010-02-04,55.7133674621582,76.87069702148438,79.0752182006836,76.72692108154297,78.9793701171875,22973529
2010-02-05,54.84501647949219,75.6725845336914,77.58956146240234,73.08467102050781,76.87069702148438,29943678
2010-02-08,54.18505859375,74.76202392578125,75.9122085571289,74.13900756835938,75.8642807006836,14707965
2010-02-09,54.18505859375,74.76202392578125,76.1518325805664,73.94731140136719,75.52881622314453,20361309
2010-02-10,54.4976806640625,75.19334411621094,76.05598449707031,74.28277587890625,74.61824798583984,14267709
2010-02-11,54.77553176879883,75.57673645019531,75.6725845336914,74.18692779541016,74.85787200927734,13958805
2010-02-12,54.01139450073242,74.52239990234375,75.48088836669922,73.56391143798828,74.71409606933594,15963297
2010-02-16,55.7133674621582,76.87069702148438,77.25408935546875,75.14541625976562,75.24126434326172,14490497
2010-02-17,56.095428466796875,77.39786529541016,77.73333740234375,76.96654510498047,77.58956146240234,12635303
2010-02-18,56.40803909301758,77.82918548583984,78.06880187988281,77.06239318847656,77.15824127197266,9876707
2010-02-19,56.16490173339844,77.49371337890625,77.87710571289062,76.67900085449219,77.34993743896484,13605102
2010-02-22,56.44276809692383,77.87710571289062,78.30842590332031,77.44578552246094,77.78125762939453,9387290
2010-02-23,55.4007568359375,76.43937683105469,78.21257781982422,76.008056640625,77.58956146240234,13223146
2010-02-24,55.991233825683594,77.25408935546875,77.34993743896484,76.1039047241211,76.5831527709961,11820833
2010-02-25,55.641727447509766,76.29560089111328,76.43937683105469,75.28919219970703,75.52881622314453,13221769
2010-02-26,56.131019592285156,76.96654510498047,77.39786529541016,76.43937683105469,76.67900085449219,12637494
2010-03-01,55.571815490722656,76.19975280761719,77.39786529541016,75.8642807006836,77.15824127197266,13103625
2010-03-02,55.571815490722656,76.19975280761719,76.43937683105469,75.8642807006836,76.29560089111328,10973039
2010-03-03,56.026187896728516,76.82276916503906,78.06880187988281,76.43937683105469,76.5831527709961,17489514
2010-03-04,56.30577850341797,77.20616912841797,77.44578552246094,76.53522491455078,77.01446533203125,9834703
2010-03-05,57.144615173339844,78.35635375976562,78.45220184326172,77.39786529541016,77.58956146240234,13601409
2010-03-08,56.864986419677734,77.97295379638672,78.93144226074219,77.82918548583984,78.45220184326172,11200334
2010-03-09,57.6339225769043,79.02729034423828,79.65030670166016,77.87710571289062,78.11672973632812,17462012
2010-03-10,57.70379638671875,79.12313842773438,79.60238647460938,78.69181823730469,79.02729034423828,14156346
2010-03-11,57.59897994995117,78.9793701171875,79.3148422241211,78.21257781982422,79.02729034423828,13543317
2010-03-12,59.556217193603516,81.66313171386719,81.75897979736328,79.0752182006836,79.50653839111328,23552817
2010-03-15,60.429996490478516,82.86124420166016,83.14878845214844,81.18389129638672,81.5672836303711,24611923
2010-03-16,63.15613555908203,86.5993423461914,87.0306625366211,83.6280288696289,83.81973266601562,47694123
2010-03-17,63.05130386352539,86.45556640625,88.18084716796875,86.12010192871094,87.79745483398438,33490224
2010-03-18,63.57556915283203,87.1744384765625,87.5099105834961,85.83255004882812,86.6951904296875,18469808
2010-03-19,63.15613555908203,86.5993423461914,87.89330291748047,85.92840576171875,86.5993423461914,23953698
2010-03-22,63.15613555908203,86.5993423461914,86.88688659667969,85.30538177490234,85.59293365478516,13550662
2010-03-23,64.06484985351562,87.84537506103516,88.42047119140625,86.98273468017578,87.0306625366211,22447889
2010-03-24,64.48430633544922,88.42047119140625,90.76876068115234,87.55783081054688,87.98915100097656,25924408
2010-03-25,63.960052490234375,87.70160675048828,89.9061279296875,87.5099105834961,89.66650390625,20379692
2010-03-26,64.09981536865234,87.89330291748047,89.28311157226562,87.12651062011719,87.79745483398438,17607011
2010-03-29,64.30955505371094,88.18084716796875,88.94763946533203,87.46198272705078,88.75594329833984,17510255
2010-03-30,63.960052490234375,87.70160675048828,88.56423950195312,87.46198272705078,88.51631927490234,11094292
2010-03-31,63.61052322387695,87.22235870361328,87.98915100097656,86.88688659667969,87.2702865600586,12356239
2010-04-01,64.06484985351562,87.84537506103516,88.18084716796875,87.12651062011719,87.55783081054688,9489535
2010-04-05,64.76387786865234,88.80386352539062,89.37895965576172,87.84537506103516,88.27669525146484,11659912
2010-04-06,65.00853729248047,89.13933563232422,89.37895965576172,88.22877502441406,88.42047119140625,11289975
2010-04-07,64.65904235839844,88.66009521484375,89.85820007324219,88.13291931152344,88.99555969238281,12616586
2010-04-08,64.86872100830078,88.94763946533203,89.37895965576172,87.46198272705078,88.13291931152344,12643441
2010-04-09,64.72891235351562,88.75594329833984,89.47480773925781,88.18084716796875,89.0914077758789,11395600
2010-04-12,65.39299774169922,89.66650390625,90.96046447753906,88.85179138183594,88.94763946533203,14961176
2010-04-13,66.23180389404297,90.81668853759766,91.67932891845703,89.71443176269531,89.85820007324219,19319000
2010-04-14,67.62989044189453,92.7336654663086,92.97328186035156,91.10423278808594,92.0627212524414,17101736
2010-04-15,68.15412139892578,93.45252990722656,94.36309051513672,92.82951354980469,93.21290588378906,21517631
2010-04-16,66.3017578125,90.91253662109375,93.21290588378906,89.37895965576172,93.16498565673828,35968107
2010-04-19,66.19686889648438,90.76876068115234,90.91253662109375,89.3310317993164,89.3310317993164,16308236
2010-04-20,66.40658569335938,91.05631256103516,92.01480102539062,90.96046447753906,91.24800872802734,12032812
2010-04-21,66.51141357421875,91.20008087158203,91.9189453125,90.52914428710938,91.53555297851562,12187327
2010-04-22,66.23180389404297,90.81668853759766,91.10423278808594,89.18726348876953,90.62499237060547,15241639
2010-04-23,66.6512451171875,91.39178466796875,91.53555297851562,90.09782409667969,90.38536834716797,12055974
2010-04-26,67.45510864257812,92.4940414428711,92.82951354980469,91.53555297851562,91.96687316894531,13711791
2010-04-27,65.35801696777344,89.61857604980469,93.40460205078125,89.0914077758789,92.20649719238281,22875437
2010-04-28,66.23180389404297,90.81668853759766,91.48763275146484,89.37895965576172,89.47480773925781,17737613
2010-04-29,68.11917877197266,93.40460205078125,93.40460205078125,91.20008087158203,91.24800872802734,14620201
2010-04-30,65.91724395751953,90.38536834716797,94.41101837158203,90.04989624023438,93.26083374023438,23397927
2010-05-03,67.31529235839844,92.3023452758789,92.68573760986328,90.86461639404297,90.91253662109375,12552631
2010-05-04,64.93865203857422,89.04348754882812,91.39178466796875,87.94122314453125,91.34385681152344,19640048
2010-05-05,63.26103591918945,86.74311828613281,88.61216735839844,85.92840576171875,87.31820678710938,22326760
2010-05-06,60.49991226196289,82.95709228515625,86.98273468017578,72.60542297363281,86.26387023925781,38002124
2010-05-07,58.99699783325195,80.8963394165039,84.77821350097656,79.17106628417969,83.91558074951172,34526461
2010-05-10,63.05130386352539,86.45556640625,88.03707122802734,85.68878173828125,86.45556640625,28831112
2010-05-11,62.91151809692383,86.26387023925781,87.89330291748047,85.40123748779297,85.54500579833984,17424077
2010-05-12,64.44935607910156,88.37254333496094,88.66009521484375,86.5993423461914,86.6951904296875,14169721
2010-05-13,63.08625793457031,86.50349426269531,88.32462310791016,86.07217407226562,88.22877502441406,13419602
2010-05-14,61.65326690673828,84.5385971069336,86.45556640625,83.43633270263672,86.12010192871094,17468293
2010-05-17,61.3736572265625,84.15519714355469,84.92198944091797,81.90275573730469,84.39482116699219,16433079
2010-05-18,60.22029113769531,82.57369232177734,85.64085388183594,81.7110595703125,84.92198944091797,16587071
2010-05-19,60.32514572143555,82.71746826171875,83.29256439208984,80.27332305908203,81.8069076538086,28157488
2010-05-20,56.83006286621094,77.92503356933594,80.65672302246094,77.87710571289062,80.56087493896484,32225001
2010-05-21,57.3892707824707,78.69181823730469,78.73974609375,75.00164794921875,75.24126434326172,30542976
2010-05-24,55.95627212524414,76.72692108154297,78.54804992675781,76.53522491455078,78.21257781982422,15468058
2010-05-25,55.746578216552734,76.43937683105469,76.53522491455078,73.08467102050781,74.28277587890625,25505372
2010-05-26,55.95627212524414,76.72692108154297,79.02729034423828,76.53522491455078,78.35635375976562,17377275
2010-05-27,58.22806167602539,79.84201049804688,79.93785858154297,77.34993743896484,78.69181823730469,14631031
2010-05-28,57.144615173339844,78.35635375976562,79.98577880859375,77.44578552246094,79.84201049804688,14686326
2010-06-01,55.85143280029297,76.5831527709961,79.12313842773438,76.3435287475586,77.82918548583984,15259041
2010-06-02,57.144615173339844,78.35635375976562,78.54804992675781,76.43937683105469,77.44578552246094,13114183
2010-06-03,57.49411392211914,78.8355941772461,78.9793701171875,77.78125762939453,78.6438980102539,10816417
2010-06-04,54.907779693603516,75.28919219970703,77.06239318847656,74.57032775878906,77.06239318847656,23875137
2010-06-07,53.859230041503906,73.8514633178711,75.48088836669922,73.65975952148438,75.38504028320312,15277424
2010-06-08,54.10388946533203,74.18692779541016,74.52239990234375,72.12618255615234,74.09107971191406,18649508
2010-06-09,53.54468536376953,73.4201431274414,75.24126434326172,72.9408950805664,74.66617584228516,13949812
2010-06-10,54.80290222167969,75.14541625976562,76.05598449707031,74.37863159179688,74.71409606933594,16404158
2010-06-11,54.383487701416016,74.57032775878906,74.80995178222656,73.65975952148438,74.42655181884766,14784064
2010-06-14,53.78933334350586,73.75560760498047,76.1039047241211,73.56391143798828,75.57673645019531,15802898
2010-06-15,55.1873664855957,75.6725845336914,75.96012878417969,73.6118392944336,74.37863159179688,16502751
2010-06-16,55.397064208984375,75.96012878417969,77.11031341552734,74.85787200927734,75.28919219970703,18080111
2010-06-17,55.959835052490234,76.2476806640625,76.3435287475586,75.00164794921875,76.05598449707031,11902315
2010-06-18,56.100528717041016,76.43937683105469,76.91861724853516,76.008056640625,76.67900085449219,12379671
2010-06-21,56.62810516357422,77.15824127197266,78.8355941772461,76.82276916503906,77.68540954589844,14861227
2010-06-22,55.53776550292969,75.6725845336914,77.49371337890625,75.57673645019531,77.11031341552734,13559426
2010-06-23,54.13086700439453,73.75560760498047,76.1518325805664,73.65975952148438,75.52881622314453,20360016
2010-06-24,53.040504455566406,72.26995849609375,74.04315948486328,71.88655853271484,73.70768737792969,20093951
2010-06-25,52.442562103271484,71.45523834228516,72.60542297363281,71.02392578125,72.46165466308594,28008629
2010-06-28,52.75911331176758,71.88655853271484,72.89297485351562,71.45523834228516,71.69486236572266,12612768
2010-06-29,50.93012237548828,69.39449310302734,70.8801498413086,68.3880844116211,70.6884536743164,23976297
2010-06-30,50.719085693359375,69.10694885253906,70.4009017944336,68.77147674560547,69.34656524658203,17020191
2010-07-01,49.66390609741211,67.6692123413086,69.15486907958984,66.47110748291016,68.67562866210938,22343057
2010-07-02,48.81977462768555,66.51902770996094,68.34015655517578,65.89601135253906,67.86091613769531,16389280
2010-07-06,49.13631057739258,66.95034790039062,68.57978057861328,66.18356323242188,67.62129211425781,16099261
2010-07-07,51.422550201416016,70.06543731689453,70.25713348388672,66.90242767333984,67.04619598388672,19136692
2010-07-08,52.16117858886719,71.07184600830078,72.70127868652344,69.82581329345703,71.26354217529297,18451383
2010-07-09,52.5832633972168,71.64694213867188,71.83863830566406,70.6884536743164,71.64694213867188,9618112
2010-07-12,52.51289749145508,71.55108642578125,71.83863830566406,70.83222198486328,71.40731811523438,8010705
2010-07-13,53.49774932861328,72.89297485351562,73.56391143798828,72.65335083007812,72.9408950805664,12073355
2010-07-14,53.46254348754883,72.84504699707031,73.32429504394531,72.17411041259766,73.1325912475586,9541116
2010-07-15,53.63842010498047,73.08467102050781,73.22843933105469,71.31147003173828,72.65335083007812,16552955
2010-07-16,51.17634582519531,69.72996520996094,72.17411041259766,69.49034118652344,71.88655853271484,26169356
2010-07-19,51.422550201416016,70.06543731689453,70.6405258178711,69.34656524658203,70.16128540039062,10239675
2010-07-20,52.5480842590332,71.59901428222656,71.93448638916016,68.81940460205078,68.81940460205078,14038660
2010-07-21,52.19633865356445,71.1197738647461,72.84504699707031,70.16128540039062,72.41372680664062,13567606
2010-07-22,53.49774932861328,72.89297485351562,73.2763671875,71.74279022216797,72.26995849609375,13417118
2010-07-23,55.25640106201172,75.28919219970703,75.96012878417969,72.03033447265625,72.89297485351562,23523583
2010-07-26,56.7688102722168,77.34993743896484,77.44578552246094,75.24126434326172,76.2476806640625,16891259
2010-07-27,56.90950012207031,77.54163360595703,79.41069030761719,77.15824127197266,78.11672973632812,14594265
2010-07-28,56.45224380493164,76.91861724853516,77.54163360595703,76.43937683105469,77.15824127197266,10950399
2010-07-29,56.803993225097656,77.39786529541016,77.82918548583984,76.39144897460938,77.39786529541016,14561213
2010-07-30,56.698463439941406,77.25408935546875,77.82918548583984,76.2476806640625,76.29560089111328,12546935
2010-08-02,57.71847152709961,78.6438980102539,78.93144226074219,78.16465759277344,78.21257781982422,14066329
2010-08-03,57.68328857421875,78.5959701538086,79.17106628417969,78.4042739868164,78.54804992675781,11495800
2010-08-04,57.964691162109375,78.9793701171875,79.12313842773438,78.45220184326172,78.6438980102539,9624330
2010-08-05,58.10538864135742,79.17106628417969,79.26691436767578,77.97295379638672,78.35635375976562,9723007
2010-08-06,57.859153747558594,78.8355941772461,78.8355941772461,77.11031341552734,78.21257781982422,12301507
2010-08-09,57.61296463012695,78.5001220703125,78.8835220336914,78.11672973632812,78.69181823730469,8329540
2010-08-10,57.15572738647461,77.87710571289062,78.30842590332031,76.4873046875,77.58956146240234,11108418
2010-08-11,55.22120666503906,75.24126434326172,76.82276916503906,74.47447967529297,76.5831527709961,16101202
2010-08-12,54.51774978637695,74.28277587890625,75.14541625976562,73.5159912109375,73.89938354492188,12153169
2010-08-13,54.09568786621094,73.70768737792969,74.37863159179688,73.5159912109375,73.5159912109375,8690943
2010-08-16,54.37704086303711,74.09107971191406,74.23485565185547,72.60542297363281,73.2763671875,11774718
2010-08-17,54.79913330078125,74.66617584228516,75.4329605102539,74.28277587890625,75.04956817626953,12709232
2010-08-18,55.22120666503906,75.24126434326172,75.4329605102539,74.33070373535156,74.66617584228516,8826991
2010-08-19,53.63842010498047,73.08467102050781,74.95372009277344,72.12618255615234,74.57032775878906,17180569
2010-08-20,52.864646911621094,72.03033447265625,72.74919891357422,71.35939025878906,72.74919891357422,13647106
2010-08-23,52.3721923828125,71.35939025878906,73.1805191040039,71.16769409179688,72.9408950805664,11597648
2010-08-24,51.246681213378906,69.82581329345703,70.6884536743164,69.05902099609375,70.6405258178711,18709916
2010-08-25,51.246681213378906,69.82581329345703,70.35298156738281,68.292236328125,69.29864501953125,16021722
2010-08-26,51.00045394897461,69.49034118652344,70.97599792480469,69.20279693603516,70.25713348388672,12161933
2010-08-27,51.73908615112305,70.49675750732422,70.73637390136719,68.86732482910156,70.01750946044922,9697153
2010-08-30,51.07083511352539,69.58618927001953,70.544677734375,69.53826904296875,70.3050537109375,7633548
2010-08-31,50.93012237548828,69.39449310302734,69.87373352050781,68.57978057861328,68.81940460205078,12357950
2010-09-01,52.79429244995117,71.93448638916016,72.36580657958984,69.96958923339844,70.59260559082031,16284553
2010-09-02,53.28669357299805,72.60542297363281,72.84504699707031,71.59901428222656,72.36580657958984,11358229
2010-09-03,54.13086700439453,73.75560760498047,74.57032775878906,72.84504699707031,73.75560760498047,13425548
2010-09-07,54.30672073364258,73.99523162841797,74.28277587890625,72.89297485351562,73.22843933105469,11552744
2010-09-08,55.22120666503906,75.24126434326172,75.6725845336914,73.4201431274414,73.75560760498047,15664242
2010-09-09,55.959835052490234,76.2476806640625,76.67900085449219,75.81636047363281,76.2476806640625,12625350
2010-09-10,56.20603561401367,76.5831527709961,77.06239318847656,75.7684326171875,76.4873046875,9731541
2010-09-13,57.15572738647461,77.87710571289062,78.16465759277344,76.91861724853516,77.58956146240234,11749867
2010-09-14,56.83916473388672,77.44578552246094,78.02088165283203,77.20616912841797,77.54163360595703,10049083
2010-09-15,57.47226333618164,78.30842590332031,78.93144226074219,76.53522491455078,77.01446533203125,14305038
2010-09-16,57.5076904296875,77.78125762939453,78.16465759277344,77.20616912841797,77.54163360595703,9822142
2010-09-17,57.72028350830078,78.06880187988281,78.69181823730469,77.06239318847656,78.16465759277344,15128127
2010-09-20,58.64153289794922,79.3148422241211,79.55445861816406,77.78125762939453,77.97295379638672,9617507
2010-09-21,58.5352668762207,79.17106628417969,80.03370666503906,78.69181823730469,79.17106628417969,11300200
2010-09-22,58.4643669128418,79.0752182006836,79.88993072509766,78.5959701538086,79.12313842773438,9898909
2010-09-23,57.188812255859375,77.34993743896484,78.54804992675781,76.91861724853516,77.97295379638672,11096608
2010-09-24,59.031307220458984,79.84201049804688,79.84201049804688,78.11672973632812,78.26050567626953,17742517
2010-09-27,58.21635818481445,78.73974609375,79.79408264160156,78.5959701538086,79.79408264160156,8465004
2010-09-28,58.25180435180664,78.78767395019531,79.17106628417969,77.34993743896484,78.73974609375,11242067
2010-09-29,57.96831512451172,78.4042739868164,78.8835220336914,77.82918548583984,78.30842590332031,9206985
2010-09-30,57.578548431396484,77.87710571289062,79.98577880859375,77.39786529541016,78.8835220336914,12311585
2010-10-01,57.96831512451172,78.4042739868164,79.21898651123047,77.92503356933594,78.5959701538086,10106214
2010-10-04,57.04707336425781,77.15824127197266,78.45220184326172,76.67900085449219,78.16465759277344,9563943
2010-10-05,58.49980545043945,79.12313842773438,79.45861053466797,77.58956146240234,77.87710571289062,13064730
2010-10-06,59.881683349609375,80.99219512939453,81.471435546875,78.8835220336914,79.02729034423828,15441016
2010-10-07,60.413204193115234,81.7110595703125,82.0465316772461,80.75257110595703,81.471435546875,12227265
2010-10-08,60.661224365234375,82.0465316772461,82.86124420166016,81.6152114868164,82.09445190429688,10756197
2010-10-11,60.09431076049805,81.27973937988281,82.71746826171875,81.08804321289062,82.62162017822266,10907873
2010-10-12,60.909263610839844,82.38199615478516,82.90916442871094,81.18389129638672,81.3276596069336,13515774
2010-10-13,61.22816467285156,82.81331634521484,83.81973266601562,82.33407592773438,82.90916442871094,12688095
2010-10-14,60.802947998046875,82.23822784423828,83.34048461914062,81.3276596069336,83.34048461914062,12078614
2010-10-15,57.75571823120117,78.11672973632812,80.46502685546875,77.39786529541016,80.41709899902344,42809302
2010-10-18,57.578548431396484,77.87710571289062,78.30842590332031,77.15824127197266,78.16465759277344,14082417
2010-10-19,56.94074630737305,77.01446533203125,77.92503356933594,76.5831527709961,77.15824127197266,15474923
2010-10-20,56.86988830566406,76.91861724853516,77.63748931884766,76.1039047241211,77.58956146240234,14534274
2010-10-21,57.04707336425781,77.15824127197266,78.45220184326172,76.77484893798828,77.11031341552734,12397595
2010-10-22,56.90531539916992,76.96654510498047,77.63748931884766,76.72692108154297,77.20616912841797,6535046
2010-10-25,56.90531539916992,76.96654510498047,78.21257781982422,76.96654510498047,77.92503356933594,11184664
2010-10-26,57.25965881347656,77.44578552246094,78.21257781982422,76.82276916503906,76.96654510498047,10306384
2010-10-27,57.08250427246094,77.20616912841797,77.34993743896484,76.63107299804688,76.96654510498047,10563101
2010-10-28,56.97618103027344,77.06239318847656,78.11672973632812,76.82276916503906,77.73333740234375,9236094
2010-10-29,56.76361846923828,76.77484893798828,77.30201721191406,76.5831527709961,77.01446533203125,7965550
2010-11-01,56.51556396484375,76.43937683105469,77.54163360595703,76.1039047241211,77.11031341552734,11028918
2010-11-02,56.48014450073242,76.39144897460938,77.01446533203125,76.1039047241211,76.67900085449219,10546909
2010-11-03,56.90531539916992,76.96654510498047,77.15824127197266,76.1039047241211,76.4873046875,13721703
2010-11-04,58.49980545043945,79.12313842773438,79.50653839111328,77.54163360595703,77.63748931884766,18195585
2010-11-05,59.27934646606445,80.17747497558594,80.80049133300781,79.12313842773438,79.17106628417969,14570331
2010-11-08,59.20848083496094,80.08162689208984,80.70464324951172,79.65030670166016,79.65030670166016,9977825
2010-11-09,58.88959503173828,79.65030670166016,80.60879516601562,79.26691436767578,80.60879516601562,10418018
2010-11-10,58.64153289794922,79.3148422241211,79.88993072509766,78.45220184326172,79.74615478515625,10370026
2010-11-11,57.93289566040039,78.35635375976562,79.17106628417969,77.73333740234375,78.78767395019531,9727326
2010-11-12,57.578548431396484,77.87710571289062,78.54804992675781,77.20616912841797,77.87710571289062,10082344
2010-11-15,57.40139389038086,77.63748931884766,78.73974609375,77.54163360595703,77.78125762939453,8176612
2010-11-16,56.196659088134766,76.008056640625,77.44578552246094,75.52881622314453,77.34993743896484,15430374
2010-11-17,56.01948928833008,75.7684326171875,76.29560089111328,75.52881622314453,76.05598449707031,7573704
2010-11-18,56.83448791503906,76.87069702148438,77.63748931884766,76.67900085449219,76.67900085449219,10451988
2010-11-19,57.47227096557617,77.73333740234375,77.78125762939453,76.43937683105469,76.96654510498047,10279216
2010-11-22,56.79903030395508,76.82276916503906,77.34993743896484,75.62466430664062,77.34993743896484,13710497
2010-11-23,55.84234619140625,75.52881622314453,76.1518325805664,74.90579223632812,75.8642807006836,11674435
2010-11-24,56.48014450073242,76.39144897460938,76.5831527709961,75.62466430664062,75.7684326171875,8848128
2010-11-26,55.98408889770508,75.72051239013672,76.1039047241211,75.48088836669922,75.62466430664062,3639088
2010-11-29,56.58643341064453,76.53522491455078,76.91861724853516,75.14541625976562,75.38504028320312,11791036
2010-11-30,56.09037780761719,75.8642807006836,76.43937683105469,75.33711242675781,75.48088836669922,11243715
2010-12-01,57.75571823120117,78.11672973632812,78.11672973632812,76.82276916503906,76.82276916503906,14386250
2010-12-02,59.10218811035156,79.93785858154297,79.93785858154297,78.02088165283203,78.06880187988281,16857414
2010-12-03,59.456512451171875,80.41709899902344,80.51294708251953,78.8835220336914,79.02729034423828,10487231
2010-12-06,59.173057556152344,80.03370666503906,80.80049133300781,79.69823455810547,80.03370666503906,12264406
2010-12-07,60.34236145019531,81.6152114868164,82.81331634521484,80.8963394165039,81.08804321289062,20127524
2010-12-08,60.37778854370117,81.66313171386719,82.09445190429688,80.80049133300781,81.51936340332031,9922133
2010-12-09,60.6966552734375,82.09445190429688,82.57369232177734,81.75897979736328,82.47784423828125,8156538
2010-12-10,62.78719711303711,84.92198944091797,85.68878173828125,82.42992401123047,82.52577209472656,26268617
2010-12-13,62.43288803100586,84.4427490234375,85.78462982177734,84.1072769165039,85.73670196533203,14163065
2010-12-14,62.680904388427734,84.77821350097656,85.78462982177734,84.25104522705078,84.63444519042969,15934814
2010-12-15,61.972259521484375,83.81973266601562,84.87406921386719,83.24463653564453,84.5385971069336,14762759
2010-12-16,62.96437454223633,85.16161346435547,85.64085388183594,83.72388458251953,84.01142883300781,11250079
2010-12-17,62.716365814208984,84.82614135742188,85.16161346435547,84.203125,84.96991729736328,13615327
2010-12-20,62.716365814208984,84.82614135742188,85.30538177490234,84.58651733398438,85.16161346435547,8460956
2010-12-21,63.42498779296875,85.78462982177734,86.26387023925781,85.01783752441406,85.20953369140625,8729796
2010-12-22,64.49637603759766,86.55142211914062,86.64727020263672,85.40123748779297,85.44915771484375,8967712
2010-12-23,64.42494201660156,86.45556640625,86.98273468017578,86.16802215576172,86.26387023925781,6459949
2010-12-27,64.96062469482422,87.1744384765625,87.36613464355469,85.88047790527344,85.88047790527344,6952204
2010-12-28,65.42489624023438,87.79745483398438,88.22877502441406,87.0306625366211,87.2702865600586,9958190
2010-12-29,65.24632263183594,87.55783081054688,88.61216735839844,87.5099105834961,88.03707122802734,7213302
2010-12-30,64.96062469482422,87.1744384765625,87.94122314453125,87.0306625366211,87.60575866699219,6029145
2010-12-31,65.31775665283203,87.65367889404297,87.94122314453125,86.88688659667969,86.98273468017578,5649338
2011-01-03,65.28205108642578,87.60575866699219,88.66009521484375,87.31820678710938,88.61216735839844,11023243
2011-01-04,66.46053314208984,89.18726348876953,89.18726348876953,86.8389663696289,87.89330291748047,16488374
2011-01-05,66.56765747070312,89.3310317993164,89.71443176269531,88.27669525146484,88.75594329833984,10709039
2011-01-06,66.28196716308594,88.94763946533203,89.71443176269531,88.27669525146484,89.5706558227539,8271386
2011-01-07,65.81769561767578,88.32462310791016,89.4268798828125,87.22235870361328,89.04348754882812,11963954
2011-01-10,66.1034164428711,88.70801544189453,89.85820007324219,88.46839141845703,89.18726348876953,13144981
2011-01-11,66.53197479248047,89.28311157226562,90.14574432373047,89.04348754882812,89.66650390625,9722255
2011-01-12,66.67481994628906,89.47480773925781,89.7623519897461,88.56423950195312,88.99555969238281,12772895
2011-01-13,66.4248046875,89.13933563232422,90.09782409667969,88.94763946533203,89.7623519897461,9348667
2011-01-14,67.21047973632812,90.19367218017578,90.28952026367188,88.89971160888672,89.18726348876953,8812989
2011-01-18,66.4248046875,89.13933563232422,91.00838470458984,88.94763946533203,90.96046447753906,14711908
2011-01-19,65.46057891845703,87.84537506103516,89.3310317993164,87.1744384765625,89.18726348876953,17149958
2011-01-20,65.81769561767578,88.32462310791016,89.0914077758789,87.0785903930664,88.46839141845703,14133268
2011-01-21,70.49600982666016,94.60271453857422,95.70497131347656,92.2544174194336,92.5419692993164,47800353
2011-01-24,71.56739807128906,96.04044342041016,96.42384338378906,94.60271453857422,95.51327514648438,20563086
2011-01-25,71.3531494140625,95.75289916992188,97.19062805175781,94.8902587890625,95.75289916992188,21072179
2011-01-26,71.13883209228516,95.4653549194336,96.80723571777344,95.4653549194336,96.71138763427734,14137608
2011-01-27,72.42448425292969,97.19062805175781,97.43025207519531,95.3695068359375,95.65705108642578,14155761
2011-01-28,72.13876342773438,96.80723571777344,99.39514923095703,96.42384338378906,97.7177963256836,21323116
2011-01-31,71.92455291748047,96.51969146728516,97.23855590820312,96.32798767089844,96.47176361083984,10792713
2011-02-01,74.28150177001953,99.68270111083984,100.16194152832031,97.2864761352539,97.66987609863281,14252518
2011-02-02,73.96012878417969,99.25138092041016,100.4494857788086,98.96382904052734,99.87439727783203,8821461
2011-02-03,74.10295867919922,99.44307708740234,99.53892517089844,97.861572265625,98.96382904052734,8579705
2011-02-04,73.4244384765625,98.53251647949219,99.68270111083984,97.7657241821289,99.63477325439453,8995026
2011-02-07,74.53154754638672,100.0181655883789,100.64118194580078,99.34722900390625,99.53892517089844,9470525
2011-02-08,75.99571228027344,101.98307037353516,102.12683868408203,100.20986938476562,100.4494857788086,11463958
2011-02-09,76.10284423828125,102.12683868408203,102.70193481445312,100.9287338256836,102.07891845703125,12740198
2011-02-10,75.96002960205078,101.93514251708984,102.12683868408203,100.3536376953125,101.45590209960938,10478050
2011-02-11,76.17424011230469,102.22268676757812,102.7498550415039,100.78495788574219,100.8328857421875,8483241
2011-02-14,76.78137969970703,103.03740692138672,103.75627136230469,102.79778289794922,103.0853271484375,9056602
2011-02-15,76.63851928710938,102.845703125,102.9894790649414,101.79136657714844,102.79778289794922,8266983
2011-02-16,76.56710815429688,102.7498550415039,102.9894790649414,101.83929443359375,102.65400695800781,8139804
2011-02-17,76.85281372070312,103.13325500488281,103.4207992553711,101.88722229003906,101.98307037353516,7649114
2011-02-18,76.56710815429688,102.7498550415039,103.51664733886719,102.07891845703125,103.2291030883789,9490828
2011-02-22,74.35298156738281,99.77854919433594,101.64759826660156,99.01175689697266,100.06609344482422,15132237
2011-02-23,72.74590301513672,97.6219482421875,99.15552520751953,96.23213958740234,98.34081268310547,17723821
2011-02-24,74.00447845458984,98.62836456298828,98.96382904052734,96.32798767089844,96.42384338378906,13631936
2011-02-25,74.86752319335938,99.77854919433594,100.06609344482422,98.24496459960938,99.25138092041016,9533187
2011-02-28,75.22708129882812,100.2577896118164,100.97665405273438,99.77854919433594,100.40156555175781,8900002
2011-03-01,72.81780242919922,97.04685974121094,101.45590209960938,96.99893188476562,101.21627807617188,12935610
2011-03-02,73.06951904296875,97.38232421875,98.91590881347656,96.61553955078125,96.71138763427734,10246352
2011-03-03,74.61577606201172,99.44307708740234,100.30571746826172,99.20345306396484,100.06609344482422,9643819
2011-03-04,73.24932861328125,97.6219482421875,99.97024536132812,96.75930786132812,99.92231750488281,12758518
2011-03-07,73.28529357910156,97.66987609863281,98.67628479003906,95.89667510986328,97.7657241821289,13850322
2011-03-08,74.18426513671875,98.86798095703125,99.63477325439453,97.09477996826172,97.90949249267578,10504383
2011-03-09,74.18426513671875,98.86798095703125,99.25138092041016,97.2864761352539,98.62836456298828,10374637
2011-03-10,72.2784194946289,96.32798767089844,98.38874053955078,95.99252319335938,97.09477996826172,16852093
2011-03-11,73.21337890625,97.57402801513672,98.14911651611328,95.56120300292969,95.60912322998047,11713685
2011-03-14,71.63113403320312,95.4653549194336,96.28006744384766,93.21290588378906,95.65705108642578,19024641
2011-03-15,70.51643371582031,93.97969818115234,94.69856262207031,89.13933563232422,90.28952026367188,27860374
2011-03-16,68.1430892944336,90.81668853759766,93.50045013427734,89.66650390625,92.87743377685547,27553558
2011-03-17,69.11399841308594,92.11064910888672,94.07554626464844,91.34385681152344,92.35026550292969,17433843
2011-03-18,69.22189331054688,92.2544174194336,94.650634765625,92.11064910888672,94.12346649169922,16685894
2011-03-21,70.9119644165039,94.50686645507812,94.8902587890625,93.69215393066406,94.31517028808594,11060844
2011-03-22,70.08487701416016,93.40460205078125,94.74649047851562,93.30875396728516,94.74649047851562,9702182
2011-03-23,70.22871398925781,93.59629821777344,93.74007415771484,92.2544174194336,93.21290588378906,9240371
2011-03-24,71.12773132324219,94.7944107055664,94.8902587890625,93.35668182373047,94.31517028808594,9137876
2011-03-25,71.01988220214844,94.650634765625,95.51327514648438,94.36309051513672,95.1298828125,8361403
2011-03-28,71.01988220214844,94.650634765625,95.2736587524414,94.21932220458984,94.93818664550781,7396299
2011-03-29,71.4154052734375,95.17780303955078,95.41742706298828,93.59629821777344,94.21932220458984,7519910
2011-03-30,72.31441497802734,96.37591552734375,97.19062805175781,95.51327514648438,95.75289916992188,9797082
2011-03-31,72.09860229492188,96.08837127685547,96.56761169433594,95.65705108642578,96.23213958740234,8542668
2011-04-01,73.14146423339844,97.4781723022461,98.24496459960938,96.42384338378906,96.51969146728516,10099245
2011-04-04,73.82471466064453,98.38874053955078,99.44307708740234,97.9574203491211,99.34722900390625,9477057
2011-04-05,73.10547637939453,97.43025207519531,98.86798095703125,97.2864761352539,98.14911651611328,8673415
2011-04-06,73.89662170410156,98.48458862304688,98.82006072998047,97.6219482421875,98.58043670654297,10616998
2011-04-07,73.17741394042969,97.5261001586914,98.24496459960938,96.75930786132812,98.1970443725586,10880372
2011-04-08,72.60208129882812,96.75930786132812,98.34081268310547,96.18421936035156,98.1970443725586,10122281
2011-04-11,72.56609344482422,96.71138763427734,97.6219482421875,96.23213958740234,96.99893188476562,6111963
2011-04-12,71.95479583740234,95.89667510986328,96.61553955078125,94.8902587890625,95.94459533691406,10172548
2011-04-13,71.70307922363281,95.56120300292969,96.37591552734375,95.2257308959961,96.08837127685547,8356708
2011-04-14,71.91883087158203,95.84874725341797,96.23213958740234,93.93177032470703,95.1298828125,9178837
2011-04-15,72.06266021728516,96.04044342041016,97.2864761352539,95.80081939697266,96.08837127685547,10462046
2011-04-18,71.84693145751953,95.75289916992188,95.84874725341797,93.50045013427734,94.74649047851562,13270095
2011-04-19,72.88972473144531,97.14270782470703,97.4781723022461,95.51327514648438,95.80081939697266,13249229
2011-04-20,73.3572006225586,97.7657241821289,98.43666076660156,97.19062805175781,98.34081268310547,11598983
2011-04-21,71.73902893066406,95.60912322998047,99.68270111083984,94.5547866821289,99.58684539794922,25392111
2011-04-25,71.52327728271484,95.32157897949219,96.56761169433594,95.32157897949219,96.51969146728516,11633350
2011-04-26,72.2784194946289,96.32798767089844,97.43025207519531,95.84874725341797,96.04044342041016,10956471
2011-04-27,74.25617218017578,98.96382904052734,99.92231750488281,96.56761169433594,96.75930786132812,18430705
2011-04-28,74.07637786865234,98.72421264648438,99.53892517089844,98.1011962890625,99.15552520751953,8786865
2011-04-29,73.53699493408203,98.00534057617188,99.39514923095703,97.7657241821289,99.29930114746094,8656952
2011-05-02,73.64488220214844,98.14911651611328,99.25138092041016,97.90949249267578,99.20345306396484,7537417
2011-05-03,74.22022247314453,98.91590881347656,98.96382904052734,97.5261001586914,97.57402801513672,8360610
2011-05-04,72.88972473144531,97.14270782470703,99.01175689697266,96.56761169433594,98.53251647949219,12079594
2011-05-05,71.55923461914062,95.3695068359375,97.2864761352539,94.93818664550781,96.95101165771484,11950808
2011-05-06,71.95479583740234,95.89667510986328,97.04685974121094,95.60912322998047,96.75930786132812,9107683
2011-05-09,72.17056274414062,96.18421936035156,96.37591552734375,95.3695068359375,95.70497131347656,7969556
2011-05-10,72.99760437011719,97.2864761352539,97.861572265625,96.42384338378906,96.51969146728516,7966886
2011-05-11,72.24244689941406,96.28006744384766,97.81364440917969,95.84874725341797,96.85515594482422,8031195
2011-05-12,72.42229461669922,96.51969146728516,96.71138763427734,95.3695068359375,95.84874725341797,7997893
2011-05-13,71.52327728271484,95.32157897949219,96.51969146728516,94.69856262207031,96.42384338378906,8805540
2011-05-16,71.05583190917969,94.69856262207031,95.80081939697266,94.31517028808594,95.1298828125,9556035
2011-05-17,70.44451141357422,93.88385009765625,94.5547866821289,93.26083374023438,94.02761840820312,9917459
2011-05-18,71.05583190917969,94.69856262207031,95.2257308959961,93.02120971679688,93.88385009765625,9623725
2011-05-19,71.77501678466797,95.65705108642578,96.08837127685547,95.08195495605469,95.2257308959961,8933930
2011-05-20,70.5523681640625,94.02761840820312,95.56120300292969,93.83592224121094,95.51327514648438,9500510
2011-05-23,69.72531127929688,92.92536163330078,93.35668182373047,91.67932891845703,92.58988952636719,8142120
2011-05-24,68.68247985839844,91.53555297851562,93.54837799072266,91.29592895507812,93.11705780029297,9536817
2011-05-25,69.11399841308594,92.11064910888672,92.78158569335938,90.91253662109375,91.05631256103516,8978354
2011-05-26,69.83319091796875,93.06913757324219,93.40460205078125,91.67932891845703,91.67932891845703,8681929
2011-05-27,69.90509796142578,93.16498565673828,93.83592224121094,93.06913757324219,93.40460205078125,6306520
2011-05-31,70.62429809570312,94.12346649169922,94.50686645507812,93.35668182373047,94.31517028808594,11095607
2011-06-01,68.79035186767578,91.67932891845703,93.93177032470703,91.53555297851562,93.30875396728516,13565540
2011-06-02,68.64653778076172,91.48763275146484,92.398193359375,90.76876068115234,91.8230972290039,8400527
2011-06-03,67.67561340332031,90.19367218017578,91.00838470458984,89.85820007324219,90.24159240722656,10246477
2011-06-06,66.38108825683594,88.46839141845703,90.09782409667969,88.13291931152344,89.66650390625,12617859
2011-06-07,66.4530258178711,88.56423950195312,89.61857604980469,88.51631927490234,88.85179138183594,11036889
2011-06-08,66.56087493896484,88.70801544189453,89.47480773925781,88.18084716796875,88.61216735839844,10894915
2011-06-09,66.8125991821289,89.04348754882812,89.9061279296875,88.61216735839844,88.89971160888672,8219116
2011-06-10,65.8776626586914,87.79745483398438,88.75594329833984,86.934814453125,88.70801544189453,11651336
2011-06-13,66.12934875488281,88.13291931152344,88.75594329833984,87.31820678710938,87.74952697753906,8858040
2011-06-14,66.8844985961914,89.13933563232422,89.85820007324219,88.66009521484375,88.80386352539062,10299331
2011-06-15,66.12934875488281,88.13291931152344,89.47480773925781,87.79745483398438,88.51631927490234,12199116
2011-06-16,66.85446166992188,88.37254333496094,89.18726348876953,87.22235870361328,87.2702865600586,11493901
2011-06-17,67.0357437133789,88.61216735839844,89.5706558227539,87.89330291748047,89.28311157226562,11778579
2011-06-20,66.9994888305664,88.56423950195312,88.94763946533203,87.70160675048828,87.89330291748047,8116392
2011-06-21,68.19588470458984,90.14574432373047,90.76876068115234,88.94763946533203,89.13933563232422,12267098
2011-06-22,67.28953552246094,88.94763946533203,90.14574432373047,88.94763946533203,89.5706558227539,10031931
2011-06-23,66.63694763183594,88.08499908447266,88.13291931152344,86.31179809570312,87.89330291748047,14471655
2011-06-24,65.15047454833984,86.12010192871094,88.32462310791016,86.12010192871094,88.27669525146484,16864967
2011-06-27,66.27438354492188,87.60575866699219,88.27669525146484,86.26387023925781,86.31179809570312,9691269
2011-06-28,66.85446166992188,88.37254333496094,88.37254333496094,87.0306625366211,87.84537506103516,8074889
2011-06-29,67.28953552246094,88.94763946533203,89.18726348876953,88.18084716796875,88.85179138183594,8093606
2011-06-30,68.377197265625,90.38536834716797,90.57706451416016,88.94763946533203,89.0914077758789,9398015
2011-07-01,69.60986328125,92.01480102539062,92.3023452758789,89.85820007324219,90.38536834716797,11657638
2011-07-05,69.02975463867188,91.24800872802734,92.2544174194336,90.62499237060547,92.11064910888672,8743734
2011-07-06,69.0660400390625,91.29592895507812,91.53555297851562,90.86461639404297,90.91253662109375,6589987
2011-07-07,69.97240447998047,92.4940414428711,93.21290588378906,91.72724914550781,92.1585693359375,9383555
2011-07-08,68.8485107421875,91.00838470458984,91.53555297851562,90.33744812011719,91.43970489501953,11403842
2011-07-11,67.54332733154297,89.28311157226562,90.0019760131836,88.66009521484375,89.71443176269531,9713408
2011-07-12,66.63694763183594,88.08499908447266,89.4268798828125,88.08499908447266,88.32462310791016,9839273
2011-07-13,67.10826873779297,88.70801544189453,90.24159240722656,88.66009521484375,88.80386352539062,11924183
2011-07-14,67.18074798583984,88.80386352539062,90.09782409667969,88.51631927490234,89.37895965576172,9128027
2011-07-15,66.7457046508789,88.22877502441406,89.5227279663086,87.65367889404297,88.89971160888672,10545928
2011-07-18,66.3106460571289,87.65367889404297,88.13291931152344,87.0306625366211,87.84537506103516,8253942
2011-07-19,67.36205291748047,89.04348754882812,89.3310317993164,87.94122314453125,88.18084716796875,9531204
2011-07-20,68.12342834472656,90.04989624023438,90.62499237060547,89.13933563232422,89.85820007324219,10131609
2011-07-21,69.46481323242188,91.8230972290039,92.398193359375,90.38536834716797,90.96046447753906,14009927
2011-07-22,69.02975463867188,91.24800872802734,93.59629821777344,90.81668853759766,93.11705780029297,17142717
2011-07-25,68.73973083496094,90.86461639404297,91.72724914550781,90.33744812011719,90.91253662109375,9143135
2011-07-26,67.28953552246094,88.94763946533203,91.24800872802734,88.66009521484375,91.05631256103516,14262722
2011-07-27,65.65807342529297,86.7910385131836,88.70801544189453,86.50349426269531,88.51631927490234,16305336
2011-07-28,65.65807342529297,86.7910385131836,88.46839141845703,86.6951904296875,86.934814453125,10157671
2011-07-29,64.93292999267578,85.83255004882812,86.7910385131836,85.20953369140625,86.21595001220703,14638981
2011-08-01,65.15047454833984,86.12010192871094,88.27669525146484,84.73029327392578,88.13291931152344,14418676
2011-08-02,62.395084381103516,82.47784423828125,85.68878173828125,82.23822784423828,85.01783752441406,20213076
2011-08-03,63.337703704833984,83.72388458251953,83.8676528930664,81.75897979736328,82.66954803466797,17981226
2011-08-04,59.71219253540039,78.93144226074219,82.76539611816406,78.69181823730469,82.38199615478516,26733057
2011-08-05,59.857208251953125,79.12313842773438,81.2318115234375,77.15824127197266,79.84201049804688,25935926
2011-08-08,55.941673278808594,73.94731140136719,77.30201721191406,73.32429504394531,75.09749603271484,36230792
2011-08-09,57.86322021484375,76.4873046875,76.4873046875,71.02392578125,74.71409606933594,41409180
2011-08-10,54.7089958190918,72.31787872314453,76.1518325805664,71.93448638916016,75.96012878417969,28127900
2011-08-11,56.84803771972656,75.14541625976562,76.29560089111328,71.88655853271484,72.60542297363281,27504397
2011-08-12,57.57316207885742,76.1039047241211,77.25408935546875,75.6725845336914,76.87069702148438,15608404
2011-08-15,59.42216491699219,78.54804992675781,78.6438980102539,77.06239318847656,77.49371337890625,13622066
2011-08-16,58.552040100097656,77.39786529541016,77.97295379638672,76.43937683105469,77.82918548583984,12379755
2011-08-17,58.84209060668945,77.78125762939453,79.26691436767578,77.06239318847656,78.11672973632812,10598490
2011-08-18,55.615386962890625,73.5159912109375,75.62466430664062,72.84504699707031,75.4329605102539,24704339
2011-08-19,54.7089958190918,72.31787872314453,74.80995178222656,72.03033447265625,72.36580657958984,16630556
2011-08-22,54.78150177001953,72.41372680664062,74.52239990234375,72.12618255615234,74.52239990234375,14487555
2011-08-23,56.34048080444336,74.47447967529297,74.47447967529297,72.41372680664062,72.70127868652344,14631073
2011-08-24,56.993080139160156,75.33711242675781,75.48088836669922,73.89938354492188,74.18692779541016,13646563
2011-08-25,56.014198303222656,74.04315948486328,76.91861724853516,73.5159912109375,76.39144897460938,14152506
2011-08-26,56.34048080444336,74.47447967529297,75.14541625976562,72.36580657958984,73.80353546142578,13013170
2011-08-29,58.15325927734375,76.87069702148438,76.96654510498047,75.48088836669922,75.6725845336914,9965847
2011-08-30,58.443260192871094,77.25408935546875,77.82918548583984,75.48088836669922,76.43937683105469,10132026
2011-08-31,59.132137298583984,78.16465759277344,79.02729034423828,77.44578552246094,77.82918548583984,13118878
2011-09-01,58.73331069946289,77.63748931884766,78.8355941772461,77.39786529541016,78.16465759277344,12773605
2011-09-02,57.13808822631836,75.52881622314453,76.29560089111328,74.52239990234375,75.96012878417969,12883611
2011-09-06,55.289085388183594,73.08467102050781,73.2763671875,71.88655853271484,73.08467102050781,20337584
2011-09-07,57.28312683105469,75.72051239013672,75.96012878417969,73.99523162841797,74.28277587890625,12569679
2011-09-08,56.52174758911133,74.71409606933594,75.8642807006836,74.23485565185547,75.19334411621094,24605601
2011-09-09,54.7089958190918,72.31787872314453,74.09107971191406,72.03033447265625,73.70768737792969,30139361
2011-09-12,54.41895294189453,71.93448638916016,73.2763671875,70.544677734375,71.93448638916016,35430239
2011-09-13,55.86916732788086,73.8514633178711,74.09107971191406,71.21562194824219,71.98240661621094,17381698
2011-09-14,57.24686813354492,75.6725845336914,76.87069702148438,72.84504699707031,74.18692779541016,19059320
2011-09-15,58.85736846923828,77.06239318847656,77.15824127197266,75.9122085571289,76.19975280761719,14048467
2011-09-16,59.77247619628906,78.26050567626953,78.5959701538086,77.01446533203125,77.73333740234375,18613702
2011-09-19,59.2234001159668,77.54163360595703,77.97295379638672,76.05598449707031,76.5831527709961,11299803
2011-09-20,58.711002349853516,76.87069702148438,78.8355941772461,76.87069702148438,77.87710571289062,11734217
2011-09-21,56.295188903808594,73.70768737792969,77.01446533203125,73.6118392944336,76.53522491455078,15516280
2011-09-22,55.050682067871094,72.07825469970703,72.9408950805664,71.02392578125,71.69486236572266,23724546
2011-09-23,55.67292785644531,72.89297485351562,73.08467102050781,71.21562194824219,71.40731811523438,13670184
2011-09-26,56.99064254760742,74.61824798583984,74.85787200927734,72.22203063964844,73.80353546142578,19593516
2011-09-27,57.68608856201172,75.52881622314453,77.01446533203125,75.09749603271484,75.7684326171875,16774679
2011-09-28,56.551414489746094,74.04315948486328,76.67900085449219,73.89938354492188,75.48088836669922,11977851
2011-09-29,58.05210494995117,76.008056640625,76.43937683105469,74.28277587890625,75.81636047363281,12664391
2011-09-30,55.70954895019531,72.9408950805664,75.38504028320312,72.79712677001953,75.00164794921875,15812330
2011-10-03,53.769596099853516,70.4009017944336,73.75560760498047,70.35298156738281,72.36580657958984,19343310
2011-10-04,54.391841888427734,71.21562194824219,71.45523834228516,67.18997192382812,69.44242095947266,23370154
2011-10-05,55.892547607421875,73.1805191040039,73.46806335449219,70.6884536743164,71.59901428222656,16596315
2011-10-06,56.844215393066406,74.42655181884766,74.47447967529297,71.69486236572266,73.1805191040039,13551184
2011-10-07,56.734397888183594,74.28277587890625,75.4329605102539,73.0367431640625,75.24126434326172,13681785
2011-10-10,59.0770149230957,77.34993743896484,77.34993743896484,75.52881622314453,75.6725845336914,11730232
2011-10-11,59.0770149230957,77.34993743896484,77.73333740234375,76.4873046875,76.5831527709961,9598352
2011-10-12,60.028663635253906,78.5959701538086,79.45861053466797,77.87710571289062,77.87710571289062,12885948
2011-10-13,59.36983871459961,77.73333740234375,78.16465759277344,76.77484893798828,77.78125762939453,9626855
2011-10-14,60.760704040527344,79.55445861816406,79.79408264160156,78.5959701538086,78.69181823730469,9417797
2011-10-17,59.406410217285156,77.78125762939453,79.55445861816406,77.58956146240234,79.02729034423828,9779658
2011-10-18,61.163360595703125,80.08162689208984,81.3755874633789,77.82918548583984,77.87710571289062,13657643
2011-10-19,60.46791458129883,79.17106628417969,80.84841918945312,78.6438980102539,80.08162689208984,10829396
2011-10-20,60.870540618896484,79.69823455810547,80.51294708251953,78.26050567626953,79.41069030761719,11495487
2011-10-21,59.69926452636719,78.16465759277344,79.21898651123047,77.30201721191406,78.45220184326172,23732058
2011-10-24,60.21168518066406,78.8355941772461,79.98577880859375,78.21257781982422,78.45220184326172,13989583
2011-10-25,59.36983871459961,77.73333740234375,79.02729034423828,76.91861724853516,78.8835220336914,17185577
2011-10-26,59.84565734863281,78.35635375976562,79.12313842773438,77.73333740234375,78.6438980102539,13897020
2011-10-27,63.57913589477539,83.24463653564453,83.8676528930664,80.56087493896484,81.27973937988281,23052988
2011-10-28,63.139930725097656,82.66954803466797,83.10086059570312,81.99860382080078,82.38199615478516,12054764
2011-10-31,61.163360595703125,80.08162689208984,81.51936340332031,80.03370666503906,81.3755874633789,10414951
2011-11-01,58.637786865234375,76.77484893798828,78.35635375976562,76.53522491455078,77.30201721191406,18728528
2011-11-02,59.47959899902344,77.87710571289062,79.17106628417969,77.44578552246094,78.45220184326172,10047747
2011-11-03,61.01696014404297,79.88993072509766,79.98577880859375,78.4042739868164,79.17106628417969,11450896
2011-11-04,59.992061614990234,78.54804992675781,79.36276245117188,77.78125762939453,79.3148422241211,8696723
2011-11-07,59.992061614990234,78.54804992675781,78.73974609375,77.20616912841797,78.45220184326172,8600071
2011-11-08,60.32147216796875,78.9793701171875,79.02729034423828,77.92503356933594,78.78767395019531,11246574
2011-11-09,58.015506744384766,75.96012878417969,77.58956146240234,75.48088836669922,77.39786529541016,16407538
2011-11-10,58.78415298461914,76.96654510498047,77.58956146240234,76.53522491455078,77.06239318847656,12368258
2011-11-11,59.66264343261719,78.11672973632812,78.93144226074219,77.78125762939453,77.82918548583984,10478718
2011-11-14,58.93060302734375,77.15824127197266,78.02088165283203,76.77484893798828,77.73333740234375,8378075
2011-11-15,59.29662322998047,77.63748931884766,78.21257781982422,76.82276916503906,76.82276916503906,8299827
2011-11-16,58.38154220581055,76.43937683105469,77.87710571289062,76.29560089111328,77.01446533203125,11046655
2011-11-17,57.24685287475586,74.95372009277344,76.91861724853516,74.28277587890625,76.5831527709961,14079036
2011-11-18,57.28346252441406,75.00164794921875,75.96012878417969,74.85787200927734,75.57673645019531,9773461
2011-11-21,55.78275680541992,73.0367431640625,74.23485565185547,72.84504699707031,74.18692779541016,14036761
2011-11-22,54.86767578125,71.83863830566406,73.2763671875,71.79071044921875,73.2763671875,15638118
2011-11-23,53.91600799560547,70.59260559082031,71.64694213867188,70.544677734375,71.45523834228516,13965816
2011-11-25,53.806190490722656,70.4488296508789,71.98240661621094,70.4488296508789,70.73637390136719,4833386
2011-11-28,54.17221450805664,70.92807006835938,73.08467102050781,70.35298156738281,72.98882293701172,16198355
2011-11-29,54.611454010009766,71.50316619873047,72.60542297363281,71.02392578125,71.45523834228516,16789494
2011-11-30,58.23511505126953,76.2476806640625,76.2476806640625,73.1325912475586,73.3722152709961,20578214
2011-12-01,58.23511505126953,76.2476806640625,76.67900085449219,75.38504028320312,76.1518325805664,12144718
2011-12-02,58.894004821777344,77.11031341552734,78.11672973632812,76.87069702148438,76.87069702148438,14280061
2011-12-05,59.77247619628906,78.26050567626953,79.0752182006836,77.54163360595703,78.35635375976562,12850455
2011-12-06,61.1999626159668,80.12955474853516,81.08804321289062,78.93144226074219,79.0752182006836,17322563
2011-12-07,61.273162841796875,80.22540283203125,80.65672302246094,79.21898651123047,79.93785858154297,13628931
2011-12-08,59.69926452636719,78.16465759277344,79.79408264160156,77.87710571289062,79.45861053466797,16635606
2011-12-09,61.63921356201172,80.70464324951172,81.3755874633789,78.4042739868164,78.5001220703125,17890270
2011-12-12,60.248291015625,78.8835220336914,80.80049133300781,78.21257781982422,80.08162689208984,37435127
2011-12-13,60.10187530517578,78.69181823730469,80.12955474853516,78.11672973632812,79.36276245117188,15413117
2011-12-14,60.797332763671875,79.60238647460938,80.36917877197266,78.11672973632812,78.30842590332031,18589330
2011-12-15,61.45619201660156,80.46502685546875,80.84841918945312,79.50653839111328,80.60879516601562,12817987
2011-12-16,62.261436462402344,81.51936340332031,81.90275573730469,81.04011535644531,81.18389129638672,20133388
2011-12-19,61.71238327026367,80.80049133300781,81.95067596435547,80.46502685546875,81.3276596069336,13834902
2011-12-20,63.2497444152832,82.81331634521484,83.34048461914062,81.66313171386719,81.7110595703125,12826730
2011-12-21,64.75042724609375,84.77821350097656,85.16161346435547,82.19029998779297,83.00501251220703,16751935
2011-12-22,66.70921325683594,86.50349426269531,86.934814453125,84.58651733398438,84.82614135742188,19954898
2011-12-23,67.37444305419922,87.36613464355469,87.60575866699219,86.02425384521484,86.3597183227539,9825940
2011-12-27,66.5613784790039,86.31179809570312,87.22235870361328,86.31179809570312,87.12651062011719,8817538
2011-12-28,65.89613342285156,85.44915771484375,86.3597183227539,84.92198944091797,86.26387023925781,8194703
2011-12-29,66.78314208984375,86.5993423461914,86.8389663696289,85.25746154785156,85.35330963134766,9028183
2011-12-30,66.19181823730469,85.83255004882812,86.64727020263672,85.68878173828125,86.40764617919922,6553617
2012-01-03,67.85491943359375,87.98915100097656,88.66009521484375,87.36613464355469,87.36613464355469,12249842
2012-01-04,68.59404754638672,88.94763946533203,89.13933563232422,87.60575866699219,87.74952697753906,8921285
2012-01-05,68.55712127685547,88.89971160888672,89.13933563232422,87.65367889404297,88.46839141845703,9560730
2012-01-06,68.92668914794922,89.37895965576172,90.04989624023438,88.94763946533203,89.7623519897461,10656248
2012-01-09,69.70281982421875,90.38536834716797,90.48121643066406,88.94763946533203,89.8102798461914,9804489
2012-01-10,69.18537902832031,89.71443176269531,91.29592895507812,89.23518371582031,91.10423278808594,12382927
2012-01-11,69.77671813964844,90.48121643066406,90.81668853759766,88.66009521484375,88.89971160888672,9988300
2012-01-12,69.96153259277344,90.72084045410156,91.05631256103516,89.9061279296875,90.86461639404297,8129016
2012-01-13,69.62889099121094,90.28952026367188,90.28952026367188,89.13933563232422,90.0019760131836,8771591
2012-01-17,69.25933837890625,89.8102798461914,91.53555297851562,89.5227279663086,91.00838470458984,10267594
2012-01-18,70.29415893554688,91.15216064453125,91.29592895507812,88.94763946533203,89.04348754882812,11040854
2012-01-19,70.77459716796875,91.77517700195312,91.96687316894531,90.72084045410156,91.20008087158203,11248472
2012-01-20,70.77459716796875,91.77517700195312,92.01480102539062,89.5227279663086,90.14574432373047,19287117
2012-01-23,69.99845123291016,90.76876068115234,92.20649719238281,90.57706451416016,91.48763275146484,10555088
2012-01-24,69.62889099121094,90.28952026367188,90.38536834716797,89.85820007324219,90.28952026367188,8291543
2012-01-25,70.70069885253906,91.67932891845703,91.8230972290039,90.04989624023438,90.24159240722656,10693974
2012-01-26,70.47892761230469,91.39178466796875,92.35026550292969,90.96046447753906,92.3023452758789,8866783
2012-01-27,70.33110046386719,91.20008087158203,91.67932891845703,90.67291259765625,91.05631256103516,6804846
2012-01-30,69.85065460205078,90.57706451416016,90.72084045410156,89.61857604980469,90.24159240722656,7873050
2012-01-31,69.14845275878906,89.66650390625,91.10423278808594,89.5706558227539,90.96046447753906,9648660
2012-02-01,69.37018585205078,89.95404815673828,91.34385681152344,89.85820007324219,90.76876068115234,10853955
2012-02-02,69.29629516601562,89.85820007324219,90.72084045410156,89.61857604980469,90.33744812011719,7890140
2012-02-03,70.29415893554688,91.15216064453125,91.53555297851562,90.67291259765625,91.05631256103516,9364296
2012-02-06,70.4050064086914,91.29592895507812,91.77517700195312,90.81668853759766,91.00838470458984,8917300
2012-02-07,70.88545989990234,91.9189453125,92.01480102539062,90.62499237060547,91.15216064453125,7520370
2012-02-08,71.10723114013672,92.20649719238281,92.5419692993164,91.43970489501953,91.96687316894531,7027906
2012-02-09,70.70069885253906,91.67932891845703,92.7336654663086,91.58348083496094,92.5419692993164,9219421
2012-02-10,69.77671813964844,90.48121643066406,91.10423278808594,89.95404815673828,91.00838470458984,22857847
2012-02-13,70.47892761230469,91.39178466796875,91.43970489501953,90.57706451416016,91.20008087158203,21763268
2012-02-14,69.99845123291016,90.76876068115234,91.48763275146484,90.09782409667969,90.72084045410156,8185689
2012-02-15,69.333251953125,89.9061279296875,91.15216064453125,89.61857604980469,91.10423278808594,8646707
2012-02-16,70.25718688964844,91.10423278808594,91.20008087158203,90.09782409667969,90.38536834716797,8453047
2012-02-17,71.25506591796875,92.398193359375,92.58988952636719,91.58348083496094,91.9189453125,12118426
2012-02-21,71.73550415039062,93.02120971679688,93.45252990722656,92.58988952636719,93.06913757324219,8747991
2012-02-22,71.66158294677734,92.92536163330078,93.30875396728516,91.9189453125,93.11705780029297,8529856
2012-02-23,71.9971694946289,92.5419692993164,92.82951354980469,91.05631256103516,91.39178466796875,9520917
2012-02-24,71.73614501953125,92.20649719238281,92.82951354980469,91.72724914550781,92.78158569335938,4992199
2012-02-27,71.10230255126953,91.39178466796875,91.8230972290039,90.96046447753906,91.15216064453125,7829398
2012-02-28,71.43790435791016,91.8230972290039,91.96687316894531,91.00838470458984,91.63140106201172,7307910
2012-02-29,71.02774810791016,91.29592895507812,92.2544174194336,91.10423278808594,91.9189453125,9318452
2012-03-01,71.2887191772461,91.63140106201172,91.96687316894531,91.20008087158203,91.77517700195312,7790274
2012-03-02,70.7294692993164,90.91253662109375,91.72724914550781,90.57706451416016,91.72724914550781,7559932
2012-03-05,70.28206634521484,90.33744812011719,90.96046447753906,89.7623519897461,90.81668853759766,7422653
2012-03-06,68.67877960205078,88.27669525146484,89.18726348876953,87.79745483398438,89.13933563232422,11737034
2012-03-07,69.9837646484375,89.95404815673828,90.33744812011719,88.89971160888672,89.04348754882812,11361901
2012-03-08,70.95316314697266,91.20008087158203,91.48763275146484,90.67291259765625,90.96046447753906,7508684
2012-03-09,70.99047088623047,91.24800872802734,91.9189453125,90.67291259765625,91.15216064453125,7820613
2012-03-12,71.32601928710938,91.67932891845703,91.96687316894531,91.24800872802734,91.48763275146484,7376080
2012-03-13,73.0411376953125,93.88385009765625,94.21932220458984,91.48763275146484,92.01480102539062,13338766
2012-03-14,73.78681945800781,94.84233856201172,95.32157897949219,93.83592224121094,94.07554626464844,14888583
2012-03-15,75.16637420654297,96.61553955078125,96.80723571777344,95.17780303955078,95.2257308959961,15926802
2012-03-16,75.31550598144531,96.80723571777344,97.2864761352539,95.89667510986328,97.09477996826172,16533841
2012-03-19,75.3528060913086,96.85515594482422,97.57402801513672,96.13629150390625,96.23213958740234,8915547
2012-03-20,74.83080291748047,96.18421936035156,96.85515594482422,95.75289916992188,95.94459533691406,9918878
2012-03-21,74.83080291748047,96.18421936035156,97.38232421875,96.04044342041016,96.61553955078125,10662967
2012-03-22,74.01052856445312,95.1298828125,95.65705108642578,94.36309051513672,95.60912322998047,10591458
2012-03-23,73.74954223632812,94.7944107055664,95.41742706298828,94.41101837158203,94.84233856201172,7138810
2012-03-26,74.75624084472656,96.08837127685547,96.37591552734375,95.4653549194336,95.75289916992188,8964875
2012-03-27,74.71891784667969,96.04044342041016,96.51969146728516,95.89667510986328,96.42384338378906,7996140
2012-03-28,74.60710144042969,95.89667510986328,100.64118194580078,94.74649047851562,95.94459533691406,11566390
2012-03-29,74.38334655761719,95.60912322998047,95.70497131347656,94.45893859863281,94.9861068725586,8484847
2012-03-30,74.83080291748047,96.18421936035156,96.47176361083984,95.60912322998047,96.18421936035156,8548197
2012-04-02,74.6443862915039,95.94459533691406,96.37591552734375,95.3695068359375,95.99252319335938,9216417
2012-04-03,74.42068481445312,95.65705108642578,95.94459533691406,94.8902587890625,95.70497131347656,9138940
2012-04-04,73.60037994384766,94.60271453857422,94.93818664550781,94.02761840820312,94.17139434814453,9117094
2012-04-05,72.66828918457031,93.40460205078125,94.45893859863281,93.26083374023438,93.97969818115234,8338930
2012-04-09,71.5870361328125,92.01480102539062,92.35026550292969,91.39178466796875,91.53555297851562,7587225
2012-04-10,69.87194061279297,89.8102798461914,91.67932891845703,89.61857604980469,91.63140106201172,11361734
2012-04-11,70.87855529785156,91.10423278808594,91.77517700195312,90.96046447753906,91.15216064453125,7893290
2012-04-12,71.95986938476562,92.4940414428711,92.58988952636719,90.86461639404297,91.10423278808594,5887505
2012-04-13,70.39388275146484,90.48121643066406,91.9189453125,90.38536834716797,91.9189453125,8411732
2012-04-16,70.46846771240234,90.57706451416016,91.67932891845703,90.33744812011719,90.96046447753906,6272362
2012-04-17,72.10897827148438,92.68573760986328,92.78158569335938,90.67291259765625,91.20008087158203,7411719
2012-04-18,71.21417236328125,91.53555297851562,92.68573760986328,91.24800872802734,92.1585693359375,6955000
2012-04-19,71.36332702636719,91.72724914550781,92.2544174194336,90.91253662109375,91.87102508544922,10885693
2012-04-20,72.18356323242188,92.78158569335938,94.12346649169922,92.2544174194336,93.11705780029297,14174478
2012-04-23,71.10230255126953,91.39178466796875,91.63140106201172,90.76876068115234,91.34385681152344,10859380
2012-04-24,72.85468292236328,93.64422607421875,93.93177032470703,91.58348083496094,91.96687316894531,10342608
2012-04-25,72.51911163330078,93.21290588378906,94.93818664550781,93.06913757324219,94.74649047851562,10088499
2012-04-26,73.15299224853516,94.02761840820312,94.45893859863281,92.97328186035156,93.11705780029297,7216599
2012-04-27,73.74954223632812,94.7944107055664,95.2257308959961,93.93177032470703,94.36309051513672,7803044
2012-04-30,73.00386047363281,93.83592224121094,94.50686645507812,93.16498565673828,94.31517028808594,6859808
2012-05-01,73.8240966796875,94.8902587890625,95.60912322998047,93.26083374023438,93.83592224121094,7303424
2012-05-02,73.71226501464844,94.74649047851562,94.7944107055664,93.54837799072266,94.50686645507812,7024693
2012-05-03,73.11571502685547,93.97969818115234,94.8902587890625,93.78800201416016,94.8902587890625,5049852
2012-05-04,72.10897827148438,92.68573760986328,93.88385009765625,92.2544174194336,93.74007415771484,7261232
2012-05-07,72.03443908691406,92.58988952636719,93.35668182373047,91.72724914550781,91.77517700195312,7459878
2012-05-08,71.77344512939453,92.2544174194336,92.6378173828125,91.15216064453125,92.1585693359375,8408122
2012-05-09,70.50575256347656,90.62499237060547,91.24800872802734,89.8102798461914,91.05631256103516,12875202
2012-05-10,71.17688751220703,91.48763275146484,92.1585693359375,91.10423278808594,91.63140106201172,7372971
2012-05-11,70.87855529785156,91.10423278808594,92.35026550292969,90.62499237060547,90.67291259765625,5484725
2012-05-14,69.34991455078125,89.13933563232422,90.28952026367188,88.89971160888672,90.19367218017578,9802590
2012-05-15,68.60424041748047,88.18084716796875,89.47480773925781,87.79745483398438,88.89971160888672,9924929
2012-05-16,70.84130859375,91.05631256103516,92.3023452758789,89.66650390625,90.52914428710938,17739095
2012-05-17,70.39388275146484,90.48121643066406,91.67932891845703,90.43329620361328,90.81668853759766,10883418
2012-05-18,70.65487670898438,90.81668853759766,91.8230972290039,90.33744812011719,90.81668853759766,12757016
2012-05-21,71.2887191772461,91.63140106201172,91.96687316894531,90.81668853759766,91.00838470458984,8055734
2012-05-22,71.51244354248047,91.9189453125,92.44611358642578,91.34385681152344,91.8230972290039,9846284
2012-05-23,71.51244354248047,91.9189453125,92.0627212524414,89.85820007324219,91.63140106201172,13250043
2012-05-24,71.77344512939453,92.2544174194336,92.92536163330078,91.15216064453125,91.77517700195312,8739060
2012-05-25,71.5870361328125,92.01480102539062,93.06913757324219,91.63140106201172,92.44611358642578,5602076
2012-05-29,72.14628601074219,92.7336654663086,93.11705780029297,92.01480102539062,92.44611358642578,7435027
2012-05-30,70.99047088623047,91.24800872802734,92.01480102539062,91.00838470458984,91.96687316894531,8729963
2012-05-31,71.17688751220703,91.48763275146484,92.11064910888672,90.43329620361328,91.10423278808594,10231245
2012-06-01,69.12621307373047,88.85179138183594,91.00838470458984,88.22877502441406,90.19367218017578,12715763
2012-06-04,67.67208862304688,86.98273468017578,88.70801544189453,86.50349426269531,88.37254333496094,13895330
2012-06-05,68.00765991210938,87.41405487060547,87.70160675048828,86.3597183227539,86.64727020263672,8021325
2012-06-06,70.39388275146484,90.48121643066406,90.48121643066406,87.74952697753906,88.13291931152344,8948515
2012-06-07,70.84130859375,91.05631256103516,92.01480102539062,90.57706451416016,91.48763275146484,29077584
2012-06-08,71.5870361328125,92.01480102539062,92.2544174194336,90.57706451416016,90.96046447753906,22521630
2012-06-11,71.25147247314453,91.58348083496094,93.11705780029297,91.39178466796875,92.7336654663086,10735852
2012-06-12,72.63098907470703,93.35668182373047,93.35668182373047,91.48763275146484,91.8230972290039,9828256
2012-06-13,72.22084045410156,92.82951354980469,93.64422607421875,92.01480102539062,92.2544174194336,8391868
2012-06-14,73.52584075927734,94.50686645507812,94.74649047851562,92.20649719238281,92.78158569335938,13007703
2012-06-15,74.7783432006836,95.84874725341797,95.84874725341797,94.650634765625,95.2257308959961,12476783
2012-06-18,73.84364318847656,94.650634765625,95.75289916992188,94.650634765625,95.2736587524414,8757548
2012-06-19,74.7783432006836,95.84874725341797,96.51969146728516,95.1298828125,95.2257308959961,9010488
2012-06-20,75.15225219726562,96.32798767089844,96.56761169433594,95.1298828125,95.84874725341797,9752386
2012-06-21,73.6439208984375,93.59629821777344,96.18421936035156,93.26083374023438,95.80081939697266,12713635
2012-06-22,74.69977569580078,94.93818664550781,95.41742706298828,93.50045013427734,94.31517028808594,10721997
2012-06-25,73.6062240600586,93.54837799072266,93.93177032470703,92.44611358642578,93.35668182373047,9319642
2012-06-26,74.66207122802734,94.8902587890625,95.3695068359375,93.50045013427734,93.64422607421875,12255977
2012-06-27,75.90643310546875,96.47176361083984,96.75930786132812,95.32157897949219,95.41742706298828,11224330
2012-06-28,76.17037963867188,96.80723571777344,96.80723571777344,95.2257308959961,95.4653549194336,11866613
2012-06-29,78.58370208740234,99.87439727783203,99.87439727783203,97.861572265625,97.861572265625,15236965
2012-07-02,77.263916015625,98.1970443725586,99.77854919433594,97.19062805175781,99.39514923095703,12876934
2012-07-03,77.03766632080078,97.90949249267578,98.24496459960938,97.43025207519531,97.66987609863281,4433527
2012-07-05,76.66059112548828,97.43025207519531,98.14911651611328,97.23855590820312,97.4781723022461,6061091
2012-07-06,75.41618347167969,95.84874725341797,97.09477996826172,95.60912322998047,96.61553955078125,11737430
2012-07-09,75.56705474853516,96.04044342041016,96.04044342041016,95.41742706298828,95.80081939697266,6881300
2012-07-10,73.98330688476562,94.02761840820312,96.18421936035156,93.45252990722656,96.04044342041016,11390989
2012-07-11,74.20954132080078,94.31517028808594,94.84233856201172,93.64422607421875,94.31517028808594,8923372
2012-07-12,73.30455780029297,93.16498565673828,94.12346649169922,92.78158569335938,93.45252990722656,10472375
2012-07-13,74.54894256591797,94.74649047851562,95.2257308959961,93.26083374023438,93.50045013427734,6765117
2012-07-16,73.87019348144531,93.88385009765625,93.97969818115234,93.11705780029297,93.50045013427734,7463989
2012-07-17,74.36041259765625,94.50686645507812,95.1298828125,93.11705780029297,94.12346649169922,10840830
2012-07-18,74.8128890991211,95.08195495605469,95.17780303955078,93.88385009765625,94.17139434814453,8197311
2012-07-19,74.66207122802734,94.8902587890625,95.56120300292969,94.12346649169922,95.56120300292969,8751079
2012-07-20,74.9260482788086,95.2257308959961,97.6219482421875,93.21290588378906,95.32157897949219,24217844
2012-07-23,75.75558471679688,96.28006744384766,96.47176361083984,93.54837799072266,93.74007415771484,12831341
2012-07-24,75.30308532714844,95.70497131347656,96.28006744384766,94.60271453857422,96.13629150390625,11453692
2012-07-25,75.41618347167969,95.84874725341797,96.61553955078125,95.75289916992188,96.13629150390625,8886438
2012-07-26,77.52786254882812,98.53251647949219,99.20345306396484,96.61553955078125,96.80723571777344,11951246
2012-07-27,78.88536834716797,100.2577896118164,100.64118194580078,98.53251647949219,98.86798095703125,16748951
2012-07-30,78.4328842163086,99.68270111083984,100.20986938476562,99.15552520751953,99.63477325439453,9388459
2012-07-31,78.24432373046875,99.44307708740234,100.114013671875,99.44307708740234,99.44307708740234,7997684
2012-08-01,78.16891479492188,99.34722900390625,100.40156555175781,99.25138092041016,99.97024536132812,7456394
2012-08-02,77.3770523071289,98.34081268310547,99.20345306396484,96.80723571777344,98.34081268310547,9181215
2012-08-03,79.03621673583984,100.4494857788086,100.64118194580078,99.53892517089844,99.77854919433594,7906520
2012-08-06,79.07389831542969,100.4974136352539,101.50382232666016,100.16194152832031,100.4974136352539,7127793
2012-08-07,79.6395263671875,101.21627807617188,101.55175018310547,101.07250213623047,101.31212615966797,6492584
2012-08-08,79.2247314453125,100.6891098022461,101.07250213623047,100.16194152832031,100.88080596923828,6749363
2012-08-09,79.41326904296875,100.9287338256836,101.21627807617188,100.3536376953125,100.3536376953125,6501848
2012-08-10,79.5641098022461,101.12042999267578,101.12042999267578,100.3536376953125,100.64118194580078,5095340
2012-08-13,79.14933776855469,100.59326171875,100.9287338256836,100.06609344482422,100.8328857421875,5607502
2012-08-14,78.96078491210938,100.3536376953125,101.16835021972656,100.16194152832031,101.02458190917969,6279686
2012-08-15,79.03621673583984,100.4494857788086,100.78495788574219,99.63477325439453,99.97024536132812,6024095
2012-08-16,79.37555694580078,100.88080596923828,101.31212615966797,99.77854919433594,100.0181655883789,7010629
2012-08-17,79.18704986572266,100.64118194580078,100.88080596923828,100.3536376953125,100.7370376586914,6266644
2012-08-20,78.9230728149414,100.30571746826172,100.7370376586914,99.82646942138672,100.40156555175781,5714316
2012-08-21,78.62139892578125,99.92231750488281,100.88080596923828,99.68270111083984,100.4974136352539,6351424
2012-08-22,78.35745239257812,99.58684539794922,100.0181655883789,99.25138092041016,99.53892517089844,5846044
2012-08-23,77.82955932617188,98.91590881347656,99.63477325439453,98.86798095703125,99.39514923095703,7624262
2012-08-24,78.4328842163086,99.68270111083984,100.16194152832031,98.48458862304688,98.67628479003906,6121770
2012-08-27,78.62139892578125,99.92231750488281,100.40156555175781,99.63477325439453,99.77854919433594,6004377
2012-08-28,78.4705581665039,99.73062133789062,100.2577896118164,99.49099731445312,99.49099731445312,5406936
2012-08-29,78.50828552246094,99.77854919433594,100.40156555175781,99.73062133789062,99.77854919433594,4157759
2012-08-30,77.82955932617188,98.91590881347656,99.58684539794922,98.82006072998047,99.29930114746094,4431524
2012-08-31,78.09352111816406,99.25138092041016,99.82646942138672,98.77213287353516,99.49099731445312,6192882
2012-09-04,77.33936309814453,98.29289245605469,99.15552520751953,98.14911651611328,98.86798095703125,7965383
2012-09-05,77.86724090576172,98.96382904052734,99.53892517089844,98.29289245605469,98.48458862304688,6892839
2012-09-06,80.35598754882812,102.12683868408203,102.17476654052734,99.92231750488281,100.0181655883789,11096358
2012-09-07,81.41181182861328,103.46871948242188,103.46871948242188,102.07891845703125,102.17476654052734,7591085
2012-09-10,80.99700927734375,102.9415512084961,103.75627136230469,102.70193481445312,102.9415512084961,7026132
2012-09-11,81.41181182861328,103.46871948242188,103.94796752929688,102.55815887451172,102.9894790649414,7009606
2012-09-12,82.5430679321289,104.90645599365234,105.09815216064453,103.80419158935547,103.85211944580078,8973722
2012-09-13,83.03324890136719,105.52947235107422,106.58380889892578,104.23551177978516,104.33135986328125,23327211
2012-09-14,83.37260437011719,105.9607925415039,107.20682525634766,105.33777618408203,106.3921127319336,20897174
2012-09-17,83.14640808105469,105.6732406616211,105.6732406616211,104.95437622070312,105.09815216064453,16543398
2012-09-18,83.86284637451172,106.58380889892578,106.58380889892578,105.24192810058594,105.38569641113281,8102599
2012-09-19,84.57928466796875,107.49436950683594,107.78191375732422,106.63172912597656,106.87135314941406,8443011
2012-09-20,85.2252197265625,107.49436950683594,107.68606567382812,106.00871276855469,106.34418487548828,9113734
2012-09-21,85.60519409179688,107.97361755371094,108.74040222167969,107.63814544677734,108.06946563720703,13886817
2012-09-24,84.95923614501953,107.15889739990234,107.59021759033203,106.87135314941406,107.35059356689453,7678723
2012-09-25,84.76930236816406,106.91928100585938,108.6445541381836,106.87135314941406,107.30267333984375,9815298
2012-09-26,83.97134399414062,105.9128646850586,106.63172912597656,105.76909637451172,106.20040893554688,8580874
2012-09-27,86.36510467529297,108.93209838867188,109.55512237548828,106.056640625,106.58380889892578,14043042
2012-09-28,86.28909301757812,108.83625030517578,110.03436279296875,108.40493774414062,109.1238021850586,14799588
2012-10-01,86.66908264160156,109.31549835205078,110.22605895996094,108.83625030517578,108.93209838867188,8878718
2012-10-02,86.59310913085938,109.21965026855469,110.17813873291016,108.83625030517578,109.89058685302734,9451850
2012-10-03,87.04902648925781,109.79473876953125,110.13021087646484,108.8841781616211,109.55512237548828,6871117
2012-10-04,87.20101928710938,109.98643493652344,110.46568298339844,109.1238021850586,109.98643493652344,8418389
2012-10-05,87.84696197509766,110.80115509033203,111.08869934082031,110.22605895996094,110.41775512695312,7994366
2012-10-08,87.08705139160156,109.84266662597656,110.17813873291016,109.50719451904297,109.60304260253906,5050082
2012-10-09,85.94715118408203,108.40493774414062,110.08229064941406,108.30908203125,109.93851470947266,8174546
2012-10-10,85.2252197265625,107.49436950683594,108.98002624511719,107.39852142333984,108.35700988769531,6840799
2012-10-11,85.52919006347656,107.87776184082031,108.83625030517578,107.73399353027344,108.26116180419922,5041652
2012-10-12,85.41519165039062,107.73399353027344,108.83625030517578,107.39852142333984,108.2132339477539,6876376
2012-10-15,86.02315521240234,108.50077819824219,108.788330078125,107.78191375732422,108.02153778076172,6171932
2012-10-16,86.02315521240234,108.50077819824219,109.65097045898438,108.16531372070312,109.21965026855469,7442726
2012-10-17,87.04902648925781,109.79473876953125,109.84266662597656,108.8841781616211,109.1238021850586,5899399
2012-10-18,86.66908264160156,109.31549835205078,110.60945129394531,109.26757049560547,109.31549835205078,9001829
2012-10-19,83.70536804199219,105.577392578125,107.97361755371094,104.81060791015625,107.87776184082031,22510445
2012-10-22,82.45153045654297,103.99588775634766,105.19400024414062,101.83929443359375,104.76268005371094,18098327
2012-10-23,80.85568237304688,101.98307037353516,102.55815887451172,101.59967041015625,102.31853485107422,11747112
2012-10-24,80.77967071533203,101.88722229003906,102.845703125,101.79136657714844,102.70193481445312,8825467
2012-10-25,80.77967071533203,101.88722229003906,103.37287139892578,100.78495788574219,103.03740692138672,9550380
2012-10-26,80.209716796875,101.16835021972656,102.55815887451172,100.97665405273438,101.55175018310547,8936455
2012-10-31,80.01976013183594,100.9287338256836,102.17476654052734,100.4974136352539,101.88722229003906,8175235
2012-11-01,81.0836410522461,102.27061462402344,102.51023864746094,100.7370376586914,100.78495788574219,9646720
2012-11-02,80.96964263916016,102.12683868408203,103.90003967285156,101.88722229003906,103.1811752319336,9906274
2012-11-05,81.34964752197266,102.60608673095703,102.89363098144531,101.59967041015625,101.59967041015625,6259884
2012-11-06,82.03353881835938,103.46871948242188,104.37928771972656,102.79778289794922,103.0853271484375,6830178
2012-11-07,80.28573608398438,101.26419830322266,103.13325500488281,100.97665405273438,102.36646270751953,9442669
2012-11-08,79.37384033203125,100.114013671875,101.55175018310547,100.06609344482422,101.40797424316406,8507299
2012-11-09,79.79181671142578,100.64118194580078,102.07891845703125,99.20345306396484,99.49099731445312,8410501
2012-11-12,79.37384033203125,100.114013671875,101.31212615966797,100.06609344482422,100.8328857421875,4552256
2012-11-13,78.57588958740234,99.10760498046875,100.40156555175781,98.58043670654297,98.72421264648438,8570441
2012-11-14,76.03018188476562,95.89667510986328,99.44307708740234,95.60912322998047,99.34722900390625,13675609
2012-11-15,76.22013854980469,96.13629150390625,96.95101165771484,95.3695068359375,95.3695068359375,10800412
2012-11-16,76.56212615966797,96.56761169433594,96.75930786132812,95.2257308959961,96.32798767089844,9449784
2012-11-19,78.49991607666016,99.01175689697266,99.29930114746094,97.7177963256836,97.81364440917969,7988294
2012-11-20,78.34793090820312,98.82006072998047,99.15552520751953,97.6219482421875,99.05968475341797,5601722
2012-11-21,78.57588958740234,99.10760498046875,99.39514923095703,98.58043670654297,99.20345306396484,8559402
2012-11-23,79.94377136230469,100.8328857421875,100.8328857421875,99.34722900390625,99.73062133789062,7398427
2012-11-26,80.01976013183594,100.9287338256836,100.97665405273438,100.0181655883789,100.06609344482422,9961799
2012-11-27,79.29781341552734,100.0181655883789,101.59967041015625,99.92231750488281,100.8328857421875,6886204
2012-11-28,80.32371520996094,101.31212615966797,101.36005401611328,98.24496459960938,99.44307708740234,7257831
2012-11-29,80.28573608398438,101.26419830322266,102.36646270751953,100.40156555175781,101.79136657714844,5765918
2012-11-30,80.28573608398438,101.26419830322266,101.88722229003906,100.8328857421875,101.31212615966797,7899321
2012-12-03,79.10784912109375,99.77854919433594,101.74344635009766,99.68270111083984,101.50382232666016,6256086
2012-12-04,79.25984954833984,99.97024536132812,100.6891098022461,99.25138092041016,100.0181655883789,7682354
2012-12-05,80.66572570800781,101.74344635009766,102.36646270751953,99.97024536132812,100.20986938476562,9695797
2012-12-06,81.19762420654297,102.41439056396484,102.51023864746094,101.02458190917969,101.59967041015625,6833934
2012-12-07,81.53962707519531,102.845703125,102.9415512084961,101.79136657714844,102.7498550415039,7000321
2012-12-10,81.27364349365234,102.51023864746094,103.03740692138672,102.36646270751953,102.70193481445312,5759971
2012-12-11,81.72959899902344,103.0853271484375,104.23551177978516,102.36646270751953,102.9415512084961,9547793
2012-12-12,82.75548553466797,104.37928771972656,105.19400024414062,103.37287139892578,103.5645751953125,8850110
2012-12-13,82.14754486083984,103.61249542236328,105.05022430419922,103.27702331542969,104.18759155273438,7087417
2012-12-14,82.14754486083984,103.61249542236328,104.28343963623047,103.27702331542969,103.5645751953125,9919086
2012-12-17,83.32542419433594,105.09815216064453,105.19400024414062,103.94796752929688,103.94796752929688,10116710
2012-12-18,82.41352081298828,103.94796752929688,105.00230407714844,102.60608673095703,104.71475982666016,16926502
2012-12-19,79.8298110961914,100.6891098022461,103.80419158935547,100.4974136352539,103.70834350585938,19265917
2012-12-20,80.71165466308594,100.88080596923828,101.79136657714844,100.0181655883789,100.20986938476562,10606586
2012-12-21,80.05986022949219,100.06609344482422,100.59326171875,98.53251647949219,99.87439727783203,16866950
2012-12-24,79.8298110961914,99.77854919433594,100.4494857788086,99.44307708740234,99.63477325439453,3150213
2012-12-26,79.6380615234375,99.53892517089844,100.3536376953125,99.25138092041016,99.73062133789062,5958784
2012-12-27,79.33133697509766,99.15552520751953,100.0181655883789,97.861572265625,99.68270111083984,7998164
2012-12-28,78.37274169921875,97.9574203491211,99.25138092041016,97.90949249267578,98.00534057617188,6761361
2012-12-31,80.48161315917969,100.59326171875,100.64118194580078,97.09477996826172,97.23855590820312,12266201
2013-01-02,81.82361602783203,102.27061462402344,103.2291030883789,101.59967041015625,103.0853271484375,9617131
2013-01-03,80.90338897705078,101.12042999267578,102.9894790649414,100.88080596923828,102.9415512084961,10122010
2013-01-04,81.28682708740234,101.59967041015625,101.88722229003906,101.21627807617188,101.64759826660156,6218673
2013-01-07,81.01839447021484,101.26419830322266,101.69551849365234,100.4494857788086,101.40797424316406,6832995
2013-01-08,80.13652801513672,100.16194152832031,101.21627807617188,99.10760498046875,101.12042999267578,8355978
2013-01-09,80.32823944091797,100.40156555175781,100.97665405273438,100.30571746826172,100.8328857421875,5955320
2013-01-10,81.17176818847656,101.45590209960938,101.74344635009766,100.4494857788086,100.8328857421875,6958505
2013-01-11,81.01839447021484,101.26419830322266,101.79136657714844,100.7370376586914,101.69551849365234,8730359
2013-01-14,80.98007202148438,101.21627807617188,101.79136657714844,100.97665405273438,101.50382232666016,6617906
2013-01-15,81.28682708740234,101.59967041015625,101.64759826660156,100.6891098022461,100.8328857421875,5540187
2013-01-16,80.98007202148438,101.21627807617188,101.59967041015625,100.9287338256836,101.36005401611328,8123653
2013-01-17,81.67025756835938,102.07891845703125,103.2291030883789,101.21627807617188,101.69551849365234,13323429
2013-01-18,84.50762176513672,105.62532043457031,106.34418487548828,103.46871948242188,105.14607238769531,23595384
2013-01-22,84.39259338378906,105.4815444946289,106.3921127319336,104.95437622070312,106.2962646484375,11511011
2013-01-23,84.12415313720703,105.14607238769531,105.577392578125,104.23551177978516,105.33777618408203,9854798
2013-01-24,84.54595947265625,105.6732406616211,106.34418487548828,105.19400024414062,105.24192810058594,9805261
2013-01-25,85.46614074707031,106.82342529296875,106.91928100585938,105.9607925415039,106.77550506591797,8747073
2013-01-28,86.27136993408203,107.82984161376953,108.02153778076172,106.67965698242188,107.54229736328125,10340959
2013-01-29,86.27136993408203,107.82984161376953,108.2132339477539,107.35059356689453,107.78191375732422,7125393
2013-01-30,85.23612213134766,106.53588104248047,108.06946563720703,106.53588104248047,107.92568969726562,7553651
2013-01-31,85.42784118652344,106.77550506591797,107.35059356689453,106.2962646484375,106.44003295898438,7183756
2013-02-01,86.73150634765625,108.40493774414062,108.50077819824219,106.96720123291016,107.49436950683594,9147809
2013-02-04,85.54289245605469,106.91928100585938,107.78191375732422,106.77550506591797,107.39852142333984,7477740
2013-02-05,86.42474365234375,108.02153778076172,108.40493774414062,107.59021759033203,107.73399353027344,6451352
2013-02-06,86.04134368896484,107.54229736328125,107.82984161376953,106.91928100585938,107.68606567382812,8969507
2013-02-07,86.1946792602539,107.73399353027344,107.87776184082031,106.72757720947266,107.82984161376953,7997162
2013-02-08,86.27136993408203,107.82984161376953,108.11738586425781,107.59021759033203,107.82984161376953,5096488
2013-02-11,86.07965087890625,107.59021759033203,107.87776184082031,107.11097717285156,107.78191375732422,4118718
2013-02-12,86.57813262939453,108.2132339477539,108.5487060546875,107.73399353027344,107.73399353027344,7156588
2013-02-13,89.68390655517578,112.09510803222656,112.52642822265625,110.41775512695312,110.75322723388672,17721024
2013-02-14,89.76056671142578,112.19095611572266,112.57435607910156,110.75322723388672,111.4241714477539,11267023
2013-02-15,89.3004379272461,111.6158676147461,112.86190032958984,111.32832336425781,112.52642822265625,8196873
2013-02-19,91.06421661376953,113.82038879394531,113.82038879394531,112.19095611572266,112.23888397216797,8600843
2013-02-20,89.76056671142578,112.19095611572266,113.82038879394531,111.90341186523438,113.62869262695312,7951570
2013-02-21,89.91520690917969,111.47209167480469,111.90341186523438,110.80115509033203,111.08869934082031,9976385
2013-02-22,90.4177474975586,112.09510803222656,112.38265991210938,111.32832336425781,111.90341186523438,5808381
2013-02-25,88.1756591796875,109.31549835205078,112.76605224609375,109.31549835205078,112.62227630615234,10771095
2013-02-26,89.1034164428711,110.46568298339844,110.9449234008789,109.79473876953125,110.08229064941406,8621146
2013-02-27,90.34043884277344,111.99925994873047,112.14303588867188,110.22605895996094,110.32190704345703,6192340
2013-02-28,89.76056671142578,111.2803955078125,112.43058013916016,111.1845474243164,111.99925994873047,8286931
2013-03-01,89.64460754394531,111.1366195678711,111.8554916381836,110.22605895996094,110.32190704345703,8602491
2013-03-04,89.95387268066406,111.52001953125,111.56793975830078,110.36983489990234,110.9449234008789,5312078
2013-03-05,91.19084167480469,113.05359649658203,113.62869262695312,112.33473205566406,112.43058013916016,7455079
2013-03-06,91.50013732910156,113.43699645996094,114.251708984375,113.43699645996094,114.251708984375,6581015
2013-03-07,91.53878021240234,113.48491668701172,114.20378112792969,113.43699645996094,113.58076477050781,4789984
2013-03-08,91.88666534423828,113.9162368774414,114.53925323486328,113.48491668701172,114.3475570678711,6041206
2013-03-11,91.30683898925781,113.19737243652344,113.82038879394531,112.38265991210938,113.53284454345703,7292156
2013-03-12,90.4950180053711,112.19095611572266,113.10152435302734,111.80756378173828,113.05359649658203,7635572
2013-03-13,90.80430603027344,112.57435607910156,112.71812438964844,112.14303588867188,112.33473205566406,5039690
2013-03-14,91.57744598388672,113.53284454345703,113.8683090209961,112.67020416259766,112.86190032958984,7225926
2013-03-15,90.61103820800781,112.33473205566406,113.6766128540039,111.95133972167969,112.33473205566406,12281266
2013-03-18,89.87655639648438,111.4241714477539,111.90341186523438,110.84907531738281,111.040771484375,7031912
2013-03-19,90.14712524414062,111.7596435546875,111.95133972167969,111.040771484375,111.66378784179688,7543176
2013-03-20,90.6883316040039,112.43058013916016,114.06001281738281,111.80756378173828,113.72454071044922,8190822
2013-03-21,90.03117370605469,111.6158676147461,113.10152435302734,111.6158676147461,112.23888397216797,8042651
2013-03-22,90.34043884277344,111.99925994873047,112.14303588867188,111.56793975830078,111.7596435546875,6386333
2013-03-25,89.83789825439453,111.3762435913086,112.52642822265625,110.46568298339844,112.38265991210938,8697954
2013-03-26,89.37401580810547,110.80115509033203,111.66378784179688,110.27398681640625,111.52001953125,6750949
2013-03-27,89.29669189453125,110.7052993774414,110.89700317382812,109.50719451904297,110.32190704345703,5736643
2013-03-28,89.37401580810547,110.80115509033203,111.1845474243164,110.17813873291016,110.89700317382812,6500033
2013-04-01,89.2193832397461,110.60945129394531,110.7052993774414,110.08229064941406,110.36983489990234,5727712
2013-04-02,90.22447204589844,111.8554916381836,111.99925994873047,110.7052993774414,111.040771484375,6088781
2013-04-03,88.91014862060547,110.22605895996094,112.14303588867188,109.84266662597656,112.04718780517578,10969429
2013-04-04,89.2193832397461,110.60945129394531,110.84907531738281,110.03436279296875,110.27398681640625,6358372
2013-04-05,88.63955688476562,109.89058685302734,109.93851470947266,109.07587432861328,109.26757049560547,6552449
2013-04-08,89.37401580810547,110.80115509033203,110.80115509033203,109.41134643554688,110.46568298339844,6362858
2013-04-09,89.14208221435547,110.51360321044922,111.4241714477539,109.74681854248047,111.4241714477539,6607953
2013-04-10,91.15221405029297,113.00567626953125,113.34114074707031,110.51360321044922,110.7052993774414,8298971
2013-04-11,91.19084167480469,113.05359649658203,113.6766128540039,112.28680419921875,112.86190032958984,5651488
2013-04-12,90.6883316040039,112.43058013916016,113.05359649658203,111.80756378173828,112.57435607910156,5682766
2013-04-15,88.1756591796875,109.31549835205078,111.66378784179688,109.31549835205078,111.56793975830078,9693147
2013-04-16,89.29669189453125,110.7052993774414,110.7052993774414,109.74681854248047,110.56153106689453,7515320
2013-04-17,87.98237609863281,109.07587432861328,110.36983489990234,108.5487060546875,110.03436279296875,8904217
2013-04-18,87.63448333740234,108.6445541381836,109.50719451904297,108.16531372070312,109.07587432861328,8590806
2013-04-19,84.07807922363281,104.23551177978516,105.577392578125,103.5645751953125,105.14607238769531,22710344
2013-04-22,82.53177642822266,102.31853485107422,103.90003967285156,101.16835021972656,103.85211944580078,18326562
2013-04-23,83.11164855957031,103.03740692138672,103.94796752929688,102.36646270751953,103.27702331542969,13665197
2013-04-24,84.88984680175781,105.24192810058594,105.577392578125,103.75627136230469,103.94796752929688,10747496
2013-04-25,84.8512191772461,105.19400024414062,106.53588104248047,105.00230407714844,106.44003295898438,8651735
2013-04-26,85.85626983642578,106.44003295898438,107.35059356689453,105.28984832763672,105.33777618408203,9809727
2013-04-29,86.08820343017578,106.72757720947266,106.96720123291016,105.43362426757812,106.91928100585938,7622802
2013-04-30,86.16548156738281,106.82342529296875,107.25474548339844,106.44003295898438,106.82342529296875,7105946
2013-05-01,85.62430572509766,106.1524887084961,107.11097717285156,105.9128646850586,105.9128646850586,8179888
2013-05-02,86.28147888183594,106.96720123291016,106.96720123291016,106.1524887084961,106.63172912597656,5769820
2013-05-03,87.24790954589844,108.16531372070312,109.50719451904297,108.06946563720703,108.16531372070312,9498987
2013-05-06,87.28655242919922,108.2132339477539,108.50077819824219,106.96720123291016,108.11738586425781,5960203
2013-05-07,87.673095703125,108.6924819946289,109.21965026855469,108.40493774414062,108.74040222167969,5886712
2013-05-08,88.94879913330078,110.27398681640625,110.32190704345703,108.40493774414062,108.6924819946289,8341747
2013-05-09,88.0596923828125,109.17172241210938,110.7052993774414,108.74040222167969,110.17813873291016,6254500
2013-05-10,88.52354431152344,109.74681854248047,109.79473876953125,108.26116180419922,109.1238021850586,7327649
2013-05-13,88.33025360107422,109.50719451904297,109.65097045898438,108.40493774414062,109.55512237548828,6319081
2013-05-14,88.94879913330078,110.27398681640625,110.56153106689453,109.31549835205078,109.50719451904297,8261412
2013-05-15,89.83789825439453,111.3762435913086,111.4241714477539,109.79473876953125,110.41775512695312,8378409
2013-05-16,89.95387268066406,111.52001953125,111.90341186523438,110.7052993774414,110.7052993774414,6890711
2013-05-17,90.6883316040039,112.43058013916016,112.52642822265625,111.1845474243164,111.52001953125,8563012
2013-05-20,91.11356353759766,112.95774841308594,113.00567626953125,112.28680419921875,112.43058013916016,6861811
2013-05-21,91.46146392822266,113.38906860351562,113.96416473388672,113.05359649658203,113.05359649658203,7055909
2013-05-22,92.23458862304688,114.3475570678711,115.64151763916016,113.82038879394531,113.96416473388672,14296358
2013-05-23,91.46146392822266,113.38906860351562,113.82038879394531,112.38265991210938,112.71812438964844,9261175
2013-05-24,90.95892333984375,112.76605224609375,113.43699645996094,112.57435607910156,112.62227630615234,8558317
2013-05-28,91.22952270507812,113.10152435302734,114.251708984375,113.00567626953125,113.9162368774414,9874516
2013-05-29,91.38417053222656,113.29322052001953,113.58076477050781,112.14303588867188,112.23888397216797,8187170
2013-05-30,91.22952270507812,113.10152435302734,113.8683090209961,112.62227630615234,113.00567626953125,6123627
2013-05-31,90.14712524414062,111.7596435546875,114.0120849609375,111.71171569824219,113.05359649658203,10276107
2013-06-03,91.38417053222656,113.29322052001953,113.96416473388672,111.7596435546875,111.99925994873047,9435366
2013-06-04,91.46146392822266,113.38906860351562,113.8683090209961,112.19095611572266,113.05359649658203,8075494
2013-06-05,90.14712524414062,111.7596435546875,113.00567626953125,111.23247528076172,112.86190032958984,9338922
2013-06-06,90.3790512084961,112.04718780517578,112.09510803222656,110.7052993774414,111.4241714477539,8905176
2013-06-07,92.23458862304688,114.3475570678711,114.77887725830078,112.47850799560547,112.81397247314453,10233039
2013-06-10,91.92535400390625,113.96416473388672,114.63510131835938,113.29322052001953,114.44340515136719,8685872
2013-06-11,91.15221405029297,113.00567626953125,113.53284454345703,112.52642822265625,112.57435607910156,7550020
2013-06-12,90.84297943115234,112.62227630615234,113.72454071044922,112.23888397216797,113.58076477050781,7061542
2013-06-13,91.53878021240234,113.48491668701172,114.0120849609375,111.8554916381836,112.38265991210938,7288671
2013-06-14,90.92024993896484,112.71812438964844,113.82038879394531,112.43058013916016,113.48491668701172,5810405
2013-06-17,91.88666534423828,113.9162368774414,114.29962921142578,113.34114074707031,113.82038879394531,8195892
2013-06-18,94.05147552490234,116.5999984741211,117.17509460449219,113.9162368774414,114.20378112792969,15183693
2013-06-19,92.698486328125,114.92264556884766,116.69584655761719,114.92264556884766,115.97698211669922,9615608
2013-06-20,90.59436798095703,111.4241714477539,113.53284454345703,111.1845474243164,113.24529266357422,13090041
2013-06-21,91.02296447753906,111.95133972167969,113.29322052001953,111.23247528076172,113.00567626953125,13568294
2013-06-24,89.34746551513672,109.89058685302734,110.9449234008789,109.07587432861328,110.80115509033203,10174530
2013-06-25,90.04885864257812,110.75322723388672,111.4241714477539,109.93851470947266,111.040771484375,7630585
2013-06-26,90.59436798095703,111.4241714477539,112.33473205566406,110.32190704345703,112.28680419921875,6788133
2013-06-27,90.86709594726562,111.7596435546875,112.52642822265625,111.47209167480469,112.19095611572266,6440961
2013-06-28,90.36054992675781,111.1366195678711,112.33473205566406,110.99285125732422,111.7596435546875,9582431
2013-07-01,90.9450454711914,111.8554916381836,113.29322052001953,111.1366195678711,111.23247528076172,7466931
2013-07-02,89.23056030273438,109.74681854248047,111.8554916381836,109.65097045898438,111.52001953125,9926306
2013-07-03,89.26953125,109.79473876953125,110.13021087646484,109.07587432861328,109.41134643554688,4475489
2013-07-05,90.555419921875,111.3762435913086,111.3762435913086,109.98643493652344,111.040771484375,4734313
2013-07-08,90.86709594726562,111.7596435546875,112.76605224609375,111.52001953125,111.95133972167969,7403560
2013-07-09,92.03604125976562,113.19737243652344,114.06001281738281,112.67020416259766,112.71812438964844,6581494
2013-07-10,91.72431182861328,112.81397247314453,113.72454071044922,111.95133972167969,113.6766128540039,5937918
2013-07-11,93.28295135498047,114.73094940185547,114.82679748535156,113.24529266357422,114.5871810913086,6806224
2013-07-12,92.58154296875,113.8683090209961,115.01849365234375,113.05359649658203,114.97057342529297,6939621
2013-07-15,92.07501983642578,113.24529266357422,113.7724609375,112.90982818603516,113.72454071044922,7481266
2013-07-16,91.29571533203125,112.28680419921875,113.43699645996094,111.8554916381836,113.38906860351562,7969306
2013-07-17,91.72431182861328,112.81397247314453,113.14944458007812,112.28680419921875,112.81397247314453,5604351
2013-07-18,92.07501983642578,113.24529266357422,114.73094940185547,112.90982818603516,113.10152435302734,8646581
2013-07-19,96.322265625,118.46905517578125,119.5713119506836,115.49774169921875,116.02490997314453,21640116
2013-07-22,96.8677749633789,119.1399917602539,119.42754364013672,118.51697540283203,118.70867156982422,8672163
2013-07-23,96.28326416015625,118.42112731933594,119.23583984375,118.03773498535156,119.18791961669922,6792577
2013-07-24,95.93260192871094,117.98980712890625,119.04414367675781,117.70226287841797,118.80451965332031,5735078
2013-07-25,96.20533752441406,118.32527923583984,118.32527923583984,117.51056671142578,117.94188690185547,6249784
2013-07-26,96.04951477050781,118.13358306884766,118.18150329589844,117.41471862792969,118.13358306884766,6492563
2013-07-29,95.42604064941406,117.36679077148438,117.89395904541016,117.22301483154297,117.55848693847656,5339371
2013-07-30,95.3870620727539,117.3188705444336,118.08565521240234,116.93547058105469,117.75018310546875,6510570
2013-07-31,94.95846557617188,116.79170227050781,118.32527923583984,116.7437744140625,117.75018310546875,8128411
2013-08-01,95.93260192871094,117.98980712890625,119.18791961669922,117.51056671142578,117.89395904541016,6664187
2013-08-02,96.24433135986328,118.37319946289062,118.37319946289062,116.93547058105469,117.51056671142578,5367081
2013-08-05,95.54295349121094,117.51056671142578,117.89395904541016,117.36679077148438,117.75018310546875,3749992
2013-08-06,94.7246322631836,116.504150390625,117.41471862792969,116.21660614013672,117.36679077148438,4780761
2013-08-07,94.84156799316406,116.6479263305664,116.6479263305664,115.44981384277344,116.02490997314453,5836613
2013-08-08,94.80259704589844,116.5999984741211,117.60641479492188,116.07283020019531,117.27094268798828,4668293
2013-08-09,94.49089813232422,116.21660614013672,117.12716674804688,116.02490997314453,116.6479263305664,4332555
2013-08-12,94.56880187988281,116.31245422363281,116.45623016357422,115.30604553222656,115.68943786621094,5710226
2013-08-13,94.29605102539062,115.97698211669922,116.45623016357422,115.49774169921875,116.45623016357422,5953901
2013-08-14,93.78950500488281,115.35396575927734,116.4083023071289,115.25811767578125,115.97698211669922,5839158
2013-08-15,93.51675415039062,115.01849365234375,116.26453399658203,114.63510131835938,114.87472534179688,8338617
2013-08-16,93.32193756103516,114.77887725830078,115.25811767578125,114.3475570678711,114.44340515136719,7577668
2013-08-19,92.93228912353516,114.29962921142578,114.82679748535156,113.8683090209961,114.53925323486328,6722884
2013-08-20,92.42573547363281,113.6766128540039,114.29962921142578,113.24529266357422,113.9162368774414,6354074
2013-08-21,91.99708557128906,113.14944458007812,114.0120849609375,112.90982818603516,113.6766128540039,6655695
2013-08-22,92.65953826904297,113.96416473388672,114.06001281738281,113.14944458007812,113.38906860351562,6475411
2013-08-23,92.65953826904297,113.96416473388672,114.29962921142578,113.29322052001953,114.20378112792969,4317302
2013-08-26,91.99708557128906,113.14944458007812,114.0120849609375,112.90982818603516,113.7724609375,5414552
2013-08-27,90.32157897949219,111.08869934082031,112.09510803222656,110.75322723388672,111.95133972167969,10723750
2013-08-28,90.39952087402344,111.1845474243164,112.14303588867188,110.99285125732422,110.99285125732422,6022530
2013-08-29,90.04885864257812,110.75322723388672,111.66378784179688,110.65737915039062,110.99285125732422,4612392
2013-08-30,90.16573333740234,110.89700317382812,112.62227630615234,110.41775512695312,112.33473205566406,9655963
2013-09-03,89.85400390625,110.51360321044922,112.38265991210938,109.84266662597656,111.71171569824219,10860820
2013-09-04,90.28266143798828,111.040771484375,111.08869934082031,110.03436279296875,110.17813873291016,6599940
2013-09-05,90.24365997314453,110.99285125732422,111.90341186523438,110.65737915039062,111.8554916381836,6322941
2013-09-06,90.24365997314453,110.99285125732422,112.04718780517578,110.03436279296875,110.9449234008789,7664472
2013-09-09,91.13986206054688,112.09510803222656,112.43058013916016,111.08869934082031,111.4241714477539,5880473
2013-09-10,93.01020812988281,114.39547729492188,114.73094940185547,113.19737243652344,113.43699645996094,7452951
2013-09-11,93.867431640625,115.44981384277344,115.44981384277344,113.6766128540039,114.77887725830078,7220459
2013-09-12,92.93228912353516,114.29962921142578,115.97698211669922,113.9162368774414,115.78528594970703,6401252
2013-09-13,92.65953826904297,113.96416473388672,114.53925323486328,113.82038879394531,113.9162368774414,3979499
2013-09-16,94.06224822998047,115.68943786621094,116.12075805664062,114.68302917480469,115.30604553222656,7666496
2013-09-17,95.27018737792969,117.17509460449219,117.27094268798828,115.54566192626953,115.64151763916016,7472231
2013-09-18,96.8677749633789,119.1399917602539,119.3796157836914,116.93547058105469,117.27094268798828,10660964
2013-09-19,96.04317474365234,117.22301483154297,119.28376770019531,116.93547058105469,118.85244750976562,10373260
2013-09-20,94.27623748779297,115.06642150878906,117.70226287841797,115.01849365234375,117.65433502197266,14179215
2013-09-23,95.33639526367188,116.36038208007812,116.8396224975586,115.73736572265625,115.97698211669922,8641657
2013-09-24,95.49348449707031,116.55207824707031,117.60641479492188,116.07283020019531,116.07283020019531,6890919
2013-09-25,95.14008331298828,116.12075805664062,117.3188705444336,115.97698211669922,116.45623016357422,6144723
2013-09-26,95.21863555908203,116.21660614013672,117.46263885498047,114.82679748535156,116.45623016357422,7148659
2013-09-27,94.43331146240234,115.25811767578125,115.49774169921875,114.73094940185547,115.49774169921875,5373842
2013-09-30,93.80506896972656,114.49132537841797,115.40189361572266,114.1558609008789,114.44340515136719,7374869
2013-10-01,94.90450286865234,115.83321380615234,116.07283020019531,114.53925323486328,114.73094940185547,6048112
2013-10-02,95.53273010253906,116.5999984741211,116.69584655761719,115.25811767578125,115.68943786621094,7141377
2013-10-03,94.62962341308594,115.49774169921875,116.21660614013672,114.251708984375,116.07283020019531,7819028
2013-10-04,94.43331146240234,115.25811767578125,115.88113403320312,114.53925323486328,115.88113403320312,6949971
2013-10-07,94.0013656616211,114.73094940185547,115.64151763916016,114.06001281738281,114.251708984375,6047361
2013-10-08,92.94123077392578,113.43699645996094,114.63510131835938,113.43699645996094,114.63510131835938,8845353
2013-10-09,92.54856872558594,112.95774841308594,114.251708984375,112.62227630615234,114.251708984375,7323100
2013-10-10,95.21863555908203,116.21660614013672,116.21660614013672,114.1558609008789,114.53925323486328,7965780
2013-10-11,95.80758666992188,116.93547058105469,117.36679077148438,115.97698211669922,116.55207824707031,7131736
2013-10-14,95.72905731201172,116.8396224975586,116.8396224975586,115.78528594970703,116.02490997314453,4596179
2013-10-15,94.98304748535156,115.92906188964844,117.17509460449219,115.73736572265625,116.31245422363281,5919159
2013-10-16,95.6505355834961,116.7437744140625,116.93547058105469,115.64151763916016,116.69584655761719,6307980
2013-10-17,96.90702819824219,118.27735137939453,118.27735137939453,116.12075805664062,116.8396224975586,9482106
2013-10-18,100.32311248779297,122.44677734375,123.40526580810547,120.24225616455078,120.81734466552734,20554739
2013-10-21,102.63977813720703,125.2743148803711,126.28072357177734,123.59696197509766,123.98035430908203,12682983
2013-10-22,102.16860961914062,124.69921875,125.75355529785156,124.50752258300781,125.51393127441406,9046107
2013-10-23,100.912109375,123.16564178466797,124.6033706665039,122.87809753417969,124.55545043945312,8251709
2013-10-24,101.85445404052734,124.31582641601562,124.69921875,123.02186584472656,123.83657836914062,7223694
2013-10-25,101.6188735961914,124.02828216552734,124.98677062988281,123.64488220214844,124.9388427734375,5711791
2013-10-28,102.44345092773438,125.0346908569336,125.37016296386719,123.45318603515625,124.02828216552734,6667171
2013-10-29,102.91464233398438,125.60978698730469,126.04109954833984,124.9388427734375,125.51393127441406,8020136
2013-10-30,103.54287719726562,126.37657165527344,126.90373992919922,125.51393127441406,125.99317932128906,8313181
2013-10-31,102.63977813720703,125.2743148803711,126.71204376220703,125.178466796875,126.28072357177734,8941692
2013-11-01,104.21040344238281,127.19129180908203,127.6705322265625,124.74714660644531,124.8429946899414,11608811
2013-11-04,103.77845001220703,126.66412353515625,127.430908203125,126.08902740478516,127.430908203125,5877197
2013-11-05,103.7392349243164,126.61619567871094,127.0954360961914,125.84940338134766,126.13695526123047,5195164
2013-11-06,105.62393188476562,128.91656494140625,129.29995727539062,126.75997161865234,126.85581970214844,12239868
2013-11-07,104.44598388671875,127.47883605957031,130.30636596679688,127.47883605957031,129.10826110839844,12424075
2013-11-08,106.21292114257812,129.63543701171875,129.683349609375,126.52034759521484,126.61619567871094,7868418
2013-11-11,106.05587005615234,129.44374084472656,129.58750915527344,128.86863708496094,129.4916534423828,4984583
2013-11-12,106.21292114257812,129.63543701171875,130.06675720214844,128.48524475097656,129.01242065429688,7837390
2013-11-13,106.60554504394531,130.1146697998047,130.1146697998047,128.19769287109375,129.2520294189453,7176640
2013-11-14,105.97737121582031,129.34788513183594,130.3542938232422,128.72486877441406,130.1146697998047,6772045
2013-11-15,106.80191802978516,130.3542938232422,131.45655822753906,129.2520294189453,129.44374084472656,10787517
2013-11-18,106.88043212890625,130.4501495361328,131.79202270507812,129.9229736328125,130.73768615722656,8155370
2013-11-19,106.13442993164062,129.53958129882812,130.97731018066406,129.01242065429688,130.01882934570312,7453827
2013-11-20,105.85957336425781,129.20411682128906,130.2105255126953,128.8207244873047,129.34788513183594,6319624
2013-11-21,105.66321563720703,128.96449279785156,129.4916534423828,128.24562072753906,129.4916534423828,6335294
2013-11-22,106.33072662353516,129.77920532226562,129.82713317871094,128.72486877441406,128.77279663085938,4600540
2013-11-25,104.95645141601562,128.1018524169922,130.2105255126953,128.1018524169922,130.06675720214844,6747172
2013-11-26,105.15276336669922,128.3414764404297,129.15618896484375,128.05392456054688,128.05392456054688,7626808
2013-11-27,105.34908294677734,128.5811004638672,128.91656494140625,128.19769287109375,128.5811004638672,4738236
2013-11-29,104.68157196044922,127.7663803100586,128.77279663085938,127.62260437011719,128.19769287109375,4466600
2013-12-02,104.68157196044922,127.7663803100586,128.1497802734375,127.28713989257812,127.71845245361328,7230287
2013-12-03,104.28893280029297,127.28713989257812,127.47883605957031,126.23280334472656,127.47883605957031,6832807
2013-12-04,104.6030502319336,127.6705322265625,127.7663803100586,125.56185913085938,126.23280334472656,9378756
2013-12-05,103.85704040527344,126.75997161865234,127.6705322265625,126.28072357177734,127.62260437011719,5937563
2013-12-06,105.78102111816406,129.10826110839844,129.29995727539062,127.86222839355469,128.29354858398438,5289021
2013-12-09,106.76262664794922,130.30636596679688,130.97731018066406,128.8207244873047,129.06033325195312,6411268
2013-12-10,106.56632995605469,130.06675720214844,131.26486206054688,129.7312774658203,129.82713317871094,6440293
2013-12-11,104.36746978759766,127.38298797607422,130.01882934570312,127.19129180908203,129.9229736328125,8380162
2013-12-12,104.21040344238281,127.19129180908203,127.95807647705078,126.90373992919922,126.99958801269531,6460220
2013-12-13,105.38834381103516,128.62901306152344,129.10826110839844,127.04751586914062,127.430908203125,8311783
2013-12-16,105.93805694580078,129.29995727539062,129.82713317871094,128.77279663085938,129.10826110839844,8379870
2013-12-17,106.13442993164062,129.53958129882812,130.06675720214844,129.10826110839844,129.8750457763672,7643835
2013-12-18,107.62648010253906,131.36070251464844,131.64825439453125,128.62901306152344,129.53958129882812,11532503
2013-12-19,108.14106750488281,130.92938232421875,131.3127899169922,128.5811004638672,130.2105255126953,10586659
2013-12-20,108.2994384765625,131.12109375,131.64825439453125,129.4916534423828,130.6897735595703,16307944
2013-12-23,108.45777130126953,131.3127899169922,131.74411010742188,130.6897735595703,131.45655822753906,6239706
2013-12-24,109.28897857666016,132.31919860839844,132.55882263183594,131.12109375,131.21693420410156,3152822
2013-12-26,110.15979766845703,133.37353515625,133.99655151367188,132.27127075195312,132.6546630859375,5167579
2013-12-27,110.15979766845703,133.37353515625,133.90069580078125,133.03805541992188,133.4214630126953,3962639
2013-12-30,110.39730072021484,133.66107177734375,134.09239196777344,133.22975158691406,133.4214630126953,4972898
2013-12-31,110.95147705078125,134.33201599121094,134.61956787109375,133.37353515625,133.70899963378906,6323859
2014-01-02,108.85355377197266,131.79202270507812,133.90069580078125,131.36070251464844,133.51730346679688,8649816
2014-01-03,108.77438354492188,131.69618225097656,132.27127075195312,131.36070251464844,131.88787841796875,5752981
2014-01-06,107.903564453125,130.641845703125,132.894287109375,130.1146697998047,132.55882263183594,6125610
2014-01-07,108.02232360839844,130.78561401367188,131.74411010742188,130.4022216796875,131.69618225097656,5159796
2014-01-08,107.70563507080078,130.4022216796875,131.12109375,129.9709014892578,131.0731658935547,5397859
2014-01-09,107.74522399902344,130.4501495361328,131.12109375,129.06033325195312,130.97731018066406,6533502
2014-01-10,106.71607208251953,129.20411682128906,130.49807739257812,128.72486877441406,130.30636596679688,8102057
2014-01-13,105.80567169189453,128.1018524169922,129.8750457763672,127.86222839355469,129.29995727539062,7181982
2014-01-14,106.7556381225586,129.2520294189453,129.39581298828125,128.1497802734375,128.62901306152344,5205264
2014-01-15,108.22023010253906,131.02523803710938,131.3127899169922,129.44374084472656,130.1146697998047,6648663
2014-01-16,107.66606903076172,130.3542938232422,130.6897735595703,129.77920532226562,130.4501495361328,6812463
2014-01-17,105.21192169189453,127.38298797607422,129.01242065429688,125.94525146484375,128.8207244873047,20290427
2014-01-21,104.06400299072266,125.99317932128906,128.1497802734375,124.7950668334961,128.1018524169922,12506934
2014-01-22,102.87650299072266,124.55545043945312,126.08902740478516,124.55545043945312,126.04109954833984,10156273
2014-01-23,102.20359802246094,123.74073028564453,124.50752258300781,122.3509292602539,124.50752258300781,12112292
2014-01-24,98.75984954833984,119.5713119506836,122.63847351074219,119.5713119506836,122.5426254272461,19949139
2014-01-27,99.23486328125,120.14640808105469,121.20074462890625,119.3316879272461,121.05696868896484,12634072
2014-01-28,100.77859497070312,122.01545715332031,122.7822494506836,121.24866485595703,121.39244079589844,10521953
2014-01-29,100.10569763183594,121.20074462890625,122.3030014038086,120.57772064208984,121.44036102294922,8269216
2014-01-30,100.93695831298828,122.2071533203125,122.63847351074219,121.39244079589844,122.2071533203125,6279519
2014-01-31,99.47235107421875,120.43395233154297,121.6320571899414,120.19432830810547,120.81734466552734,8416177
2014-02-03,96.3848876953125,116.69584655761719,120.81734466552734,116.55207824707031,120.43395233154297,15743847
2014-02-04,97.25568389892578,117.75018310546875,118.75659942626953,116.93547058105469,117.55848693847656,9568409
2014-02-05,97.05778503417969,117.51056671142578,118.08565521240234,116.55207824707031,117.22301483154297,8400673
2014-02-06,98.75984954833984,119.5713119506836,120.29017639160156,117.98980712890625,118.85244750976562,9332287
2014-02-07,99.70984649658203,120.72149658203125,121.15281677246094,119.8109359741211,120.76942443847656,7244936
2014-02-10,99.15569305419922,120.05055236816406,121.67998504638672,119.4754638671875,121.67998504638672,6886767
2014-02-11,100.65984344482422,121.8716812133789,122.3030014038086,120.57772064208984,120.81734466552734,6799755
2014-02-12,100.50151062011719,121.67998504638672,122.83016967773438,121.48828887939453,122.5426254272461,5264106
2014-02-13,100.69943237304688,121.91960906982422,121.91960906982422,120.33810424804688,120.91319274902344,6751721
2014-02-14,101.88693237304688,123.35733795166016,123.88450622558594,121.6320571899414,122.0633773803711,5201612
2014-02-18,101.53069305419922,122.92601776123047,124.7950668334961,122.92601776123047,124.65129852294922,6096272
2014-02-19,100.54109191894531,121.7279052734375,123.50111389160156,121.58413696289062,123.06979370117188,7072205
2014-02-20,100.3015365600586,120.38602447509766,121.34451293945312,119.90678405761719,121.29659271240234,6734548
2014-02-21,99.58279418945312,119.52339172363281,120.72149658203125,119.52339172363281,120.38602447509766,7750962
2014-02-24,100.9803237915039,121.20074462890625,121.967529296875,119.6192398071289,119.90678405761719,7934021
2014-02-25,100.90048217773438,121.10489654541016,122.1113052368164,120.62564849853516,121.6320571899414,6904712
2014-02-26,101.02029418945312,121.24866485595703,121.53620910644531,120.29017639160156,121.39244079589844,6214875
2014-02-27,101.81884002685547,122.2071533203125,122.49469757080078,120.52980041503906,120.81734466552734,4760292
2014-02-28,101.69904327392578,122.0633773803711,123.11771392822266,121.29659271240234,122.39884948730469,6142344
2014-03-03,100.3015365600586,120.38602447509766,120.81734466552734,119.42754364013672,120.81734466552734,7138455
2014-03-04,102.41776275634766,122.92601776123047,123.30941772460938,122.01545715332031,122.3030014038086,7645045
2014-03-05,103.5357666015625,124.26789855957031,124.41167449951172,122.92601776123047,123.54903411865234,6286718
2014-03-06,104.69373321533203,125.65770721435547,125.94525146484375,124.69921875,124.89091491699219,7284623
2014-03-07,104.33436584472656,125.22638702392578,126.28072357177734,124.45960235595703,126.18487548828125,5693136
2014-03-10,103.9749755859375,124.7950668334961,125.22638702392578,123.83657836914062,125.178466796875,4645548
2014-03-11,103.41598510742188,124.12413024902344,125.0826187133789,123.45318603515625,124.89091491699219,5188112
2014-03-12,102.85699462890625,123.45318603515625,123.78865814208984,122.83016967773438,123.06979370117188,4896068
2014-03-13,101.17996978759766,121.44036102294922,124.6033706665039,120.81734466552734,124.6033706665039,7901011
2014-03-14,100.26160430908203,120.33810424804688,121.6320571899414,120.24225616455078,121.00904083251953,6147456
2014-03-17,101.5393295288086,121.8716812133789,122.83016967773438,121.00904083251953,121.05696868896484,9517913
2014-03-18,102.41776275634766,122.92601776123047,123.30941772460938,122.0633773803711,122.3030014038086,4963049
2014-03-19,100.94041442871094,121.15281677246094,123.16564178466797,120.33810424804688,122.87809753417969,7354671
2014-03-20,100.90048217773438,121.10489654541016,121.58413696289062,120.38602447509766,121.58413696289062,7451803
2014-03-21,101.4195327758789,121.7279052734375,123.78865814208984,121.44036102294922,123.11771392822266,11509571
2014-03-24,101.45948791503906,121.77583312988281,122.3509292602539,120.76942443847656,122.15922546386719,6499115
2014-03-25,102.6174087524414,123.16564178466797,123.21356201171875,121.67998504638672,122.59054565429688,6500763
2014-03-26,102.2979736328125,122.7822494506836,124.21997833251953,122.68639373779297,123.64488220214844,6641735
2014-03-27,103.05661010742188,123.69281005859375,123.88450622558594,122.25508117675781,122.59054565429688,6183993
2014-03-28,103.33614349365234,124.02828216552734,124.69921875,123.54903411865234,124.12413024902344,6195470
2014-03-31,103.37606811523438,124.07620239257812,124.98677062988281,123.69281005859375,124.69921875,6695737
2014-04-01,103.29623413085938,123.98035430908203,124.55545043945312,123.40526580810547,123.78865814208984,5946035
2014-04-02,103.9749755859375,124.7950668334961,124.89091491699219,123.98035430908203,124.21997833251953,5509451
2014-04-03,104.733642578125,125.70563507080078,125.84940338134766,124.8429946899414,125.32223510742188,4644693
2014-04-04,103.89514923095703,124.69921875,126.52034759521484,124.55545043945312,126.37657165527344,6915229
2014-04-07,103.21634674072266,123.88450622558594,124.7950668334961,123.35733795166016,124.3637466430664,6351444
2014-04-08,102.8170394897461,123.40526580810547,124.21997833251953,123.02186584472656,123.45318603515625,5616328
2014-04-09,103.6156234741211,124.3637466430664,124.41167449951172,122.63847351074219,123.93243408203125,5253590
2014-04-10,102.13827514648438,122.59054565429688,125.13053894042969,122.5426254272461,125.0346908569336,7573119
2014-04-11,101.5393295288086,121.8716812133789,123.45318603515625,121.8716812133789,122.25508117675781,7787248
2014-04-14,102.65734100341797,123.21356201171875,123.40526580810547,121.8716812133789,122.59054565429688,5230533
2014-04-15,103.0965576171875,123.74073028564453,124.07620239257812,122.59054565429688,123.02186584472656,6319811
2014-04-16,104.29444122314453,125.178466796875,125.56185913085938,124.07620239257812,124.65129852294922,6989471
2014-04-17,106.05130767822266,127.28713989257812,128.24562072753906,126.75997161865234,126.85581970214844,14535109
2014-04-21,106.17106628417969,127.430908203125,128.00599670410156,127.28713989257812,127.62260437011719,5243950
2014-04-22,106.13115692138672,127.38298797607422,128.29354858398438,127.3350601196289,127.95807647705078,5800097
2014-04-23,105.4923095703125,126.61619567871094,127.7663803100586,126.47241973876953,127.3350601196289,6169533
2014-04-24,105.65202331542969,126.80789184570312,127.6705322265625,125.70563507080078,126.71204376220703,5337180
2014-04-25,106.21100616455078,127.47883605957031,128.43731689453125,127.23921203613281,127.3350601196289,7042387
2014-04-28,106.92973327636719,128.3414764404297,128.67694091796875,127.14336395263672,128.05392456054688,7212822
2014-04-29,106.84983825683594,128.24562072753906,128.8207244873047,127.430908203125,128.5811004638672,5774974
2014-04-30,107.36894226074219,128.86863708496094,128.91656494140625,127.71845245361328,128.43731689453125,6085651
2014-05-01,106.88980865478516,128.29354858398438,128.5811004638672,127.6705322265625,128.1018524169922,5379246
2014-05-02,106.53044128417969,127.86222839355469,128.77279663085938,127.7663803100586,128.29354858398438,4898030
2014-05-05,106.13115692138672,127.38298797607422,127.91015625,126.99958801269531,127.91015625,3461621
2014-05-06,104.57392120361328,125.51393127441406,127.14336395263672,125.51393127441406,127.04751586914062,5223688
2014-05-07,105.93151092529297,127.14336395263672,127.14336395263672,125.89733123779297,125.89733123779297,5074599
2014-05-08,105.5721664428711,126.71204376220703,127.47883605957031,126.04109954833984,126.90373992919922,4358304
2014-05-09,105.4923095703125,126.61619567871094,127.3350601196289,126.08902740478516,127.28713989257812,3638629
2014-05-12,107.20924377441406,128.67694091796875,128.72486877441406,127.04751586914062,127.38298797607422,4947545
2014-05-13,107.48873901367188,129.01242065429688,129.15618896484375,128.29354858398438,128.86863708496094,4274005
2014-05-14,106.84983825683594,128.24562072753906,129.20411682128906,127.8143081665039,128.96449279785156,4327986
2014-05-15,106.21100616455078,127.47883605957031,128.43731689453125,126.13695526123047,128.05392456054688,7049252
2014-05-16,106.49053192138672,127.8143081665039,127.86222839355469,126.37657165527344,126.95166778564453,6018002
2014-05-19,106.2509536743164,127.5267562866211,127.91015625,126.90373992919922,127.23921203613281,3782981
2014-05-20,105.01314544677734,126.04109954833984,127.5746841430664,125.32223510742188,127.5267562866211,4898781
2014-05-21,105.77179718017578,126.95166778564453,127.0954360961914,126.28072357177734,126.37657165527344,3639881
2014-05-22,105.85165405273438,127.04751586914062,127.3350601196289,126.08902740478516,126.61619567871094,3261117
2014-05-23,105.85165405273438,127.04751586914062,127.38298797607422,126.66412353515625,127.23921203613281,3095106
2014-05-27,106.09123229980469,127.3350601196289,127.62260437011719,126.75997161865234,127.23921203613281,3822230
2014-05-28,106.45059204101562,127.7663803100586,128.00599670410156,127.14336395263672,127.28713989257812,3798839
2014-05-29,106.77002716064453,128.1497802734375,128.1497802734375,127.23921203613281,127.91015625,3135085
2014-05-30,106.96966552734375,128.389404296875,128.389404296875,127.47883605957031,127.6705322265625,3950725
2014-06-02,107.12939453125,128.5811004638672,128.67694091796875,127.5267562866211,128.00599670410156,3573025
2014-06-03,106.96966552734375,128.389404296875,128.48524475097656,127.8143081665039,128.19769287109375,3889753
2014-06-04,106.0113525390625,127.23921203613281,128.1497802734375,127.19129180908203,128.1497802734375,4166940
2014-06-05,106.88980865478516,128.29354858398438,128.3414764404297,126.75997161865234,127.19129180908203,5225191
2014-06-06,108.52688598632812,130.25845336914062,130.54598999023438,128.24562072753906,128.389404296875,7039591
2014-06-09,109.5650405883789,131.50448608398438,131.93580627441406,129.44374084472656,129.683349609375,5901444
2014-06-10,109.44526672363281,131.36070251464844,131.60032653808594,130.54598999023438,130.8814697265625,4557681
2014-06-11,108.40709686279297,130.1146697998047,131.12109375,129.683349609375,130.92938232421875,5158544
2014-06-12,107.6484603881836,129.20411682128906,130.16259765625,128.86863708496094,129.8750457763672,5371505
2014-06-13,107.96786499023438,129.58750915527344,129.7312774658203,128.8207244873047,128.8207244873047,3992019
2014-06-16,107.08948516845703,128.53317260742188,129.2520294189453,128.19769287109375,129.15618896484375,5567334
2014-06-17,107.28911590576172,128.77279663085938,129.29995727539062,127.86222839355469,128.389404296875,4444210
2014-06-18,107.36894226074219,128.86863708496094,129.10826110839844,127.91015625,128.8207244873047,5474730
2014-06-19,108.4156723022461,129.06033325195312,129.29995727539062,127.7663803100586,127.7663803100586,6594807
2014-06-20,108.57670593261719,129.2520294189453,129.58750915527344,128.77279663085938,129.4916534423828,10382650
2014-06-23,107.4092025756836,127.86222839355469,129.683349609375,127.47883605957031,129.63543701171875,6519522
2014-06-24,107.00663757324219,127.38298797607422,128.8207244873047,127.04751586914062,127.7663803100586,5512623
2014-06-25,106.36248016357422,126.61619567871094,127.04751586914062,126.23280334472656,126.85581970214844,5479717
2014-06-26,105.83914947509766,125.99317932128906,126.80789184570312,125.56185913085938,126.80789184570312,4832405
2014-06-27,106.40274810791016,126.66412353515625,126.66412353515625,125.70563507080078,125.99317932128906,7335558
2014-06-30,105.79887390136719,125.94525146484375,126.75997161865234,125.65770721435547,126.71204376220703,6189147
2014-07-01,106.281982421875,126.52034759521484,126.99958801269531,125.84940338134766,125.89733123779297,5855997
2014-07-02,107.12740325927734,127.5267562866211,127.71845245361328,126.23280334472656,126.28072357177734,4441185
2014-07-03,108.13385772705078,128.72486877441406,128.86863708496094,128.3414764404297,128.48524475097656,4280473
2014-07-07,107.69102478027344,128.19769287109375,128.62901306152344,127.86222839355469,128.43731689453125,5271430
2014-07-08,106.16118621826172,126.37657165527344,127.71845245361328,126.28072357177734,127.5746841430664,6073235
2014-07-09,105.95990753173828,126.13695526123047,126.66412353515625,125.84940338134766,126.66412353515625,7891705
2014-07-10,105.47682189941406,125.56185913085938,125.99317932128906,125.0826187133789,125.22638702392578,6935615
2014-07-11,106.88584899902344,127.23921203613281,127.23921203613281,125.178466796875,125.51393127441406,7395026
2014-07-14,107.32867431640625,127.7663803100586,128.72486877441406,127.5746841430664,127.62260437011719,5273684
2014-07-15,107.12740325927734,127.5267562866211,128.43731689453125,127.23921203613281,128.19769287109375,8646999
2014-07-16,108.7779769897461,129.4916534423828,130.1146697998047,127.7663803100586,127.91015625,9803717
2014-07-17,107.12740325927734,127.5267562866211,129.29995727539062,127.47883605957031,129.01242065429688,7835032
2014-07-18,106.5235366821289,126.80789184570312,128.3414764404297,125.80148315429688,128.29354858398438,11560506
2014-07-21,104.59113311767578,124.50752258300781,126.18487548828125,123.26148986816406,126.18487548828125,12382634
2014-07-22,104.75215911865234,124.69921875,125.0826187133789,123.88450622558594,124.9388427734375,7206062
2014-07-23,104.30929565429688,124.17205047607422,125.0346908569336,124.17205047607422,124.9388427734375,6689874
2014-07-24,104.43012237548828,124.31582641601562,124.98677062988281,124.12413024902344,124.3637466430664,4592820
2014-07-25,103.82621765136719,123.59696197509766,124.55545043945312,123.30941772460938,124.45960235595703,5140203
2014-07-28,103.02105712890625,122.63847351074219,123.30941772460938,121.91960906982422,123.02186584472656,6881717
2014-07-29,102.45742797851562,121.967529296875,123.26148986816406,121.967529296875,122.5426254272461,4700927
2014-07-30,103.22232818603516,122.87809753417969,123.59696197509766,121.7279052734375,122.59054565429688,5391453
2014-07-31,101.24969482421875,120.52980041503906,122.49469757080078,120.52980041503906,122.3509292602539,7928158
2014-08-01,102.05487823486328,121.48828887939453,121.53620910644531,118.61282348632812,120.14640808105469,8387966
2014-08-04,101.73279571533203,121.10489654541016,121.82376098632812,120.29017639160156,121.39244079589844,5928153
2014-08-05,100.72632598876953,119.90678405761719,121.20074462890625,119.5713119506836,120.29017639160156,5778751
2014-08-06,102.41716766357422,121.91960906982422,122.5426254272461,120.24225616455078,120.43395233154297,9853566
2014-08-07,102.6587142944336,122.2071533203125,123.16564178466797,121.82376098632812,122.73432159423828,7546786
2014-08-08,103.3028335571289,122.97394561767578,123.02186584472656,121.24866485595703,122.01545715332031,4784517
2014-08-11,103.82621765136719,123.59696197509766,124.6033706665039,123.26148986816406,123.83657836914062,5816059
2014-08-12,103.10159301757812,122.73432159423828,123.93243408203125,122.63847351074219,123.88450622558594,4544723
2014-08-13,103.98724365234375,123.78865814208984,124.21997833251953,123.16564178466797,123.26148986816406,4146137
2014-08-14,104.18855285644531,124.02828216552734,124.3637466430664,123.30941772460938,124.07620239257812,4866438
2014-08-15,103.22232818603516,122.87809753417969,124.45960235595703,122.25508117675781,124.3637466430664,5877573
2014-08-18,104.95344543457031,124.9388427734375,124.9388427734375,123.88450622558594,123.98035430908203,5594210
2014-08-19,104.87294006347656,124.8429946899414,125.37016296386719,124.8429946899414,125.2743148803711,3367222
2014-08-20,106.12095642089844,126.32865142822266,126.52034759521484,124.65129852294922,124.98677062988281,6021028
2014-08-21,106.40274810791016,126.66412353515625,126.75997161865234,126.04109954833984,126.61619567871094,4629168
2014-08-22,105.2755126953125,125.32223510742188,126.37657165527344,125.13053894042969,126.23280334472656,4754241
2014-08-25,105.47682189941406,125.56185913085938,125.99317932128906,124.69921875,125.32223510742188,4560560
2014-08-26,104.71189880371094,124.65129852294922,125.94525146484375,124.65129852294922,125.65770721435547,5490651
2014-08-27,105.19500732421875,125.22638702392578,125.56185913085938,124.69921875,124.8429946899414,4418733
2014-08-28,104.71189880371094,124.65129852294922,125.0346908569336,124.41167449951172,124.74714660644531,2804189
2014-08-29,104.59113311767578,124.50752258300781,125.0346908569336,124.12413024902344,124.74714660644531,4572621
2014-09-02,104.06778717041016,123.88450622558594,124.74714660644531,123.50111389160156,124.07620239257812,5086910
2014-09-03,104.47034454345703,124.3637466430664,124.6033706665039,123.74073028564453,124.50752258300781,4165354
2014-09-04,104.5106201171875,124.41167449951172,125.22638702392578,124.07620239257812,124.55545043945312,5611299
2014-09-05,105.0742416381836,125.0826187133789,125.0826187133789,123.64488220214844,124.12413024902344,4390584
2014-09-08,104.99370574951172,124.98677062988281,125.89733123779297,124.89091491699219,125.2743148803711,4252471
2014-09-09,104.26908874511719,124.12413024902344,125.13053894042969,123.88450622558594,124.9388427734375,4520956
2014-09-10,104.47034454345703,124.3637466430664,124.74714660644531,123.88450622558594,124.55545043945312,3987533
2014-09-11,104.75215911865234,124.69921875,125.0346908569336,123.78865814208984,124.17205047607422,4711799
2014-09-12,104.14830017089844,123.98035430908203,124.45960235595703,123.64488220214844,124.45960235595703,5134131
2014-09-15,104.34959411621094,124.21997833251953,124.3637466430664,123.40526580810547,123.78865814208984,3202379
2014-09-16,105.51707458496094,125.60978698730469,125.89733123779297,124.02828216552734,124.21997833251953,5734639
2014-09-17,105.75862121582031,125.89733123779297,126.52034759521484,125.0826187133789,126.13695526123047,6178651
2014-09-18,106.4081802368164,125.60978698730469,126.32865142822266,125.22638702392578,125.51393127441406,6593346
2014-09-19,106.73300170898438,125.99317932128906,126.52034759521484,125.80148315429688,126.28072357177734,7980532
2014-09-22,105.88042449951172,124.98677062988281,125.89733123779297,124.74714660644531,125.51393127441406,4800417
2014-09-23,105.63681030273438,124.69921875,125.2743148803711,124.50752258300781,124.55545043945312,4524796
2014-09-24,105.27142333984375,124.26789855957031,124.65129852294922,123.11771392822266,124.65129852294922,7106968
2014-09-25,103.72869873046875,122.44677734375,124.02828216552734,122.3509292602539,124.02828216552734,6403193
2014-09-26,104.05349731445312,122.83016967773438,123.16564178466797,121.8716812133789,122.59054565429688,6036991
2014-09-29,103.2009506225586,121.82376098632812,122.3030014038086,121.24866485595703,121.53620910644531,6415858
2014-09-30,104.01287841796875,122.7822494506836,123.16564178466797,121.39244079589844,121.53620910644531,8513580
2014-10-01,102.1453857421875,120.57772064208984,122.0633773803711,120.19432830810547,121.8716812133789,8780751
2014-10-02,101.98298645019531,120.38602447509766,121.00904083251953,119.85885620117188,120.72149658203125,5946682
2014-10-03,103.1197280883789,121.7279052734375,121.8716812133789,120.52980041503906,121.20074462890625,4519224
2014-10-06,102.38896942138672,120.86527252197266,122.83016967773438,120.14640808105469,122.68639373779297,6362650
2014-10-07,100.72441864013672,118.9003677368164,120.72149658203125,118.85244750976562,120.29017639160156,6674099
2014-10-08,102.51075744628906,121.00904083251953,121.00904083251953,118.18150329589844,119.5713119506836,7703408
2014-10-09,100.6026611328125,118.75659942626953,121.29659271240234,118.51697540283203,120.91319274902344,7097161
2014-10-10,98.53213500976562,116.31245422363281,119.18791961669922,116.02490997314453,118.80451965332031,9981831
2014-10-13,97.23297119140625,114.77887725830078,116.5999984741211,114.53925323486328,116.1686782836914,8149256
2014-10-14,97.84196472167969,115.49774169921875,118.08565521240234,115.25811767578125,115.88113403320312,8815222
2014-10-15,98.57270812988281,116.36038208007812,116.93547058105469,113.53284454345703,114.3475570678711,13695870
2014-10-16,98.45092010498047,116.21660614013672,117.46263885498047,114.82679748535156,114.97057342529297,10787392
2014-10-17,100.7650146484375,118.94829559326172,121.00904083251953,118.37319946289062,119.8109359741211,10983513
2014-10-20,101.61758422851562,119.95470428466797,120.38602447509766,118.42112731933594,119.3796157836914,7067072
2014-10-21,103.32271575927734,121.967529296875,122.3509292602539,120.43395233154297,121.10489654541016,6611375
2014-10-22,102.26717376708984,120.72149658203125,122.1113052368164,120.52980041503906,121.44036102294922,6265851
2014-10-23,103.2821044921875,121.91960906982422,123.11771392822266,121.7279052734375,121.82376098632812,6460283
2014-10-24,104.0940933227539,122.87809753417969,122.92601776123047,121.77583312988281,121.91960906982422,4290906
2014-10-27,103.6069107055664,122.3030014038086,123.16564178466797,121.6320571899414,122.97394561767578,4128275
2014-10-28,105.06845092773438,124.02828216552734,124.02828216552734,122.49469757080078,122.59054565429688,5964981
2014-10-29,104.17527770996094,122.97394561767578,124.12413024902344,121.67998504638672,124.02828216552734,6015665
2014-10-30,104.21586608886719,123.02186584472656,123.26148986816406,121.34451293945312,121.82376098632812,5461480
2014-10-31,104.78425598144531,123.69281005859375,124.26789855957031,123.02186584472656,123.93243408203125,8336363
2014-11-03,104.33766174316406,123.16564178466797,123.83657836914062,122.1113052368164,122.15922546386719,7325500
2014-11-04,104.33766174316406,123.16564178466797,123.64488220214844,122.63847351074219,123.30941772460938,4706144
2014-11-05,104.82484436035156,123.74073028564453,124.12413024902344,123.02186584472656,124.12413024902344,6590738
2014-11-06,107.01719665527344,126.32865142822266,126.47241973876953,123.98035430908203,124.07620239257812,8392139
2014-11-07,107.22016143798828,126.56826782226562,127.04751586914062,125.60978698730469,125.99317932128906,5506759
2014-11-10,107.4637451171875,126.85581970214844,127.14336395263672,126.42449951171875,126.56826782226562,3396560
2014-11-11,107.0983657836914,126.42449951171875,126.99958801269531,125.75355529785156,126.85581970214844,3957089
2014-11-12,107.6667251586914,127.0954360961914,127.47883605957031,125.89733123779297,125.89733123779297,5864156
2014-11-13,107.26074981689453,126.61619567871094,127.8143081665039,126.37657165527344,126.85581970214844,5305463
2014-11-14,107.42315673828125,126.80789184570312,127.04751586914062,126.42449951171875,126.66412353515625,3535550
2014-11-17,108.0321273803711,127.5267562866211,127.86222839355469,126.61619567871094,126.85581970214844,5135904
2014-11-18,109.65607452392578,129.44374084472656,129.63543701171875,127.91015625,127.95807647705078,7673361
2014-11-19,109.29071044921875,129.01242065429688,129.39581298828125,128.29354858398438,129.34788513183594,7039299
2014-11-20,109.0064697265625,128.67694091796875,129.2520294189453,128.19769287109375,128.43731689453125,4423094
2014-11-21,109.57483673095703,129.34788513183594,129.8750457763672,128.72486877441406,129.82713317871094,7549707
2014-11-24,109.6154556274414,129.39581298828125,129.82713317871094,128.48524475097656,129.44374084472656,5008620
2014-11-25,109.04708862304688,128.72486877441406,129.53958129882812,128.62901306152344,129.44374084472656,5848381
2014-11-26,109.08768463134766,128.77279663085938,129.2520294189453,128.3414764404297,128.86863708496094,4025029
2014-11-28,107.54495239257812,126.95166778564453,128.91656494140625,126.71204376220703,128.43731689453125,6507169
2014-12-01,105.63681030273438,124.69921875,125.65770721435547,123.88450622558594,125.37016296386719,10217577
2014-12-02,105.75862884521484,124.8429946899414,125.56185913085938,124.74714660644531,124.9388427734375,5265108
2014-12-03,107.0983657836914,126.42449951171875,126.85581970214844,125.0346908569336,125.37016296386719,7169817
2014-12-04,105.92101287841797,125.0346908569336,125.94525146484375,124.21997833251953,125.84940338134766,6173706
2014-12-05,105.59622192382812,124.65129852294922,125.32223510742188,124.26789855957031,125.2743148803711,4671777
2014-12-08,104.29708862304688,123.11771392822266,125.0346908569336,122.73432159423828,124.02828216552734,7851516
2014-12-09,103.85050964355469,122.59054565429688,123.11771392822266,121.10489654541016,122.01545715332031,6783438
2014-12-10,102.59195709228516,121.10489654541016,122.83016967773438,120.52980041503906,122.7822494506836,9454521
2014-12-11,103.16033172607422,121.77583312988281,123.11771392822266,121.29659271240234,121.34451293945312,8534363
2014-12-12,101.04922485351562,119.28376770019531,121.58413696289062,119.1399917602539,121.48828887939453,10651052
2014-12-15,99.83125305175781,117.84603118896484,119.95470428466797,116.9833984375,119.90678405761719,13265484
2014-12-16,99.42526245117188,117.36679077148438,120.67357635498047,116.93547058105469,117.60641479492188,10096741
2014-12-17,100.1154556274414,118.18150329589844,118.46905517578125,115.30604553222656,117.94188690185547,16189945
2014-12-18,103.02507781982422,120.48187255859375,120.52980041503906,118.27735137939453,120.43395233154297,10859756
2014-12-19,104.99214172363281,122.7822494506836,123.16564178466797,119.8109359741211,120.38602447509766,18093862
2014-12-22,105.36095428466797,123.21356201171875,123.50111389160156,122.49469757080078,122.92601776123047,7352856
2014-12-23,106.05766296386719,124.02828216552734,124.6033706665039,122.68639373779297,123.11771392822266,6551927
2014-12-24,105.85270690917969,123.78865814208984,124.31582641601562,123.16564178466797,124.07620239257812,3727769
2014-12-26,105.6478271484375,123.54903411865234,124.12413024902344,123.35733795166016,123.83657836914062,3125445
2014-12-29,105.3199691772461,123.16564178466797,123.88450622558594,123.06979370117188,123.16564178466797,4352316
2014-12-30,104.78724670410156,122.5426254272461,123.16564178466797,121.82376098632812,122.73432159423828,4629064
2014-12-31,103.55782318115234,121.10489654541016,122.3030014038086,121.10489654541016,121.82376098632812,5885627
2015-01-02,102.69721984863281,120.09848022460938,122.01545715332031,119.18791961669922,121.44036102294922,8538620
2015-01-05,100.81212615966797,117.89395904541016,119.85885620117188,117.51056671142578,119.85885620117188,8770735
2015-01-06,98.64014434814453,115.35396575927734,117.75018310546875,114.68302917480469,117.22301483154297,13304295
2015-01-07,98.68114471435547,115.40189361572266,116.8875503540039,114.92264556884766,116.02490997314453,9106535
2015-01-08,99.86957550048828,116.79170227050781,116.8396224975586,115.64151763916016,116.55207824707031,9019294
2015-01-09,98.47624206542969,115.16226959228516,117.55848693847656,114.77887725830078,117.51056671142578,9000055
2015-01-12,98.2713394165039,114.92264556884766,115.68943786621094,113.9162368774414,115.35396575927734,8945573
2015-01-13,97.77955627441406,114.3475570678711,116.5999984741211,113.24529266357422,116.26453399658203,8591202
2015-01-14,97.45172882080078,113.96416473388672,114.29962921142578,112.19095611572266,113.34114074707031,8732675
2015-01-15,96.63211822509766,113.00567626953125,114.87472534179688,112.90982818603516,114.3475570678711,6568703
2015-01-16,96.67306518554688,113.05359649658203,113.34114074707031,112.38265991210938,112.67020416259766,10390099
2015-01-20,97.73857879638672,114.29962921142578,114.39547729492188,112.86190032958984,114.251708984375,9298421
2015-01-21,98.51721954345703,115.21019744873047,115.40189361572266,113.62869262695312,114.20378112792969,7849930
2015-01-22,99.50074768066406,116.36038208007812,116.7437744140625,114.82679748535156,116.45623016357422,9834098
2015-01-23,100.32035064697266,117.3188705444336,119.28376770019531,116.4083023071289,117.0792465209961,13299850
2015-01-26,100.77116394042969,117.84603118896484,118.56490325927734,116.93547058105469,118.46905517578125,8174317
2015-01-27,99.91053009033203,116.8396224975586,117.22301483154297,115.97698211669922,116.8875503540039,8012228
2015-01-28,97.69761657714844,114.251708984375,117.36679077148438,114.1079330444336,117.27094268798828,10360866
2015-01-29,98.68114471435547,115.40189361572266,115.97698211669922,113.96416473388672,114.251708984375,8437544
2015-01-30,97.90252685546875,114.49132537841797,115.54566192626953,114.1558609008789,114.44340515136719,11416362
2015-02-02,99.21388244628906,116.02490997314453,116.07283020019531,114.53925323486328,115.01849365234375,8263540
2015-02-03,100.27936553955078,117.27094268798828,117.55848693847656,116.26453399658203,116.4083023071289,7871527
2015-02-04,99.00897979736328,115.78528594970703,117.0792465209961,115.40189361572266,116.9833984375,6935093
2015-02-05,100.40232849121094,117.41471862792969,117.41471862792969,116.1686782836914,116.21660614013672,5351640
2015-02-06,100.48429870605469,117.51056671142578,118.61282348632812,117.27094268798828,117.60641479492188,5732365
2015-02-09,100.97604370117188,118.08565521240234,118.61282348632812,117.17509460449219,117.27094268798828,5693136
2015-02-10,101.30389404296875,118.46905517578125,118.85244750976562,117.65433502197266,118.70867156982422,5649693
2015-02-11,101.5087890625,118.70867156982422,118.94829559326172,117.89395904541016,118.42112731933594,5102894
2015-02-12,102.00055694580078,119.28376770019531,119.76300811767578,118.42112731933594,118.9003677368164,5534199
2015-02-13,103.06602478027344,120.52980041503906,120.62564849853516,119.52339172363281,119.76300811767578,6901749
2015-02-17,103.14799499511719,120.62564849853516,120.81734466552734,119.715087890625,120.38602447509766,7509644
2015-02-18,103.47586822509766,121.00904083251953,121.20074462890625,120.52980041503906,121.20074462890625,6414440
2015-02-19,103.43450927734375,119.85885620117188,120.81734466552734,119.5713119506836,119.95470428466797,6934446
2015-02-20,104.26165771484375,120.81734466552734,120.86527252197266,118.85244750976562,119.23583984375,8323489
2015-02-23,104.09619903564453,120.62564849853516,121.24866485595703,120.29017639160156,120.86527252197266,6421471
2015-02-24,105.00609588623047,121.67998504638672,121.967529296875,120.24225616455078,120.38602447509766,8860648
2015-02-25,107.15665435791016,124.17205047607422,124.89091491699219,121.91960906982422,121.967529296875,14234844
2015-02-26,107.07394409179688,124.07620239257812,124.65129852294922,123.69281005859375,124.31582641601562,7980741
2015-02-27,107.48748779296875,124.55545043945312,125.89733123779297,123.40526580810547,123.78865814208984,10752733
2015-03-02,107.98379516601562,125.13053894042969,125.178466796875,123.88450622558594,124.02828216552734,6762530
2015-03-03,106.94987487792969,123.93243408203125,124.98677062988281,123.54903411865234,124.8429946899414,6373020
2015-03-04,106.12271881103516,122.97394561767578,123.50111389160156,122.0633773803711,123.45318603515625,6581995
2015-03-05,106.7844467163086,123.74073028564453,123.74073028564453,122.59054565429688,122.7822494506836,5920536
2015-03-06,105.13015747070312,121.82376098632812,123.54903411865234,121.39244079589844,123.21356201171875,6737031
2015-03-09,106.0400161743164,122.87809753417969,123.16564178466797,122.15922546386719,122.3030014038086,6591865
2015-03-10,104.09619903564453,120.62564849853516,122.87809753417969,120.62564849853516,122.2071533203125,7812747
2015-03-11,104.1789321899414,120.72149658203125,122.15922546386719,120.48187255859375,121.15281677246094,7553171
2015-03-12,105.04741668701172,121.7279052734375,121.77583312988281,120.62564849853516,121.10489654541016,6128301
2015-03-13,103.55855560302734,120.00263214111328,121.53620910644531,118.9003677368164,121.15281677246094,9453853
2015-03-16,105.25422668457031,121.967529296875,122.1113052368164,119.6192398071289,120.09848022460938,7221878
2015-03-17,104.67521667480469,121.29659271240234,121.67998504638672,120.24225616455078,121.24866485595703,7148555
2015-03-18,106.0400161743164,122.87809753417969,123.88450622558594,120.33810424804688,120.67357635498047,7992342
2015-03-19,104.75794982910156,121.39244079589844,122.73432159423828,121.05696868896484,121.91960906982422,7994846
2015-03-20,105.04741668701172,121.7279052734375,122.3509292602539,121.24866485595703,121.44036102294922,10565104
2015-03-23,105.3369140625,122.0633773803711,123.35733795166016,121.967529296875,122.1113052368164,6673953
2015-03-24,104.50979614257812,121.10489654541016,122.1113052368164,121.10489654541016,121.6320571899414,5383753
2015-03-25,103.02091979980469,119.3796157836914,121.39244079589844,119.3796157836914,120.91319274902344,7281764
2015-03-26,102.56600952148438,118.85244750976562,119.42754364013672,118.22943115234375,118.85244750976562,6782436
2015-03-27,102.81416320800781,119.1399917602539,119.42754364013672,118.42112731933594,119.42754364013672,5909436
2015-03-30,103.88941955566406,120.38602447509766,120.76942443847656,119.66716003417969,119.715087890625,5692594
2015-03-31,102.60734558105469,118.9003677368164,120.24225616455078,118.9003677368164,120.24225616455078,7290841
2015-04-01,102.7314224243164,119.04414367675781,119.42754364013672,117.75018310546875,118.46905517578125,8085552
2015-04-02,103.14501953125,119.52339172363281,119.8109359741211,118.37319946289062,118.9003677368164,6095667
2015-04-06,104.1375732421875,120.67357635498047,121.77583312988281,118.80451965332031,119.3316879272461,6978724
2015-04-07,103.47589111328125,119.90678405761719,121.15281677246094,119.8109359741211,120.62564849853516,4436490
2015-04-08,103.43450927734375,119.85885620117188,120.38602447509766,119.18791961669922,120.05055236816406,4682210
2015-04-09,106.41222381591797,123.30941772460938,123.78865814208984,119.42754364013672,120.24225616455078,12551004
2015-04-10,117.9095458984375,136.63238525390625,137.4470977783203,129.39581298828125,130.01882934570312,73595516
2015-04-13,114.27008056640625,132.4150390625,135.09881591796875,131.79202270507812,134.47579956054688,32130811
2015-04-14,114.68368530273438,132.894287109375,133.4214630126953,131.21693420410156,131.69618225097656,11638587
2015-04-15,113.56700134277344,131.60032653808594,133.46937561035156,131.45655822753906,132.7025909423828,11772736
2015-04-16,112.82261657714844,130.73768615722656,131.79202270507812,130.25845336914062,130.8814697265625,13012815
2015-04-17,112.6985092163086,130.5939178466797,132.75051879882812,129.01242065429688,131.3127899169922,18319384
2015-04-20,111.74728393554688,129.4916534423828,131.50448608398438,129.44374084472656,130.92938232421875,12871738
2015-04-21,110.0930404663086,127.5746841430664,129.683349609375,127.23921203613281,129.53958129882812,16040335
2015-04-22,111.29238891601562,128.96449279785156,129.4916534423828,127.47883605957031,127.95807647705078,9818824
2015-04-23,111.04425811767578,128.67694091796875,129.7312774658203,128.00599670410156,128.3414764404297,7963756
2015-04-24,110.83744812011719,128.43731689453125,129.10826110839844,127.95807647705078,128.8207244873047,5782861
2015-04-27,111.16830444335938,128.8207244873047,129.39581298828125,128.48524475097656,129.20411682128906,7557261
2015-04-28,112.160888671875,129.9709014892578,130.16259765625,127.6705322265625,129.15618896484375,8018175
2015-04-29,112.03681945800781,129.82713317871094,130.5939178466797,128.91656494140625,129.15618896484375,7752631
2015-04-30,111.99542999267578,129.77920532226562,131.0731658935547,129.2520294189453,129.683349609375,8969340
2015-05-01,112.94669342041016,130.8814697265625,130.92938232421875,129.34788513183594,129.82713317871094,5905826
2015-05-04,112.78124237060547,130.6897735595703,132.31919860839844,130.5939178466797,131.12109375,5467301
2015-05-05,111.33374786376953,129.01242065429688,131.12109375,128.67694091796875,130.5939178466797,6332331
2015-05-06,110.87877655029297,128.48524475097656,130.25845336914062,127.5267562866211,129.39581298828125,5792668
2015-05-07,111.83003234863281,129.58750915527344,129.9709014892578,127.7663803100586,128.3414764404297,6476496
2015-05-08,113.15347290039062,131.12109375,131.74411010742188,130.4501495361328,130.5939178466797,7766716
2015-05-11,111.33374786376953,129.01242065429688,130.8335418701172,128.72486877441406,130.5939178466797,6771794
2015-05-12,111.78866577148438,129.53958129882812,129.82713317871094,128.19769287109375,128.53317260742188,6216002
2015-05-13,112.5331039428711,130.4022216796875,130.54598999023438,129.01242065429688,129.4916534423828,7756053
2015-05-14,113.3602294921875,131.36070251464844,131.45655822753906,130.1146697998047,130.92938232421875,5628889
2015-05-15,112.78124237060547,130.6897735595703,131.50448608398438,130.5939178466797,131.21693420410156,7463572
2015-05-18,112.94669342041016,130.8814697265625,131.26486206054688,130.4022216796875,130.4022216796875,4692706
2015-05-19,113.1120834350586,131.0731658935547,131.26486206054688,130.4022216796875,130.6897735595703,6082667
2015-05-20,114.31146240234375,132.4629669189453,132.75051879882812,130.3542938232422,131.02523803710938,8382707
2015-05-21,114.64231872558594,132.8463592529297,133.1818389892578,132.03164672851562,132.6546630859375,8411398
2015-05-22,114.47689056396484,132.6546630859375,133.1339111328125,132.36712646484375,132.7025909423828,4859594
2015-05-26,113.815185546875,131.88787841796875,132.17543029785156,131.21693420410156,131.88787841796875,9904188
2015-05-27,113.815185546875,131.88787841796875,132.36712646484375,131.60032653808594,132.12750244140625,5284743
2015-05-28,114.27008056640625,132.4150390625,132.4150390625,130.8335418701172,131.79202270507812,5512498
2015-05-29,112.78124237060547,130.6897735595703,131.79202270507812,130.6897735595703,131.79202270507812,8693071
2015-06-01,112.82261657714844,130.73768615722656,131.02523803710938,129.7312774658203,130.641845703125,6953122
2015-06-02,113.02940368652344,130.97731018066406,131.40863037109375,130.1146697998047,130.4501495361328,5493092
2015-06-03,113.8565444946289,131.93580627441406,132.07957458496094,131.12109375,131.45655822753906,5489128
2015-06-04,112.73991394042969,130.641845703125,132.36712646484375,130.4022216796875,131.40863037109375,6961072
2015-06-05,112.86394500732422,130.78561401367188,131.21693420410156,130.16259765625,130.641845703125,6395013
2015-06-08,112.65717315673828,130.54598999023438,131.12109375,130.4022216796875,130.92938232421875,6220801
2015-06-09,113.02940368652344,130.97731018066406,131.64825439453125,130.2105255126953,130.73768615722656,6492291
2015-06-10,114.27008056640625,132.4150390625,132.6546630859375,130.92938232421875,131.12109375,6922511
2015-06-11,113.77381896972656,131.83995056152344,132.4629669189453,131.12109375,132.12750244140625,6549569
2015-06-12,113.27751922607422,131.26486206054688,131.69618225097656,130.73768615722656,131.50448608398438,4626164
2015-06-15,112.5331039428711,130.4022216796875,131.26486206054688,129.9229736328125,131.26486206054688,5946598
2015-06-16,112.5744400024414,130.4501495361328,130.54598999023438,129.39581298828125,130.2105255126953,5752709
2015-06-17,112.78124237060547,130.6897735595703,131.3127899169922,129.9229736328125,130.30636596679688,7626245
2015-06-18,114.1576156616211,131.16900634765625,131.36070251464844,129.53958129882812,129.77920532226562,7862534
2015-06-19,113.61541748046875,130.54598999023438,131.21693420410156,130.25845336914062,130.6897735595703,12575563
2015-06-22,114.36617279052734,131.40863037109375,131.79202270507812,130.78561401367188,130.8335418701172,5739188
2015-06-23,114.90838623046875,132.03164672851562,132.27127075195312,131.26486206054688,131.40863037109375,6783792
2015-06-24,113.69886779785156,130.641845703125,132.2233428955078,130.5939178466797,132.03164672851562,6772483
2015-06-25,112.78121948242188,129.58750915527344,131.0731658935547,129.4916534423828,130.73768615722656,4870611
2015-06-26,112.98978424072266,129.82713317871094,130.01882934570312,128.96449279785156,129.58750915527344,5378766
2015-06-29,111.11287689208984,127.6705322265625,129.2520294189453,127.14336395263672,128.91656494140625,6963534
2015-06-30,110.82091522216797,127.3350601196289,129.20411682128906,127.14336395263672,128.53317260742188,7419565
2015-07-01,111.1962890625,127.7663803100586,128.77279663085938,126.85581970214844,127.8143081665039,6349045
2015-07-02,111.6968002319336,128.3414764404297,128.5811004638672,127.47883605957031,127.95807647705078,5425694
2015-07-06,109.73650360107422,126.08902740478516,127.6705322265625,125.56185913085938,127.14336395263672,5812929
2015-07-07,110.40381622314453,126.85581970214844,127.23921203613281,124.26789855957031,126.42449951171875,6812212
2015-07-08,107.98470306396484,124.07620239257812,125.75355529785156,124.02828216552734,125.0346908569336,6683593
2015-07-09,108.52692413330078,124.69921875,126.52034759521484,124.65129852294922,125.41808319091797,6345706
2015-07-10,109.56962585449219,125.89733123779297,126.71204376220703,124.7950668334961,126.47241973876953,5291629
2015-07-13,110.40381622314453,126.85581970214844,127.14336395263672,125.75355529785156,126.95166778564453,5075622
2015-07-14,111.1962890625,127.7663803100586,128.1018524169922,126.28072357177734,126.28072357177734,4652038
2015-07-15,111.65509033203125,128.29354858398438,128.389404296875,127.47883605957031,127.5267562866211,5826910
2015-07-16,112.78121948242188,129.58750915527344,129.58750915527344,128.62901306152344,129.29995727539062,6392447
2015-07-17,113.61541748046875,130.54598999023438,130.97731018066406,129.53958129882812,130.641845703125,8595000
2015-07-20,113.19834899902344,130.06675720214844,130.4022216796875,129.44374084472656,129.9709014892578,5151158
2015-07-21,111.98877716064453,128.67694091796875,130.1146697998047,128.43731689453125,129.44374084472656,6110106
2015-07-22,111.07117462158203,127.62260437011719,129.20411682128906,127.3350601196289,128.8207244873047,5035726
2015-07-23,109.52796173095703,125.84940338134766,127.47883605957031,125.56185913085938,127.38298797607422,4841211
2015-07-24,107.40077209472656,123.40526580810547,126.13695526123047,123.02186584472656,126.08902740478516,6494441
2015-07-27,108.2349624633789,124.3637466430664,124.50752258300781,122.3030014038086,122.39884948730469,7569635
2015-07-28,108.86060333251953,125.0826187133789,125.75355529785156,124.3637466430664,125.0826187133789,5792105
2015-07-29,109.52796173095703,125.84940338134766,125.94525146484375,124.8429946899414,125.0346908569336,5005365
2015-07-30,108.94401550292969,125.178466796875,125.75355529785156,124.65129852294922,125.70563507080078,4615376
2015-07-31,108.86060333251953,125.0826187133789,125.99317932128906,124.8429946899414,125.70563507080078,4840439
2015-08-03,107.90132141113281,123.98035430908203,125.22638702392578,122.68639373779297,125.178466796875,6798273
2015-08-04,108.02641296386719,124.12413024902344,124.89091491699219,123.78865814208984,124.07620239257812,4587478
2015-08-05,108.86060333251953,125.0826187133789,126.18487548828125,124.74714660644531,125.0346908569336,5314916
2015-08-06,108.56861114501953,124.74714660644531,125.46601104736328,124.41167449951172,125.32223510742188,3609479
2015-08-07,107.56761932373047,123.59696197509766,124.89091491699219,122.73432159423828,124.3637466430664,5407728
2015-08-10,109.44454956054688,125.75355529785156,126.04109954833984,124.12413024902344,124.12413024902344,4899219
2015-08-11,107.23391723632812,123.21356201171875,124.74714660644531,122.87809753417969,124.74714660644531,5891637
2015-08-12,107.85957336425781,123.93243408203125,124.02828216552734,121.48828887939453,122.39884948730469,6567598
2015-08-13,107.56761932373047,123.59696197509766,124.17205047607422,122.7822494506836,123.50111389160156,3425960
2015-08-14,108.77718353271484,124.98677062988281,125.0826187133789,122.7822494506836,122.92601776123047,4337313
2015-08-17,109.31937408447266,125.60978698730469,125.75355529785156,123.64488220214844,124.3637466430664,4011257
2015-08-18,108.7354507446289,124.9388427734375,125.60978698730469,124.31582641601562,125.41808319091797,4246023
2015-08-19,107.31735229492188,123.30941772460938,124.74714660644531,122.7822494506836,124.12413024902344,6082479
2015-08-20,105.06507873535156,120.72149658203125,122.87809753417969,120.67357635498047,122.25508117675781,7229265
2015-08-21,102.56254577636719,117.84603118896484,120.43395233154297,117.70226287841797,119.3316879272461,13584299
2015-08-24,99.5594711303711,114.39547729492188,115.21019744873047,92.82951354980469,109.45926666259766,19037599
2015-08-25,97.05693054199219,111.52001953125,118.56490325927734,111.52001953125,118.51697540283203,12682065
2015-08-26,100.14339447021484,115.06642150878906,115.35396575927734,111.52001953125,114.29962921142578,16477190
2015-08-27,104.31431579589844,119.85885620117188,119.85885620117188,116.8396224975586,117.0792465209961,13540959
2015-08-28,104.93994140625,120.57772064208984,120.62564849853516,118.75659942626953,119.42754364013672,6873851
2015-08-31,103.52181243896484,118.94829559326172,119.715087890625,117.79811096191406,119.715087890625,7721916
2015-09-01,99.6011962890625,114.44340515136719,116.7437744140625,113.48491668701172,116.1686782836914,13634816
2015-09-02,102.4791259765625,117.75018310546875,117.79811096191406,114.20378112792969,115.68943786621094,10533429
2015-09-03,102.22886657714844,117.46263885498047,119.5713119506836,116.8875503540039,118.66075134277344,7003701
2015-09-04,100.1016845703125,115.01849365234375,115.88113403320312,114.29962921142578,115.88113403320312,7434296
2015-09-08,104.10575103759766,119.6192398071289,119.715087890625,116.31245422363281,117.46263885498047,9642859
2015-09-09,102.39569091796875,117.65433502197266,120.86527252197266,117.3188705444336,120.76942443847656,7222045
2015-09-10,102.93789672851562,118.27735137939453,119.1399917602539,117.41471862792969,117.70226287841797,7312166
2015-09-11,104.06404876708984,119.5713119506836,119.6192398071289,117.41471862792969,118.56490325927734,6656947
2015-09-14,103.31328582763672,118.70867156982422,119.715087890625,117.89395904541016,119.66716003417969,5474792
2015-09-15,105.52389526367188,121.24866485595703,121.967529296875,118.37319946289062,119.3316879272461,9668295
2015-09-16,108.15151977539062,124.26789855957031,124.74714660644531,121.82376098632812,122.3509292602539,12841086
2015-09-17,106.67864990234375,121.48828887939453,124.26789855957031,121.10489654541016,122.2071533203125,10191912
2015-09-18,104.3641357421875,118.85244750976562,120.81734466552734,118.42112731933594,120.52980041503906,16248371
2015-09-21,105.58452606201172,120.24225616455078,120.76942443847656,119.04414367675781,119.28376770019531,6180342
2015-09-22,105.66866302490234,120.33810424804688,120.57772064208984,117.89395904541016,118.66075134277344,9223908
2015-09-23,105.7949447631836,120.48187255859375,121.39244079589844,119.715087890625,119.85885620117188,8594791
2015-09-24,104.8270263671875,119.3796157836914,121.967529296875,118.13358306884766,119.18791961669922,11109065
2015-09-25,104.86911010742188,119.42754364013672,120.00263214111328,119.1399917602539,119.8109359741211,8127409
2015-09-28,102.30209350585938,116.504150390625,118.56490325927734,116.504150390625,118.32527923583984,8897623
2015-09-29,103.39625549316406,117.75018310546875,117.89395904541016,116.26453399658203,116.5999984741211,8677797
2015-09-30,106.131591796875,120.86527252197266,120.96112060546875,118.32527923583984,118.51697540283203,9130698
2015-10-01,106.0053482055664,120.72149658203125,121.29659271240234,118.80451965332031,120.52980041503906,8288809
2015-10-02,107.18363952636719,122.0633773803711,122.15922546386719,118.99622344970703,119.18791961669922,8904905
2015-10-05,112.86473846435547,128.53317260742188,130.3542938232422,125.65770721435547,126.37657165527344,21997846
2015-10-06,114.84261322021484,130.78561401367188,131.36070251464844,129.20411682128906,129.34788513183594,15004766
2015-10-07,116.86255645751953,133.0859832763672,133.0859832763672,130.92938232421875,131.79202270507812,13703048
2015-10-08,117.95674133300781,134.33201599121094,135.146728515625,131.45655822753906,132.4150390625,10665700
2015-10-09,118.12505340576172,134.52371215820312,135.00296020507812,133.66107177734375,134.09239196777344,9875476
2015-10-12,118.20919036865234,134.61956787109375,135.00296020507812,133.75692749023438,134.09239196777344,5266548
2015-10-13,117.2834243774414,133.5652313232422,135.53013610839844,133.5652313232422,134.0444793701172,9014870
2015-10-14,116.14717102050781,132.27127075195312,133.4214630126953,131.69618225097656,132.9422149658203,8160336
2015-10-15,117.95674133300781,134.33201599121094,135.00296020507812,132.4629669189453,133.22975158691406,16062516
2015-10-16,121.9545669555664,138.8848419189453,139.89125061035156,135.24258422851562,137.11163330078125,29634440
2015-10-19,121.99658966064453,138.93275451660156,141.66444396972656,137.78257751464844,138.02220153808594,27342329
2015-10-20,121.11292266845703,137.9263458251953,138.98068237304688,137.54295349121094,138.1180419921875,15681999
2015-10-21,121.40750885009766,138.26182556152344,140.13087463378906,137.9263458251953,137.97427368164062,13647356
2015-10-22,124.4794692993164,141.7602996826172,142.52708435058594,138.5493621826172,138.74105834960938,17001036
2015-10-23,124.18492126464844,141.42481994628906,142.95840454101562,140.99351501464844,142.33538818359375,16039271
2015-10-26,124.35324096679688,141.6165313720703,142.14369201660156,140.94558715820312,141.47274780273438,10173821
2015-10-27,123.97452545166016,141.18521118164062,142.0478515625,140.08294677734375,140.94558715820312,14106851
2015-10-28,123.67993927001953,140.8497314453125,141.7602996826172,139.69955444335938,140.56219482421875,14831180
2015-10-29,123.46949005126953,140.610107421875,140.8018035888672,139.2682342529297,139.79539489746094,8841827
2015-10-30,121.7020263671875,138.5972900390625,140.56219482421875,138.5493621826172,140.03501892089844,14819474
2015-11-02,123.72201538085938,140.8976593017578,140.8976593017578,138.4055938720703,138.69313049316406,12416375
2015-11-03,124.52153015136719,141.8082275390625,142.76670837402344,139.84332275390625,139.98709106445312,19996067
2015-11-04,124.31116485595703,141.568603515625,142.76670837402344,141.18521118164062,141.6165313720703,21937459
2015-11-05,124.73197937011719,142.0478515625,142.52708435058594,140.46633911132812,141.23312377929688,25580616
2015-11-06,125.9102783203125,143.3897247314453,143.5334930419922,140.1787872314453,141.08935546875,26314334
2015-11-09,125.19486236572266,142.57501220703125,143.5334930419922,140.8018035888672,142.62294006347656,30352447
2015-11-10,126.75189971923828,144.3482208251953,145.06707763671875,141.90406799316406,141.9999237060547,49967267
2015-11-11,129.0664520263672,146.9840545654297,147.7029266357422,144.7316131591797,144.7316131591797,41231379
2015-11-12,126.92025756835938,144.5399169921875,148.08631896972656,144.30029296875,145.73802185058594,61094507
2015-11-13,127.42525482177734,145.11500549316406,146.1214141845703,142.86256408691406,143.1021728515625,51571608
2015-11-16,127.76194763183594,145.49839782714844,146.64859008789062,142.67086791992188,143.19802856445312,59427840
2015-11-17,127.59357452392578,145.30670166015625,147.36744689941406,143.7731170654297,146.5048065185547,90002762
2015-11-18,128.4352264404297,146.2651824951172,146.5048065185547,144.2523651123047,144.82745361328125,37094987
2015-11-19,127.38316345214844,145.06707763671875,146.21726989746094,144.9712371826172,145.59425354003906,20642961
2015-11-20,129.02432250976562,146.93612670898438,148.51763916015625,144.77952575683594,145.01914978027344,43977100
2015-11-23,128.7297821044922,146.6006622314453,147.7029266357422,145.01914978027344,146.6006622314453,28251073
2015-11-24,129.02432250976562,146.93612670898438,147.94253540039062,145.11500549316406,145.35462951660156,30438937
2015-11-25,127.76194763183594,145.49839782714844,146.88819885253906,145.21084594726562,146.8402862548828,11301076
2015-11-27,127.76194763183594,145.49839782714844,145.59425354003906,144.68368530273438,145.06707763671875,6915875
2015-11-30,125.9944076538086,143.48558044433594,145.92971801757812,143.48558044433594,145.35462951660156,16633832
2015-12-01,126.96231079101562,144.58782958984375,144.9712371826172,143.1501007080078,143.72520446777344,11318854
2015-12-02,126.12065887451172,143.6293487548828,144.87538146972656,143.19802856445312,144.20443725585938,9206923
2015-12-03,126.3731918334961,143.91690063476562,144.9712371826172,143.6293487548828,144.20443725585938,13139431
2015-12-04,128.3089599609375,146.1214141845703,146.2651824951172,143.5814208984375,144.1085968017578,12144801
2015-12-07,127.80400085449219,145.54632568359375,145.8817901611328,144.3482208251953,145.78594970703125,13913859
2015-12-08,127.04649353027344,144.68368530273438,145.59425354003906,143.341796875,144.1085968017578,11114491
2015-12-09,128.224853515625,146.02557373046875,146.6006622314453,143.5814208984375,143.8689727783203,10550039
2015-12-10,128.98228454589844,146.88819885253906,148.23008728027344,145.54632568359375,145.8817901611328,9824333
2015-12-11,127.341064453125,145.01914978027344,146.69650268554688,144.4919891357422,145.30670166015625,13126452
2015-12-14,127.341064453125,145.01914978027344,145.97764587402344,142.67086791992188,145.01914978027344,13575410
2015-12-15,127.59357452392578,145.30670166015625,146.69650268554688,144.82745361328125,145.69009399414062,12383177
2015-12-16,130.3710174560547,148.46971130371094,149.66781616210938,145.78594970703125,145.97764587402344,15405835
2015-12-17,129.52310180664062,146.40896606445312,148.80517578125,146.3131103515625,148.27801513671875,12107430
2015-12-18,128.3783416748047,145.11500549316406,146.552734375,145.11500549316406,145.6421661376953,17349168
2015-12-21,128.8870849609375,145.69009399414062,146.64859008789062,144.4919891357422,145.78594970703125,8496553
2015-12-22,129.26864624023438,146.1214141845703,146.7923583984375,144.5399169921875,146.1214141845703,8817309
2015-12-23,131.21897888183594,148.32594299316406,148.5655517578125,146.2651824951172,146.2651824951172,7464970
2015-12-24,130.7101593017578,147.75083923339844,148.23008728027344,147.0799102783203,148.08631896972656,2820882
2015-12-28,131.00698852539062,148.08631896972656,148.5655517578125,146.69650268554688,147.31951904296875,5541585
2015-12-29,132.61802673339844,149.90744018554688,150.86593627929688,148.5655517578125,148.6134796142578,6969397
2015-12-30,131.6428680419922,148.80517578125,150.67422485351562,148.6134796142578,149.90744018554688,6077847
2015-12-31,132.06690979003906,149.284423828125,150.91384887695312,147.55914306640625,147.89462280273438,10914634
2016-01-04,130.20143127441406,147.17575073242188,147.41537475585938,144.9712371826172,146.40896606445312,13120985
2016-01-05,130.32861328125,147.31951904296875,147.79876708984375,145.92971801757812,147.031982421875,11513181
2016-01-06,128.25112915039062,144.9712371826172,147.2236785888672,144.0127410888672,145.06707763671875,13073243
2016-01-07,122.82434844970703,138.8369140625,143.5814208984375,138.26182556152344,142.09576416015625,19252709
2016-01-08,120.61968994140625,136.3448486328125,140.4184112548828,135.8176727294922,139.93917846679688,15544512
2016-01-11,121.17081451416016,136.96786499023438,143.3897247314453,135.3863525390625,136.7761688232422,12192835
2016-01-12,121.42520141601562,137.25540161132812,138.4055938720703,135.8176727294922,137.83050537109375,9949593
2016-01-13,119.72933197021484,135.3384246826172,139.2682342529297,135.146728515625,138.5493621826172,11626172
2016-01-14,123.20587921142578,139.2682342529297,140.1787872314453,135.5780487060547,135.6739044189453,13612468
2016-01-15,120.78923797607422,136.5365447998047,137.83050537109375,134.66749572753906,134.85919189453125,14486324
2016-01-19,120.78923797607422,136.5365447998047,138.45352172851562,135.146728515625,137.63880920410156,10847674
2016-01-20,118.71177673339844,134.18824768066406,136.24899291992188,131.69618225097656,133.852783203125,18375368
2016-01-21,121.21321105957031,137.01577758789062,138.93275451660156,134.81126403808594,134.81126403808594,11692923
2016-01-22,119.72933197021484,135.3384246826172,136.87200927734375,132.79844665527344,136.82408142089844,18335013
2016-01-25,118.88138580322266,134.37994384765625,136.5365447998047,134.18824768066406,135.72183227539062,9358244
2016-01-26,120.02611541748047,135.6739044189453,136.7761688232422,134.42787170410156,134.52371215820312,8854138
2016-01-27,118.71177673339844,134.18824768066406,136.96786499023438,133.3256072998047,135.146728515625,9622744
2016-01-28,119.60211944580078,135.1946563720703,135.8656005859375,133.852783203125,135.24258422851562,8361069
2016-01-29,123.37548828125,139.45993041992188,139.5078582763672,135.8176727294922,136.39276123046875,10761998
2016-02-01,121.42520141601562,137.25540161132812,139.12445068359375,136.87200927734375,139.0286102294922,9065575
2016-02-02,119.72933197021484,135.3384246826172,135.5780487060547,133.8048553466797,135.48220825195312,8361466
2016-02-03,121.55242919921875,137.39918518066406,137.49502563476562,133.5652313232422,136.0572967529297,9235718
2016-02-04,123.71469116210938,139.84332275390625,141.18521118164062,136.5365447998047,137.30332946777344,11267398
2016-02-05,121.00125122070312,136.7761688232422,139.93917846679688,135.6259765625,139.69955444335938,10847236
2016-02-08,119.4325942993164,135.00296020507812,135.48220825195312,133.03805541992188,135.24258422851562,10035895
2016-02-09,119.89892578125,135.53013610839844,136.7761688232422,132.99014282226562,132.99014282226562,7727091
2016-02-10,119.98369598388672,135.6259765625,137.54295349121094,135.3863525390625,135.96144104003906,6779974
2016-02-11,116.37995147705078,131.55239868164062,134.33201599121094,129.8750457763672,132.99014282226562,16807731
2016-02-12,119.81414794921875,135.4342803955078,135.4342803955078,131.12109375,132.12750244140625,12028451
2016-02-16,122.35799407958984,138.3097381591797,139.12445068359375,136.20106506347656,136.96786499023438,9852773
2016-02-17,124.39300537109375,140.610107421875,141.90406799316406,139.55577087402344,139.65162658691406,7982327
2016-02-18,123.29069519042969,139.36407470703125,140.6580352783203,138.93275451660156,140.4184112548828,6479855
2016-02-19,123.03632354736328,139.0765380859375,139.60369873046875,137.4470977783203,138.69313049316406,7525419
2016-02-22,124.68980407714844,140.94558715820312,141.3289794921875,139.0765380859375,139.0765380859375,8036224
2016-02-23,123.88427734375,140.03501892089844,140.70596313476562,139.36407470703125,139.98709106445312,6500074
2016-02-24,122.78192138671875,138.7889862060547,139.22030639648438,136.105224609375,138.50143432617188,9374875
2016-02-25,124.91876983642578,140.08294677734375,140.32257080078125,137.9263458251953,138.02220153808594,7487067
2016-02-26,125.6452865600586,140.8976593017578,141.66444396972656,140.3704833984375,140.4184112548828,6123210
2016-02-29,124.53414154052734,139.65162658691406,141.6165313720703,139.55577087402344,141.08935546875,7129232
2016-03-01,127.69669342041016,143.19802856445312,143.6293487548828,140.46633911132812,140.94558715820312,6746609
2016-03-02,128.9787139892578,144.63575744628906,144.63575744628906,142.62294006347656,142.71878051757812,7765401
2016-03-03,129.14962768554688,144.82745361328125,145.69009399414062,144.0606689453125,144.7316131591797,5866096
2016-03-04,130.17535400390625,145.97764587402344,146.6006622314453,144.82745361328125,144.82745361328125,6893131
2016-03-07,129.4488525390625,145.16293334960938,145.92971801757812,144.39613342285156,145.01914978027344,5476796
2016-03-08,128.46583557128906,144.0606689453125,144.82745361328125,143.6293487548828,144.15650939941406,6499386
2016-03-09,128.4231719970703,144.0127410888672,144.7316131591797,143.6293487548828,144.5399169921875,5179181
2016-03-10,127.95301055908203,143.48558044433594,145.16293334960938,142.76670837402344,144.58782958984375,6916710
2016-03-11,129.66249084472656,145.40255737304688,146.552734375,144.44406127929688,144.44406127929688,6710489
2016-03-14,129.36334228515625,145.06707763671875,145.54632568359375,144.15650939941406,144.82745361328125,4624015
2016-03-15,129.40609741210938,145.11500549316406,145.54632568359375,143.91690063476562,143.91690063476562,6030126
2016-03-16,128.9359588623047,144.58782958984375,145.25877380371094,144.1085968017578,144.92330932617188,6853924
2016-03-17,132.31214904785156,148.3738555908203,149.0927276611328,144.63575744628906,144.82745361328125,12653958
2016-03-18,132.1412353515625,148.18215942382812,149.284423828125,148.08631896972656,148.9968719482422,10928447
2016-03-21,132.86776733398438,148.9968719482422,149.5240478515625,147.55914306640625,147.84669494628906,5710727
2016-03-22,132.7395477294922,148.8531036376953,149.7157440185547,148.42178344726562,148.46971130371094,5432726
2016-03-23,132.7822723388672,148.90103149414062,149.7157440185547,148.6134796142578,148.75726318359375,5682933
2016-03-24,132.95323181152344,149.0927276611328,149.0927276611328,147.7029266357422,148.1342315673828,5759700
2016-03-28,134.57716369628906,150.91384887695312,151.92025756835938,149.0447998046875,149.2364959716797,8239398
2016-03-29,134.534423828125,150.86593627929688,151.3451690673828,149.90744018554688,150.77008056640625,8043882
2016-03-30,136.03021240234375,152.5432891845703,153.11837768554688,152.0640411376953,152.2078094482422,7322787
2016-03-31,135.85928344726562,152.35157775878906,153.5976104736328,152.2078094482422,152.83082580566406,7685922
2016-04-01,136.45758056640625,153.02252197265625,153.45384216308594,150.72215270996094,150.96177673339844,8221203
2016-04-04,133.46603393554688,149.66781616210938,151.9681854248047,148.9968719482422,151.87234497070312,9374979
2016-04-05,132.39764404296875,148.46971130371094,149.18858337402344,147.51123046875,148.32594299316406,6527388
2016-04-06,132.05575561523438,148.08631896972656,150.96177673339844,146.8402862548828,148.03839111328125,7646047
2016-04-07,130.90182495117188,146.7923583984375,147.51123046875,146.21726989746094,147.2236785888672,7003430
2016-04-08,131.5856475830078,147.55914306640625,148.94895935058594,147.0799102783203,148.08631896972656,5594001
2016-04-11,131.24378967285156,147.17575073242188,148.5655517578125,147.17575073242188,147.75083923339844,5242948
2016-04-12,131.671142578125,147.65499877929688,148.23008728027344,146.552734375,147.031982421875,5749746
2016-04-13,132.39764404296875,148.46971130371094,149.0447998046875,148.27801513671875,148.46971130371094,4943768
2016-04-14,132.56861877441406,148.66140747070312,148.94895935058594,147.89462280273438,148.51763916015625,4485692
2016-04-15,132.61134338378906,148.70933532714844,149.0447998046875,148.23008728027344,148.90103149414062,5099722
2016-04-18,132.7395477294922,148.8531036376953,149.4761199951172,148.08631896972656,148.08631896972656,4397428
2016-04-19,133.12416076660156,149.284423828125,149.5719757080078,148.6134796142578,149.2364959716797,4772603
2016-04-20,133.12416076660156,149.284423828125,150.24290466308594,148.80517578125,149.5240478515625,5540166
2016-04-21,132.39764404296875,148.46971130371094,149.90744018554688,147.84669494628906,149.14065551757812,8273744
2016-04-22,131.45742797851562,147.41537475585938,149.42819213867188,145.25877380371094,148.70933532714844,11788886
2016-04-25,131.1155548095703,147.031982421875,147.89462280273438,145.69009399414062,147.65499877929688,7402601
2016-04-26,132.05575561523438,148.08631896972656,148.46971130371094,147.31951904296875,147.79876708984375,5985451
2016-04-27,132.18397521972656,148.23008728027344,148.6134796142578,147.7029266357422,148.27801513671875,4787522
2016-04-28,132.05575561523438,148.08631896972656,149.61988830566406,147.12782287597656,147.31951904296875,6015060
2016-04-29,131.4147186279297,147.36744689941406,148.42178344726562,146.64859008789062,147.36744689941406,6030877
2016-05-02,132.0130157470703,148.03839111328125,148.51763916015625,146.7923583984375,146.8402862548828,3587131
2016-05-03,130.90182495117188,146.7923583984375,147.17575073242188,145.45046997070312,146.8402862548828,5783174
2016-05-04,128.5085906982422,144.1085968017578,145.78594970703125,143.24595642089844,145.69009399414062,8303624
2016-05-05,127.73936462402344,143.24595642089844,144.92330932617188,142.81463623046875,144.44406127929688,6614421
2016-05-06,128.7222900390625,144.3482208251953,144.92330932617188,140.94558715820312,142.2395477294922,5905429
2016-05-09,127.65382385253906,143.1501007080078,144.20443725585938,141.9999237060547,144.0127410888672,5666073
2016-05-10,130.26077270507812,146.073486328125,146.45687866210938,143.67727661132812,143.72520446777344,5661086
2016-05-11,129.66249084472656,145.40255737304688,147.36744689941406,145.40255737304688,146.16934204101562,4926616
2016-05-12,128.59408569335938,144.20443725585938,144.7316131591797,143.00633239746094,143.00633239746094,9863374
2016-05-13,126.67096710205078,142.0478515625,144.30029296875,141.568603515625,143.6293487548828,7358865
2016-05-16,128.03848266601562,143.5814208984375,144.39613342285156,141.47274780273438,141.6165313720703,5362261
2016-05-17,126.97007751464844,142.38331604003906,144.20443725585938,141.7602996826172,143.24595642089844,6994374
2016-05-18,126.5427474975586,141.90406799316406,143.05426025390625,141.0414276123047,142.33538818359375,5801954
2016-05-19,125.47430419921875,140.70596313476562,141.1372833251953,139.2682342529297,140.56219482421875,7103859
2016-05-20,126.32904815673828,141.66444396972656,142.2395477294922,141.0414276123047,141.5206756591797,7304112
2016-05-23,126.02989196777344,141.3289794921875,142.19161987304688,140.94558715820312,141.47274780273438,4927639
2016-05-24,127.56839752197266,143.05426025390625,143.6293487548828,142.28746032714844,142.43124389648438,5053858
2016-05-25,128.59408569335938,144.20443725585938,145.30670166015625,143.5814208984375,143.7731170654297,5771239
2016-05-26,128.294921875,143.8689727783203,144.87538146972656,143.7731170654297,144.1085968017578,4725654
2016-05-27,128.7222900390625,144.3482208251953,144.68368530273438,143.96481323242188,144.44406127929688,4068723
2016-05-31,129.19241333007812,144.87538146972656,145.40255737304688,144.1085968017578,144.3482208251953,6321689
2016-06-01,128.67955017089844,144.30029296875,144.44406127929688,143.24595642089844,143.96481323242188,4408341
2016-06-02,128.4231719970703,144.0127410888672,144.0127410888672,143.05426025390625,143.821044921875,3971111
2016-06-03,127.95301055908203,143.48558044433594,144.0127410888672,142.86256408691406,143.8689727783203,4966679
2016-06-06,128.7222900390625,144.3482208251953,144.87538146972656,143.5334930419922,143.7731170654297,3894073
2016-06-07,128.8077850341797,144.44406127929688,145.73802185058594,144.39613342285156,144.44406127929688,5352370
2016-06-08,129.53427124023438,145.25877380371094,146.16934204101562,144.5399169921875,144.87538146972656,6080685
2016-06-09,129.23512268066406,144.92330932617188,145.35462951660156,143.8689727783203,144.5399169921875,5535221
2016-06-10,128.3804168701172,143.96481323242188,145.11500549316406,143.43765258789062,143.8689727783203,6140925
2016-06-13,127.48289489746094,142.95840454101562,144.39613342285156,142.76670837402344,143.67727661132812,6877502
2016-06-14,130.0898895263672,145.8817901611328,145.97764587402344,142.76670837402344,142.9104766845703,9118638
2016-06-15,130.7309112548828,146.6006622314453,148.1342315673828,146.02557373046875,146.073486328125,9132138
2016-06-16,131.9365997314453,146.8402862548828,147.31951904296875,144.15650939941406,144.44406127929688,14109334
2016-06-17,131.764404296875,146.64859008789062,147.2236785888672,145.92971801757812,146.88819885253906,11609103
2016-06-20,132.75473022460938,147.75083923339844,150.09913635253906,147.75083923339844,147.84669494628906,9993057
2016-06-21,133.22842407226562,148.27801513671875,148.6134796142578,147.94253540039062,147.99046325683594,7518992
2016-06-22,132.5395050048828,147.51123046875,149.0447998046875,147.4633026123047,148.5655517578125,7514297
2016-06-23,134.30491638183594,149.4761199951172,149.5719757080078,148.42178344726562,148.8531036376953,8394267
2016-06-24,128.40562438964844,142.9104766845703,146.40896606445312,142.57501220703125,144.30029296875,17875914
2016-06-27,126.252685546875,140.51426696777344,141.95199584960938,139.79539489746094,141.568603515625,11276120
2016-06-28,128.92237854003906,143.48558044433594,143.7731170654297,142.19161987304688,142.86256408691406,7972665
2016-06-29,131.54905700683594,146.40896606445312,146.7444305419922,145.21084594726562,146.21726989746094,7484334
2016-06-30,135.55361938476562,150.86593627929688,150.96177673339844,146.88819885253906,146.93612670898438,11375110
2016-07-01,135.59669494628906,150.91384887695312,151.5847930908203,150.09913635253906,150.86593627929688,6823313
2016-07-05,135.42449951171875,150.72215270996094,151.1055450439453,149.14065551757812,149.763671875,6752410
2016-07-06,136.6732635498047,152.11196899414062,152.39950561523438,149.85951232910156,149.85951232910156,6699284
2016-07-07,137.01768493652344,152.495361328125,153.8372344970703,152.11196899414062,152.4474334716797,7828563
2016-07-08,138.654052734375,154.3164825439453,154.65194702148438,153.31007385253906,153.31007385253906,8040105
2016-07-11,138.6970672607422,154.36441040039062,155.75421142578125,154.22064208984375,154.60403442382812,7924798
2016-07-12,138.912353515625,154.60403442382812,155.70628356933594,153.98101806640625,154.84365844726562,7948148
2016-07-13,139.34298706054688,155.08326721191406,155.6583709716797,154.5561065673828,154.60403442382812,6774090
2016-07-14,140.505615234375,156.37722778320312,156.8085479736328,155.70628356933594,155.75421142578125,7069013
2016-07-15,141.58213806152344,157.57534790039062,157.9108123779297,156.90440368652344,157.000244140625,8828243
2016-07-18,141.7113037109375,157.7191162109375,157.86288452148438,156.52101135253906,157.62326049804688,7984476
2016-07-19,141.79736328125,157.81495666503906,157.9108123779297,156.8085479736328,156.95233154296875,7002220
2016-07-20,141.1514892578125,157.09609985351562,158.1504364013672,156.71270751953125,157.958740234375,7419565
2016-07-21,140.33334350585938,156.18553161621094,157.4315643310547,155.70628356933594,156.85647583007812,8848608
2016-07-22,138.0511474609375,153.64553833007812,153.69346618652344,151.87234497070312,152.0640411376953,12053115
2016-07-25,136.24267578125,151.63272094726562,153.74139404296875,150.38668823242188,153.69346618652344,9541846
2016-07-26,135.51058959960938,150.81800842285156,152.0640411376953,150.05120849609375,151.7764892578125,7700445
2016-07-27,134.69241333007812,149.90744018554688,151.24932861328125,149.14065551757812,150.91384887695312,8191343
2016-07-28,134.56329345703125,149.763671875,150.05120849609375,148.94895935058594,149.5240478515625,6321940
2016-07-29,134.08961486816406,149.2364959716797,150.62631225585938,149.0927276611328,149.90744018554688,10443997
2016-08-01,134.13267517089844,149.284423828125,149.61988830566406,148.66140747070312,149.14065551757812,6500847
2016-08-02,133.70204162597656,148.80517578125,149.3323516845703,148.5655517578125,149.0927276611328,5634002
2016-08-03,134.04660034179688,149.18858337402344,149.7157440185547,148.70933532714844,148.70933532714844,4174494
2016-08-04,134.2187957763672,149.38027954101562,149.763671875,148.9968719482422,149.5240478515625,4234526
2016-08-05,134.69241333007812,149.90744018554688,150.72215270996094,149.61988830566406,149.85951232910156,4502365
2016-08-08,134.64944458007812,149.85951232910156,150.48252868652344,149.5719757080078,150.0032958984375,4263822
2016-08-09,134.7786102294922,150.0032958984375,150.24290466308594,149.284423828125,149.66781616210938,4195944
2016-08-10,134.64944458007812,149.85951232910156,150.1949920654297,149.5240478515625,149.763671875,3868199
2016-08-11,134.73553466796875,149.9553680419922,150.33876037597656,149.5240478515625,150.05120849609375,7926280
2016-08-12,134.5202178955078,149.7157440185547,149.90744018554688,149.42819213867188,149.5240478515625,4450136
2016-08-15,134.5202178955078,149.7157440185547,150.24290466308594,149.61988830566406,150.0032958984375,4080032
2016-08-16,134.30491638183594,149.4761199951172,149.9553680419922,148.94895935058594,149.2364959716797,4670609
2016-08-17,134.73553466796875,149.9553680419922,150.14706420898438,149.42819213867188,149.8115997314453,3672056
2016-08-18,135.33836364746094,150.62631225585938,150.62631225585938,149.4761199951172,149.763671875,5851135
2016-08-19,134.56329345703125,149.763671875,150.48252868652344,149.42819213867188,150.09913635253906,5162884
2016-08-22,134.86473083496094,150.09913635253906,150.62631225585938,148.94895935058594,149.38027954101562,4269331
2016-08-23,134.47714233398438,149.66781616210938,151.2972412109375,149.66781616210938,150.72215270996094,6701538
2016-08-24,134.43409729003906,149.61988830566406,150.24290466308594,149.38027954101562,149.85951232910156,4599977
2016-08-25,134.3910369873047,149.5719757080078,150.0032958984375,149.18858337402344,149.4761199951172,3553077
2016-08-26,134.47714233398438,149.66781616210938,150.77008056640625,149.2364959716797,149.85951232910156,4645987
2016-08-29,135.0369415283203,150.29083251953125,150.72215270996094,149.38027954101562,149.42819213867188,4433840
2016-08-30,135.07998657226562,150.33876037597656,150.81800842285156,150.0032958984375,150.1949920654297,3784692
2016-08-31,134.5202178955078,149.7157440185547,150.24290466308594,149.4761199951172,149.9553680419922,6972715
2016-09-01,134.3479766845703,149.5240478515625,149.9553680419922,148.3738555908203,149.284423828125,8608480
2016-09-02,134.73553466796875,149.9553680419922,150.72215270996094,149.66781616210938,149.763671875,4341736
2016-09-06,133.70204162597656,148.80517578125,150.1949920654297,147.60707092285156,150.05120849609375,8545902
2016-09-07,133.74514770507812,148.8531036376953,148.8531036376953,147.60707092285156,148.51763916015625,5689568
2016-09-08,133.65899658203125,148.75726318359375,148.80517578125,148.08631896972656,148.5655517578125,6313322
2016-09-09,129.65440368652344,144.30029296875,147.7029266357422,144.30029296875,147.7029266357422,9310440
2016-09-12,131.29067993164062,146.1214141845703,146.5048065185547,143.00633239746094,143.7731170654297,8640134
2016-09-13,128.5348358154297,143.05426025390625,144.9712371826172,142.43124389648438,144.82745361328125,9403607
2016-09-14,127.88894653320312,142.33538818359375,143.7731170654297,142.19161987304688,142.86256408691406,10657959
2016-09-15,129.10403442382812,142.57501220703125,143.05426025390625,140.99351501464844,141.6165313720703,7324018
2016-09-16,128.8002166748047,142.2395477294922,142.57501220703125,141.568603515625,141.9999237060547,13549410
2016-09-19,127.71534729003906,141.0414276123047,143.5814208984375,140.8976593017578,142.71878051757812,6364465
2016-09-20,128.7568817138672,142.19161987304688,142.81463623046875,141.95199584960938,142.19161987304688,6186101
2016-09-21,129.5380096435547,143.05426025390625,143.3897247314453,141.8082275390625,142.57501220703125,6057794
2016-09-22,130.36253356933594,143.96481323242188,144.30029296875,143.43765258789062,143.5814208984375,6130471
2016-09-23,129.7115936279297,143.24595642089844,144.0127410888672,142.86256408691406,143.8689727783203,4762024
2016-09-26,128.19271850585938,141.568603515625,142.86256408691406,141.47274780273438,142.81463623046875,5405558
2016-09-27,129.66822814941406,143.19802856445312,143.6293487548828,141.23312377929688,141.85614013671875,5319193
2016-09-28,129.75498962402344,143.29388427734375,143.48558044433594,141.85614013671875,143.3897247314453,5581836
2016-09-29,128.1493377685547,141.5206756591797,144.2523651123047,141.08935546875,142.86256408691406,8111467
2016-09-30,128.5398406982422,141.95199584960938,143.05426025390625,141.7602996826172,141.85614013671875,7536875
2016-10-03,128.62667846679688,142.0478515625,142.33538818359375,140.8976593017578,141.18521118164062,4130278
2016-10-04,128.01913452148438,141.3769073486328,142.57501220703125,141.1372833251953,142.38331604003906,6495171
2016-10-05,128.01913452148438,141.3769073486328,142.33538818359375,140.8976593017578,141.47274780273438,5203386
2016-10-06,127.02100372314453,140.27464294433594,141.3769073486328,139.65162658691406,140.8976593017578,5860880
2016-10-07,126.19648742675781,139.36407470703125,139.98709106445312,138.5972900390625,139.2682342529297,7895794
2016-10-10,125.24180603027344,138.3097381591797,140.46633911132812,138.0701141357422,138.98068237304688,7090734
2016-10-11,125.50213623046875,138.5972900390625,139.12445068359375,137.49502563476562,137.78257751464844,6456464
2016-10-12,125.41535186767578,138.50143432617188,139.0765380859375,138.0701141357422,138.5972900390625,4748043
2016-10-13,124.85118103027344,137.87841796875,138.50143432617188,137.35125732421875,137.9263458251953,5924459
2016-10-14,125.37196350097656,138.45352172851562,139.12445068359375,138.1180419921875,138.7889862060547,5880390
2016-10-17,125.19842529296875,138.26182556152344,138.93275451660156,137.54295349121094,138.50143432617188,8290687
2016-10-18,125.76253509521484,138.8848419189453,139.36407470703125,138.50143432617188,139.12445068359375,5751228
2016-10-19,126.10966491699219,139.2682342529297,140.03501892089844,139.12445068359375,139.2682342529297,6090429
2016-10-20,126.15309143066406,139.316162109375,139.93917846679688,138.7889862060547,139.45993041992188,5932952
2016-10-21,125.76253509521484,138.8848419189453,138.98068237304688,135.76974487304688,136.2969207763672,13386341
2016-10-24,125.50213623046875,138.5972900390625,139.98709106445312,138.50143432617188,138.98068237304688,6497675
2016-10-25,124.33040618896484,137.30332946777344,139.0286102294922,137.15956115722656,138.69313049316406,5525518
2016-10-26,125.28514862060547,138.357666015625,139.316162109375,136.82408142089844,137.01577758789062,5082424
2016-10-27,124.24363708496094,137.20748901367188,138.7889862060547,137.11163330078125,138.45352172851562,5306882
2016-10-28,126.8040542602539,140.03501892089844,141.8082275390625,138.357666015625,138.4055938720703,14162063
2016-10-31,126.28327178955078,139.45993041992188,142.09576416015625,139.41200256347656,141.2810516357422,9090093
2016-11-01,125.32854461669922,138.4055938720703,139.93917846679688,137.59088134765625,138.98068237304688,6679440
2016-11-02,123.63609313964844,136.5365447998047,138.3097381591797,136.105224609375,138.3097381591797,6442087
2016-11-03,122.72478485107422,135.53013610839844,137.06370544433594,135.09881591796875,137.06370544433594,4799374
2016-11-04,123.41913604736328,136.2969207763672,138.0701141357422,135.24258422851562,135.24258422851562,7483645
2016-11-07,127.19451904296875,140.46633911132812,140.56219482421875,138.1659698486328,138.26182556152344,8608188
2016-11-08,127.67198944091797,140.99351501464844,141.95199584960938,140.3704833984375,140.75389099121094,7476237
2016-11-09,128.58326721191406,141.9999237060547,142.86256408691406,139.316162109375,140.51426696777344,11277456
2016-11-10,131.96817016601562,145.73802185058594,147.79876708984375,142.95840454101562,143.05426025390625,16969403
2016-11-11,133.27011108398438,147.17575073242188,147.4633026123047,145.54632568359375,146.1214141845703,8912459
2016-11-14,132.40219116210938,146.21726989746094,147.84669494628906,146.1214141845703,147.31951904296875,7875012
2016-11-15,133.4436798095703,147.36744689941406,147.4633026123047,144.92330932617188,146.073486328125,8385295
2016-11-16,133.40028381347656,147.31951904296875,147.51123046875,146.3610382080078,146.88819885253906,5272015
2016-11-17,133.61721801757812,147.55914306640625,147.94253540039062,146.93612670898438,147.12782287597656,3721301
2016-11-18,133.0965118408203,146.9840545654297,148.08631896972656,146.2651824951172,147.36744689941406,5964376
2016-11-21,133.9644775390625,147.94253540039062,147.99046325683594,146.552734375,147.0799102783203,4619007
2016-11-22,135.3096923828125,149.42819213867188,149.7157440185547,147.99046325683594,148.23008728027344,5784384
2016-11-23,136.00408935546875,150.1949920654297,150.38668823242188,149.42819213867188,149.7157440185547,5064876
2016-11-25,136.43804931640625,150.67422485351562,150.91384887695312,149.9553680419922,150.72215270996094,2746306
2016-11-28,135.61349487304688,149.763671875,150.62631225585938,149.5719757080078,150.14706420898438,4609909
2016-11-29,134.74551391601562,148.80517578125,150.24290466308594,148.46971130371094,149.90744018554688,6556935
2016-11-30,133.48704528808594,147.41537475585938,149.85951232910156,147.36744689941406,149.42819213867188,9522691
2016-12-01,136.2210693359375,150.4346160888672,150.77008056640625,146.7444305419922,146.8402862548828,9327613
2016-12-02,136.00408935546875,150.1949920654297,150.91384887695312,149.8115997314453,150.29083251953125,4465577
2016-12-05,135.00595092773438,149.0927276611328,150.72215270996094,148.8531036376953,150.62631225585938,4619424
2016-12-06,135.2663116455078,149.38027954101562,149.7157440185547,148.6134796142578,149.4761199951172,3666882
2016-12-07,137.13233947753906,151.44102478027344,151.44102478027344,148.23008728027344,148.6134796142578,6864357
2016-12-08,136.82855224609375,151.1055450439453,151.92025756835938,150.48252868652344,151.44102478027344,5872815
2016-12-09,137.91348266601562,152.3036651611328,152.97459411621094,150.24290466308594,150.72215270996094,6515975
2016-12-12,138.2606658935547,152.6870574951172,153.31007385253906,151.7285614013672,151.7764892578125,6477017
2016-12-13,137.7399139404297,152.11196899414062,153.35800170898438,151.48895263671875,152.87875366210938,7198926
2016-12-14,136.6984100341797,150.96177673339844,153.26214599609375,150.67422485351562,151.48895263671875,9113379
2016-12-15,135.65689086914062,149.8115997314453,153.11837768554688,149.18858337402344,150.91384887695312,9051219
2016-12-16,137.78330993652344,152.15988159179688,152.7349853515625,150.77008056640625,151.05763244628906,15018704
2016-12-19,138.52102661132812,152.97459411621094,153.35800170898438,151.9681854248047,152.2078094482422,7293116
2016-12-20,139.95314025878906,154.5561065673828,155.1791229248047,152.9266815185547,152.97459411621094,8308549
2016-12-21,139.43234252929688,153.98101806640625,154.5081787109375,153.5976104736328,154.3164825439453,5835173
2016-12-22,139.1262969970703,152.495361328125,153.11837768554688,152.3036651611328,152.9266815185547,5048329
2016-12-23,139.38861083984375,152.78289794921875,153.07044982910156,152.2557373046875,152.7349853515625,3127553
2016-12-27,139.47610473632812,152.87875366210938,153.5976104736328,152.63912963867188,152.83082580566406,3266793
2016-12-28,138.6016387939453,151.92025756835938,153.21421813964844,151.7764892578125,152.59120178222656,3940730
2016-12-29,138.64535522460938,151.9681854248047,152.78289794921875,151.92025756835938,152.11196899414062,3357811
2016-12-30,138.1643829345703,151.44102478027344,152.39950561523438,151.00970458984375,151.5847930908203,5311535
2017-01-03,138.55789184570312,151.87234497070312,152.59120178222656,150.48252868652344,151.7764892578125,6708382
2017-01-04,138.6016387939453,151.92025756835938,152.5432891845703,151.536865234375,152.15988159179688,4474320
2017-01-05,137.81460571289062,151.05763244628906,152.15988159179688,150.05120849609375,151.2972412109375,5395334
2017-01-06,138.20816040039062,151.48895263671875,152.2557373046875,150.29083251953125,151.3451690673828,4615772
2017-01-09,137.5522918701172,150.77008056640625,151.7285614013672,150.62631225585938,151.63272094726562,4436678
2017-01-10,137.1587371826172,150.33876037597656,151.536865234375,150.33876037597656,150.77008056640625,5676131
2017-01-11,137.59603881835938,150.81800842285156,151.05763244628906,149.7157440185547,149.7157440185547,5922894
2017-01-12,137.24624633789062,150.4346160888672,150.81800842285156,149.18858337402344,150.72215270996094,6242356
2017-01-13,137.11502075195312,150.29083251953125,150.72215270996094,149.763671875,150.29083251953125,5075455
2017-01-17,136.72154235839844,149.85951232910156,150.72215270996094,149.3323516845703,149.38027954101562,6015165
2017-01-18,136.5467071533203,149.66781616210938,150.1949920654297,149.18858337402344,149.5719757080078,5154246
2017-01-19,136.45919799804688,149.5719757080078,150.1949920654297,148.80517578125,149.763671875,7866123
2017-01-20,133.4860076904297,146.3131103515625,148.08631896972656,145.21084594726562,147.41537475585938,17434281
2017-01-23,130.07559204101562,142.57501220703125,146.21726989746094,141.7602996826172,146.16934204101562,12330552
2017-01-24,131.16873168945312,143.7731170654297,144.0606689453125,142.9104766845703,143.1021728515625,7029095
2017-01-25,132.78648376464844,145.54632568359375,146.02557373046875,144.82745361328125,145.78594970703125,7956640
2017-01-26,132.56787109375,145.30670166015625,146.1214141845703,144.39613342285156,145.8817901611328,5585279
2017-01-27,131.21240234375,143.821044921875,145.8817901611328,143.48558044433594,145.69009399414062,6261031
2017-01-30,130.99383544921875,143.5814208984375,144.2523651123047,142.67086791992188,143.5814208984375,5469409
2017-01-31,129.85702514648438,142.33538818359375,143.29388427734375,141.3769073486328,143.05426025390625,8075932
2017-02-01,129.81329345703125,142.28746032714844,142.86256408691406,141.66444396972656,142.47915649414062,5358922
2017-02-02,129.76962280273438,142.2395477294922,142.38331604003906,141.3769073486328,141.7602996826172,4529950
2017-02-03,129.85702514648438,142.33538818359375,142.81463623046875,141.568603515625,142.76670837402344,6490288
2017-02-06,129.68214416503906,142.14369201660156,142.57501220703125,141.71237182617188,142.2395477294922,4950529
2017-02-07,129.24493408203125,141.66444396972656,142.86256408691406,141.5206756591797,142.57501220703125,4961630
2017-02-08,128.676513671875,141.0414276123047,141.568603515625,140.22671508789062,141.42481994628906,6715038
2017-02-09,129.37608337402344,141.8082275390625,142.33538818359375,141.18521118164062,141.47274780273438,4520873
2017-02-10,129.9445037841797,142.43124389648438,142.57501220703125,141.6165313720703,142.52708435058594,4754804
2017-02-13,131.3436279296875,143.96481323242188,144.0606689453125,142.47915649414062,143.19802856445312,7724671
2017-02-14,132.3929901123047,145.11500549316406,145.11500549316406,143.3897247314453,144.39613342285156,7309078
2017-02-15,132.6990509033203,145.45046997070312,145.45046997070312,144.63575744628906,145.16293334960938,5315103
2017-02-16,133.13624572753906,145.92971801757812,146.02557373046875,145.21084594726562,145.45046997070312,5411130
2017-02-17,132.78648376464844,145.54632568359375,145.8817901611328,144.7316131591797,145.73802185058594,4559141
2017-02-21,133.44227600097656,146.2651824951172,146.6006622314453,145.40255737304688,145.73802185058594,6310150
2017-02-22,132.61158752441406,145.35462951660156,146.40896606445312,145.01914978027344,146.2651824951172,6285841
2017-02-23,132.30308532714844,143.8689727783203,144.15650939941406,143.05426025390625,143.96481323242188,6040329
2017-02-24,133.05233764648438,144.68368530273438,144.68368530273438,142.71878051757812,143.00633239746094,5701420
2017-02-27,131.95050048828125,143.48558044433594,144.4919891357422,143.29388427734375,144.0127410888672,4918541
2017-02-28,131.3776092529297,142.86256408691406,144.15650939941406,142.19161987304688,143.72520446777344,8161171
2017-03-01,133.05233764648438,144.68368530273438,145.45046997070312,142.9104766845703,143.67727661132812,7696084
2017-03-02,133.05233764648438,144.68368530273438,144.87538146972656,143.7731170654297,144.87538146972656,5767504
2017-03-03,132.74378967285156,144.3482208251953,144.82745361328125,144.0127410888672,144.68368530273438,4164269
2017-03-06,132.21498107910156,143.7731170654297,144.15650939941406,143.3897247314453,143.7731170654297,4886991
2017-03-07,131.597900390625,143.1021728515625,143.72520446777344,142.76670837402344,143.43765258789062,6256295
2017-03-08,131.33352661132812,142.81463623046875,143.48558044433594,142.47915649414062,143.24595642089844,6741538
2017-03-09,130.71649169921875,142.14369201660156,142.95840454101562,141.66444396972656,142.57501220703125,5412736
2017-03-10,133.44894409179688,145.11500549316406,145.8338623046875,141.9999237060547,143.00633239746094,12355279
2017-03-13,131.597900390625,143.1021728515625,145.01914978027344,142.76670837402344,144.87538146972656,6299049
2017-03-14,130.18763732910156,141.568603515625,142.76670837402344,141.23312377929688,142.62294006347656,4757830
2017-03-15,131.15721130371094,142.62294006347656,142.95840454101562,141.23312377929688,141.6165313720703,5246349
2017-03-16,131.1130828857422,142.57501220703125,142.9104766845703,141.95199584960938,142.81463623046875,4425097
2017-03-17,131.68612670898438,143.19802856445312,143.96481323242188,142.67086791992188,143.05426025390625,9105805
2017-03-20,131.069091796875,142.52708435058594,143.3897247314453,142.28746032714844,143.29388427734375,3938998
2017-03-21,129.52659606933594,140.8497314453125,143.1021728515625,140.610107421875,143.1021728515625,5599405
2017-03-22,130.14361572265625,141.5206756591797,142.38331604003906,140.46633911132812,141.66444396972656,5425360
2017-03-23,130.5402069091797,141.95199584960938,142.47915649414062,140.8018035888672,141.3769073486328,5148737
2017-03-24,130.98094177246094,142.43124389648438,142.86256408691406,141.5206756591797,141.8082275390625,5817541
2017-03-27,129.74696350097656,141.08935546875,141.42481994628906,140.1787872314453,141.1372833251953,6048425
2017-03-28,130.5402069091797,141.95199584960938,142.47915649414062,140.1787872314453,140.46633911132812,5810759
2017-03-29,130.80465698242188,142.2395477294922,142.38331604003906,141.18521118164062,141.47274780273438,5750477
2017-03-30,131.64193725585938,143.1501007080078,143.72520446777344,141.9999237060547,142.14369201660156,7503760
2017-03-31,131.33352661132812,142.81463623046875,143.96481323242188,142.52708435058594,143.1021728515625,10599304
2017-04-03,131.68612670898438,143.19802856445312,143.7731170654297,142.57501220703125,142.62294006347656,6241563
2017-04-04,132.30308532714844,143.8689727783203,144.20443725585938,142.33538818359375,143.29388427734375,5228488
2017-04-05,132.08270263671875,143.6293487548828,145.78594970703125,143.5334930419922,144.20443725585938,5391307
2017-04-06,131.90646362304688,143.43765258789062,144.63575744628906,143.3897247314453,143.7731170654297,4496668
2017-04-07,132.1708526611328,143.72520446777344,144.68368530273438,143.3897247314453,143.3897247314453,3959509
2017-04-10,132.25900268554688,143.821044921875,144.87538146972656,143.5814208984375,144.1085968017578,3861334
2017-04-11,132.3912353515625,143.96481323242188,144.2523651123047,143.00633239746094,143.7731170654297,4598954
2017-04-12,131.20130920410156,142.67086791992188,143.29388427734375,142.09576416015625,143.19802856445312,5642494
2017-04-13,130.27574157714844,141.66444396972656,142.81463623046875,141.6165313720703,142.33538818359375,4172824
2017-04-17,130.6283416748047,142.0478515625,142.33538818359375,141.6165313720703,141.95199584960938,4543951
2017-04-18,131.50979614257812,143.00633239746094,143.29388427734375,141.7602996826172,141.85614013671875,5363993
2017-04-19,132.21498107910156,143.7731170654297,144.0606689453125,143.1501007080078,143.24595642089844,5549243
2017-04-20,133.4048309326172,145.06707763671875,146.3610382080078,143.91690063476562,144.0127410888672,7737524
2017-04-21,130.2317352294922,141.6165313720703,145.59425354003906,141.1372833251953,145.06707763671875,15096994
2017-04-24,130.2317352294922,141.6165313720703,143.43765258789062,141.3289794921875,143.05426025390625,10137889
2017-04-25,129.79100036621094,141.1372833251953,141.85614013671875,140.51426696777344,141.1372833251953,8316040
2017-04-26,128.95362854003906,140.22671508789062,141.6165313720703,140.22671508789062,141.47274780273438,7797368
2017-04-27,128.1603546142578,139.36407470703125,140.46633911132812,139.0765380859375,140.3704833984375,6873288
2017-04-28,127.76374816894531,138.93275451660156,139.74746704101562,138.6452178955078,139.45993041992188,5024416
2017-05-01,127.54335021972656,138.69313049316406,139.79539489746094,138.6452178955078,139.0286102294922,5011187
2017-05-02,127.76374816894531,138.93275451660156,139.22030639648438,138.5493621826172,139.0286102294922,7044432
2017-05-03,128.8214111328125,140.08294677734375,140.3704833984375,138.26182556152344,138.5972900390625,5611612
2017-05-04,128.68923950195312,139.93917846679688,140.46633911132812,139.22030639648438,140.27464294433594,4092740
2017-05-05,128.77737426757812,140.03501892089844,140.13087463378906,139.5078582763672,139.60369873046875,3532044
2017-05-08,128.1162872314453,139.316162109375,140.1787872314453,138.98068237304688,139.74746704101562,4513424
2017-05-09,127.49930572509766,138.6452178955078,139.41200256347656,138.3097381591797,139.36407470703125,4974233
2017-05-10,126.48565673828125,137.54295349121094,138.6452178955078,137.06370544433594,138.5972900390625,5435063
2017-05-11,127.23485565185547,138.357666015625,138.45352172851562,136.58445739746094,137.4470977783203,5845752
2017-05-12,124.59056854248047,135.48220825195312,136.3448486328125,133.46937561035156,135.9135284423828,14279415
2017-05-15,124.19387817382812,135.05088806152344,135.3384246826172,134.0444793701172,134.52371215820312,8297970
2017-05-16,123.57686614990234,134.37994384765625,135.53013610839844,134.18824768066406,135.3863525390625,6157451
2017-05-17,120.80036926269531,131.36070251464844,137.9263458251953,131.36070251464844,133.3256072998047,10946789
2017-05-18,121.10887145996094,131.69618225097656,132.51089477539062,129.8750457763672,130.641845703125,10109177
2017-05-19,123.6209716796875,134.42787170410156,135.00296020507812,131.79202270507812,132.03164672851562,10117753
2017-05-22,124.19387817382812,135.05088806152344,135.6259765625,134.47579956054688,135.29051208496094,5803039
2017-05-23,124.63462829589844,135.53013610839844,135.53013610839844,134.7154083251953,135.1946563720703,4982246
2017-05-24,122.65139770507812,133.37353515625,136.58445739746094,132.36712646484375,135.72183227539062,11205008
2017-05-25,121.1529541015625,131.74411010742188,133.70899963378906,131.40863037109375,133.1818389892578,8190905
2017-05-26,120.97663879394531,131.55239868164062,132.03164672851562,130.78561401367188,131.60032653808594,6390068
2017-05-30,120.5800552368164,131.12109375,131.55239868164062,130.16259765625,130.8814697265625,7602749
2017-05-31,120.66816711425781,131.21693420410156,131.50448608398438,130.30636596679688,130.97731018066406,7430561
2017-06-01,122.16661071777344,132.8463592529297,133.6131591796875,131.79202270507812,131.83995056152344,6758085
2017-06-02,122.87173461914062,133.6131591796875,133.90069580078125,132.36712646484375,133.5652313232422,7722083
2017-06-05,123.31245422363281,134.09239196777344,134.52371215820312,133.27767944335938,133.70899963378906,9078783
2017-06-06,123.0921401977539,133.852783203125,134.37994384765625,133.27767944335938,134.09239196777344,7036336
2017-06-07,121.99031066894531,132.6546630859375,133.99655151367188,131.3127899169922,133.94862365722656,9084960
2017-06-08,121.59368896484375,132.2233428955078,133.3256072998047,131.93580627441406,132.6546630859375,8538411
2017-06-09,123.13616943359375,133.90069580078125,134.0444793701172,132.2233428955078,132.4150390625,5292255
2017-06-12,127.54335021972656,138.69313049316406,141.23312377929688,137.6867218017578,140.13087463378906,29022706
2017-06-13,125.38383483886719,136.3448486328125,139.74746704101562,135.8176727294922,139.55577087402344,12274276
2017-06-14,126.44157409667969,137.49502563476562,138.02220153808594,135.96144104003906,136.48861694335938,8580248
2017-06-15,128.61932373046875,138.69313049316406,138.74105834960938,136.24899291992188,136.48861694335938,9988258
2017-06-16,128.88597106933594,138.98068237304688,139.0286102294922,137.15956115722656,138.8848419189453,17019649
2017-06-19,127.99712371826172,138.02220153808594,138.98068237304688,137.73464965820312,138.7889862060547,6365174
2017-06-20,125.0193862915039,134.81126403808594,137.63880920410156,134.57164001464844,137.59088134765625,9920401
2017-06-21,123.4638442993164,133.1339111328125,135.09881591796875,132.51089477539062,135.05088806152344,7044036
2017-06-22,122.441650390625,132.03164672851562,133.37353515625,131.9837188720703,133.0859832763672,7592087
2017-06-23,122.53054809570312,132.12750244140625,133.1818389892578,131.79202270507812,133.1818389892578,6622204
2017-06-26,122.70831298828125,132.31919860839844,132.6546630859375,131.79202270507812,132.2233428955078,5947203
2017-06-27,120.9305648803711,130.4022216796875,132.2233428955078,130.3542938232422,131.88787841796875,8623879
2017-06-28,120.35279846191406,129.77920532226562,131.3127899169922,129.63543701171875,130.641845703125,6471822
2017-06-29,120.08612823486328,129.4916534423828,131.36070251464844,128.389404296875,130.16259765625,7664597
2017-06-30,120.04170227050781,129.44374084472656,130.30636596679688,128.96449279785156,129.82713317871094,5478256
2017-07-03,121.99720001220703,131.55239868164062,132.2233428955078,129.683349609375,130.16259765625,4312002
2017-07-05,121.5527572631836,131.0731658935547,132.07957458496094,130.49807739257812,131.9837188720703,4438284
2017-07-06,116.9306640625,126.08902740478516,129.63543701171875,125.0826187133789,128.72486877441406,15993094
2017-07-07,116.21955871582031,125.32223510742188,126.04109954833984,124.50752258300781,125.80148315429688,8459808
2017-07-10,115.73070526123047,124.7950668334961,125.51393127441406,123.88450622558594,125.22638702392578,9756038
2017-07-11,117.24175262451172,126.42449951171875,126.75997161865234,124.17205047607422,124.74714660644531,8607645
2017-07-12,118.13064575195312,127.38298797607422,128.48524475097656,126.37657165527344,127.19129180908203,10638908
2017-07-13,119.06395721435547,128.389404296875,128.5811004638672,126.99958801269531,127.38298797607422,5794045
2017-07-14,119.01949310302734,128.3414764404297,128.91656494140625,128.1018524169922,128.1497802734375,4394069
2017-07-17,119.1972885131836,128.53317260742188,128.8207244873047,128.05392456054688,128.24562072753906,5779022
2017-07-18,119.50837707519531,128.86863708496094,129.01242065429688,128.1497802734375,128.24562072753906,5455700
2017-07-19,119.73060607910156,129.10826110839844,129.53958129882812,128.62901306152344,128.67694091796875,5173234
2017-07-20,118.6195297241211,127.91015625,129.63543701171875,127.47883605957031,129.4916534423828,11509404
2017-07-21,115.1529312133789,124.17205047607422,124.65129852294922,121.05696868896484,121.6320571899414,18915198
2017-07-24,113.0196304321289,121.8716812133789,123.88450622558594,121.48828887939453,123.54903411865234,11867093
2017-07-25,113.0640640258789,121.91960906982422,123.30941772460938,121.53620910644531,122.5426254272461,9636328
2017-07-26,113.7307357788086,122.63847351074219,123.11771392822266,121.58413696289062,122.63847351074219,8499516
2017-07-27,114.6196060180664,123.59696197509766,123.64488220214844,122.3030014038086,122.63847351074219,8323113
2017-07-28,113.46405029296875,122.3509292602539,124.02828216552734,121.7279052734375,123.93243408203125,5902383
2017-07-31,113.8196029663086,122.73432159423828,123.11771392822266,122.15922546386719,122.39884948730469,6388461
2017-08-01,113.0640640258789,121.91960906982422,122.97394561767578,121.39244079589844,122.83016967773438,8745299
2017-08-02,113.41962432861328,122.3030014038086,122.5426254272461,121.67998504638672,121.91960906982422,5714629
2017-08-03,114.48626708984375,123.45318603515625,123.54903411865234,121.58413696289062,122.63847351074219,6451143
2017-08-04,114.57514953613281,123.54903411865234,123.88450622558594,122.7822494506836,123.40526580810547,4864539
2017-08-07,113.90851593017578,122.83016967773438,123.59696197509766,122.44677734375,123.35733795166016,3937537
2017-08-08,113.59740447998047,122.49469757080078,124.07620239257812,122.3030014038086,122.83016967773438,5663840
2017-08-09,114.26405334472656,123.21356201171875,123.26148986816406,122.01545715332031,122.44677734375,6191213
2017-08-10,112.44186401367188,121.24866485595703,123.21356201171875,121.10489654541016,123.21356201171875,6192861
2017-08-11,111.99744415283203,120.76942443847656,121.967529296875,120.72149658203125,121.7279052734375,4009922
2017-08-14,112.70854187011719,121.53620910644531,122.44677734375,121.00904083251953,121.15281677246094,5068840
2017-08-15,111.73077392578125,120.48187255859375,121.34451293945312,120.29017639160156,120.81734466552734,5703757
2017-08-16,111.55301666259766,120.29017639160156,121.00904083251953,120.05055236816406,120.38602447509766,5732741
2017-08-17,109.99748229980469,118.61282348632812,120.29017639160156,118.46905517578125,120.14640808105469,6514785
2017-08-18,109.10863494873047,117.65433502197266,118.56490325927734,117.12716674804688,118.03773498535156,7151497
2017-08-21,108.84195709228516,117.36679077148438,117.89395904541016,116.55207824707031,117.36679077148438,9609933
2017-08-22,109.33085632324219,117.89395904541016,118.56490325927734,117.3188705444336,117.75018310546875,6253415
2017-08-23,108.39752960205078,116.8875503540039,117.70226287841797,116.6479263305664,117.51056671142578,7205853
2017-08-24,107.99752044677734,116.45623016357422,117.60641479492188,116.45623016357422,117.0792465209961,5330878
2017-08-25,108.84195709228516,117.36679077148438,117.89395904541016,116.69584655761719,116.8875503540039,4771643
2017-08-28,108.75304412841797,117.27094268798828,118.22943115234375,116.69584655761719,117.55848693847656,4994870
2017-08-29,108.61974334716797,117.12716674804688,117.22301483154297,116.36038208007812,116.5999984741211,4989131
2017-08-30,107.90863800048828,116.36038208007812,117.36679077148438,115.73736572265625,117.36679077148438,7068637
2017-08-31,109.10863494873047,117.65433502197266,118.37319946289062,116.36038208007812,116.9833984375,11535738
2017-09-01,111.73077392578125,120.48187255859375,121.24866485595703,117.36679077148438,117.89395904541016,12279368
2017-09-05,109.99748229980469,118.61282348632812,120.09848022460938,117.75018310546875,120.09848022460938,9293476
2017-09-06,110.75302124023438,119.42754364013672,119.90678405761719,118.94829559326172,119.28376770019531,11481632
2017-09-07,106.75309753417969,115.11434936523438,117.65433502197266,114.20378112792969,117.46263885498047,16715628
2017-09-08,105.86425018310547,114.1558609008789,115.01849365234375,113.00567626953125,114.77887725830078,9307268
2017-09-11,105.41979217529297,113.6766128540039,114.49132537841797,113.19737243652344,114.06001281738281,9036446
2017-09-12,106.26426696777344,114.5871810913086,114.5871810913086,113.62869262695312,114.1558609008789,10362702
2017-09-13,107.15312194824219,115.54566192626953,115.88113403320312,114.63510131835938,114.68302917480469,8060554
2017-09-14,107.81976318359375,116.26453399658203,116.31245422363281,114.73094940185547,115.49774169921875,8781440
2017-09-15,107.41576385498047,114.68302917480469,115.83321380615234,113.82038879394531,115.49774169921875,13888549
2017-09-18,109.79483032226562,117.22301483154297,117.65433502197266,114.68302917480469,114.82679748535156,10955699
2017-09-19,108.62773132324219,115.97698211669922,117.27094268798828,115.11434936523438,117.22301483154297,9460843
2017-09-20,109.16641235351562,116.55207824707031,116.9833984375,115.92906188964844,115.97698211669922,8298554
2017-09-21,111.0965347290039,118.61282348632812,119.04414367675781,115.83321380615234,116.5999984741211,10874529
2017-09-22,111.63519287109375,119.18791961669922,120.00263214111328,118.70867156982422,119.04414367675781,8287537
2017-09-25,112.71247100830078,120.33810424804688,120.67357635498047,119.09207153320312,119.42754364013672,8865635
2017-09-26,111.90451049804688,119.4754638671875,120.81734466552734,119.42754364013672,120.52980041503906,8503648
2017-09-27,109.39081573486328,116.79170227050781,120.05055236816406,116.36038208007812,119.8109359741211,11787113
2017-09-28,108.80728912353516,116.1686782836914,117.17509460449219,115.78528594970703,116.8875503540039,7544053
2017-09-29,108.5379638671875,115.88113403320312,116.4083023071289,115.06642150878906,116.07283020019531,7026425
2017-10-02,110.28856658935547,117.75018310546875,117.94188690185547,115.49774169921875,116.07283020019531,8868389
2017-10-03,111.32096862792969,118.85244750976562,118.99622344970703,116.5999984741211,117.94188690185547,7075210
2017-10-04,109.88459777832031,117.3188705444336,119.28376770019531,117.0792465209961,119.23583984375,6708361
2017-10-05,110.15390014648438,117.60641479492188,117.75018310546875,115.73736572265625,116.8875503540039,7252865
2017-10-06,109.48058319091797,116.8875503540039,117.60641479492188,115.64151763916016,116.9833984375,8498765
2017-10-09,105.17137908935547,112.28680419921875,115.73736572265625,111.4241714477539,115.49774169921875,29275875
2017-10-10,104.85718536376953,111.95133972167969,114.3475570678711,111.7596435546875,113.58076477050781,16812134
2017-10-11,103.55545043945312,110.56153106689453,111.52001953125,109.74681854248047,110.84907531738281,16937707
2017-10-12,103.46566772460938,110.46568298339844,110.65737915039062,109.41134643554688,110.46568298339844,12509021
2017-10-13,103.15145874023438,110.13021087646484,111.32832336425781,110.03436279296875,110.9449234008789,8428237
2017-10-16,104.85718536376953,111.95133972167969,112.52642822265625,109.89058685302734,110.17813873291016,10382567
2017-10-17,104.09408569335938,111.1366195678711,111.4241714477539,110.22605895996094,111.2803955078125,12235757
2017-10-18,103.77989959716797,110.80115509033203,111.56793975830078,110.56153106689453,111.1845474243164,7297059
2017-10-19,105.84471130371094,113.00567626953125,113.96416473388672,110.46568298339844,110.89700317382812,15769450
2017-10-20,106.96688842773438,114.20378112792969,114.251708984375,105.9128646850586,106.10456085205078,40147504
2017-10-23,100.18888854980469,106.96720123291016,112.33473205566406,106.2962646484375,112.33473205566406,39090944
2017-10-24,98.25872039794922,104.90645599365234,106.91928100585938,104.23551177978516,106.00871276855469,27880573
2017-10-25,96.50812530517578,103.03740692138672,104.90645599365234,102.07891845703125,104.66683197021484,23060959
2017-10-26,95.70014953613281,102.17476654052734,103.75627136230469,101.59967041015625,103.37287139892578,18004137
2017-10-27,93.32108306884766,99.63477325439453,102.07891845703125,98.91590881347656,101.88722229003906,20560436
2017-10-30,91.6153564453125,97.81364440917969,99.29930114746094,97.09477996826172,98.82006072998047,20529324
2017-10-31,90.49319458007812,96.61553955078125,97.7657241821289,96.08837127685547,97.09477996826172,20450366
2017-11-01,89.86473083496094,95.94459533691406,98.34081268310547,95.65705108642578,96.18421936035156,19137318
2017-11-02,89.50566101074219,95.56120300292969,96.23213958740234,94.07554626464844,96.08837127685547,17012575
2017-11-03,90.40340423583984,96.51969146728516,97.43025207519531,95.17780303955078,95.4653549194336,14160018
2017-11-06,90.35851287841797,96.47176361083984,98.38874053955078,96.23213958740234,98.34081268310547,12661511
2017-11-07,90.71762084960938,96.85515594482422,97.04685974121094,96.42384338378906,96.66345977783203,8693113
2017-11-08,90.31363677978516,96.42384338378906,97.38232421875,96.18421936035156,96.85515594482422,8280233
2017-11-09,89.7300796508789,95.80081939697266,96.18421936035156,95.1298828125,96.04044342041016,10610572
2017-11-10,91.97445678710938,98.1970443725586,99.10760498046875,95.3695068359375,95.75289916992188,21019137
2017-11-13,85.37600708007812,91.15216064453125,99.44307708740234,89.85820007324219,97.09477996826172,54577114
2017-11-14,80.34862518310547,85.78462982177734,90.48121643066406,83.67595672607422,90.04989624023438,65218755
2017-11-15,81.96454620361328,87.5099105834961,88.08499908447266,83.8676528930664,83.91558074951172,30124129
2017-11-16,81.91967010498047,87.46198272705078,88.56423950195312,86.50349426269531,88.56423950195312,18649508
2017-11-17,81.7401351928711,87.2702865600586,88.51631927490234,87.2702865600586,87.89330291748047,12615126
2017-11-20,80.70773315429688,86.16802215576172,86.88688659667969,85.44915771484375,86.02425384521484,13340623
2017-11-21,80.03439331054688,85.44915771484375,86.5993423461914,84.82614135742188,86.02425384521484,16258721
2017-11-22,81.47080993652344,86.98273468017578,87.46198272705078,85.49708557128906,86.98273468017578,11444448
2017-11-24,81.65037536621094,87.1744384765625,88.08499908447266,86.98273468017578,88.08499908447266,5195206
2017-11-27,81.33615112304688,86.8389663696289,88.66009521484375,86.6951904296875,87.89330291748047,16453507
2017-11-28,82.63787841796875,88.22877502441406,88.37254333496094,86.55142211914062,87.0785903930664,11709157
2017-11-29,82.95208740234375,88.56423950195312,88.85179138183594,87.74952697753906,88.42047119140625,11509697
2017-11-30,82.09922790527344,87.65367889404297,89.0914077758789,87.12651062011719,88.94763946533203,14200582
2017-12-01,80.25883483886719,85.68878173828125,87.60575866699219,85.59293365478516,87.60575866699219,17116050
2017-12-04,80.5730209350586,86.02425384521484,86.55142211914062,85.68878173828125,86.26387023925781,14261616
2017-12-05,79.72018432617188,85.11368560791016,86.31179809570312,84.68236541748047,85.20953369140625,13733075
2017-12-06,79.27131652832031,84.63444519042969,85.49708557128906,84.3469009399414,84.39482116699219,9163104
2017-12-07,79.49574279785156,84.87406921386719,86.55142211914062,84.49066925048828,85.35330963134766,11598420
2017-12-08,79.49574279785156,84.87406921386719,85.40123748779297,84.63444519042969,84.92198944091797,11360294
2017-12-11,79.2264175415039,84.58651733398438,85.25746154785156,84.01142883300781,84.39482116699219,12138124
2017-12-12,80.39347076416016,85.83255004882812,86.45556640625,84.58651733398438,86.02425384521484,13945388
2017-12-13,79.72018432617188,85.11368560791016,86.21595001220703,85.11368560791016,85.88047790527344,8785613
2017-12-14,79.18154907226562,84.5385971069336,85.40123748779297,84.5385971069336,85.16161346435547,10129668
2017-12-15,79.9895248413086,85.40123748779297,85.44915771484375,84.63444519042969,85.20953369140625,18441952
2017-12-18,79.72018432617188,85.11368560791016,86.50349426269531,85.06576538085938,85.64085388183594,11249683
2017-12-19,78.95710754394531,84.2989730834961,85.30538177490234,84.1072769165039,85.16161346435547,13666553
2017-12-20,78.32867431640625,83.6280288696289,84.58651733398438,83.19671630859375,84.49066925048828,15725818
2017-12-21,78.41844940185547,83.72388458251953,84.77821350097656,83.58010864257812,83.67595672607422,14163503
2017-12-22,78.5531005859375,83.8676528930664,84.15519714355469,83.38841247558594,83.91558074951172,9675745
2017-12-26,78.77910614013672,83.53218078613281,84.63444519042969,83.38841247558594,83.6280288696289,11546922
2017-12-27,78.55309295654297,83.29256439208984,84.49066925048828,82.95709228515625,83.67595672607422,12546163
2017-12-28,78.46273803710938,83.19671630859375,83.38841247558594,82.66954803466797,83.14878845214844,12714804
2017-12-29,78.86949157714844,83.6280288696289,84.01142883300781,82.76539611816406,82.76539611816406,15889514
2018-01-02,81.26496124267578,86.16802215576172,86.21595001220703,84.01142883300781,84.25104522705078,16185981
2018-01-03,82.03331756591797,86.98273468017578,87.89330291748047,86.40764617919922,87.70160675048828,17000180
2018-01-04,83.75082397460938,88.80386352539062,89.23518371582031,87.70160675048828,88.08499908447266,17225995
2018-01-05,83.79600524902344,88.85179138183594,90.43329620361328,88.66009521484375,90.38536834716797,16667865
2018-01-08,82.62088012695312,87.60575866699219,89.61857604980469,86.74311828613281,89.47480773925781,17130657
2018-01-09,83.88640594482422,88.94763946533203,89.4268798828125,86.7910385131836,87.84537506103516,13855205
2018-01-10,85.55870819091797,90.72084045410156,91.34385681152344,89.04348754882812,89.0914077758789,17177522
2018-01-11,85.96549224853516,91.15216064453125,92.92536163330078,91.05631256103516,92.1585693359375,20808952
2018-01-12,84.79036712646484,89.9061279296875,91.77517700195312,89.61857604980469,91.63140106201172,18169606
2018-01-16,82.30450439453125,87.2702865600586,88.70801544189453,86.07217407226562,87.79745483398438,42912819
2018-01-17,78.41754150390625,83.14878845214844,84.82614135742188,82.71746826171875,84.58651733398438,39131904
2018-01-18,75.79606628417969,80.36917877197266,83.77180480957031,80.32125091552734,83.38841247558594,35944841
2018-01-19,73.49099731445312,77.92503356933594,80.17747497558594,76.77484893798828,79.79408264160156,44851332
2018-01-22,73.08423614501953,77.49371337890625,78.26050567626953,75.72051239013672,76.19975280761719,28005019
2018-01-23,76.33847045898438,80.94426727294922,81.6152114868164,77.97295379638672,78.11672973632812,25714786
2018-01-24,74.30455017089844,78.78767395019531,83.19671630859375,77.87710571289062,81.471435546875,34850262
2018-01-25,73.12939453125,77.54163360595703,79.65030670166016,77.30201721191406,79.0752182006836,19834813
2018-01-26,72.90345001220703,77.30201721191406,77.44578552246094,76.3435287475586,77.30201721191406,18965005
2018-01-29,73.5813980102539,78.02088165283203,78.73974609375,76.53522491455078,76.77484893798828,15469060
2018-01-30,72.08985900878906,76.43937683105469,77.97295379638672,76.43937683105469,77.15824127197266,14242064
2018-01-31,73.08423614501953,77.49371337890625,77.97295379638672,76.63107299804688,76.96654510498047,16018822
2018-02-01,72.40625,76.77484893798828,77.20616912841797,76.29560089111328,76.96654510498047,11022366
2018-02-02,70.68876647949219,74.95372009277344,76.3435287475586,74.76202392578125,76.1518325805664,17171805
2018-02-05,67.38933563232422,71.45523834228516,74.90579223632812,71.45523834228516,74.18692779541016,25715850
2018-02-06,69.0164566040039,73.1805191040039,73.5159912109375,70.49675750732422,71.02392578125,26462505
2018-02-07,68.92606353759766,73.08467102050781,74.37863159179688,73.08467102050781,73.3722152709961,15859821
2018-02-08,65.31028747558594,69.25071716308594,72.89297485351562,69.25071716308594,72.79712677001953,28928098
2018-02-09,67.52494049072266,71.59901428222656,72.03033447265625,68.19638061523438,70.4009017944336,26929053
2018-02-12,66.98258972167969,71.02392578125,72.55750274658203,70.83222198486328,72.17411041259766,15771182
2018-02-13,66.30461883544922,70.3050537109375,70.8801498413086,69.63411712646484,70.6405258178711,15378459
2018-02-14,67.34414672851562,71.40731811523438,72.03033447265625,70.16128540039062,70.4009017944336,17926577
2018-02-15,67.1181640625,71.16769409179688,72.55750274658203,70.7843017578125,71.55108642578125,11452419
2018-02-16,68.0220947265625,72.12618255615234,72.98882293701172,70.97599792480469,71.16769409179688,13505612
2018-02-20,66.62100982666016,70.6405258178711,71.74279022216797,70.06543731689453,71.50316619873047,12867294
2018-02-21,65.49107360839844,69.44242095947266,70.59260559082031,69.25071716308594,70.49675750732422,20472151
2018-02-22,66.07862091064453,70.06543731689453,72.22203063964844,69.44242095947266,69.63411712646484,16379390
2018-02-23,66.0330581665039,69.44242095947266,70.3050537109375,69.44242095947266,69.63411712646484,11040854
2018-02-26,66.7621841430664,70.2092056274414,70.35298156738281,66.85449981689453,68.96317291259766,30302034
2018-02-27,66.07862091064453,69.49034118652344,72.74919891357422,69.49034118652344,70.3050537109375,19410582
2018-02-28,64.30133819580078,67.62129211425781,70.06543731689453,67.52544403076172,69.96958923339844,18490403
2018-03-01,63.89120101928711,67.18997192382812,68.34015655517578,66.85449981689453,67.86091613769531,19170976
2018-03-02,64.34691619873047,67.6692123413086,68.24430847167969,66.95034790039062,67.04619598388672,15572368
2018-03-05,65.71403503417969,69.10694885253906,70.2092056274414,67.6692123413086,67.9567642211914,18247395
2018-03-06,66.71662902832031,70.16128540039062,70.3050537109375,69.53826904296875,69.96958923339844,12124707
2018-03-07,66.12417602539062,69.53826904296875,69.92166137695312,67.9567642211914,69.39449310302734,17318787
2018-03-08,66.16975402832031,69.58618927001953,70.16128540039062,69.05902099609375,69.49034118652344,10348638
2018-03-09,68.08379364013672,71.59901428222656,71.64694213867188,69.53826904296875,70.06543731689453,13386967
2018-03-12,68.81291198730469,72.36580657958984,73.46806335449219,71.69486236572266,71.98240661621094,14653629
2018-03-13,65.75962829589844,69.15486907958984,70.6405258178711,68.72354888916016,70.4009017944336,24772029
2018-03-14,65.03046417236328,68.3880844116211,69.92166137695312,68.24430847167969,69.29864501953125,11907699
2018-03-15,65.4406509399414,68.81940460205078,69.72996520996094,68.34015655517578,68.57978057861328,9895779
2018-03-16,65.21276092529297,68.57978057861328,69.10694885253906,67.9567642211914,68.72354888916016,23889514
2018-03-19,64.11909484863281,67.42959594726562,68.43600463867188,67.09412384033203,68.34015655517578,13810133
2018-03-20,62.15947341918945,65.36884307861328,67.62129211425781,65.27299499511719,67.5733642578125,18554546
2018-03-21,63.25318908691406,66.51902770996094,66.90242767333984,65.03337860107422,65.4646987915039,13592791
2018-03-22,60.83790588378906,63.97903823852539,66.08770751953125,63.83526611328125,65.89601135253906,14862500
2018-03-23,59.56190490722656,62.63715744018555,64.45828247070312,62.39753341674805,64.21865844726562,17536442
2018-03-26,58.74161911010742,61.77451705932617,63.45186996459961,61.007728576660156,63.40394592285156,22000434
2018-03-27,61.24803924560547,64.41035461425781,65.75224304199219,61.439048767089844,61.91828918457031,32336072
2018-03-28,62.341758728027344,65.56053924560547,66.85449981689453,62.73300552368164,64.79375457763672,29025877
2018-03-29,61.43033981323242,64.60205841064453,65.4646987915039,63.97903823852539,65.081298828125,15548310
2018-04-02,59.78976821899414,62.87677764892578,64.88960266113281,62.109989166259766,64.45828247070312,15041824
2018-04-03,59.8353385925293,62.92470169067383,62.972625732421875,61.343196868896484,62.87677764892578,12474884
2018-04-04,60.51890182495117,63.6435661315918,63.739418029785156,61.29527282714844,61.439048767089844,11929712
2018-04-05,61.20248794555664,64.36243438720703,64.9854507446289,63.11640167236328,63.69149398803711,11168889
2018-04-06,59.51634979248047,62.5892333984375,64.55413055419922,61.96621322631836,63.83526611328125,13242927
2018-04-09,58.46818542480469,61.48697280883789,63.068477630615234,61.439048767089844,62.78092956542969,14258423
2018-04-10,59.470767974853516,62.54130935668945,62.972625732421875,62.06206512451172,62.349609375,11982984
2018-04-11,59.106197357177734,62.15791320800781,62.685081481933594,61.582820892333984,61.870365142822266,10479010
2018-04-12,60.063194274902344,63.16432571411133,63.499794006347656,62.15791320800781,62.445457458496094,13277419
2018-04-13,61.475914001464844,64.64997863769531,65.56053924560547,64.02696228027344,64.26658630371094,14850168
2018-04-16,60.74675750732422,63.8831901550293,65.081298828125,63.40394592285156,64.69790649414062,12160618
2018-04-17,62.843055725097656,66.08770751953125,66.47110748291016,64.02696228027344,64.12281036376953,15050609
2018-04-18,62.2506217956543,65.4646987915039,66.71073150634766,65.27299499511719,66.51902770996094,8969027
2018-04-19,63.75445556640625,67.04619598388672,67.38166809082031,65.3209228515625,65.51261901855469,18316838
2018-04-20,66.26090240478516,69.68203735351562,72.12618255615234,68.72354888916016,71.59901428222656,39371615
2018-04-23,66.16975402832031,69.58618927001953,70.83222198486328,68.96317291259766,70.6884536743164,15298437
2018-04-24,66.89892578125,70.35298156738281,70.7843017578125,69.68203735351562,70.25713348388672,15495602
2018-04-25,64.02793884277344,67.33374786376953,70.59260559082031,66.66280364990234,70.544677734375,23216120
2018-04-26,65.5317611694336,68.91525268554688,69.49034118652344,67.38166809082031,67.62129211425781,13533448
2018-04-27,65.5317611694336,68.91525268554688,69.39449310302734,68.00468444824219,68.1484603881836,10188469
2018-04-30,64.11909484863281,67.42959594726562,68.96317291259766,67.42959594726562,68.86732482910156,10127373
2018-05-01,64.02793884277344,67.33374786376953,67.52544403076172,66.27941131591797,67.4775161743164,10719493
2018-05-02,64.62033081054688,67.9567642211914,68.91525268554688,67.4775161743164,67.5733642578125,10783239
2018-05-03,63.48103332519531,66.75865173339844,68.00468444824219,66.37525939941406,68.00468444824219,12665163
2018-05-04,64.25575256347656,67.5733642578125,67.7171401977539,65.99185943603516,66.47110748291016,8744820
2018-05-07,64.11909484863281,67.42959594726562,67.9567642211914,67.09412384033203,67.52544403076172,6858410
2018-05-08,65.03046417236328,68.3880844116211,69.44242095947266,67.52544403076172,67.9567642211914,12381195
2018-05-09,66.62548828125,70.06543731689453,70.35298156738281,68.53185272216797,68.77147674560547,10614202
2018-05-10,66.94446563720703,70.4009017944336,70.73637390136719,69.49034118652344,70.73637390136719,7820843
2018-05-11,66.53435516357422,69.96958923339844,70.7843017578125,69.58618927001953,70.6405258178711,5970052
2018-05-14,67.03562927246094,70.49675750732422,70.92807006835938,70.16128540039062,70.4488296508789,8562032
2018-05-15,67.03562927246094,70.49675750732422,70.544677734375,69.82581329345703,70.4488296508789,7357154
2018-05-16,68.493896484375,72.03033447265625,72.36580657958984,70.4009017944336,70.49675750732422,11397833
2018-05-17,68.493896484375,72.03033447265625,73.0367431640625,71.50316619873047,72.46165466308594,10585136
2018-05-18,68.2204818725586,71.74279022216797,72.36580657958984,71.50316619873047,72.26995849609375,7170422
2018-05-21,69.54206085205078,73.1325912475586,74.52239990234375,72.84504699707031,73.6118392944336,16258282
2018-05-22,69.67876434326172,73.2763671875,74.71409606933594,73.2763671875,73.75560760498047,13717258
2018-05-23,64.62033081054688,67.9567642211914,72.89297485351562,67.62129211425781,72.84504699707031,30743980
2018-05-24,66.53435516357422,69.96958923339844,70.544677734375,68.24430847167969,68.72354888916016,21995906
2018-05-25,66.67103576660156,70.11335754394531,70.3050537109375,69.05902099609375,70.01750946044922,10370235
2018-05-29,64.62033081054688,67.9567642211914,69.58618927001953,67.18997192382812,69.39449310302734,15867583
2018-05-30,64.57477569580078,67.9088363647461,68.24430847167969,67.18997192382812,67.76506805419922,10893914
2018-05-31,64.16460418701172,67.4775161743164,67.7171401977539,66.85449981689453,67.5733642578125,11571648
2018-06-01,64.25575256347656,67.5733642578125,67.81298828125,66.85449981689453,67.5733642578125,11870536
2018-06-04,62.47846603393555,65.70431518554688,68.10053253173828,65.56053924560547,67.7171401977539,17197157
2018-06-05,62.88861846923828,66.13563537597656,66.75865173339844,64.79375457763672,65.70431518554688,14699910
2018-06-06,62.15947341918945,65.36884307861328,66.56695556640625,65.3209228515625,66.23148345947266,12967368
2018-06-07,62.79747009277344,66.03978729248047,66.13563537597656,65.2250747680664,65.3209228515625,14811336
2018-06-08,63.48103332519531,66.75865173339844,67.42959594726562,65.70431518554688,66.03978729248047,10484206
2018-06-11,63.708919525146484,66.99827575683594,67.23789978027344,66.37525939941406,67.04619598388672,9098022
2018-06-12,63.708919525146484,66.99827575683594,67.76506805419922,66.66280364990234,67.23789978027344,8663462
2018-06-13,63.29876708984375,66.56695556640625,67.38166809082031,66.27941131591797,67.18997192382812,7407462
2018-06-14,62.15947341918945,65.36884307861328,66.66280364990234,64.9854507446289,66.47110748291016,12659759
2018-06-15,61.148006439208984,63.739418029785156,64.79375457763672,63.739418029785156,64.7458267211914,20069141
2018-06-18,60.68824768066406,63.26017379760742,63.40394592285156,62.78092956542969,63.30809783935547,14260009
2018-06-19,59.538848876953125,62.06206512451172,62.63715744018555,61.82244110107422,62.5892333984375,16249456
2018-06-20,59.21701431274414,61.726593017578125,62.828853607177734,61.10357666015625,61.1515007019043,20120367
2018-06-21,58.66530990600586,61.1515007019043,61.439048767089844,60.43263626098633,61.3911247253418,14750782
2018-06-22,59.99860763549805,62.54130935668945,62.685081481933594,61.1515007019043,61.1515007019043,14178026
2018-06-25,58.61933517456055,61.10357666015625,62.54130935668945,61.0556526184082,62.445457458496094,16029380
2018-06-26,63.17094039916992,65.84809112548828,66.80657958984375,64.17073822021484,64.50621032714844,44618882
2018-06-27,64.18241882324219,66.90242767333984,69.20279693603516,66.13563537597656,66.42317962646484,28252972
2018-06-28,63.584739685058594,66.27941131591797,67.09412384033203,65.56053924560547,66.80657958984375,13444307
2018-06-29,62.57325744628906,65.2250747680664,66.61488342285156,65.03337860107422,66.27941131591797,15015178
2018-07-02,61.469844818115234,64.07489013671875,64.93753051757812,63.212249755859375,64.60205841064453,13098533
2018-07-03,61.469844818115234,64.07489013671875,64.64997863769531,63.739418029785156,63.97903823852539,6721507
2018-07-05,61.74570083618164,64.36243438720703,64.41035461425781,62.49338150024414,64.12281036376953,11172227
2018-07-06,63.67667770385742,66.37525939941406,66.61488342285156,63.83526611328125,64.07489013671875,12524399
2018-07-09,64.13643646240234,66.85449981689453,67.76506805419922,66.66280364990234,66.80657958984375,13993109
2018-07-10,65.14794158935547,67.9088363647461,67.9567642211914,66.99827575683594,67.09412384033203,12585475
2018-07-11,64.32032012939453,67.04619598388672,68.48393249511719,67.04619598388672,67.38166809082031,9862643
2018-07-12,64.32032012939453,67.04619598388672,67.76506805419922,66.75865173339844,67.33374786376953,8309863
2018-07-13,63.86058807373047,66.56695556640625,67.42959594726562,66.51902770996094,66.95034790039062,10121259
2018-07-16,63.906551361083984,66.61488342285156,66.85449981689453,66.13563537597656,66.56695556640625,8943299
2018-07-17,62.941078186035156,65.60846710205078,66.56695556640625,65.4167709350586,66.37525939941406,12334350
2018-07-18,63.21693801879883,65.89601135253906,66.18356323242188,65.6563949584961,65.84809112548828,8562449
2018-07-19,63.124961853027344,65.80016326904297,66.51902770996094,65.27299499511719,65.75224304199219,15641895
2018-07-20,60.32044219970703,62.87677764892578,66.03978729248047,62.20583724975586,65.75224304199219,35732423
2018-07-23,59.72274398803711,62.253761291503906,62.87677764892578,61.82244110107422,62.39753341674805,18849031
2018-07-24,60.32044219970703,62.87677764892578,62.92470169067383,61.582820892333984,61.91828918457031,11824171
2018-07-25,60.27446365356445,62.828853607177734,63.02055358886719,62.109989166259766,62.92470169067383,11132811
2018-07-26,60.458370208740234,63.02055358886719,63.595645904541016,62.5892333984375,62.78092956542969,11374588
2018-07-27,60.044593811035156,62.5892333984375,63.16432571411133,62.20583724975586,62.87677764892578,8206805
2018-07-30,60.50434494018555,63.068477630615234,63.30809783935547,62.349609375,62.49338150024414,8255716
2018-07-31,62.66522216796875,65.3209228515625,65.4167709350586,63.068477630615234,63.212249755859375,14959799
2018-08-01,60.872154235839844,63.45186996459961,64.93753051757812,63.45186996459961,64.93753051757812,9291368
2018-08-02,60.55031967163086,63.11640167236328,63.30809783935547,62.5892333984375,63.11640167236328,7631879
2018-08-03,60.41239547729492,62.972625732421875,63.499794006347656,62.78092956542969,63.02055358886719,7354316
2018-08-06,60.22850036621094,62.78092956542969,63.16432571411133,62.5892333984375,62.87677764892578,6779285
2018-08-07,60.50434494018555,63.068477630615234,63.499794006347656,62.39753341674805,62.87677764892578,11811088
2018-08-08,59.99860763549805,62.54130935668945,63.212249755859375,62.15791320800781,63.212249755859375,8429823
2018-08-09,59.49287033081055,62.01414108276367,62.445457458496094,61.870365142822266,62.349609375,6778847
2018-08-10,58.71128463745117,61.199424743652344,61.870365142822266,60.91188049316406,61.870365142822266,10110158
2018-08-13,57.24004364013672,59.66584396362305,61.007728576660156,59.378299713134766,60.95980453491211,14001101
2018-08-14,56.780296325683594,59.18660354614258,60.38471221923828,59.04282760620117,59.80961990356445,10349974
2018-08-15,56.1826057434082,58.56358337402344,59.234527587890625,57.221702575683594,58.80320739746094,13501919
2018-08-16,56.5504150390625,58.94697952270508,59.234527587890625,58.51565933227539,58.75528335571289,10847153
2018-08-17,56.5504150390625,58.94697952270508,59.138675689697266,58.51565933227539,58.75528335571289,9795746
2018-08-20,56.5504150390625,58.94697952270508,59.378299713134766,58.18019104003906,58.80320739746094,7878350
2018-08-21,58.0676155090332,60.52848434448242,60.8160285949707,59.09075164794922,59.138675689697266,12091467
2018-08-22,57.332008361816406,59.761695861816406,60.480560302734375,59.522071838378906,60.43263626098633,9065575
2018-08-23,57.65383529663086,60.097164154052734,60.19301223754883,59.378299713134766,59.47414779663086,7940552
2018-08-24,57.469932556152344,59.90546798706055,60.19301223754883,59.761695861816406,60.00131607055664,8068963
2018-08-27,58.71128463745117,61.199424743652344,61.24734878540039,59.66584396362305,59.80961990356445,9324212
2018-08-28,58.66530990600586,61.1515007019043,61.77451705932617,60.95980453491211,61.199424743652344,12325524
2018-08-29,59.63080978393555,62.15791320800781,62.20583724975586,60.72018051147461,61.199424743652344,9971648
2018-08-30,58.71128463745117,61.199424743652344,62.15791320800781,61.10357666015625,61.67866897583008,9320414
2018-08-31,59.49287033081055,62.01414108276367,62.06206512451172,60.863956451416016,61.007728576660156,10517216
2018-09-04,58.25152587890625,60.72018051147461,61.726593017578125,60.52848434448242,61.726593017578125,9355782
2018-09-05,57.74578857421875,60.19301223754883,60.28886032104492,58.6594352722168,59.66584396362305,11491355
2018-09-06,57.51591110229492,59.953392028808594,61.343196868896484,59.90546798706055,59.90546798706055,8475812
2018-09-07,57.01017379760742,59.42622375488281,59.617919921875,58.80320739746094,59.378299713134766,9570746
2018-09-10,57.51591110229492,59.953392028808594,60.863956451416016,59.18660354614258,59.234527587890625,9050656
2018-09-11,56.68834686279297,59.09075164794922,59.761695861816406,58.611507415771484,59.617919921875,8378597
2018-09-12,57.97568130493164,60.43263626098633,60.52848434448242,58.611507415771484,58.94697952270508,8385211
2018-09-13,58.43543243408203,60.91188049316406,61.10357666015625,59.56999588012695,60.72018051147461,11408558
2018-09-14,58.853153228759766,60.768104553222656,61.10357666015625,59.33037567138672,60.04924011230469,14600045
2018-09-17,58.945987701416016,60.863956451416016,61.77451705932617,60.38471221923828,60.43263626098633,10573242
2018-09-18,58.760318756103516,60.67225646972656,61.10357666015625,60.19301223754883,60.72018051147461,8950101
2018-09-19,59.6885986328125,61.63074493408203,62.253761291503906,60.19301223754883,60.480560302734375,12958354
2018-09-20,57.83203125,59.71377182006836,60.8160285949707,59.234527587890625,60.336788177490234,18430204
2018-09-21,56.486026763916016,58.3239631652832,60.19301223754883,58.276039123535156,59.42622375488281,19910349
2018-09-24,54.4902229309082,56.263214111328125,57.98849105834961,55.5922737121582,57.98849105834961,31005079
2018-09-25,52.308746337890625,54.01076889038086,56.35906219482422,53.771148681640625,56.21529006958008,27896911
2018-09-26,52.8657341003418,54.58586120605469,55.400577545166016,53.72322463989258,53.914920806884766,19483739
2018-09-27,53.51551818847656,55.25680160522461,56.31113815307617,54.44208908081055,54.490013122558594,17151231
2018-09-28,52.401580810546875,54.10661697387695,55.160953521728516,53.914920806884766,54.82548522949219,15978112
2018-10-01,56.114715576171875,57.94056701660156,62.63715744018555,57.221702575683594,62.39753341674805,64290209
2018-10-02,57.1822395324707,59.04282760620117,59.80961990356445,56.406986236572266,59.04282760620117,31029263
2018-10-03,57.92487716674805,59.80961990356445,60.52848434448242,58.851131439208984,59.138675689697266,17311880
2018-10-04,58.760318756103516,60.67225646972656,60.768104553222656,59.138675689697266,59.47414779663086,15631315
2018-10-05,61.17385482788086,63.16432571411133,63.739418029785156,61.63074493408203,61.726593017578125,31541445
2018-10-08,63.16965866088867,65.2250747680664,65.36884307861328,63.54772186279297,64.79375457763672,36025406
2018-10-09,62.89118576049805,64.93753051757812,66.03978729248047,64.26658630371094,65.70431518554688,23046331
2018-10-10,61.63800048828125,63.6435661315918,65.4646987915039,63.40394592285156,64.17073822021484,19185019
2018-10-11,59.03880310058594,60.95980453491211,63.69149398803711,60.67225646972656,62.87677764892578,24238585
2018-10-12,57.1822395324707,59.04282760620117,61.48697280883789,58.467735290527344,60.04924011230469,25708943
2018-10-15,56.393211364746094,58.22811508178711,59.90546798706055,58.18019104003906,58.707359313964844,13070635
2018-10-16,56.16112518310547,57.98849105834961,58.89905548095703,57.50925064086914,58.611507415771484,18046308
2018-10-17,56.5788688659668,58.4198112487793,60.19301223754883,58.0843391418457,58.707359313964844,17409325
2018-10-18,57.46073532104492,59.33037567138672,59.56999588012695,57.79679489135742,58.18019104003906,17010175
2018-10-19,58.29619216918945,60.19301223754883,61.007728576660156,58.75528335571289,58.851131439208984,18108844
2018-10-22,57.46073532104492,59.33037567138672,60.52848434448242,59.09075164794922,60.336788177490234,10483914
2018-10-23,58.89957046508789,60.8160285949707,61.0556526184082,57.892642974853516,58.22811508178711,17086295
2018-10-24,56.486026763916016,58.3239631652832,61.3911247253418,58.18019104003906,60.91188049316406,17394134
2018-10-25,54.76870346069336,56.55076217651367,58.851131439208984,56.16736602783203,58.467735290527344,18412572
2018-10-26,52.447998046875,54.154541015625,55.83189392089844,53.531524658203125,55.544349670410156,24541312
2018-10-29,51.79819869995117,53.48360061645508,56.21529006958008,52.38134002685547,54.777557373046875,25007880
2018-10-30,47.24961853027344,48.78701400756836,54.633785247802734,47.30135726928711,50.60813903808594,71983559
2018-10-31,46.87830352783203,48.40361785888672,49.79342269897461,46.965885162353516,48.78701400756836,42124411
2018-11-01,44.46476364135742,45.91154861450195,49.026634216308594,45.719852447509766,47.97229766845703,49320916
2018-11-02,43.11875534057617,44.52174377441406,46.294944763183594,43.4674072265625,46.103248596191406,54985507
2018-11-05,43.07233810424805,44.473819732666016,45.67192840576172,44.42589569091797,45.0009880065918,25955269
2018-11-06,43.72213363647461,45.14476013183594,45.719852447509766,44.857215881347656,44.857215881347656,23563834
2018-11-07,42.701019287109375,44.090423583984375,45.336456298828125,43.802879333496094,45.28853225708008,25878418
2018-11-08,42.23688507080078,43.61117935180664,44.7613639831543,43.371559143066406,43.802879333496094,33760858
2018-11-09,39.82334518432617,41.11911392211914,42.94023895263672,39.05836486816406,42.125526428222656,57077908
2018-11-12,37.08491897583008,38.29157638549805,40.496097564697266,36.997615814208984,40.35232162475586,51161628
2018-11-13,39.962589263916016,41.26288604736328,43.371559143066406,38.19572448730469,38.43534851074219,42945997
2018-11-14,38.61658477783203,39.873077392578125,42.41307067871094,39.25006103515625,41.98175048828125,35507986
2018-11-15,37.92036819458008,39.154212951660156,41.214962005615234,38.627044677734375,39.48968505859375,26807841
2018-11-16,37.22416305541992,38.43534851074219,39.29798889160156,37.04553985595703,38.72289276123047,36851582
2018-11-19,36.388702392578125,37.57270812988281,39.48968505859375,37.33308792114258,38.29157638549805,30898119
2018-11-20,35.5068359375,36.662147521972656,37.668556213378906,36.08705139160156,36.75799560546875,29903260
2018-11-21,36.24946212768555,37.42893600463867,38.0040283203125,37.04553985595703,37.33308792114258,17620011
2018-11-23,35.13552474975586,36.278751373291016,37.668556213378906,36.18290328979492,37.28516387939453,9070771
2018-11-26,35.18193817138672,36.32667541503906,37.09346389770508,34.793094635009766,36.4704475402832,33103782
2018-11-27,34.53212356567383,35.65573501586914,36.5662956237793,35.32026290893555,35.895355224609375,23037755
2018-11-28,35.924560546875,37.09346389770508,37.237239837646484,35.32026290893555,35.41611099243164,25938200
2018-11-29,36.85284423828125,38.05195236206055,38.339500427246094,35.895355224609375,36.662147521972656,25745417
2018-11-30,34.810630798339844,35.94327926635742,36.8059196472168,35.46403884887695,36.7100715637207,39037109
2018-12-03,36.24946212768555,37.42893600463867,38.099876403808594,36.08705139160156,36.134979248046875,27268484
2018-12-04,33.78950881958008,34.88894271850586,37.42893600463867,34.88894271850586,37.14139175415039,27820875
2018-12-06,34.114402770996094,35.22441482543945,35.41611099243164,34.265926361083984,34.505550384521484,23571659
2018-12-07,32.53632354736328,33.59498596191406,35.368186950683594,33.49913787841797,34.98479461669922,23887657
2018-12-10,32.165016174316406,33.21158981323242,34.122154235839844,32.34895324707031,33.403289794921875,23545806
2018-12-11,31.3759765625,32.39687728881836,34.17007827758789,31.917633056640625,33.7387580871582,25995248
2018-12-12,31.143901824951172,32.15725326538086,33.690834045410156,32.10932922363281,32.7802734375,22080622
2018-12-13,33.41819763183594,34.505550384521484,35.94327926635742,34.122154235839844,35.895355224609375,43251895
2018-12-14,32.95404815673828,34.02630615234375,34.74517059326172,33.547061920166016,33.930458068847656,26875823
2018-12-17,33.18611145019531,34.265926361083984,34.649322509765625,33.59498596191406,33.9783821105957,27069962
2018-12-18,33.78950881958008,34.88894271850586,36.5662956237793,34.31385040283203,34.409698486328125,30626065
2018-12-19,35.60215377807617,36.7100715637207,38.099876403808594,36.18290328979492,36.61422348022461,45795945
2018-12-20,34.579627990722656,35.65573501586914,37.47686004638672,35.2723388671875,36.662147521972656,38050283
2018-12-21,33.23175811767578,34.265926361083984,35.70365905761719,34.02630615234375,35.08064270019531,38738388
2018-12-24,32.16277313232422,33.163665771484375,34.17007827758789,33.06781768798828,33.8346061706543,14608516
2018-12-26,34.34723663330078,35.41611099243164,35.511962890625,32.444801330566406,33.49913787841797,27092394
2018-12-27,33.78950500488281,34.84101867675781,34.84101867675781,33.30744171142578,34.409698486328125,24993253
2018-12-28,34.90497589111328,35.99120330810547,36.662147521972656,34.45762634277344,34.45762634277344,25388083
2018-12-31,35.18385314941406,36.278751373291016,36.51837158203125,35.22441482543945,36.039127349853516,22610937
2019-01-02,37.414798736572266,38.57912063598633,39.2021369934082,35.511962890625,35.751583099365234,26991297
2019-01-03,37.461265563964844,38.627044677734375,39.29798889160156,37.28516387939453,38.43534851074219,25654795
2019-01-04,38.25139617919922,39.4417610168457,39.585533142089844,38.243648529052734,39.25006103515625,25056937
2019-01-07,40.621761322021484,41.885902404785156,42.125526428222656,39.729305267333984,40.975341796875,37493322
2019-01-08,39.785160064697266,41.02326583862305,43.32363510131836,40.831565856933594,42.700618743896484,30669237
2019-01-09,39.50629425048828,40.7357177734375,41.98175048828125,39.2021369934082,40.831565856933594,24268716
2019-01-10,41.55133819580078,42.844390869140625,42.89231491088867,40.68779373168945,40.7357177734375,23441412
2019-01-11,41.55133819580078,42.844390869140625,42.89231491088867,41.79005432128906,42.50891876220703,16832625
2019-01-14,41.36542510986328,42.65269470214844,43.131935119628906,41.98175048828125,42.22137451171875,17043123
2019-01-15,40.57529067993164,41.83797836303711,42.79646682739258,41.69420623779297,42.700618743896484,19626381
2019-01-16,41.73723602294922,43.03608703613281,43.131935119628906,41.502506256103516,41.742130279541016,17583057
2019-01-17,42.48089599609375,43.802879333496094,44.04249954223633,41.9338264465332,42.65269470214844,22074822
2019-01-18,42.109066009521484,43.41948318481445,44.330047607421875,43.27571105957031,44.234195709228516,19350175
2019-01-22,40.249942779541016,41.502506256103516,43.08401107788086,41.02326583862305,43.03608703613281,22571396
2019-01-23,40.57529067993164,41.83797836303711,42.36514663696289,41.26288604736328,41.64628219604492,15104193
2019-01-24,40.807682037353516,42.077598571777344,42.988162994384766,41.26288604736328,41.358734130859375,18848780
2019-01-25,42.5738410949707,43.89872741699219,44.13834762573242,42.36514663696289,42.41307067871094,23434130
2019-01-28,41.50486373901367,42.79646682739258,43.131935119628906,41.9338264465332,43.03608703613281,19120938
2019-01-29,41.36542510986328,42.65269470214844,43.75495147705078,41.45458221435547,42.65269470214844,23885070
2019-01-30,42.294986724853516,43.61117935180664,44.473819732666016,42.55684280395508,43.03608703613281,18035624
2019-01-31,47.221649169921875,48.691162109375,51.61455154418945,46.77418899536133,47.6368293762207,72747847
2019-02-01,47.361080169677734,48.834938049316406,49.98512268066406,47.7326774597168,48.88286209106445,33002372
2019-02-04,47.454044342041016,48.9307861328125,49.553802490234375,48.40361785888672,49.21833038330078,21543088
2019-02-05,49.40610885620117,50.943607330322266,51.039459228515625,48.73908615112305,49.12248229980469,21455283
2019-02-06,48.66245651245117,50.17681884765625,52.285491943359375,49.98512268066406,51.13530731201172,25140965
2019-02-07,46.756858825683594,48.21192169189453,50.03304672241211,47.780601501464844,49.937198638916016,22682446
2019-02-08,45.59490966796875,47.01380920410156,48.40361785888672,45.719852447509766,47.97229766845703,24736786
2019-02-11,46.617435455322266,48.068145751953125,48.64323806762695,47.109657287597656,47.30135726928711,14749801
2019-02-12,46.385032653808594,47.82852554321289,48.64323806762695,47.4930534362793,48.25984573364258,14005879
2019-02-13,48.19767379760742,49.697574615478516,49.937198638916016,47.68475341796875,47.82852554321289,20644401
2019-02-14,46.66391372680664,48.11606979370117,49.36210632324219,47.68475341796875,49.31418228149414,19486347
2019-02-15,46.89630126953125,48.35569381713867,49.26625442504883,48.21192169189453,48.49946594238281,16347527
2019-02-19,47.08220672607422,48.54738998413086,48.64323806762695,47.68475341796875,48.068145751953125,13264315
2019-02-20,46.942787170410156,48.40361785888672,48.54738998413086,47.97229766845703,48.35569381713867,10151119
2019-02-21,46.617435455322266,48.068145751953125,48.88286209106445,47.924373626708984,48.068145751953125,10335701
2019-02-22,47.268123626708984,48.73908615112305,48.78701400756836,47.87644958496094,48.163997650146484,10587786
2019-02-25,50.28919982910156,51.85417175292969,56.31113815307617,51.6624755859375,55.44850158691406,60560499
2019-02-26,51.52737045288086,53.13087844848633,54.32706832885742,52.482940673828125,53.77881622314453,20864323
2019-02-27,52.590782165527344,54.227386474609375,54.476593017578125,53.03119659423828,53.978179931640625,21835966
2019-02-28,50.22227478027344,51.785160064697266,54.07786178588867,51.486114501953125,53.92833709716797,18230265
2019-03-01,49.64221954345703,51.18706512451172,52.43309783935547,50.09055709838867,52.08420944213867,17856700
2019-03-04,50.17393112182617,51.735321044921875,52.43309783935547,50.93785858154297,51.43627166748047,13996993
2019-03-05,47.80541229248047,49.293094635009766,52.68230438232422,47.74801254272461,51.735321044921875,35870538
2019-03-06,44.03510665893555,45.40546798706055,48.04705810546875,45.106422424316406,46.1530876159668,41286543
2019-03-07,45.67858123779297,47.100074768066406,47.100074768066406,45.20610427856445,45.255943298339844,25577378
2019-03-08,46.35600662231445,47.74801254272461,48.24642562866211,46.25277328491211,46.50197982788086,17559457
2019-03-11,47.90443801879883,49.342933654785156,49.94103240966797,46.50197982788086,47.100074768066406,21277594
2019-03-12,47.22700881958008,48.64515686035156,50.539127349853516,48.14674377441406,49.49245834350586,19937161
2019-03-13,48.485103607177734,49.94103240966797,50.09055709838867,48.346107482910156,48.49563217163086,14880115
2019-03-14,49.839969635009766,51.33658981323242,52.33341598510742,50.83817672729492,51.33658981323242,26859385
2019-03-15,48.194766998291016,49.64198303222656,52.08420944213867,49.342933654785156,51.286746978759766,37959266
2019-03-18,49.35609436035156,50.83817672729492,51.38643264770508,49.69182586669922,49.791507720947266,18387845
2019-03-19,49.307708740234375,50.788333892822266,51.535953521728516,50.539127349853516,50.93785858154297,10970991
2019-03-20,49.45286560058594,50.93785858154297,51.486114501953125,50.43944549560547,50.48928451538086,9704794
2019-03-21,49.69480514526367,51.18706512451172,51.486114501953125,50.48928451538086,50.83817672729492,10135942
2019-03-22,48.29155349731445,49.74166488647461,51.037540435791016,49.44261932373047,50.93785858154297,16364625
2019-03-25,47.80766677856445,49.24325180053711,50.48928451538086,48.89436340332031,49.64198303222656,9977198
2019-03-26,48.87220764160156,50.33976364135742,50.58897018432617,49.49245834350586,49.592140197753906,9555279
2019-03-27,48.194766998291016,49.64198303222656,50.738494873046875,49.342933654785156,50.240081787109375,11064769
2019-03-28,47.856056213378906,49.293094635009766,49.89118957519531,48.844520568847656,49.64198303222656,9068655
2019-03-29,48.33993911743164,49.791507720947266,49.99087142944336,49.44261932373047,49.74166488647461,9734708
2019-04-01,48.87220764160156,50.33976364135742,50.48928451538086,49.84135055541992,49.94103240966797,10301888
2019-04-02,49.54964065551758,51.037540435791016,51.236907958984375,50.040714263916016,50.14039611816406,10382584
2019-04-03,48.87220764160156,50.33976364135742,51.236907958984375,49.84135055541992,51.13722229003906,11263640
2019-04-04,48.533485412597656,49.99087142944336,50.43944549560547,49.69182586669922,50.33976364135742,8232943
2019-04-05,48.436702728271484,49.89118957519531,50.539127349853516,49.74166488647461,50.19023895263672,8678979
2019-04-08,45.92051315307617,47.2994384765625,47.548648834228516,45.604835510253906,47.39912414550781,35313691
2019-04-09,44.61403274536133,45.9537239074707,46.90070724487305,45.4553108215332,46.601661682128906,16687089
2019-04-10,44.32369613647461,45.6546745300293,46.1530876159668,45.255943298339844,46.103248596191406,10808576
2019-04-11,44.130149841308594,45.4553108215332,46.1530876159668,45.35562515258789,45.4553108215332,10997856
2019-04-12,43.54949188232422,44.857215881347656,45.90388107299805,44.807373046875,45.604835510253906,13735824
2019-04-15,43.45271682739258,44.757530212402344,45.106422424316406,43.810546875,44.90705490112305,16642146
2019-04-16,44.226932525634766,45.55499267578125,45.80419921875,44.807373046875,45.05657958984375,12085548
2019-04-17,44.130149841308594,45.4553108215332,45.754356384277344,45.1562614440918,45.6546745300293,9643619
2019-04-18,45.24309158325195,46.601661682128906,46.601661682128906,45.35562515258789,45.505149841308594,10334612
2019-04-22,45.0979118347168,46.4521369934082,46.601661682128906,45.754356384277344,46.103248596191406,13467232
2019-04-23,45.14631271362305,46.50197982788086,46.70134353637695,45.9537239074707,46.352455139160156,8126706
2019-04-24,45.0979118347168,46.4521369934082,46.601661682128906,45.90388107299805,46.40229415893555,5775345
2019-04-25,44.130149841308594,45.4553108215332,46.00356674194336,44.757530212402344,45.9537239074707,12515311
2019-04-26,46.30763626098633,47.69816970825195,47.7978515625,45.40546798706055,45.4553108215332,14905235
2019-04-29,47.08184051513672,48.49563217163086,48.545475006103516,47.548648834228516,47.69816970825195,13243923
2019-04-30,49.210933685302734,50.68865203857422,52.482940673828125,49.64198303222656,50.987701416015625,35549901
2019-05-01,48.87220764160156,50.33976364135742,51.93468475341797,50.289920806884766,50.58897018432617,19938144
2019-05-02,49.5980339050293,51.08738327026367,51.83500289916992,50.240081787109375,50.58897018432617,15895597
2019-05-03,50.807743072509766,52.33341598510742,52.33341598510742,51.037540435791016,51.33658981323242,13806910
2019-05-06,50.469024658203125,51.984527587890625,52.283573150634766,50.88801574707031,51.037540435791016,8754137
2019-05-07,48.92058181762695,50.38960266113281,51.63563537597656,50.14039611816406,51.535953521728516,11415060
2019-05-08,49.16252899169922,50.63880920410156,51.08738327026367,50.240081787109375,50.240081787109375,9500004
2019-05-09,48.58187484741211,50.040714263916016,50.88801574707031,49.94103240966797,50.38960266113281,11937839
2019-05-10,49.017372131347656,50.48928451538086,50.738494873046875,48.69499969482422,49.94103240966797,12666230
2019-05-13,47.759273529052734,49.19341278076172,50.19023895263672,48.9442024230957,49.093727111816406,12065484
2019-05-14,49.93674850463867,51.43627166748047,51.58579635620117,49.39277648925781,49.542301177978516,14148995
2019-05-15,49.64642333984375,51.13722229003906,51.785160064697266,50.43944549560547,50.58897018432617,10777477
2019-05-16,49.017372131347656,50.48928451538086,51.286746978759766,50.14039611816406,50.93785858154297,10935800
2019-05-17,48.38831329345703,49.84135055541992,50.63880920410156,49.74166488647461,49.89118957519531,7436095
2019-05-20,47.80766677856445,49.24325180053711,50.14039611816406,48.74483871459961,49.39277648925781,10474656
2019-05-21,48.194766998291016,49.64198303222656,49.64198303222656,48.844520568847656,49.64198303222656,12121141
2019-05-22,47.90443801879883,49.342933654785156,50.43944549560547,49.24325180053711,49.592140197753906,10361698
2019-05-23,46.25924301147461,47.64833068847656,48.99404525756836,47.19975662231445,48.89436340332031,11404487
2019-05-24,45.72697067260742,47.100074768066406,48.24642562866211,47.05023193359375,47.9473762512207,9536881
2019-05-28,45.29147720336914,46.6515007019043,47.548648834228516,46.20293045043945,46.90070724487305,14488312
2019-05-29,45.3398551940918,46.70134353637695,46.801025390625,45.604835510253906,46.40229415893555,8945986
2019-05-30,45.8237419128418,47.19975662231445,47.39912414550781,46.3026123046875,46.70134353637695,10138450
2019-05-31,45.6785774230957,47.05023193359375,47.19975662231445,46.352455139160156,46.55181884765625,9297080
2019-06-03,46.11407470703125,47.49880599975586,47.548648834228516,46.103248596191406,46.352455139160156,9484896
2019-06-04,48.38831329345703,49.84135055541992,49.84135055541992,47.7978515625,47.89753723144531,12320032
2019-06-05,47.856056213378906,49.293094635009766,50.289920806884766,48.9442024230957,50.19023895263672,8258886
2019-06-06,48.001220703125,49.44261932373047,49.84135055541992,48.69499969482422,49.293094635009766,7730128
2019-06-07,48.29155349731445,49.74166488647461,50.09055709838867,48.9442024230957,49.342933654785156,8243075
2019-06-10,48.63027572631836,50.09055709838867,51.58579635620117,49.84135055541992,50.09055709838867,10486695
2019-06-11,48.96897888183594,50.43944549560547,50.83817672729492,49.64198303222656,50.33976364135742,7816341
2019-06-12,49.74319839477539,51.236907958984375,51.785160064697266,49.94103240966797,50.240081787109375,11029015
2019-06-13,49.88836669921875,51.38643264770508,52.43309783935547,51.08738327026367,51.63563537597656,12462684
2019-06-14,49.50127029418945,50.987701416015625,51.535953521728516,50.738494873046875,51.236907958984375,6892891
2019-06-17,48.63027572631836,50.09055709838867,51.037540435791016,49.94103240966797,50.83817672729492,9239377
2019-06-18,50.42063903808594,51.93468475341797,51.984527587890625,50.289920806884766,50.38960266113281,14759552
2019-06-19,50.03352355957031,51.535953521728516,52.88167190551758,51.486114501953125,52.18389129638672,12161930
2019-06-20,51.436790466308594,52.981353759765625,53.33024215698242,52.18389129638672,52.18389129638672,13234293
2019-06-21,50.710968017578125,52.233734130859375,53.38008499145508,52.08420944213867,53.18071746826172,13156947
2019-06-24,49.74319839477539,51.236907958984375,52.482940673828125,51.18706512451172,52.13405227661133,7343060
2019-06-25,49.45286560058594,50.93785858154297,51.236907958984375,50.33976364135742,51.13722229003906,7121838
2019-06-26,49.69480514526367,51.18706512451172,51.785160064697266,50.83817672729492,50.93785858154297,6847327
2019-06-27,50.3238525390625,51.83500289916992,52.034366607666016,51.037540435791016,51.037540435791016,6677849
2019-06-28,50.85663986206055,52.33341598510742,52.33341598510742,51.68547821044922,51.785160064697266,8832104
2019-07-01,51.48629379272461,52.981353759765625,53.429927825927734,52.482940673828125,52.93151092529297,8010518
2019-07-02,51.437862396240234,52.93151092529297,53.429927825927734,52.68230438232422,52.981353759765625,6043516
2019-07-03,51.38941955566406,52.88167190551758,53.13087844848633,52.53278350830078,53.13087844848633,4449238
2019-07-05,50.85663986206055,52.33341598510742,52.58262252807617,51.68547821044922,52.53278350830078,6072809
2019-07-08,49.40359878540039,50.83817672729492,51.984527587890625,50.539127349853516,51.93468475341797,9659269
2019-07-09,49.64577102661133,51.08738327026367,51.286746978759766,50.040714263916016,50.43944549560547,7113732
2019-07-10,49.40359878540039,50.83817672729492,51.984527587890625,50.738494873046875,51.286746978759766,7845233
2019-07-11,48.967674255371094,50.38960266113281,51.38643264770508,50.33976364135742,50.93785858154297,6755455
2019-07-12,50.22699737548828,51.68547821044922,51.785160064697266,50.539127349853516,50.738494873046875,7864053
2019-07-15,49.742637634277344,51.18706512451172,51.535953521728516,50.83817672729492,51.08738327026367,8445819
2019-07-16,50.275428771972656,51.735321044921875,51.83500289916992,50.88801574707031,50.987701416015625,7931808
2019-07-17,48.33802795410156,49.74166488647461,51.68547821044922,49.74166488647461,51.68547821044922,10770776
2019-07-18,48.72550582885742,50.14039611816406,50.788333892822266,49.64198303222656,49.89118957519531,9059787
2019-07-19,48.62863540649414,50.040714263916016,50.788333892822266,49.99087142944336,50.240081787109375,6952842
2019-07-22,49.4520263671875,50.88801574707031,50.987701416015625,50.09055709838867,50.09055709838867,8692963
2019-07-23,51.583168029785156,53.08103561401367,53.230560302734375,51.18706512451172,51.236907958984375,14906960
2019-07-24,51.72846221923828,53.230560302734375,53.33024215698242,52.53278350830078,52.732147216796875,9008083
2019-07-25,50.517601013183594,51.984527587890625,53.18071746826172,51.63563537597656,52.981353759765625,9253562
2019-07-26,50.90507507324219,52.38325881958008,52.58262252807617,51.83500289916992,52.18389129638672,5420359
2019-07-29,50.275428771972656,51.735321044921875,52.732147216796875,51.735321044921875,52.33341598510742,7497670
2019-07-30,50.95351028442383,52.43309783935547,52.732147216796875,51.236907958984375,51.785160064697266,9091748
2019-07-31,50.614471435546875,52.08420944213867,53.77881622314453,50.09055709838867,53.62929153442383,34604621
2019-08-01,48.822383880615234,50.240081787109375,52.283573150634766,49.74166488647461,51.68547821044922,17640313
2019-08-02,48.43489456176758,49.84135055541992,50.240081787109375,48.9442024230957,49.89118957519531,12900213
2019-08-05,46.78810501098633,48.14674377441406,48.89436340332031,47.89753723144531,48.794681549072266,14093359
2019-08-06,46.352210998535156,47.69816970825195,48.595314025878906,47.24959945678711,48.39595031738281,13321830
2019-08-07,45.81940841674805,47.14991760253906,47.19975662231445,46.00356674194336,47.05023193359375,15406967
2019-08-08,45.964717864990234,47.2994384765625,47.49880599975586,46.4521369934082,47.39912414550781,9912773
2019-08-09,44.31793975830078,45.604835510253906,47.24959945678711,45.4553108215332,47.19975662231445,15393002
2019-08-12,43.833580017089844,45.106422424316406,45.3057861328125,44.60800552368164,45.05657958984375,13156727
2019-08-13,45.2866325378418,46.601661682128906,47.7978515625,45.90388107299805,46.00356674194336,14852407
2019-08-14,43.73670959472656,45.006736755371094,46.352455139160156,44.6578483581543,46.05340576171875,17895704
2019-08-15,38.79634475708008,39.92292022705078,43.013084411621094,38.128631591796875,42.564510345458984,80465058
2019-08-16,42.57426834106445,43.810546875,43.86038589477539,41.71720886230469,41.91657257080078,49935166
2019-08-19,41.99305725097656,43.21244812011719,44.3089599609375,42.91340255737305,44.259117126464844,22398591
2019-08-20,40.58845138549805,41.767051696777344,42.86355972290039,41.517845153808594,42.763877868652344,20525588
2019-08-21,39.52286911010742,40.67053985595703,42.265464782714844,40.570858001708984,41.6673698425293,17105978
2019-08-22,39.668182373046875,40.820064544677734,41.41815948486328,40.42133331298828,40.77022171020508,13672704
2019-08-23,38.602622985839844,39.72355651855469,40.371490478515625,38.67688751220703,40.321651458740234,25801529
2019-08-26,38.99009323120117,40.12228775024414,40.371490478515625,39.47434616088867,40.17212677001953,11634356
2019-08-27,38.408870697021484,39.52418899536133,40.42133331298828,39.42450714111328,40.321651458740234,13255982
2019-08-28,38.45730972290039,39.574031829833984,39.823238372802734,38.67688751220703,39.47434616088867,11576392
2019-08-29,39.28070068359375,40.42133331298828,40.86990737915039,39.873077392578125,40.072444915771484,11785596
2019-08-30,39.95878982543945,41.11911392211914,41.16895294189453,40.42133331298828,40.570858001708984,9494847
2019-09-03,40.34626388549805,41.517845153808594,41.816890716552734,40.27180862426758,40.371490478515625,13572847
2019-09-04,42.62271499633789,43.86038589477539,44.20927429199219,41.86673355102539,41.91657257080078,18790362
2019-09-05,42.67113494873047,43.91022872924805,46.00356674194336,43.86038589477539,44.807373046875,17433537
2019-09-06,42.186790466308594,43.41181564331055,43.9600715637207,42.71403503417969,43.9600715637207,8596517
2019-09-09,43.39766311645508,44.6578483581543,45.106422424316406,43.511497497558594,43.61117935180664,10023906
2019-09-10,44.269493103027344,45.55499267578125,46.20293045043945,44.35879898071289,44.40864181518555,12563304
2019-09-11,45.335060119628906,46.6515007019043,46.6515007019043,45.1562614440918,45.604835510253906,11455328
2019-09-12,44.85072708129883,46.1530876159668,47.4489631652832,45.9537239074707,46.850868225097656,13666384
2019-09-13,45.287105560302734,46.55181884765625,47.100074768066406,45.55499267578125,46.40229415893555,9146903
2019-09-16,45.48104476928711,46.75118637084961,46.9505500793457,45.70451736450195,46.352455139160156,9178805
2019-09-17,45.384071350097656,46.6515007019043,46.801025390625,46.103248596191406,46.352455139160156,7614962
2019-09-18,45.48104476928711,46.75118637084961,46.801025390625,45.754356384277344,46.40229415893555,8079777
2019-09-19,45.674991607666016,46.9505500793457,47.349281311035156,46.55181884765625,46.601661682128906,6808664
2019-09-20,45.43256378173828,46.70134353637695,47.548648834228516,46.55181884765625,47.14991760253906,11542705
2019-09-23,45.287105560302734,46.55181884765625,46.801025390625,45.854042053222656,45.9537239074707,6723554
2019-09-24,43.49307632446289,44.70769119262695,46.601661682128906,44.6578483581543,46.40229415893555,10702559
2019-09-25,44.41432571411133,45.6546745300293,45.854042053222656,44.55816650390625,44.6578483581543,8799802
2019-09-26,43.735504150390625,44.9568977355957,45.90388107299805,44.6578483581543,45.754356384277344,7469661
2019-09-27,43.832489013671875,45.05657958984375,45.70451736450195,44.807373046875,45.05657958984375,6121624
2019-09-30,43.34760665893555,44.55816650390625,45.35562515258789,44.55816650390625,45.255943298339844,7040620
2019-10-01,41.747520446777344,42.91340255737305,45.05657958984375,42.41498947143555,44.6578483581543,13799506
2019-10-02,41.262657165527344,42.41498947143555,42.96324157714844,41.91657257080078,42.6641960144043,9534413
2019-10-03,42.23239517211914,43.41181564331055,43.41181564331055,41.11911392211914,42.36514663696289,11762643
2019-10-04,41.55358123779297,42.71403503417969,43.36197280883789,42.564510345458984,42.91340255737305,10487838
2019-10-07,41.50509262084961,42.6641960144043,43.11276626586914,42.265464782714844,42.61435317993164,6454560
2019-10-08,40.1474494934082,41.268638610839844,42.36514663696289,41.21879577636719,42.265464782714844,9129448
2019-10-09,40.48686218261719,41.61752700805664,41.71720886230469,41.069271087646484,41.41815948486328,6589067
2019-10-10,40.97172546386719,42.11594009399414,42.46482849121094,41.41815948486328,41.567684173583984,6128666
2019-10-11,42.66879653930664,43.86038589477539,44.4584846496582,42.763877868652344,42.813720703125,11202546
2019-10-14,42.2808837890625,43.46165466308594,44.10959243774414,43.062923431396484,44.05975341796875,6832219
2019-10-15,43.10517883300781,44.3089599609375,44.4584846496582,42.91340255737305,43.56134033203125,7791583
2019-10-16,43.153656005859375,44.35879898071289,45.20610427856445,44.05975341796875,44.1594352722168,11605123
2019-10-17,43.832489013671875,45.05657958984375,45.3057861328125,44.259117126464844,44.4584846496582,6552993
2019-10-18,43.444580078125,44.6578483581543,45.35562515258789,44.60800552368164,44.90705490112305,7827417
2019-10-21,42.62030029296875,43.810546875,45.4553108215332,43.6610221862793,44.807373046875,12155530
2019-10-22,43.92945861816406,45.1562614440918,45.1562614440918,42.91340255737305,43.71086120605469,11459381
2019-10-23,44.317352294921875,45.55499267578125,45.604835510253906,44.508323669433594,44.757530212402344,9547274
2019-10-24,43.396087646484375,44.60800552368164,45.604835510253906,44.259117126464844,45.4553108215332,6848069
2019-10-25,43.6385383605957,44.857215881347656,45.3057861328125,44.4584846496582,44.4584846496582,8458780
2019-10-28,43.97794723510742,45.20610427856445,45.4553108215332,44.807373046875,44.9568977355957,6371196
2019-10-29,43.97794723510742,45.20610427856445,45.55499267578125,44.508323669433594,44.90705490112305,9180931
2019-10-30,49.0206184387207,50.38960266113281,51.68547821044922,48.39595031738281,48.74483871459961,43326155
2019-10-31,48.390289306640625,49.74166488647461,50.88801574707031,49.14356994628906,50.09055709838867,17381933
2019-11-01,50.329776763916016,51.735321044921875,51.785160064697266,50.14039611816406,50.240081787109375,16462897
2019-11-04,52.99657440185547,54.476593017578125,54.57627868652344,51.93468475341797,51.93468475341797,19618249
2019-11-05,53.190528869628906,54.675960540771484,54.675960540771484,53.429927825927734,54.426753997802734,14321783
2019-11-06,53.43296432495117,54.925167083740234,55.32389831542969,53.77881622314453,54.476593017578125,15650118
2019-11-07,54.74211502075195,56.27088165283203,56.420406341552734,55.27405548095703,55.32389831542969,14261713
2019-11-08,55.85731887817383,57.417232513427734,57.56675720214844,55.52326202392578,55.97183609008789,12535897
2019-11-11,55.033042907714844,56.56993103027344,57.31755065917969,56.02167510986328,56.81913757324219,9144135
2019-11-12,55.37245178222656,56.918819427490234,57.71628189086914,56.27088165283203,56.420406341552734,9819738
2019-11-13,54.74211502075195,56.27088165283203,56.619773864746094,55.72262954711914,56.27088165283203,10830626
2019-11-14,54.74211502075195,56.27088165283203,56.56993103027344,55.72262954711914,55.72262954711914,6177722
2019-11-15,55.85731887817383,57.417232513427734,57.56675720214844,56.47024917602539,56.52008819580078,7671582
2019-11-18,55.46942901611328,57.01850128173828,57.31755065917969,56.47024917602539,56.868980407714844,10226930
2019-11-19,55.76034164428711,57.31755065917969,57.56675720214844,56.121360778808594,56.96866226196289,9396375
2019-11-20,55.22698211669922,56.76929473876953,57.2677116394043,56.121360778808594,57.01850128173828,9367744
2019-11-21,55.90580749511719,57.46707534790039,57.915645599365234,56.37056350708008,56.47024917602539,8364300
2019-11-22,56.00278854370117,57.56675720214844,58.4140625,57.2677116394043,57.2677116394043,7720858
2019-11-25,56.148250579833984,57.71628189086914,59.01215744018555,57.66644287109375,58.115013122558594,11378143
2019-11-26,55.033042907714844,56.56993103027344,58.164852142333984,56.37056350708008,57.915645599365234,12879647
2019-11-27,54.74211502075195,56.27088165283203,57.168025970458984,56.121360778808594,56.76929473876953,9128706
2019-11-29,54.6451416015625,56.171199798583984,56.619773864746094,55.921993255615234,56.22104263305664,4562336
2019-12-02,54.11178207397461,55.62294387817383,57.417232513427734,55.52326202392578,56.37056350708008,13785963
2019-12-03,53.287506103515625,54.77564239501953,55.37373733520508,53.87849807739258,54.82548522949219,12850515
2019-12-04,52.851104736328125,54.32706832885742,55.72262954711914,54.177547454833984,55.672786712646484,8777551
2019-12-05,52.317752838134766,53.77881622314453,54.62611770629883,53.62929153442383,54.27722930908203,9484775
2019-12-06,53.820865631103516,55.32389831542969,55.37373733520508,54.07786178588867,54.32706832885742,10151591
2019-12-09,53.287506103515625,54.77564239501953,55.473419189453125,54.675960540771484,54.725799560546875,5356135
2019-12-10,53.38447189331055,54.87532424926758,54.975006103515625,54.426753997802734,54.77564239501953,4971956
2019-12-11,53.190528869628906,54.675960540771484,55.27405548095703,54.57627868652344,54.675960540771484,7365872
2019-12-12,55.46942901611328,57.01850128173828,57.66644287109375,56.02167510986328,56.56993103027344,20039606
2019-12-13,54.98455810546875,56.52008819580078,57.81596374511719,56.47024917602539,57.31755065917969,10560930
2019-12-16,54.1602783203125,55.672786712646484,56.619773864746094,55.473419189453125,56.22104263305664,11137921
2019-12-17,53.820865631103516,55.32389831542969,55.97183609008789,55.224212646484375,55.57310485839844,8376439
2019-12-18,53.14204406738281,54.62611770629883,55.52326202392578,54.426753997802734,54.925167083740234,15133639
2019-12-19,53.529937744140625,55.02484893798828,55.57310485839844,54.725799560546875,54.725799560546875,9090163
2019-12-20,53.52993392944336,54.975006103515625,55.52326202392578,54.32706832885742,55.224212646484375,14775102
2019-12-23,54.16083526611328,55.62294387817383,55.672786712646484,54.82548522949219,54.82548522949219,8834673
2019-12-24,54.306427001953125,55.77246856689453,55.82231140136719,55.27405548095703,55.32389831542969,4167022
2019-12-26,54.500553131103516,55.97183609008789,55.97183609008789,55.473419189453125,55.72262954711914,6092672
2019-12-27,54.257904052734375,55.72262954711914,55.87215042114258,55.473419189453125,55.672786712646484,6013441
2019-12-30,53.77259826660156,55.224212646484375,55.62294387817383,54.975006103515625,55.174373626708984,9659851
2019-12-31,54.16083526611328,55.62294387817383,55.62294387817383,54.62611770629883,54.82548522949219,11367670
2020-01-02,57.89774703979492,59.46072769165039,59.610252380371094,55.97183609008789,55.97183609008789,17540015
2020-01-03,58.09186553955078,59.66009521484375,59.80961990356445,57.46707534790039,57.66644287109375,17231837
2020-01-06,58.916908264160156,60.50739669799805,60.856285095214844,59.01215744018555,59.01215744018555,22461009
2020-01-07,58.480125427246094,60.0588264465332,61.00580978393555,59.410888671875,60.5572395324707,14160793
2020-01-08,57.94627380371094,59.51057052612305,60.0588264465332,59.16168212890625,59.7597770690918,11115771
2020-01-09,57.800682067871094,59.361045837402344,60.2581901550293,58.96231460571289,60.15850830078125,7900488
2020-01-10,56.63594055175781,58.164852142333984,59.361045837402344,57.7661247253418,59.01215744018555,11767739
2020-01-13,58.81983947753906,60.40771484375,60.5572395324707,58.21469497680664,58.51374435424805,13274420
2020-01-14,58.383060455322266,59.959144592285156,60.7566032409668,59.7597770690918,60.607078552246094,9034667
2020-01-15,57.60655975341797,59.16168212890625,59.9093017578125,58.96231460571289,59.9093017578125,9239517
2020-01-16,57.46096420288086,59.01215744018555,59.70993423461914,58.9124755859375,59.51057052612305,7358067
2020-01-17,57.31536865234375,58.862632751464844,59.46072769165039,58.613426208496094,59.06199645996094,9345794
2020-01-21,56.58740997314453,58.115013122558594,58.81279373168945,57.865806579589844,58.51374435424805,8775485
2020-01-22,55.179996490478516,56.669612884521484,58.364219665527344,56.56993103027344,58.364219665527344,12428998
2020-01-23,57.12125015258789,58.663265228271484,59.06199645996094,57.81596374511719,58.46390151977539,14679157
2020-01-24,56.83006286621094,58.364219665527344,59.2613639831543,57.915645599365234,59.21152114868164,11912960
2020-01-27,55.51971435546875,57.01850128173828,57.7661247253418,56.71945571899414,57.06834411621094,9602991
2020-01-28,56.9271125793457,58.46390151977539,58.9124755859375,57.168025970458984,57.417232513427734,12625782
2020-01-29,62.79940414428711,64.49470520019531,64.79375457763672,62.25184631347656,62.65057373046875,44278356
2020-01-30,61.780242919921875,63.448036193847656,64.74391174316406,62.30168533325195,64.24549865722656,19154638
2020-01-31,60.42137908935547,62.0524787902832,63.49787902832031,61.50422286987305,63.198829650878906,15646447
2020-02-03,59.4992790222168,61.10549545288086,63.198829650878906,61.0556526184082,62.10232162475586,10105766
2020-02-04,61.05227279663086,62.700416564941406,62.8997802734375,61.7534294128418,62.25184631347656,8905297
2020-02-05,62.41116714477539,64.09597778320312,64.09597778320312,62.65057373046875,63.59756088256836,10046658
2020-02-06,62.84794235229492,64.54454803466797,64.79375457763672,63.946449279785156,64.49470520019531,12763278
2020-02-07,62.26555633544922,63.946449279785156,65.24232482910156,63.84676742553711,64.8934326171875,13369743
2020-02-10,62.653812408447266,64.34518432617188,64.64422607421875,63.647403717041016,63.99629211425781,6720424
2020-02-11,62.36262893676758,64.04613494873047,64.6940689086914,63.697242736816406,64.54454803466797,8202487
2020-02-12,63.86709213256836,65.59121704101562,66.08963012695312,64.1956558227539,64.54454803466797,13184414
2020-02-13,62.79940414428711,64.49470520019531,65.59121704101562,64.29534149169922,65.1924819946289,10234936
2020-02-14,62.26555633544922,63.946449279785156,65.14264678955078,63.54772186279297,64.64422607421875,7416954
2020-02-18,61.877315521240234,63.54772186279297,64.54454803466797,63.148990631103516,63.34835433959961,8820688
2020-02-19,61.197872161865234,62.84994125366211,64.49470520019531,62.75025939941406,63.29851150512695,11010597
2020-02-20,60.80961990356445,62.451210021972656,63.198829650878906,61.85311508178711,63.0493049621582,7937566
2020-02-21,59.45075225830078,61.0556526184082,62.10232162475586,60.9061279296875,62.0524787902832,8611565
2020-02-24,57.55803298950195,59.111839294433594,60.108665466308594,57.81596374511719,58.2645378112793,14240786
2020-02-25,54.93733596801758,56.420406341552734,59.80961990356445,55.72262954711914,59.66009521484375,16269102
2020-02-26,53.141685485839844,54.57627868652344,57.51691436767578,53.82865524291992,56.669612884521484,18682881
2020-02-27,50.42393493652344,51.785160064697266,54.57627868652344,51.38643264770508,52.93151092529297,18910102
2020-02-28,52.80197525024414,54.227386474609375,55.77246856689453,49.14356994628906,49.592140197753906,30359552
2020-03-02,54.40349578857422,55.87215042114258,56.52008819580078,53.62929153442383,55.87215042114258,25039892
2020-03-03,52.80197525024414,54.227386474609375,56.71945571899414,53.18071746826172,56.07151794433594,21919391
2020-03-04,53.141685485839844,54.57627868652344,55.423580169677734,53.33024215698242,55.12453079223633,16665500
2020-03-05,48.91947937011719,50.240081787109375,53.479766845703125,49.592140197753906,52.83182907104492,21686251
2020-03-06,45.66465377807617,46.850868225097656,48.64515686035156,45.754356384277344,48.545475006103516,29787216
2020-03-09,39.88370132446289,40.91974639892578,43.1626091003418,40.42133331298828,41.517845153808594,24558063
2020-03-10,42.99277877807617,44.10959243774414,44.10959243774414,40.67053985595703,43.760704040527344,19850767
2020-03-11,39.88370132446289,40.91974639892578,43.1626091003418,40.67053985595703,42.96324157714844,20746329
2020-03-12,35.12291717529297,36.03529357910156,38.77656936645508,34.04164123535156,36.03529357910156,31583435
2020-03-13,38.134830474853516,39.125457763671875,40.072444915771484,35.83592987060547,38.876251220703125,22099041
2020-03-16,32.35389709472656,33.194339752197266,35.63656234741211,33.14449691772461,34.83910369873047,23255932
2020-03-17,34.39422607421875,35.28767395019531,36.53371047973633,31.400049209594727,34.440372467041016,24121739
2020-03-18,32.06241226196289,32.89529037475586,33.89211654663086,29.406396865844727,32.44671630859375,27873844
2020-03-19,31.479463577270508,32.29719543457031,34.440372467041016,30.652429580688477,31.898462295532227,19861762
2020-03-20,31.67377281188965,32.496559143066406,35.13814926147461,32.14767074584961,34.938785552978516,25306037
2020-03-23,29.682022094726562,30.45306396484375,33.04481506347656,30.054332733154297,32.14767074584961,21193467
2020-03-24,34.054168701171875,34.938785552978516,35.187992095947266,32.247352600097656,33.194339752197266,23974833
2020-03-25,36.726036071777344,37.68006134033203,39.873077392578125,34.689579010009766,37.131805419921875,27665082
2020-03-26,39.44647979736328,40.47117614746094,41.36832046508789,37.43085479736328,38.02894973754883,24714600
2020-03-27,37.017513275146484,37.97910690307617,39.22513961791992,37.58037567138672,38.27815628051758,18719196
2020-03-30,38.329158782958984,39.324825286865234,39.574031829833984,36.633392333984375,37.58037567138672,17425331
2020-03-31,38.57204818725586,39.574031829833984,40.77022171020508,38.97593688964844,39.22513961791992,24307107
2020-04-01,34.19990921020508,35.08831024169922,37.630218505859375,34.88894271850586,37.48069381713867,19974760
2020-04-02,33.5197868347168,34.39052963256836,36.83275604248047,33.742591857910156,34.98862838745117,19561750
2020-04-03,32.693946838378906,33.54322814941406,35.13814926147461,32.79560852050781,35.03846740722656,19622924
2020-04-06,35.12291717529297,36.03529357910156,36.384185791015625,34.58989715576172,35.23783493041992,19672140
2020-04-07,34.15132141113281,35.03846740722656,38.627044677734375,34.88894271850586,38.32799530029297,19278732
2020-04-08,35.46298599243164,36.384185791015625,36.78291320800781,35.187992095947266,35.78608703613281,18589124
2020-04-09,34.685699462890625,35.58672332763672,37.58037567138672,35.33751678466797,37.131805419921875,25701070
2020-04-13,34.10275650024414,34.98862838745117,35.53688049316406,33.692752838134766,35.53688049316406,18874790
2020-04-14,33.665531158447266,34.54005432128906,36.08513641357422,34.09148406982422,35.387359619140625,21481602
2020-04-15,31.57662010192871,32.39687728881836,33.54322814941406,31.649255752563477,33.54322814941406,27732155
2020-04-16,30.313552856445312,31.101001739501953,32.59624099731445,30.901636123657227,32.29719543457031,33241115
2020-04-17,33.22832489013672,34.09148406982422,34.58989715576172,31.599414825439453,32.247352600097656,33287181
2020-04-20,31.62519645690918,32.44671630859375,33.64291000366211,32.197509765625,32.945133209228516,20001786
2020-04-21,31.479463577270508,32.29719543457031,32.79560852050781,31.400049209594727,31.848621368408203,15539929
2020-04-22,31.236570358276367,32.04798889160156,33.09465789794922,31.898462295532227,32.8454475402832,15398901
2020-04-23,31.67377281188965,32.496559143066406,33.59306716918945,32.04798889160156,32.197509765625,16611930
2020-04-24,30.41071128845215,31.20068359375,32.89529037475586,31.150842666625977,32.8454475402832,31222349
2020-04-27,31.236570358276367,32.04798889160156,32.247352600097656,31.54957389831543,31.79878044128418,21475783
2020-04-28,33.033992767333984,33.89211654663086,34.490211486816406,32.745765686035156,32.745765686035156,28223273
2020-04-29,31.96525764465332,32.79560852050781,34.39052963256836,32.496559143066406,33.29402160644531,45188986
2020-04-30,33.033992767333984,33.89211654663086,33.991798400878906,31.948305130004883,32.695926666259766,35254082
2020-05-01,31.57662010192871,32.39687728881836,33.59306716918945,31.948305130004883,33.244178771972656,24151935
2020-05-04,30.167818069458008,30.95147705078125,31.44989013671875,30.652429580688477,31.400049209594727,27457604
2020-05-05,30.119234085083008,30.901636123657227,32.197509765625,30.7022705078125,31.30036735534668,23474184
2020-05-06,29.050491333007812,29.805126190185547,31.150842666625977,29.755285263061523,30.901636123657227,23525367
2020-05-07,29.682022094726562,30.45306396484375,31.20068359375,30.203857421875,30.203857421875,20196745
2020-05-08,30.55645179748535,31.350208282470703,31.54957389831543,30.7022705078125,30.95147705078125,18787072
2020-05-11,30.07065773010254,30.851795196533203,31.150842666625977,30.55274772644043,31.101001739501953,14414337
2020-05-12,29.147647857666016,29.904809951782227,31.30036735534668,29.904809951782227,31.001319885253906,19191335
2020-05-13,28.12748146057129,28.85814094543457,30.004491806030273,27.313058853149414,29.904809951782227,47299141
2020-05-14,27.690263748168945,28.409568786621094,29.406396865844727,27.313058853149414,28.01083755493164,28130338
2020-05-15,26.67009735107422,27.362899780273438,28.210203170776367,27.313058853149414,27.960996627807617,25779038
2020-05-18,30.459293365478516,31.250526428222656,32.3470344543457,28.60893440246582,28.60893440246582,51073738
2020-05-19,30.167818069458008,30.95147705078125,31.748939514160156,30.35338020324707,31.350208282470703,21766084
2020-05-20,31.18798065185547,31.998146057128906,32.247352600097656,31.350208282470703,31.54957389831543,18315596
2020-05-21,31.479463577270508,32.29719543457031,32.64608383178711,31.54957389831543,31.998146057128906,19827132
2020-05-22,31.139406204223633,31.948305130004883,32.29719543457031,31.250526428222656,32.29719543457031,13961540
2020-05-26,33.033992767333984,33.89211654663086,34.58989715576172,33.84227752685547,33.84227752685547,25984590
2020-05-27,35.414390563964844,36.33434295654297,37.03212356567383,35.33751678466797,36.134979248046875,29644242
2020-05-28,32.93684005737305,33.79243469238281,37.33116912841797,33.59306716918945,37.33116912841797,27831269
2020-05-29,31.916675567626953,32.745765686035156,33.493385314941406,32.09782791137695,32.695926666259766,25942336
2020-06-01,32.83968734741211,33.692752838134766,33.991798400878906,32.3470344543457,32.79560852050781,15083601
2020-06-02,34.24847412109375,35.13814926147461,35.78608703613281,34.191165924072266,34.39052963256836,22787385
2020-06-03,35.75444412231445,36.683231353759766,36.98228073120117,35.78608703613281,35.98545455932617,24642090
2020-06-04,37.6004638671875,38.577205657958984,38.627044677734375,35.73624801635742,36.434024810791016,25118482
2020-06-05,38.28057098388672,39.27498245239258,42.6641960144043,39.02577590942383,42.11594009399414,33669153
2020-06-08,41.09817886352539,42.16577911376953,42.71403503417969,40.42133331298828,40.96958923339844,31792699
2020-06-09,38.960693359375,39.97276306152344,40.91974639892578,39.374664306640625,40.820064544677734,23603936
2020-06-10,36.96893310546875,37.92926788330078,39.77339553833008,37.48069381713867,39.72355651855469,23465356
2020-06-11,33.7626838684082,34.63973617553711,36.633392333984375,34.09148406982422,35.187992095947266,24979842
2020-06-12,35.22007369995117,36.134979248046875,37.03212356567383,35.28767395019531,36.58354949951172,20261430
2020-06-15,35.17148971557617,36.08513641357422,36.633392333984375,34.14132308959961,34.63973617553711,20497800
2020-06-16,36.288822174072266,37.23148727416992,38.577205657958984,36.33434295654297,38.52736282348633,19694772
2020-06-17,35.17148971557617,36.08513641357422,37.53053665161133,35.885772705078125,37.381011962890625,15090141
2020-06-18,35.36581802368164,36.28450012207031,36.48386764526367,34.98862838745117,35.53688049316406,15729550
2020-06-19,34.73427200317383,35.63656234741211,37.131805419921875,35.33751678466797,36.98228073120117,17792356
2020-06-22,34.19990921020508,35.08831024169922,35.78608703613281,34.689579010009766,35.73624801635742,15707761
2020-06-23,34.005584716796875,34.88894271850586,35.53688049316406,34.73942184448242,35.33751678466797,16168082
2020-06-24,31.72235107421875,32.54640197753906,34.39052963256836,32.496559143066406,34.39052963256836,29025298
2020-06-25,32.451053619384766,33.29402160644531,33.39370346069336,31.998146057128906,32.39687728881836,14836396
2020-06-26,31.526657104492188,32.29719543457031,33.14449691772461,32.14767074584961,32.994972229003906,17938840
2020-06-29,33.083518981933594,33.89211654663086,33.89211654663086,32.39687728881836,32.745765686035156,15103383
2020-06-30,33.229488372802734,34.04164123535156,34.24100875854492,33.194339752197266,33.443546295166016,13947676
2020-07-01,32.7916145324707,33.59306716918945,34.938785552978516,33.443546295166016,34.54005432128906,24202957
2020-07-02,33.18082809448242,33.991798400878906,35.08831024169922,33.941959381103516,34.191165924072266,14877567
2020-07-06,34.05656814575195,34.88894271850586,35.28767395019531,34.34069061279297,34.78926086425781,15133900
2020-07-07,32.888919830322266,33.692752838134766,34.34069061279297,33.64291000366211,34.34069061279297,12526487
2020-07-08,33.37544631958008,34.191165924072266,34.24100875854492,33.493385314941406,33.991798400878906,12928884
2020-07-09,32.013179779052734,32.79560852050781,34.04164123535156,32.79560852050781,34.04164123535156,14997186
2020-07-10,32.5483512878418,33.3438606262207,33.493385314941406,32.54640197753906,32.59624099731445,12725057
2020-07-13,32.59699630737305,33.39370346069336,33.991798400878906,33.09465789794922,33.692752838134766,13742084
2020-07-14,33.472747802734375,34.29084777832031,34.34069061279297,32.745765686035156,33.194339752197266,13946091
2020-07-15,34.73771286010742,35.58672332763672,35.935611724853516,35.03846740722656,35.33751678466797,18022606
2020-07-16,34.29982376098633,35.13814926147461,35.78608703613281,34.83910369873047,35.187992095947266,10502384
2020-07-17,34.39714050292969,35.23783493041992,35.63656234741211,34.78926086425781,35.187992095947266,12029771
2020-07-20,33.424102783203125,34.24100875854492,35.187992095947266,34.191165924072266,34.938785552978516,9844356
2020-07-21,34.251190185546875,35.08831024169922,35.63656234741211,34.39052963256836,34.58989715576172,14019625
2020-07-22,34.34848403930664,35.187992095947266,35.33751678466797,34.39052963256836,34.83910369873047,13143364
2020-07-23,34.251190185546875,35.08831024169922,35.48704147338867,34.73942184448242,35.187992095947266,13769391
2020-07-24,33.37544631958008,34.191165924072266,35.437198638916016,33.991798400878906,34.98862838745117,13131567
2020-07-27,32.64566421508789,33.443546295166016,34.14132308959961,33.3438606262207,34.09148406982422,14185812
2020-07-28,33.521400451660156,34.34069061279297,34.689579010009766,33.3438606262207,33.39370346069336,15255125
2020-07-29,32.061824798583984,32.8454475402832,34.88894271850586,32.496559143066406,34.83910369873047,29782982
2020-07-30,30.456300735473633,31.20068359375,32.44671630859375,31.20068359375,32.39687728881836,25586567
2020-07-31,29.53191375732422,30.253698348999023,31.350208282470703,29.904809951782227,31.150842666625977,28609840
2020-08-03,29.72652244567871,30.45306396484375,30.851795196533203,30.004491806030273,30.602588653564453,18011050
2020-08-04,29.872478485107422,30.602588653564453,30.901636123657227,30.403223037719727,30.403223037719727,14253587
2020-08-05,31.137432098388672,31.898462295532227,31.898462295532227,30.602588653564453,30.752111434936523,21286984
2020-08-06,30.796873092651367,31.54957389831543,31.998146057128906,31.30036735534668,31.54957389831543,14027650
2020-08-07,31.137432098388672,31.898462295532227,32.197509765625,31.150842666625977,31.350208282470703,16665861
2020-08-10,32.451053619384766,33.244178771972656,33.39370346069336,31.79878044128418,32.04798889160156,18929062
2020-08-11,32.74296188354492,33.54322814941406,34.88894271850586,33.3438606262207,34.24100875854492,18687596
2020-08-12,32.694305419921875,33.493385314941406,34.29084777832031,32.79560852050781,34.24100875854492,14073295
2020-08-13,32.1104850769043,32.89529037475586,33.692752838134766,32.8454475402832,32.8454475402832,10719714
2020-08-14,32.402400970458984,33.194339752197266,33.493385314941406,32.247352600097656,32.59624099731445,10111524
2020-08-17,31.47800636291504,32.247352600097656,33.3438606262207,32.14767074584961,33.244178771972656,11843460
2020-08-18,31.332042694091797,32.09782791137695,32.745765686035156,31.948305130004883,32.3470344543457,8564375
2020-08-19,31.04013442993164,31.79878044128418,32.745765686035156,31.649255752563477,32.247352600097656,10907008
2020-08-20,30.504959106445312,31.250526428222656,31.79878044128418,30.95147705078125,31.54957389831543,12793394
2020-08-21,30.69956398010254,31.44989013671875,31.79878044128418,31.05116081237793,31.150842666625977,12008403
2020-08-24,32.256439208984375,33.04481506347656,33.09465789794922,31.400049209594727,31.649255752563477,20622516
2020-08-25,32.061824798583984,32.8454475402832,33.39370346069336,32.29719543457031,33.14449691772461,13934033
2020-08-26,31.526657104492188,32.29719543457031,32.994972229003906,32.09782791137695,32.994972229003906,11497281
2020-08-27,31.526657104492188,32.29719543457031,33.04481506347656,32.14767074584961,32.496559143066406,14724301
2020-08-28,32.159141540527344,32.945133209228516,32.994972229003906,32.247352600097656,32.44671630859375,11870004
2020-08-31,30.845521926879883,31.599414825439453,33.3438606262207,31.20068359375,32.44671630859375,28464920
2020-09-01,30.115741729736328,30.851795196533203,31.898462295532227,30.652429580688477,31.250526428222656,18695642
2020-09-02,31.332042694091797,32.09782791137695,32.14767074584961,30.752111434936523,30.901636123657227,16816680
2020-09-03,30.748220443725586,31.499731063842773,33.14449691772461,31.30036735534668,31.848621368408203,18884902
2020-09-04,31.234737396240234,31.998146057128906,32.695926666259766,31.20068359375,32.04798889160156,17992270
2020-09-08,29.872478485107422,30.602588653564453,31.699098587036133,30.55274772644043,31.499731063842773,24206006
2020-09-09,29.96978187561035,30.7022705078125,30.901636123657227,30.004491806030273,30.901636123657227,21878280
2020-09-10,29.19134521484375,29.904809951782227,30.901636123657227,29.904809951782227,30.752111434936523,19526919
2020-09-11,28.94808578491211,29.655603408813477,30.154016494750977,29.555919647216797,30.104175567626953,14429505
2020-09-14,29.921127319335938,30.652429580688477,30.7022705078125,29.7054443359375,29.85496711730957,14847532
2020-09-15,29.67786979675293,30.403223037719727,31.001319885253906,30.004491806030273,30.752111434936523,17325133
2020-09-16,32.840267181396484,33.64291000366211,33.941959381103516,30.154016494750977,30.403223037719727,51360267
2020-09-17,34.29982376098633,35.13814926147461,35.78608703613281,33.244178771972656,33.941959381103516,52374245
2020-09-18,33.472747802734375,34.29084777832031,35.58672332763672,34.24100875854492,34.490211486816406,29148649
2020-09-21,30.894174575805664,31.649255752563477,33.14449691772461,31.05116081237793,33.04481506347656,32651524
2020-09-22,30.40764808654785,31.150842666625977,32.79560852050781,30.95147705078125,31.898462295532227,28269901
2020-09-23,29.72652244567871,30.45306396484375,31.998146057128906,30.403223037719727,31.30036735534668,17785373
2020-09-24,29.483259201049805,30.203857421875,30.80195426940918,29.904809951782227,30.403223037719727,19154738
2020-09-25,29.775657653808594,30.45306396484375,30.752111434936523,30.004491806030273,30.203857421875,16006529
2020-09-28,30.21424674987793,30.901636123657227,31.44989013671875,30.80195426940918,31.05116081237793,16711586
2020-09-29,29.82438850402832,30.502904891967773,31.05116081237793,30.203857421875,30.95147705078125,14761158
2020-09-30,30.360448837280273,31.05116081237793,31.350208282470703,30.602588653564453,30.602588653564453,19417934
2020-10-01,30.4091796875,31.101001739501953,31.350208282470703,30.45306396484375,31.250526428222656,15885525
2020-10-02,31.140169143676758,31.848621368408203,31.898462295532227,30.154016494750977,30.154016494750977,18072625
2020-10-05,31.237634658813477,31.948305130004883,32.14767074584961,31.499731063842773,31.848621368408203,11693825
2020-10-06,30.068050384521484,30.752111434936523,32.79560852050781,30.45306396484375,32.04798889160156,34121508
2020-10-07,30.75030517578125,31.44989013671875,31.898462295532227,30.95147705078125,31.001319885253906,16710242
2020-10-08,32.4072265625,33.14449691772461,33.244178771972656,31.599414825439453,31.699098587036133,20699139
2020-10-09,33.33314514160156,34.09148406982422,35.23783493041992,33.39370346069336,35.23783493041992,34410686
2020-10-12,33.2844123840332,34.04164123535156,34.490211486816406,33.59306716918945,34.490211486816406,17863963
2020-10-13,32.74834442138672,33.493385314941406,33.991798400878906,33.194339752197266,33.84227752685547,15105450
2020-10-14,33.235679626464844,33.991798400878906,34.34069061279297,33.493385314941406,33.493385314941406,19652097
2020-10-15,33.47934341430664,34.24100875854492,34.29084777832031,32.945133209228516,33.39370346069336,17907361
2020-10-16,35.5261116027832,36.33434295654297,36.633392333984375,34.58989715576172,34.689579010009766,33937143
2020-10-19,35.5261116027832,36.33434295654297,37.23148727416992,36.03529357910156,36.83275604248047,26250714
2020-10-20,35.76976776123047,36.58354949951172,36.98228073120117,36.23466110229492,36.633392333984375,19746677
2020-10-21,35.672298431396484,36.48386764526367,36.932437896728516,36.23466110229492,36.28450012207031,14809210
2020-10-22,37.621620178222656,38.47751998901367,38.627044677734375,36.48386764526367,36.53371047973633,19214348
2020-10-23,37.18301773071289,38.02894973754883,40.02260208129883,37.68006134033203,39.52418899536133,26597033
2020-10-26,35.96470260620117,36.78291320800781,37.68006134033203,36.28450012207031,37.181644439697266,20917251
2020-10-27,34.60019302368164,35.387359619140625,36.882598876953125,35.33751678466797,36.882598876953125,19696497
2020-10-28,36.159629821777344,36.98228073120117,39.17530059814453,36.932437896728516,37.43085479736328,50860201
2020-10-29,35.91597366333008,36.73307418823242,38.577205657958984,36.434024810791016,38.17847442626953,24738095
2020-10-30,36.159629821777344,36.98228073120117,37.58037567138672,36.33434295654297,36.58354949951172,20539191
2020-11-02,36.64696502685547,37.48069381713867,37.77974319458008,36.53371047973633,37.381011962890625,21844975
2020-11-03,38.255130767822266,39.125457763671875,39.47434616088867,37.58037567138672,38.128631591796875,19636808
2020-11-04,38.255130767822266,39.125457763671875,39.97276306152344,37.53053665161133,38.32799530029297,25465824
2020-11-05,38.93739700317383,39.823238372802734,40.12228775024414,39.42450714111328,39.623870849609375,17215987
2020-11-06,39.42472457885742,40.321651458740234,40.570858001708984,39.67371368408203,39.97276306152344,16878656
2020-11-09,42.494873046875,43.46165466308594,46.90070724487305,42.91340255737305,46.601661682128906,38779589
2020-11-10,43.76192855834961,44.757530212402344,45.35562515258789,43.61117935180664,43.9600715637207,33051594
2020-11-11,43.32332992553711,44.3089599609375,45.4553108215332,44.009910583496094,45.40546798706055,17543666
2020-11-12,42.6898193359375,43.6610221862793,44.20927429199219,43.21244812011719,43.6610221862793,15954303
2020-11-13,45.07771301269531,46.103248596191406,46.103248596191406,44.10959243774414,44.1594352722168,26078809
2020-11-16,46.63716125488281,47.69816970825195,48.04705810546875,46.9505500793457,47.89753723144531,23830013
2020-11-17,47.1732177734375,48.24642562866211,48.545475006103516,46.50197982788086,47.100074768066406,18127238
2020-11-18,47.41688919067383,48.49563217163086,50.09055709838867,48.49563217163086,49.69182586669922,29867932
2020-11-19,47.07575225830078,48.14674377441406,48.64515686035156,47.39912414550781,47.9473762512207,17490999
2020-11-20,47.56308364868164,48.64515686035156,48.99404525756836,47.7978515625,48.04705810546875,16078116
2020-11-23,49.073795318603516,50.19023895263672,51.18706512451172,49.14356994628906,49.14356994628906,21708341
2020-11-24,50.92563247680664,52.08420944213867,54.07786178588867,51.83500289916992,53.38008499145508,35369990
2020-11-25,51.169288635253906,52.33341598510742,52.63246536254883,51.535953521728516,52.482940673828125,22044528
2020-11-27,50.681968688964844,51.83500289916992,52.63246536254883,51.38643264770508,52.58262252807617,10865436
2020-11-30,49.60985565185547,50.738494873046875,51.785160064697266,49.64198303222656,51.785160064697266,25100464
2020-12-01,49.46364974975586,50.58897018432617,52.233734130859375,50.38960266113281,51.486114501953125,17408658
2020-12-02,50.828163146972656,51.984527587890625,52.233734130859375,49.89118957519531,50.240081787109375,15496290
2020-12-03,51.65662384033203,52.83182907104492,53.33024215698242,51.785160064697266,51.83500289916992,18348801
2020-12-04,53.02113723754883,54.227386474609375,54.476593017578125,52.38325881958008,53.18071746826172,27090138
2020-12-07,52.92366409301758,54.12770462036133,55.32389831542969,53.62929153442383,54.27722930908203,19542810
2020-12-08,53.41099166870117,54.62611770629883,54.975006103515625,53.77881622314453,53.92833709716797,18735107
2020-12-09,55.506500244140625,56.76929473876953,57.2677116394043,54.82548522949219,54.82548522949219,25307401
2020-12-10,55.165367126464844,56.420406341552734,57.21786880493164,55.12453079223633,55.224212646484375,19195227
2020-12-11,54.385643005371094,55.62294387817383,56.868980407714844,54.925167083740234,56.22104263305664,17853791
2020-12-14,52.777469635009766,53.978179931640625,56.56993103027344,53.77881622314453,56.171199798583984,15913996
2020-12-15,54.14197540283203,55.37373733520508,55.57310485839844,53.08103561401367,54.57627868652344,17377921
2020-12-16,53.264793395996094,54.476593017578125,55.57310485839844,54.32706832885742,55.473419189453125,11800604
2020-12-17,53.02113723754883,54.227386474609375,54.77564239501953,53.82865524291992,54.52643585205078,12528955
2020-12-18,52.72846984863281,53.87849807739258,55.423580169677734,53.52960968017578,53.728973388671875,23023775
2020-12-21,52.53336715698242,53.679134368896484,54.177547454833984,51.63563537597656,52.18389129638672,17218374
2020-12-22,51.75291061401367,52.88167190551758,53.62929153442383,52.283573150634766,53.38008499145508,17858164
2020-12-23,52.972354888916016,54.12770462036133,54.725799560546875,52.93151092529297,53.230560302734375,12139419
2020-12-24,51.94802474975586,53.08103561401367,54.07786178588867,52.93151092529297,54.07786178588867,6029070
2020-12-28,51.89925003051758,53.03119659423828,53.728973388671875,52.732147216796875,53.33024215698242,10793588
2020-12-29,51.509033203125,52.63246536254883,53.679134368896484,52.53278350830078,53.13087844848633,10640944
2020-12-30,52.240699768066406,53.38008499145508,54.07786178588867,52.58262252807617,52.732147216796875,10156427
2020-12-31,52.679691314697266,53.82865524291992,53.978179931640625,52.732147216796875,53.08103561401367,9570828
2021-01-04,51.070030212402344,52.18389129638672,54.32706832885742,51.83500289916992,54.27722930908203,16040798
2021-01-05,52.53336715698242,53.679134368896484,54.227386474609375,51.93468475341797,51.984527587890625,16793346
2021-01-06,55.41122817993164,56.619773864746094,57.915645599365234,53.978179931640625,53.978179931640625,26400690
2021-01-07,54.97223663330078,56.171199798583984,57.66644287109375,56.02167510986328,57.616600036621094,15105891
2021-01-08,55.31367111206055,56.52008819580078,57.01850128173828,55.62294387817383,56.27088165283203,14590235
2021-01-11,55.850223541259766,57.06834411621094,57.46707534790039,55.12453079223633,55.37373733520508,13493535
2021-01-12,57.45989227294922,58.71310806274414,59.361045837402344,56.868980407714844,57.367393493652344,18346073
2021-01-13,56.43556213378906,57.66644287109375,58.9124755859375,57.417232513427734,58.71310806274414,10776915
2021-01-14,56.87456512451172,58.115013122558594,58.46390151977539,57.71628189086914,57.865806579589844,11879594
2021-01-15,55.264896392822266,56.47024917602539,57.81596374511719,56.07151794433594,57.81596374511719,14768762
2021-01-19,55.75267028808594,56.96866226196289,58.06517028808594,56.81913757324219,57.21786880493164,12740305
2021-01-20,55.557559967041016,56.76929473876953,57.31755065917969,56.32072448730469,57.31755065917969,11840751
2021-01-21,53.99668502807617,55.174373626708984,56.96866226196289,55.174373626708984,56.81913757324219,13162304
2021-01-22,54.19178771972656,55.37373733520508,55.72262954711914,54.32706832885742,54.675960540771484,10617570
2021-01-25,53.606468200683594,54.77564239501953,55.57310485839844,53.679134368896484,55.52326202392578,18462763
2021-01-26,55.06978225708008,56.27088165283203,60.955970764160156,55.82231140136719,59.959144592285156,42495519
2021-01-27,55.508792877197266,56.71945571899414,57.616600036621094,53.03119659423828,55.224212646484375,29983117
2021-01-28,54.09423828125,55.27405548095703,57.168025970458984,55.174373626708984,56.868980407714844,18879766
2021-01-29,52.0943489074707,53.230560302734375,56.02167510986328,53.18071746826172,54.82548522949219,21921317
2021-02-01,52.387027740478516,53.52960968017578,54.82548522949219,53.03119659423828,54.12770462036133,13379614
2021-02-02,54.82590103149414,56.02167510986328,56.56993103027344,54.02802276611328,54.227386474609375,16946953
2021-02-03,54.63079071044922,55.82231140136719,56.32072448730469,55.174373626708984,56.02167510986328,10877474
2021-02-04,55.850223541259766,57.06834411621094,57.31755065917969,55.77246856689453,55.97183609008789,13396066
2021-02-05,55.60633850097656,56.81913757324219,57.56675720214844,56.420406341552734,57.367393493652344,10396669
2021-02-08,56.63066482543945,57.865806579589844,58.06517028808594,56.868980407714844,57.168025970458984,8517928
2021-02-09,56.28921890258789,57.51691436767578,57.81596374511719,56.868980407714844,57.616600036621094,10581235
2021-02-10,55.60633850097656,56.81913757324219,57.7661247253418,56.71945571899414,57.7661247253418,9140985
2021-02-11,55.89901351928711,57.118186950683594,57.168025970458984,55.77246856689453,56.76929473876953,10398836
2021-02-12,57.21599197387695,58.46390151977539,58.51374435424805,56.71945571899414,56.868980407714844,11725144
2021-02-16,58.38665771484375,59.66009521484375,59.70993423461914,58.71310806274414,58.9124755859375,12100796
2021-02-17,57.8501091003418,59.111839294433594,59.5604133605957,58.613426208496094,59.01215744018555,8615357
2021-02-18,56.728214263916016,57.96548843383789,59.111839294433594,57.367393493652344,59.01215744018555,9802022
2021-02-19,58.63054275512695,59.9093017578125,59.959144592285156,58.21469497680664,58.4140625,12248665
2021-02-22,60.971858978271484,62.30168533325195,63.29851150512695,59.959144592285156,60.15850830078125,19388781
2021-02-23,61.41086196899414,62.75025939941406,63.0493049621582,60.706764221191406,62.80009841918945,14454364
2021-02-24,63.99607467651367,65.39185333251953,66.53820037841797,63.0493049621582,63.79692459106445,21426186
2021-02-25,62.24008560180664,63.59756088256836,66.13947296142578,63.09914779663086,65.29216766357422,18526244
2021-02-26,61.1669807434082,62.50105285644531,63.99629211425781,61.85311508178711,63.198829650878906,17802448
2021-03-01,63.947296142578125,65.34201049804688,66.23915100097656,63.74708557128906,64.39501953125,15657201
2021-03-02,63.31318283081055,64.6940689086914,66.03978729248047,64.64422607421875,65.54137420654297,15490231
2021-03-03,65.55693054199219,66.98677062988281,67.88391876220703,65.04296112060547,65.24232482910156,23589309
2021-03-04,66.1910629272461,67.63471221923828,70.42582702636719,65.6908950805664,69.17979431152344,33418377
2021-03-05,66.38629913330078,67.78423309326172,68.83090209960938,65.49153137207031,68.78105926513672,21061930
2021-03-08,69.1686782836914,70.62519073486328,71.47249603271484,68.83090209960938,70.82455444335938,28835014
2021-03-09,68.33883666992188,69.77788543701172,71.87122344970703,68.93058776855469,70.27629852294922,22966413
2021-03-10,64.6778335571289,66.03978729248047,68.48200988769531,64.39501953125,68.03343963623047,44186284
2021-03-11,59.89411926269531,61.15533447265625,64.09597778320312,59.5604133605957,63.24867248535156,61355743
2021-03-12,61.40733337402344,62.700416564941406,62.8997802734375,60.955970764160156,61.00580978393555,26996039
2021-03-15,65.16596984863281,66.53820037841797,66.58804321289062,63.448036193847656,63.49787902832031,22351422
2021-03-16,64.18968963623047,65.54137420654297,66.53820037841797,65.14264678955078,66.43851470947266,14938641
2021-03-17,66.43511962890625,67.83407592773438,67.83407592773438,65.44168853759766,65.79058074951172,15895858
2021-03-18,64.6778335571289,66.03978729248047,68.23280334472656,65.74073791503906,67.73439025878906,12792812
2021-03-19,64.53140258789062,65.89026641845703,66.53820037841797,64.6940689086914,65.79058074951172,13737991
2021-03-22,64.09207153320312,65.44168853759766,65.98994445800781,64.44486236572266,65.59121704101562,10591427
2021-03-23,61.7978515625,63.09914779663086,65.6908950805664,62.5508918762207,64.59439086914062,13172818
2021-03-24,61.01681900024414,62.30168533325195,64.8934326171875,62.30168533325195,63.59756088256836,12454218
2021-03-25,62.725303649902344,64.04613494873047,64.44486236572266,60.955970764160156,61.80327224731445,14725103
2021-03-26,63.408695220947266,64.74391174316406,65.44168853759766,63.34835433959961,64.54454803466797,12143472
2021-03-29,63.21343231201172,64.54454803466797,65.04296112060547,63.697242736816406,64.39501953125,10786807
2021-03-30,64.92192840576172,66.28899383544922,66.58804321289062,64.29534149169922,64.6940689086914,10618713
2021-03-31,64.09207153320312,65.44168853759766,66.93692779541016,65.44168853759766,66.6877212524414,12557044
2021-04-01,64.82427978515625,66.1893081665039,66.58804321289062,65.54137420654297,65.94010162353516,11874438
2021-04-05,65.70294189453125,67.08645629882812,67.63471221923828,66.63788604736328,67.13629913330078,10180082
2021-04-06,65.41004180908203,66.78740692138672,67.28582000732422,66.63788604736328,67.08645629882812,8035938
2021-04-07,65.36124420166016,66.73756408691406,67.43534851074219,66.08963012695312,66.78740692138672,8379669
2021-04-08,65.65412139892578,67.03661346435547,67.28582000732422,65.24232482910156,66.08963012695312,11018763
2021-04-09,66.38629913330078,67.78423309326172,68.93058776855469,66.88709259033203,67.28582000732422,12689464
2021-04-12,66.3375015258789,67.73439025878906,68.18296813964844,67.13629913330078,67.83407592773438,8442187
2021-04-13,65.60527801513672,66.98677062988281,67.48518371582031,66.08963012695312,67.33566284179688,10277370
2021-04-14,66.77682495117188,68.18296813964844,68.73121643066406,66.88709259033203,66.93692779541016,12968951
2021-04-15,66.14224243164062,67.53502655029297,68.53185272216797,66.98677062988281,68.43217468261719,10208753
2021-04-16,65.36124420166016,66.73756408691406,68.18296813964844,66.53820037841797,67.93376159667969,10036727
2021-04-19,65.70294189453125,67.08645629882812,67.13629913330078,65.64105224609375,66.38867950439453,9003729
2021-04-20,63.7503776550293,65.09280395507812,66.83724975585938,64.29534149169922,66.83724975585938,12330465
2021-04-21,65.16596984863281,66.53820037841797,66.6877212524414,63.647403717041016,64.44486236572266,9953202
2021-04-22,65.45886993408203,66.83724975585938,68.18296813964844,66.1893081665039,66.53820037841797,10555051
2021-04-23,66.14224243164062,67.53502655029297,67.83407592773438,66.58804321289062,67.28582000732422,9357311
2021-04-26,66.23988342285156,67.63471221923828,69.77788543701172,67.53502655029297,67.93376159667969,18815482
2021-04-27,65.84935760498047,67.23597717285156,67.48518371582031,64.34518432617188,67.28582000732422,30050351
2021-04-28,64.43376922607422,65.79058074951172,66.53820037841797,65.54137420654297,66.43851470947266,13261158
2021-04-29,64.48260498046875,65.84042358398438,66.23915100097656,65.1924819946289,65.6908950805664,11066635
2021-04-30,64.04326629638672,65.39185333251953,66.53820037841797,65.1924819946289,65.59121704101562,10011667
2021-05-03,65.65412139892578,67.03661346435547,67.43534851074219,65.64105224609375,65.98994445800781,12734908
2021-05-04,64.04326629638672,65.39185333251953,66.73756408691406,65.14264678955078,66.48835754394531,15557003
2021-05-05,64.48260498046875,65.84042358398438,66.23915100097656,65.24232482910156,65.59121704101562,11168297
2021-05-06,64.48260498046875,65.84042358398438,66.33883666992188,64.94327545166016,65.89026641845703,12595406
2021-05-07,64.92192840576172,66.28899383544922,66.48835754394531,65.14264678955078,65.59121704101562,10810442
2021-05-10,65.16596984863281,66.53820037841797,67.68455505371094,66.28899383544922,66.33883666992188,13154138
2021-05-11,63.896827697753906,65.24232482910156,66.23915100097656,64.49470520019531,65.74073791503906,13645738
2021-05-12,62.578857421875,63.896610260009766,65.44168853759766,63.647403717041016,65.1924819946289,14215045
2021-05-13,63.311065673828125,64.64422607421875,64.99311828613281,63.398197174072266,63.79692459106445,13158312
2021-05-14,64.7266616821289,66.08963012695312,66.28899383544922,64.94327545166016,65.39185333251953,10167742
2021-05-17,64.18968963623047,65.54137420654297,66.48835754394531,65.39185333251953,65.94010162353516,15316179
2021-05-18,63.311065673828125,64.64422607421875,66.13947296142578,64.64422607421875,65.6908950805664,9816408
2021-05-19,63.896827697753906,65.24232482910156,65.29216766357422,63.74708557128906,64.29534149169922,11921066
2021-05-20,63.7503776550293,65.09280395507812,65.34201049804688,64.39501953125,65.24232482910156,9324527
2021-05-21,64.58021545410156,65.94010162353516,66.1893081665039,65.04296112060547,65.34201049804688,10697965
2021-05-24,64.33614349365234,65.6908950805664,66.33883666992188,65.39185333251953,66.23915100097656,7827397
2021-05-25,64.04326629638672,65.39185333251953,66.23915100097656,65.29216766357422,65.79058074951172,9496071
2021-05-26,65.41004180908203,66.78740692138672,66.93692779541016,64.99311828613281,65.39185333251953,12092309
2021-05-27,70.04730987548828,71.52233123779297,71.77154541015625,67.73439025878906,67.78423309326172,37035234
2021-05-28,68.63172149658203,70.07693481445312,71.47249603271484,69.92741394042969,71.2232894897461,14560581
2021-06-01,69.07103729248047,70.52550506591797,71.47249603271484,70.27629852294922,70.92424011230469,10087388
2021-06-02,68.77816009521484,70.2264633178711,70.67503356933594,69.82772827148438,70.67503356933594,8012785
2021-06-03,68.77816009521484,70.2264633178711,71.62201690673828,69.47884368896484,69.7280502319336,12672972
2021-06-04,68.14360046386719,69.57852172851562,70.77471160888672,69.08010864257812,70.57534790039062,12855029
2021-06-07,67.8995361328125,69.32931518554688,70.12677764892578,69.08010864257812,69.77788543701172,7493597
2021-06-08,67.85070037841797,69.27947235107422,69.7280502319336,68.38233184814453,69.62836456298828,8852489
2021-06-09,67.02088165283203,68.43217468261719,68.83090209960938,68.13312530517578,68.63153839111328,11189043
2021-06-10,66.53275299072266,67.93376159667969,69.12995147705078,67.73439025878906,68.83090209960938,9999489
2021-06-11,66.82563018798828,68.23280334472656,68.68138122558594,67.63471221923828,68.03343963623047,8500031
2021-06-14,65.75173950195312,67.13629913330078,68.93058776855469,66.83724975585938,68.68138122558594,9114079
2021-06-15,66.09342956542969,67.48518371582031,67.63471221923828,66.33883666992188,67.03661346435547,7629388
2021-06-16,65.60527801513672,66.98677062988281,68.03343963623047,66.23915100097656,67.28582000732422,14070907
2021-06-17,63.45750045776367,64.79375457763672,67.33566284179688,64.34518432617188,66.83724975585938,15451709
2021-06-18,62.383602142333984,63.697242736816406,64.8934326171875,63.54772186279297,63.99629211425781,16465184
2021-06-21,64.38495635986328,65.74073791503906,65.74073791503906,64.09597778320312,64.24549865722656,10825169
2021-06-22,63.60394287109375,64.94327545166016,65.79058074951172,64.49470520019531,65.39185333251953,7678083
2021-06-23,63.21343231201172,64.54454803466797,65.74073791503906,64.49470520019531,64.8934326171875,8763306
2021-06-24,64.18968963623047,65.54137420654297,65.79058074951172,64.39501953125,65.09280395507812,9594524
2021-06-25,64.28741455078125,65.59121704101562,65.98994445800781,65.29216766357422,65.59121704101562,6844839
2021-06-28,62.96842956542969,64.24549865722656,65.64105224609375,63.74708557128906,65.59121704101562,12396856
2021-06-29,63.945457458496094,65.24232482910156,65.94010162353516,64.59439086914062,65.09280395507812,13883493
2021-06-30,65.75293731689453,67.08645629882812,67.43534851074219,65.04296112060547,65.54137420654297,13754002
2021-07-01,65.85061645507812,67.1861343383789,67.93376159667969,66.58804321289062,67.68455505371094,9368346
2021-07-02,65.26441955566406,66.58804321289062,67.48518371582031,66.33883666992188,67.48518371582031,6653090
2021-07-06,63.11498260498047,64.39501953125,66.38867950439453,63.896610260009766,66.1893081665039,14172730
2021-07-07,63.40808868408203,64.6940689086914,65.1924819946289,63.49787902832031,64.1956558227539,12250973
2021-07-08,62.870731353759766,64.14581298828125,64.49470520019531,62.84994125366211,63.448036193847656,10798825
2021-07-09,64.28741455078125,65.59121704101562,65.74073791503906,64.49470520019531,64.84359741210938,8290767
2021-07-12,64.04315948486328,65.34201049804688,65.49153137207031,64.29534149169922,65.09280395507812,11187237
2021-07-13,62.96842956542969,64.24549865722656,65.24232482910156,64.1956558227539,65.24232482910156,7907410
2021-07-14,62.5776252746582,63.84676742553711,64.6940689086914,63.398197174072266,64.1956558227539,8970443
2021-07-15,62.3333854675293,63.59756088256836,64.39501953125,62.65057373046875,63.24867248535156,10310877
2021-07-16,61.30751419067383,62.5508918762207,64.14581298828125,62.4013671875,63.79692459106445,9141767
2021-07-19,58.620731353759766,59.80961990356445,61.00580978393555,58.9124755859375,60.7566032409668,19842400
2021-07-20,62.0402717590332,63.29851150512695,63.49787902832031,59.7597770690918,59.859458923339844,15072405
2021-07-21,63.89659881591797,65.1924819946289,65.34201049804688,63.647403717041016,63.74708557128906,13548149
2021-07-22,62.0402717590332,63.29851150512695,65.09280395507812,63.29851150512695,65.04296112060547,8712244
2021-07-23,62.08912658691406,63.34835433959961,64.1956558227539,62.949623107910156,63.79692459106445,7579911
2021-07-26,63.11498260498047,64.39501953125,64.49470520019531,62.949623107910156,63.09914779663086,10800049
2021-07-27,63.89659881591797,65.1924819946289,67.13629913330078,63.79692459106445,66.43851470947266,23964901
2021-07-28,64.1408462524414,65.44168853759766,67.1861343383789,64.99311828613281,65.54137420654297,13757312
2021-07-29,64.92247009277344,66.23915100097656,66.6877212524414,65.24232482910156,65.74073791503906,10889854
2021-07-30,63.261539459228516,64.54454803466797,65.89026641845703,64.39501953125,65.59121704101562,12050777
2021-08-02,61.42964553833008,62.67549514770508,66.79364013671875,62.569583892822266,65.09280395507812,39943542
2021-08-03,62.931800842285156,64.20811462402344,64.29534149169922,61.124183654785156,62.42628860473633,23177543
2021-08-04,62.8401985168457,64.11466217041016,64.45109558105469,63.2112922668457,63.429344177246094,22702917
2021-08-05,62.907371520996094,64.18319702148438,65.1924819946289,63.87168884277344,64.17073822021484,13050690
2021-08-06,63.82333755493164,65.11772155761719,65.5787582397461,64.39501953125,64.39501953125,17637083
2021-08-09,63.32870101928711,64.61307525634766,64.96196746826172,63.566410064697266,64.51962280273438,12768033
2021-08-10,64.77591705322266,66.08963012695312,66.2453842163086,64.29534149169922,64.67537689208984,12930790
2021-08-11,64.75147247314453,66.06470489501953,66.17062377929688,64.68161010742188,66.17062377929688,13330458
2021-08-12,65.04458618164062,66.36375427246094,66.80609893798828,65.56629180908203,66.15815734863281,10270509
2021-08-13,64.06756591796875,65.36692810058594,66.42605590820312,65.15510559082031,66.3512954711914,9020462
2021-08-16,63.10887908935547,64.3887939453125,64.98065948486328,63.697242736816406,64.93704986572266,11101144
2021-08-17,62.052490234375,63.31097412109375,64.33895111083984,62.525970458984375,63.88414764404297,13125487
2021-08-18,61.92426300048828,63.18014144897461,64.46355438232422,62.77518081665039,62.974544525146484,10427487
2021-08-19,60.7090950012207,61.94033432006836,62.81256103515625,61.42946243286133,62.30168533325195,17344153
2021-08-20,61.09379959106445,62.33283615112305,62.71910858154297,61.740970611572266,62.04624938964844,10203095
2021-08-23,61.655582427978516,62.90601348876953,63.223751068115234,62.46989822387695,62.67549514770508,9642436
2021-08-24,63.06004333496094,64.33895111083984,64.48847198486328,62.96208572387695,63.105377197265625,11007246
2021-08-25,63.93324279785156,65.22986602783203,65.49776458740234,63.890380859375,64.39501953125,12627427
2021-08-26,63.1272087097168,64.40748596191406,65.18002319335938,64.07105255126953,65.08033752441406,13107992
2021-08-27,64.78201293945312,66.09585571289062,66.13323974609375,64.73145294189453,64.73145294189453,12473178
2021-08-30,64.2324447631836,65.53514099121094,66.32637786865234,65.29216766357422,66.2453842163086,11469513
2021-08-31,64.36680603027344,65.67221069335938,66.26407623291016,65.08033752441406,65.37938690185547,17641256
2021-09-01,63.29816436767578,64.58192443847656,65.70958709716797,64.33271789550781,65.64105224609375,12789542
2021-09-02,64.88583374023438,66.20177459716797,66.2516098022461,64.78129577636719,64.79375457763672,13633178
2021-09-03,63.96376419067383,65.26101684570312,66.88709259033203,64.84359741210938,66.03978729248047,12225833
2021-09-07,63.072235107421875,64.35140991210938,65.37938690185547,63.7408561706543,65.10526275634766,17639170
2021-09-08,62.63869094848633,63.9090690612793,65.2485580444336,62.5633544921875,64.13958740234375,19263203
2021-09-09,63.072235107421875,64.35140991210938,65.36692810058594,63.61625289916992,63.77200698852539,15066205
2021-09-10,62.28453063964844,63.54772186279297,64.76260375976562,63.4106559753418,64.35140991210938,15350467
2021-09-13,63.786685943603516,65.08033752441406,65.32955169677734,63.5601806640625,63.95268249511719,20038302
2021-09-14,61.2952995300293,62.53843307495117,65.13641357421875,62.345298767089844,65.13018035888672,25717763
2021-09-15,62.382240295410156,63.647403717041016,63.840538024902344,62.7315673828125,62.79386901855469,13007192
2021-09-16,61.88151168823242,63.13652801513672,63.983829498291016,62.81256103515625,63.79069519042969,9601506
2021-09-17,61.35026168823242,62.594505310058594,63.46049880981445,62.3826789855957,63.01815414428711,17203387
2021-09-20,60.94723892211914,62.183311462402344,62.22069549560547,60.60084915161133,61.36716079711914,16217539
2021-09-21,59.1214485168457,60.320491790771484,62.29545593261719,59.940452575683594,62.239383697509766,25342171
2021-09-22,60.17174530029297,61.39208221435547,61.69736099243164,60.84382629394531,60.85005569458008,18002884
2021-09-23,62.870731353759766,64.14581298828125,64.84359741210938,62.00263977050781,62.00886917114258,18620844
2021-09-24,63.43295669555664,64.66915130615234,64.9183578491211,63.921531677246094,63.95891189575195,10528608
2021-09-27,64.38018035888672,65.63482666015625,66.2453842163086,65.03672790527344,65.13641357421875,12971559
2021-09-28,64.61239624023438,65.87157440185547,66.50704956054688,65.2485580444336,65.59744262695312,20146646
2021-09-29,64.94851684570312,66.2142333984375,66.66280364990234,65.60990142822266,66.03978729248047,11876404
2021-09-30,62.96240234375,64.1894302368164,66.7188720703125,64.13958740234375,66.26407623291016,14356273
2021-10-01,64.66739654541016,65.92764282226562,66.28276062011719,64.5881576538086,64.90589904785156,12992425
2021-10-04,64.10517120361328,65.3544692993164,66.712646484375,65.16756439208984,65.66597747802734,12288913
2021-10-05,64.10517120361328,65.3544692993164,66.03978729248047,64.63800048828125,65.45414733886719,9208740
2021-10-06,63.7568359375,64.99935150146484,65.055419921875,63.58510208129883,64.59439086914062,11257962
2021-10-07,64.47795104980469,65.73451232910156,66.36998748779297,64.99935150146484,65.31708526611328,10684302
2021-10-08,63.99516677856445,65.24232482910156,66.17684936523438,65.20494842529297,65.64728546142578,6859525
2021-10-11,63.60406494140625,64.84359741210938,65.89026641845703,64.77506256103516,65.31708526611328,6615872
2021-10-12,62.77295684814453,63.99629211425781,64.81867218017578,63.27359390258789,64.51962280273438,13722903
2021-10-13,62.55295944213867,63.77200698852539,64.29534149169922,63.03684616088867,63.67232131958008,12065484
2021-10-14,62.785179138183594,64.00875091552734,64.57569885253906,63.778236389160156,64.2579574584961,9853826
2021-10-15,63.80571746826172,65.04918670654297,65.97748565673828,64.28910827636719,64.57569885253906,9069257
2021-10-18,63.628501892089844,64.86851501464844,65.14887237548828,64.1956558227539,64.59439086914062,6653913
2021-10-19,64.00126647949219,65.2485580444336,65.39807891845703,64.53208923339844,65.15510559082031,6767714
2021-10-20,64.77738952636719,66.03978729248047,66.05224609375,64.71276092529297,65.26101684570312,9803748
2021-10-21,63.035736083984375,64.26419067382812,66.28276062011719,64.17696380615234,65.89026641845703,11588129
2021-10-22,63.585731506347656,64.82490539550781,65.11148834228516,63.890380859375,64.20188903808594,8595273
2021-10-25,64.349609375,65.60367584228516,66.03355407714844,64.37633514404297,64.56946563720703,10427005
2021-10-26,65.65739440917969,66.93692779541016,69.13618469238281,65.5538330078125,65.89026641845703,18781193
2021-10-27,63.4635124206543,64.70030212402344,67.46026611328125,64.60061645507812,67.2110595703125,14420637
2021-10-28,64.32516479492188,65.5787582397461,65.65351867675781,64.23303985595703,64.41371154785156,9487384
2021-10-29,64.08684539794922,65.33577728271484,65.56629180908203,64.86851501464844,65.3856201171875,9018536
2021-11-01,64.91795349121094,66.1830825805664,66.5195083618164,65.59121704101562,65.89026641845703,7844250
2021-11-02,65.19905090332031,66.46966552734375,66.7500228881836,65.60367584228516,66.2516098022461,7192101
2021-11-03,64.75906372070312,66.0210952758789,66.2516098022461,65.30462646484375,66.13947296142578,6599661
2021-11-04,64.29462432861328,65.547607421875,66.28899383544922,64.97442626953125,65.95879364013672,7505094
2021-11-05,66.45182800292969,67.74685668945312,68.31379699707031,66.56935119628906,66.61919403076172,12202399
2021-11-08,66.25627136230469,67.5474853515625,68.72499084472656,67.48518371582031,68.15804290771484,8305554
2021-11-09,68.0101547241211,69.3355484008789,72.37586975097656,68.83090209960938,71.47872161865234,40325875
2021-11-10,66.5862808227539,67.88391876220703,70.2015380859375,67.35435485839844,70.08939361572266,13952431
2021-11-11,65.38850402832031,66.66280364990234,68.28264617919922,66.52574157714844,67.62847900390625,8848557
2021-11-12,65.74905395507812,67.03038024902344,67.2422103881836,66.32637786865234,66.9120101928711,12240118
2021-11-15,65.18684387207031,66.45720672607422,67.70323944091797,66.16439056396484,67.30451202392578,9831034
2021-11-16,63.15795135498047,64.3887939453125,66.17062377929688,64.05859375,66.13323974609375,19257424
2021-11-17,62.32685470581055,63.54148864746094,64.718994140625,63.186370849609375,64.60684967041016,13334471
2021-11-18,61.52018356323242,62.71910858154297,63.42311477661133,61.79081344604492,63.19260025024414,13692888
2021-11-19,61.08629608154297,62.276763916015625,62.762718200683594,61.86557388305664,62.17708206176758,10598911
2021-11-22,61.74629592895508,62.949623107910156,63.529029846191406,62.476131439208984,62.594505310058594,9962170
2021-11-23,62.381858825683594,63.59756088256836,63.67855453491211,63.01815414428711,63.4106559753418,9648856
2021-11-24,62.47351837158203,63.69101333618164,63.74708557128906,63.11783981323242,63.46049880981445,8943739
2021-11-26,59.79075241088867,60.955970764160156,61.11795425415039,59.50434112548828,60.22080993652344,13815999
2021-11-29,60.132972717285156,61.30485916137695,62.569583892822266,60.32672119140625,61.846885681152344,15692352
2021-11-30,58.049102783203125,59.18037033081055,60.70053482055664,58.85640335083008,60.20834732055664,18313148
2021-12-01,56.83298873901367,57.94056701660156,60.364105224609375,57.9031867980957,60.152278900146484,13895451
2021-12-02,58.195770263671875,59.32989501953125,59.67255401611328,57.82219314575195,58.68818664550781,9782400
2021-12-03,56.69244384765625,57.79727554321289,59.404659271240234,57.14933776855469,59.26759338378906,12973646
2021-12-06,58.67242431640625,59.81584930419922,60.364105224609375,58.090091705322266,58.470130920410156,10721861
2021-12-07,59.61353302001953,60.77529525756836,61.26124954223633,59.996524810791016,60.18342971801758,8104115
2021-12-08,60.05964660644531,61.230098724365234,61.64128875732422,60.42017364501953,60.77529525756836,7635106
2021-12-09,59.784645080566406,60.949737548828125,61.17402648925781,60.43263626098633,60.912357330322266,6527432
2021-12-10,59.246864318847656,60.401485443115234,61.404541015625,60.0899772644043,61.111724853515625,6863859
2021-12-13,56.91244125366211,58.02156066894531,60.0588264465332,57.828426361083984,59.79092788696289,11843339
2021-12-14,56.28910827636719,57.38608169555664,58.60096740722656,57.143104553222656,57.784812927246094,11654259
2021-12-15,56.27077865600586,57.367393493652344,57.5729866027832,56.183658599853516,57.45461654663086,12350388
2021-12-16,56.54578399658203,57.64775085449219,58.77540969848633,57.44215393066406,57.64152145385742,11440140
2021-12-17,55.88578414916992,56.974891662597656,57.98418045043945,56.14004898071289,57.59790802001953,14550168
2021-12-20,55.03559112548828,56.05905532836914,56.133819580078125,54.931396484375,56.07151794433594,9651745
2021-12-21,56.91945266723633,57.97794723510742,58.35799026489258,56.52008819580078,56.52008819580078,12227117
2021-12-22,56.925575256347656,57.98418045043945,58.382911682128906,57.417232513427734,57.89072799682617,7485993
2021-12-23,57.49440002441406,58.56358337402344,58.9000129699707,58.127471923828125,58.127471923828125,6236589
2021-12-27,57.87361526489258,58.94985580444336,58.98100662231445,58.220924377441406,58.33306884765625,5503703
2021-12-28,58.289546966552734,59.37350845336914,59.859458923339844,58.71310806274414,58.83148193359375,6503676
2021-12-29,57.97759246826172,59.05576705932617,59.48564910888672,58.837711334228516,59.18660354614258,5602577
2021-12-30,57.922550201416016,58.999698638916016,59.797157287597656,58.89378356933594,58.97477722167969,5247049
2021-12-31,57.7818603515625,58.85640335083008,59.167911529541016,58.50128173828125,58.875091552734375,6092452
2022-01-03,58.864479064941406,59.959144592285156,60.706764221191406,59.030845642089844,59.323665618896484,7415209
2022-01-04,60.77892303466797,61.909183502197266,62.33283615112305,61.111724853515625,61.54160690307617,12237390
2022-01-05,60.77892303466797,61.909183502197266,63.41688537597656,61.859344482421875,62.13347244262695,9461542
2022-01-06,61.13367462158203,62.27053451538086,62.974544525146484,61.94033432006836,62.5820426940918,6864983
2022-01-07,62.02055740356445,63.17390823364258,63.697242736816406,62.15839385986328,62.17708206176758,10029103
2022-01-10,60.80949783325195,61.94033432006836,63.54772186279297,61.64128875732422,63.37327575683594,9259300
2022-01-11,62.25910186767578,63.41688537597656,63.778236389160156,62.28299331665039,62.48236083984375,9107137
2022-01-12,62.53432846069336,63.697242736816406,63.933990478515625,63.16144943237305,63.19260025024414,7316816
2022-01-13,62.66889953613281,63.83430862426758,64.57569885253906,63.42311477661133,63.7283935546875,7034320
2022-01-14,63.0970458984375,64.27041625976562,64.33895111083984,62.868629455566406,63.33589553833008,7030789
2022-01-18,62.931907653808594,64.10220336914062,64.62554168701172,63.647403717041016,63.896610260009766,13499795
2022-01-19,61.54348373413086,62.687957763671875,64.16450500488281,62.594505310058594,63.97760009765625,9147425
2022-01-20,60.0938720703125,61.21140670776367,63.41688537597656,61.03696060180664,62.44498062133789,9045502
2022-01-21,58.90117645263672,59.996524810791016,61.27370834350586,59.72239685058594,60.86874771118164,12964978
2022-01-24,59.27428436279297,60.376564025878906,60.706764221191406,57.498226165771484,58.9311637878418,15847565
2022-01-25,55.72675323486328,56.763065338134766,57.54183578491211,55.01239013671875,56.76929473876953,33629909
2022-01-26,54.631919860839844,55.647865295410156,57.261478424072266,54.856632232666016,57.012271881103516,17073695
2022-01-27,54.98666763305664,56.00921630859375,57.17425537109375,54.86909484863281,56.07151794433594,12527109
2022-01-28,56.332275390625,57.379852294921875,57.417232513427734,55.35504913330078,55.635406494140625,10398756
2022-01-31,57.78797912597656,58.862632751464844,58.9124755859375,56.713226318359375,57.0745735168457,11238219
2022-02-01,59.91038513183594,61.02450180053711,61.317317962646484,59.030845642089844,59.18660354614258,13080224
2022-02-02,59.965431213378906,61.08057403564453,61.4170036315918,59.9093017578125,60.85005569458008,8926564
2022-02-03,60.136695861816406,61.2550163269043,61.778350830078125,60.152278900146484,60.52608871459961,9972924
2022-02-04,60.55873107910156,61.684898376464844,62.33283615112305,60.83136749267578,60.86874771118164,10278374
2022-02-07,61.103092193603516,62.239383697509766,62.66926574707031,61.36716079711914,61.909183502197266,7039456
2022-02-08,60.742218017578125,61.871803283691406,62.61319351196289,61.44815444946289,62.28922653198242,8279712
2022-02-09,60.70552062988281,61.83442306518555,62.594505310058594,61.7534294128418,62.45743942260742,10632457
2022-02-10,60.424163818359375,61.54783630371094,62.725337982177734,61.0556526184082,61.29862976074219,8848717
2022-02-11,59.2253532409668,60.32672119140625,62.44498062133789,59.915531158447266,61.69112777709961,11966771
2022-02-14,59.08467483520508,60.18342971801758,60.68184280395508,59.535491943359375,60.25196075439453,11172731
2022-02-15,61.72696304321289,62.87486267089844,63.16144943237305,61.02450180053711,61.04942321777344,10741924
2022-02-16,62.02667236328125,63.18014144897461,63.49164962768555,62.233154296875,62.357757568359375,7850670
2022-02-17,60.222320556640625,61.34223937988281,62.569583892822266,60.98088836669922,62.51974105834961,6229366
2022-02-18,56.69314193725586,57.747432708740234,61.65998077392578,57.2677116394043,61.317317962646484,25110235
2022-02-22,57.58613967895508,58.65703582763672,59.323665618896484,57.548065185546875,57.71628189086914,12349746
2022-02-23,56.66867446899414,57.722511291503906,59.09938049316406,57.510684967041016,58.4327507019043,11839969
2022-02-24,56.60139465332031,57.65398025512695,57.996639251708984,54.638580322265625,56.4390983581543,18285861
2022-02-25,58.94398880004883,60.04013442993164,60.69430160522461,57.97794723510742,58.196006774902344,11191511
2022-02-28,58.4179801940918,59.50434112548828,59.69747543334961,58.64457702636719,59.037078857421875,10142743
2022-03-01,56.47296142578125,57.52314758300781,59.84700012207031,57.2365608215332,59.16168212890625,10806289
2022-03-02,57.592262268066406,58.663265228271484,59.155452728271484,57.99040985107422,58.22715759277344,7131107
2022-03-03,56.54635238647461,57.59790802001953,59.37350845336914,57.305091857910156,59.14921951293945,7420184
2022-03-04,54.52181625366211,55.53572463989258,56.37056350708008,54.52643585205078,56.208580017089844,13545059
2022-03-07,52.26895523071289,53.193180084228516,55.5793342590332,53.137107849121094,55.24290466308594,11428423
2022-03-08,53.964717864990234,54.91893768310547,56.35187530517578,53.29909133911133,54.22115707397461,11006283
2022-03-09,55.862518310546875,56.85028839111328,57.9343376159668,56.7568359375,56.98112106323242,10394261
2022-03-10,55.91149139404297,56.90013122558594,57.06834411621094,54.48282241821289,54.68218994140625,13026132
2022-03-11,56.493080139160156,57.49199676513672,58.326839447021484,57.1057243347168,57.81596374511719,11342229
2022-03-14,56.597145080566406,57.59790802001953,58.55735397338867,57.28017044067383,57.591678619384766,9700540
2022-03-15,56.53592300415039,57.535606384277344,58.28945541381836,56.85651779174805,58.09632110595703,8189827
2022-03-16,57.974586486816406,58.999698638916016,59.46072769165039,57.77858352661133,58.2333869934082,8954332
2022-03-17,58.482704162597656,59.51679992675781,59.54172134399414,58.13370132446289,58.68818664550781,6982315
2022-03-18,58.51942825317383,59.55418014526367,59.75354766845703,58.9124755859375,59.55418014526367,11872231
2022-03-21,58.048038482666016,59.074459075927734,59.63517379760742,58.34552764892578,58.84394073486328,8799280
2022-03-22,58.097015380859375,59.124298095703125,59.952911376953125,58.93739318847656,59.336124420166016,7730288
2022-03-23,57.36239242553711,58.376678466796875,58.97477722167969,58.25830841064453,58.92493438720703,7854202
2022-03-24,57.6195068359375,58.63834762573242,58.825252532958984,58.34552764892578,58.80656051635742,8561245
2022-03-25,57.558292388916016,58.576045989990234,59.130531311035156,58.196006774902344,58.837711334228516,9227359
2022-03-28,56.321659088134766,57.31755065917969,58.339298248291016,56.52008819580078,58.31437683105469,12069336
2022-03-29,57.943973541259766,58.96854782104492,59.167911529541016,57.95302963256836,57.95302963256836,13794811
2022-03-30,57.90111541748047,58.92493438720703,59.27382278442383,58.127471923828125,58.326839447021484,9042452
2022-03-31,56.015567779541016,57.00604248046875,58.532432556152344,56.98735046386719,58.40782928466797,13203013
2022-04-01,56.62162780761719,57.62282943725586,57.66644287109375,56.763065338134766,57.379852294921875,9054811
2022-04-04,56.33390426635742,57.33000946044922,57.51691436767578,56.632232666015625,57.42969512939453,8249536
2022-04-05,55.15850067138672,56.133819580078125,57.52937698364258,56.015445709228516,57.1057243347168,10787509
2022-04-06,55.04218292236328,56.015445709228516,56.17742919921875,54.713340759277344,55.67901611328125,10556215
2022-04-07,54.766693115234375,55.73508834838867,56.121360778808594,54.25853729248047,55.959373474121094,11391666
2022-04-08,54.938106536865234,55.9095344543457,56.23973083496094,55.211753845214844,55.753780364990234,6447980
2022-04-11,54.8952522277832,55.86592102050781,57.06211471557617,55.46718978881836,55.78493118286133,8655143
2022-04-12,55.09727478027344,56.07151794433594,56.9063606262207,55.635406494140625,56.07151794433594,7240254
2022-04-13,55.55642318725586,56.538780212402344,56.974891662597656,56.06528854370117,56.171199798583984,6362268
2022-04-14,55.60539245605469,56.588619232177734,57.41100311279297,56.464019775390625,56.71945571899414,6146543
2022-04-18,55.3421516418457,56.32072448730469,57.00604248046875,56.00921630859375,56.67584228515625,6291965
2022-04-19,56.260440826416016,57.2552490234375,57.47953414916992,56.56993103027344,56.56993103027344,7394824
2022-04-20,55.95433807373047,56.94374084472656,58.00910186767578,56.85028839111328,57.629058837890625,6424385
2022-04-21,56.15024948120117,57.143104553222656,58.42652130126953,56.962432861328125,57.90941619873047,7225326
2022-04-22,54.52793502807617,55.49211120605469,56.881439208984375,55.436038970947266,56.62600326538086,7967682
2022-04-25,55.02381134033203,55.99675369262695,56.07151794433594,53.940799713134766,55.136993408203125,11080599
2022-04-26,49.336551666259766,50.208927154541016,53.099727630615234,48.85075378417969,52.9252815246582,46154289
2022-04-27,47.87953567504883,48.72615051269531,50.9316291809082,48.51432418823242,49.84135055541992,20213257
2022-04-28,47.5856819152832,48.427101135253906,49.03142547607422,47.255828857421875,48.83829116821289,19277327
2022-04-29,45.638912200927734,46.44590759277344,48.676307678222656,46.32130432128906,48.2775764465332,16677077
2022-05-02,46.25110626220703,47.06892395019531,47.24336624145508,45.23725509643555,46.15932083129883,18536095
2022-05-03,47.542823791503906,48.383487701416016,48.76353073120117,47.336822509765625,47.87884521484375,12595004
2022-05-04,49.23859786987305,50.10924530029297,50.32107162475586,48.1093635559082,48.713687896728516,12019739
2022-05-05,48.11216735839844,48.962894439697266,49.89118957519531,48.321189880371094,49.455078125,11491503
2022-05-06,47.89177322387695,48.738609313964844,48.83829116821289,47.467655181884766,48.80091094970703,8609237
2022-05-09,44.671653747558594,45.46154022216797,47.9473762512207,45.193641662597656,47.835235595703125,11266308
2022-05-10,44.879791259765625,45.67336654663086,46.53936004638672,44.32141876220703,46.103248596191406,10974181
2022-05-11,44.34718704223633,45.13134002685547,46.464595794677734,44.894596099853516,45.9537239074707,12465152
2022-05-12,44.861427307128906,45.6546745300293,46.23408126831055,44.340110778808594,44.695228576660156,13844409
2022-05-13,45.94501876831055,46.757415771484375,47.330589294433594,46.19670104980469,46.34622573852539,8309406
2022-05-16,45.68788528442383,46.49574661254883,46.97547149658203,45.93503189086914,46.296382904052734,10451563
2022-05-17,46.7714729309082,47.598487854003906,48.096900939941406,47.218448638916016,47.4801139831543,7218585
2022-05-18,46.03683853149414,46.850868225097656,47.673248291015625,46.61412048339844,47.1312255859375,11337253
2022-05-19,46.3674201965332,47.18729782104492,47.68571090698242,46.38360595703125,46.72626495361328,9992827
2022-05-20,46.067447662353516,46.88201904296875,47.623409271240234,45.64844512939453,47.41781234741211,11782667
2022-05-23,46.196006774902344,47.01285171508789,47.598487854003906,46.73249435424805,47.36174011230469,8467508
2022-05-24,45.62054443359375,46.427215576171875,46.64527130126953,44.894596099853516,46.558048248291016,9837776
2022-05-25,45.62666702270508,46.433448791503906,46.470829010009766,45.24348449707031,45.773048400878906,11389740
2022-05-26,47.14490509033203,47.9785270690918,48.41463851928711,46.53936004638672,46.86332702636719,7528368
2022-05-27,48.21624755859375,49.068809509277344,49.081268310546875,47.966068267822266,48.15297317504883,7819853
2022-05-31,47.92851257324219,48.7759895324707,49.24325180053711,48.4457893371582,48.56416320800781,8332038
2022-06-01,47.45711898803711,48.296268463134766,49.49245834350586,47.7791633605957,49.26817321777344,9514991
2022-06-02,47.7509765625,48.595314025878906,49.006507873535156,48.07821273803711,48.6077766418457,9897164
2022-06-03,47.12042236328125,47.953609466552734,48.06575012207031,47.14368438720703,47.8103141784668,8463013
2022-06-06,47.13877868652344,47.97229766845703,48.7759895324707,47.829002380371094,48.53924560546875,7614722
2022-06-07,47.7509765625,48.595314025878906,48.68876647949219,47.45519256591797,47.91622543334961,8227386
2022-06-08,47.23672866821289,48.07197952270508,48.76976013183594,47.673248291015625,47.7791633605957,5418794
2022-06-09,45.779720306396484,46.589202880859375,48.003448486328125,46.57051086425781,47.90376663208008,8114548
2022-06-10,43.60643005371094,44.37749099731445,45.57991409301758,44.07221221923828,45.49269104003906,15384656
2022-06-13,41.457637786865234,42.19070053100586,43.61117935180664,41.82935333251953,43.28097915649414,15183217
2022-06-14,41.65966033935547,42.396297454833984,42.932090759277344,42.072330474853516,42.3339958190918,8634919
2022-06-15,42.30246353149414,43.05046463012695,43.62363815307617,42.240543365478516,42.96324157714844,10576600
2022-06-16,39.97001266479492,40.6767692565918,41.89165496826172,40.40264129638672,41.76081848144531,14550650
2022-06-17,40.4046745300293,41.11911392211914,41.57391357421875,40.20950698852539,40.61446762084961,14449368
2022-06-21,40.25162124633789,40.96335983276367,42.40252685546875,40.938438415527344,42.028717041015625,12972362
2022-06-22,39.510868072509766,40.20950698852539,40.745304107666016,39.9789924621582,39.98522186279297,15573094
2022-06-23,39.223140716552734,39.916690826416016,40.545936584472656,39.299903869628906,40.10359573364258,10841280
2022-06-24,41.06583786010742,41.791969299316406,42.34645462036133,40.13474655151367,40.284271240234375,16044991
2022-06-27,40.888092041015625,41.56145477294922,42.3028450012207,41.20633316040039,42.03494644165039,10911904
2022-06-28,40.379364013671875,41.044349670410156,42.645503997802734,40.72038269042969,42.02248764038086,11313819
2022-06-29,39.03705978393555,39.6799430847168,41.11911392211914,39.42450714111328,40.950897216796875,11088303
2022-06-30,39.02479934692383,39.667484283447266,39.72355651855469,38.47751998901367,38.969703674316406,13967359
2022-07-01,38.945125579833984,39.586490631103516,40.20950698852539,38.757877349853516,39.55533981323242,10997455
2022-07-05,38.01961135864258,38.64573669433594,38.69557571411133,37.337398529052734,38.3217658996582,12889860
2022-07-06,37.7376594543457,38.35914611816406,38.8513298034668,37.8358154296875,38.3529167175293,7852596
2022-07-07,38.614139556884766,39.25006103515625,39.3310546875,38.589664459228516,38.9821662902832,10110160
2022-07-08,38.76737594604492,39.40581512451172,40.109825134277344,38.75164794921875,39.17530059814453,9940822
2022-07-11,37.94606018066406,38.57097244262695,39.0133171081543,38.26569747924805,38.87002182006836,7662393
2022-07-12,38.626399993896484,39.26252365112305,40.203277587890625,38.0040283203125,38.0040283203125,11678496
2022-07-13,38.007354736328125,38.63327407836914,39.06315612792969,38.13486099243164,38.65819549560547,6961770
2022-07-14,37.44346237182617,38.06010055541992,38.10371017456055,37.381011962890625,38.0040283203125,8179393
2022-07-15,38.52833938598633,39.162841796875,39.243831634521484,37.997798919677734,38.67688751220703,9391720
2022-07-18,39.03093719482422,39.67371368408203,40.55839920043945,39.455657958984375,40.11605453491211,10607899
2022-07-19,40.9064826965332,41.58014678955078,41.61752700805664,40.17212677001953,40.18458557128906,10070675
2022-07-20,41.611331939697266,42.29661560058594,42.53959274291992,41.150264739990234,41.3060188293457,11004036
2022-07-21,41.758445739746094,42.44614028930664,42.57697296142578,41.8044319152832,42.17824172973633,9551106
2022-07-22,41.79521560668945,42.4835205078125,42.83863830566406,42.265464782714844,42.61435317993164,9009387
2022-07-25,41.899410247802734,42.58943176269531,42.94455337524414,41.76081848144531,41.97887420654297,9468604
2022-07-26,43.830116271972656,44.551937103271484,45.71074676513672,43.08161544799805,43.41181564331055,28957643
2022-07-27,43.87302017211914,44.59554672241211,45.106422424316406,43.67348098754883,44.857215881347656,11570152
2022-07-28,44.82917785644531,45.56745147705078,46.663963317871094,45.42416000366211,46.44590759277344,18063717
2022-07-29,45.3011360168457,46.047176361083984,46.427215576171875,45.1251106262207,45.48023223876953,12729511
2022-08-01,46.45956039428711,47.22467803955078,47.56733703613281,45.28709411621094,45.667137145996094,14685317
2022-08-02,45.57695007324219,46.32753372192383,47.38043212890625,46.3026123046875,46.875789642333984,9290599
2022-08-03,45.80985641479492,46.56428146362305,46.913169860839844,46.140628814697266,46.676422119140625,9678390
2022-08-04,45.15403366088867,45.89765167236328,46.508209228515625,45.82912063598633,46.40852737426758,6942669
2022-08-05,45.57695007324219,46.32753372192383,46.75118637084961,45.604835510253906,45.74812698364258,7447953
2022-08-08,46.079551696777344,46.83840560913086,47.835235595703125,46.639041900634766,47.27452087402344,9833442
2022-08-09,45.92631149291992,46.68265151977539,47.40535354614258,46.64527130126953,46.95677947998047,7581496
2022-08-10,47.2808723449707,48.05952072143555,48.47071075439453,47.293209075927734,47.4801139831543,16331500
2022-08-11,48.359619140625,49.156028747558594,49.34916687011719,48.57039260864258,48.595314025878906,14557872
2022-08-12,48.99093246459961,49.79773712158203,49.82265853881836,48.9442024230957,49.39900588989258,8273452
2022-08-15,48.917381286621094,49.72297668457031,49.93479919433594,49.26817321777344,49.411468505859375,5467107
2022-08-16,49.689659118652344,50.50797653198242,50.65127182006836,49.3055534362793,49.41769790649414,9268610
2022-08-17,48.984798431396484,49.791507720947266,50.078094482421875,49.38031768798828,49.87873077392578,6485057
2022-08-18,48.54962921142578,49.34916687011719,49.7728157043457,49.22456359863281,49.698055267333984,6421014
2022-08-19,47.63636016845703,48.42087173461914,48.962894439697266,48.1405143737793,48.906822204589844,5801930
2022-08-22,45.83437728881836,46.589202880859375,47.45519256591797,46.32753372192383,47.430274963378906,8143279
2022-08-23,46.643436431884766,47.411582946777344,48.159202575683594,46.676422119140625,46.720035552978516,7642490
2022-08-24,47.035709381103516,47.8103141784668,48.14674377441406,47.27452087402344,47.44273376464844,7649392
2022-08-25,47.893795013427734,48.68253707885742,49.64198303222656,48.16543197631836,48.20281219482422,8349212
2022-08-26,46.13471221923828,46.89447784423828,48.98158645629883,46.85709762573242,48.83829116821289,8628819
2022-08-29,46.61279296875,47.38043212890625,47.872615814208984,46.27769088745117,46.626583099365234,7868808
2022-08-30,46.04889678955078,46.80725860595703,48.084442138671875,46.308841705322266,47.82277297973633,6886330
2022-08-31,45.01305389404297,45.754356384277344,47.218448638916016,45.70451736450195,46.9817008972168,10274200
2022-09-01,44.79240417480469,45.53007125854492,45.635986328125,44.50209426879883,45.635986328125,8002191
2022-09-02,44.39400863647461,45.1251106262207,46.32753372192383,44.92574691772461,45.972412109375,6479760
2022-09-06,44.228519439697266,44.9568977355957,45.255943298339844,44.32141876220703,45.16872024536133,6472859
2022-09-07,45.09886932373047,45.84157943725586,45.941261291503906,44.682769775390625,44.7949104309082,5494394
2022-09-08,45.21533203125,45.95995330810547,46.1530876159668,44.90705490112305,45.193641662597656,5810597
2022-09-09,45.38081359863281,46.12816619873047,46.70757293701172,45.90388107299805,46.433448791503906,10795534
2022-09-12,46.16535186767578,46.925628662109375,47.65456008911133,46.26523208618164,46.35868453979492,11661482
2022-09-13,43.419456481933594,44.13451385498047,46.01602554321289,43.99745178222656,45.642215728759766,11574005
2022-09-14,42.92298889160156,43.6298713684082,44.234195709228516,42.78879928588867,44.04729080200195,9968109
2022-09-15,42.236515045166016,42.932090759277344,44.103363037109375,42.8324089050293,43.474117279052734,7908775
2022-09-16,40.69194412231445,41.36208724975586,41.492923736572266,40.608238220214844,40.745304107666016,22966955
2022-09-19,41.09648513793945,41.77328109741211,42.04740905761719,40.782684326171875,40.86367416381836,8045047
2022-09-20,40.81454086303711,41.4866943359375,41.86673355102539,41.08173370361328,41.399471282958984,8379870
2022-09-21,39.974830627441406,40.63315963745117,41.78573989868164,40.59577941894531,41.75458908081055,10164733
2022-09-22,40.060646057128906,40.72038269042969,40.938438415527344,40.19704818725586,40.496097564697266,11345279
2022-09-23,39.564170837402344,40.215736389160156,40.545936584472656,39.59272003173828,40.215736389160156,13124524
2022-09-26,39.49053192138672,40.09113311767578,41.21879577636719,40.00391387939453,40.203277587890625,16780605
2022-09-27,39.56417465209961,40.165897369384766,40.689231872558594,39.56780242919922,40.40264129638672,12596770
2022-09-28,39.55803680419922,40.15966796875,40.533477783203125,39.991451263427734,40.489864349365234,10686228
2022-09-29,38.496368408203125,39.08184814453125,39.941612243652344,38.577205657958984,39.72978591918945,14124337
